product_name,category,unit_cost,quantity_sold,sale_price,sale_date,stock_after_sale
Replacement Pods (4-Pack),Pod Systems,200,2,599.0,2022-01-01,283
Temperature Control Device,Premium Devices,3000,1,4999.0,2022-01-01,206
Coil Pack (10 pcs),Accessories,200,7,499.0,2022-01-03,271
Advanced Pod Kit,Pod Systems,1200,2,1999.0,2022-01-03,443
Lite 200 Puff,Disposable Vapes,100,15,249.0,2022-01-04,478
Compact Pod Kit,Pod Systems,600,4,1199.0,2022-01-04,414
Premium 2000 Puff,Disposable Vapes,280,4,799.0,2022-01-05,352
Pod System Kit,Pod Systems,800,2,1499.0,2022-01-05,220
Lite 200 Puff,Disposable Vapes,100,13,249.0,2022-01-05,465
Pod System Kit,Pod Systems,800,1,1499.0,2022-01-08,219
Battery 18650,Accessories,80,9,249.0,2022-01-08,472
Replacement Pods (4-Pack),Pod Systems,200,4,599.0,2022-01-08,279
E-Liquid 100ml Bulk,E-Liquids,300,1,699.0,2022-01-08,278
E-Liquid 30ml,E-Liquids,120,7,299.0,2022-01-08,273
Lite 200 Puff,Disposable Vapes,100,5,249.0,2022-01-09,460
Advanced Pod Kit,Pod Systems,1200,1,1999.0,2022-01-09,442
Max 3000 Puff,Disposable Vapes,350,1,999.0,2022-01-09,349
Professional Starter Kit,Premium Devices,1500,1,2499.0,2022-01-11,452
Classic 500 Puff,Disposable Vapes,150,9,399.0,2022-01-11,272
Lite 200 Puff,Disposable Vapes,100,10,249.0,2022-01-14,450
E-Liquid 100ml Bulk,E-Liquids,300,3,699.0,2022-01-14,275
Premium 2000 Puff,Disposable Vapes,280,5,799.0,2022-01-14,347
Professional Starter Kit,Premium Devices,1500,1,2499.0,2022-01-14,451
Battery 18650,Accessories,80,11,249.0,2022-01-14,461
Battery 18650,Accessories,80,5,249.0,2022-01-16,456
Replacement Pods (4-Pack),Pod Systems,200,3,599.0,2022-01-16,276
Advanced Pod Kit,Pod Systems,1200,1,1999.0,2022-01-16,441
Professional Starter Kit,Premium Devices,1500,1,2499.0,2022-01-16,450
E-Liquid 100ml Bulk,E-Liquids,300,2,699.0,2022-01-16,273
Zero Nicotine 30ml,E-Liquids,100,8,249.0,2022-01-17,408
Pod System Kit,Pod Systems,800,3,1499.0,2022-01-17,216
Temperature Control Device,Premium Devices,3000,1,4999.0,2022-01-17,205
Tank Glass Replacement,Accessories,150,7,399.0,2022-01-17,399
Tropical Mix 500 Puff,Disposable Vapes,150,9,399.0,2022-01-17,485
Advanced Mod,Premium Devices,1800,3,2999.0,2022-01-21,476
Professional Starter Kit,Premium Devices,1500,1,2499.0,2022-01-21,449
Coil Pack (10 pcs),Accessories,200,6,499.0,2022-01-21,265
Compact Pod Kit,Pod Systems,600,3,1199.0,2022-01-21,411
Max 3000 Puff,Disposable Vapes,350,2,999.0,2022-01-22,347
Zero Nicotine 30ml,E-Liquids,100,3,249.0,2022-01-22,405
Advanced Pod Kit,Pod Systems,1200,1,1999.0,2022-01-22,440
Advanced Mod,Premium Devices,1800,1,2999.0,2022-01-23,475
Premium 2000 Puff,Disposable Vapes,280,2,799.0,2022-01-23,345
Tropical Mix 500 Puff,Disposable Vapes,150,5,399.0,2022-01-23,480
Zero Nicotine 30ml,E-Liquids,100,7,249.0,2022-01-24,398
Professional Starter Kit,Premium Devices,1500,1,2499.0,2022-01-24,448
Lite 200 Puff,Disposable Vapes,100,8,249.0,2022-01-24,442
Compact Pod Kit,Pod Systems,600,4,1199.0,2022-01-24,407
Max 3000 Puff,Disposable Vapes,350,3,999.0,2022-01-25,344
E-Liquid 30ml,E-Liquids,120,7,299.0,2022-01-25,266
Premium 2000 Puff,Disposable Vapes,280,6,799.0,2022-01-25,339
E-Liquid 60ml Premium,E-Liquids,200,4,499.0,2022-01-25,425
Classic 500 Puff,Disposable Vapes,150,8,399.0,2022-01-26,264
Lite 200 Puff,Disposable Vapes,100,15,249.0,2022-01-26,427
Battery Charger,Accessories,250,2,599.0,2022-01-28,491
E-Liquid 30ml,E-Liquids,120,12,299.0,2022-01-28,254
E-Liquid 100ml Bulk,E-Liquids,300,2,699.0,2022-01-28,271
High Strength 50mg 30ml,E-Liquids,150,4,399.0,2022-01-28,483
Temperature Control Device,Premium Devices,3000,1,4999.0,2022-01-30,204
Tropical Mix 500 Puff,Disposable Vapes,150,4,399.0,2022-01-30,476
E-Liquid 60ml Premium,E-Liquids,200,5,499.0,2022-01-31,420
Premium 2000 Puff,Disposable Vapes,280,5,799.0,2022-01-31,334
Max 3000 Puff,Disposable Vapes,350,3,999.0,2022-01-31,341
Temperature Control Device,Premium Devices,3000,1,4999.0,2022-02-01,203
E-Liquid 30ml,E-Liquids,120,10,299.0,2022-02-01,244
E-Liquid 60ml Premium,E-Liquids,200,5,499.0,2022-02-01,415
Compact Pod Kit,Pod Systems,600,3,1199.0,2022-02-01,404
Pod System Kit,Pod Systems,800,1,1499.0,2022-02-03,215
Tank Glass Replacement,Accessories,150,6,399.0,2022-02-03,393
Replacement Pods (4-Pack),Pod Systems,200,4,599.0,2022-02-03,272
Classic 500 Puff,Disposable Vapes,150,7,399.0,2022-02-04,257
Premium 2000 Puff,Disposable Vapes,280,4,799.0,2022-02-04,330
Compact Pod Kit,Pod Systems,600,2,1199.0,2022-02-05,402
Tank Glass Replacement,Accessories,150,3,399.0,2022-02-05,390
Premium 2000 Puff,Disposable Vapes,280,3,799.0,2022-02-05,327
Classic 500 Puff,Disposable Vapes,150,8,399.0,2022-02-08,249
Zero Nicotine 30ml,E-Liquids,100,5,249.0,2022-02-08,393
Max 3000 Puff,Disposable Vapes,350,4,999.0,2022-02-08,337
Pod System Kit,Pod Systems,800,1,1499.0,2022-02-08,214
E-Liquid 100ml Bulk,E-Liquids,300,3,699.0,2022-02-08,268
Replacement Pods (4-Pack),Pod Systems,200,7,599.0,2022-02-09,265
E-Liquid 30ml,E-Liquids,120,10,299.0,2022-02-09,234
Compact Pod Kit,Pod Systems,600,4,1199.0,2022-02-10,398
Battery 18650,Accessories,80,9,249.0,2022-02-10,447
Temperature Control Device,Premium Devices,3000,1,4999.0,2022-02-11,202
Compact Pod Kit,Pod Systems,600,3,1199.0,2022-02-11,395
Battery 18650,Accessories,80,9,249.0,2022-02-11,438
Classic 500 Puff,Disposable Vapes,150,7,399.0,2022-02-11,242
Max 3000 Puff,Disposable Vapes,350,3,999.0,2022-02-11,334
High Strength 50mg 30ml,E-Liquids,150,2,399.0,2022-02-13,481
E-Liquid 100ml Bulk,E-Liquids,300,1,699.0,2022-02-13,267
Lite 200 Puff,Disposable Vapes,100,12,249.0,2022-02-14,415
Replacement Pods (4-Pack),Pod Systems,200,6,599.0,2022-02-14,259
Battery 18650,Accessories,80,7,249.0,2022-02-14,431
Coil Pack (10 pcs),Accessories,200,4,499.0,2022-02-14,261
E-Liquid 30ml,E-Liquids,120,7,299.0,2022-02-14,227
Replacement Pods (4-Pack),Pod Systems,200,5,599.0,2022-02-16,254
Coil Pack (10 pcs),Accessories,200,4,499.0,2022-02-16,257
Advanced Mod,Premium Devices,1800,2,2999.0,2022-02-16,473
Pod System Kit,Pod Systems,800,3,1499.0,2022-02-16,211
Lite 200 Puff,Disposable Vapes,100,13,249.0,2022-02-16,402
Replacement Pods (4-Pack),Pod Systems,200,5,599.0,2022-02-18,249
Professional Starter Kit,Premium Devices,1500,1,2499.0,2022-02-18,447
Classic 500 Puff,Disposable Vapes,150,5,399.0,2022-02-18,237
Premium 2000 Puff,Disposable Vapes,280,3,799.0,2022-02-18,324
Temperature Control Device,Premium Devices,3000,1,4999.0,2022-02-18,201
Battery 18650,Accessories,80,8,249.0,2022-02-22,423
Coil Pack (10 pcs),Accessories,200,6,499.0,2022-02-22,251
Pod System Kit,Pod Systems,800,3,1499.0,2022-02-22,208
Professional Starter Kit,Premium Devices,1500,1,2499.0,2022-02-22,446
Lite 200 Puff,Disposable Vapes,100,11,249.0,2022-02-24,391
Battery 18650,Accessories,80,9,249.0,2022-02-24,414
Compact Pod Kit,Pod Systems,600,4,1199.0,2022-02-24,391
Classic 500 Puff,Disposable Vapes,150,5,399.0,2022-02-24,232
Zero Nicotine 30ml,E-Liquids,100,8,249.0,2022-02-24,385
High Strength 50mg 30ml,E-Liquids,150,3,399.0,2022-02-25,478
Lite 200 Puff,Disposable Vapes,100,12,249.0,2022-02-25,379
Advanced Mod,Premium Devices,1800,2,2999.0,2022-02-25,471
Zero Nicotine 30ml,E-Liquids,100,4,249.0,2022-02-26,381
Professional Starter Kit,Premium Devices,1500,1,2499.0,2022-02-26,445
E-Liquid 30ml,E-Liquids,120,5,299.0,2022-02-26,222
Tropical Mix 500 Puff,Disposable Vapes,150,3,399.0,2022-02-27,473
Lite 200 Puff,Disposable Vapes,100,4,249.0,2022-02-27,375
Zero Nicotine 30ml,E-Liquids,100,4,249.0,2022-02-27,377
E-Liquid 100ml Bulk,E-Liquids,300,1,699.0,2022-02-27,266
E-Liquid 60ml Premium,E-Liquids,200,5,499.0,2022-02-28,410
Replacement Pods (4-Pack),Pod Systems,200,5,599.0,2022-02-28,244
Pod System Kit,Pod Systems,800,2,1499.0,2022-02-28,206
Tank Glass Replacement,Accessories,150,6,399.0,2022-02-28,384
Classic 500 Puff,Disposable Vapes,150,7,399.0,2022-02-28,225
Lite 200 Puff,Disposable Vapes,100,18,249.0,2022-03-01,357
Coil Pack (10 pcs),Accessories,200,8,499.0,2022-03-01,243
Classic 500 Puff,Disposable Vapes,150,7,399.0,2022-03-01,218
Professional Starter Kit,Premium Devices,1500,2,2499.0,2022-03-01,443
E-Liquid 30ml,E-Liquids,120,5,299.0,2022-03-06,217
Classic 500 Puff,Disposable Vapes,150,3,399.0,2022-03-06,215
Pod System Kit,Pod Systems,800,1,1499.0,2022-03-06,205
Battery 18650,Accessories,80,14,249.0,2022-03-07,400
E-Liquid 30ml,E-Liquids,120,11,299.0,2022-03-07,206
Pod System Kit,Pod Systems,800,3,1499.0,2022-03-07,202
Classic 500 Puff,Disposable Vapes,150,7,399.0,2022-03-08,208
Max 3000 Puff,Disposable Vapes,350,5,999.0,2022-03-08,329
Tank Glass Replacement,Accessories,150,8,399.0,2022-03-08,376
Tropical Mix 500 Puff,Disposable Vapes,150,7,399.0,2022-03-08,466
Advanced Mod,Premium Devices,1800,4,2999.0,2022-03-10,467
Tank Glass Replacement,Accessories,150,10,399.0,2022-03-10,366
Max 3000 Puff,Disposable Vapes,350,5,999.0,2022-03-10,324
Replacement Pods (4-Pack),Pod Systems,200,3,599.0,2022-03-12,241
High Strength 50mg 30ml,E-Liquids,150,3,399.0,2022-03-12,475
Tropical Mix 500 Puff,Disposable Vapes,150,4,399.0,2022-03-12,462
Coil Pack (10 pcs),Accessories,200,6,499.0,2022-03-14,237
Battery Charger,Accessories,250,5,599.0,2022-03-14,486
Tropical Mix 500 Puff,Disposable Vapes,150,10,399.0,2022-03-14,452
High Strength 50mg 30ml,E-Liquids,150,5,399.0,2022-03-14,470
Advanced Pod Kit,Pod Systems,1200,1,1999.0,2022-03-15,439
Lite 200 Puff,Disposable Vapes,100,11,249.0,2022-03-15,346
Battery Charger,Accessories,250,4,599.0,2022-03-15,482
Coil Pack (10 pcs),Accessories,200,6,499.0,2022-03-21,231
Battery Charger,Accessories,250,4,599.0,2022-03-21,478
Tank Glass Replacement,Accessories,150,10,399.0,2022-03-21,356
Professional Starter Kit,Premium Devices,1500,2,2499.0,2022-03-21,441
Premium 2000 Puff,Disposable Vapes,280,5,799.0,2022-03-22,319
Zero Nicotine 30ml,E-Liquids,100,8,249.0,2022-03-22,369
Classic 500 Puff,Disposable Vapes,150,12,399.0,2022-03-22,196
Advanced Mod,Premium Devices,1800,3,2999.0,2022-03-22,464
E-Liquid 30ml,E-Liquids,120,10,299.0,2022-03-23,196
Compact Pod Kit,Pod Systems,600,4,1199.0,2022-03-23,387
Advanced Mod,Premium Devices,1800,4,2999.0,2022-03-23,460
E-Liquid 60ml Premium,E-Liquids,200,7,499.0,2022-03-23,403
Battery 18650,Accessories,80,9,249.0,2022-03-25,391
Tank Glass Replacement,Accessories,150,6,399.0,2022-03-25,350
Replacement Pods (4-Pack),Pod Systems,200,4,599.0,2022-03-25,237
Coil Pack (10 pcs),Accessories,200,5,499.0,2022-03-25,226
High Strength 50mg 30ml,E-Liquids,150,5,399.0,2022-03-25,465
Premium 2000 Puff,Disposable Vapes,280,6,799.0,2022-03-29,313
High Strength 50mg 30ml,E-Liquids,150,4,399.0,2022-03-29,461
Coil Pack (10 pcs),Accessories,200,8,499.0,2022-03-29,218
Battery Charger,Accessories,250,3,599.0,2022-04-01,475
Advanced Pod Kit,Pod Systems,1200,2,1999.0,2022-04-01,437
Advanced Mod,Premium Devices,1800,2,2999.0,2022-04-01,458
Compact Pod Kit,Pod Systems,600,3,1199.0,2022-04-01,384
Coil Pack (10 pcs),Accessories,200,8,499.0,2022-04-01,210
Temperature Control Device,Premium Devices,3000,1,4999.0,2022-04-02,200
Compact Pod Kit,Pod Systems,600,2,1199.0,2022-04-02,382
E-Liquid 30ml,E-Liquids,120,8,299.0,2022-04-09,188
Battery Charger,Accessories,250,2,599.0,2022-04-09,473
Battery 18650,Accessories,80,10,249.0,2022-04-09,381
Max 3000 Puff,Disposable Vapes,350,3,999.0,2022-04-09,321
Zero Nicotine 30ml,E-Liquids,100,4,249.0,2022-04-09,365
Tank Glass Replacement,Accessories,150,5,399.0,2022-04-10,345
Premium 2000 Puff,Disposable Vapes,280,2,799.0,2022-04-10,311
High Strength 50mg 30ml,E-Liquids,150,2,399.0,2022-04-10,459
Tropical Mix 500 Puff,Disposable Vapes,150,11,399.0,2022-04-11,441
Zero Nicotine 30ml,E-Liquids,100,9,249.0,2022-04-11,356
Pod System Kit,Pod Systems,800,3,1499.0,2022-04-14,199
Advanced Mod,Premium Devices,1800,3,2999.0,2022-04-14,455
Tank Glass Replacement,Accessories,150,9,399.0,2022-04-15,336
Premium 2000 Puff,Disposable Vapes,280,4,799.0,2022-04-15,307
Advanced Pod Kit,Pod Systems,1200,2,1999.0,2022-04-15,435
E-Liquid 30ml,E-Liquids,120,8,299.0,2022-04-15,180
Coil Pack (10 pcs),Accessories,200,3,499.0,2022-04-16,207
Advanced Mod,Premium Devices,1800,1,2999.0,2022-04-16,454
Lite 200 Puff,Disposable Vapes,100,7,249.0,2022-04-16,339
Pod System Kit,Pod Systems,800,2,1499.0,2022-04-21,197
Premium 2000 Puff,Disposable Vapes,280,7,799.0,2022-04-21,300
Compact Pod Kit,Pod Systems,600,2,1199.0,2022-04-23,380
Tank Glass Replacement,Accessories,150,7,399.0,2022-04-23,329
E-Liquid 60ml Premium,E-Liquids,200,3,499.0,2022-04-24,400
Professional Starter Kit,Premium Devices,1500,1,2499.0,2022-04-24,440
Coil Pack (10 pcs),Accessories,200,3,499.0,2022-04-24,204
Compact Pod Kit,Pod Systems,600,1,1199.0,2022-04-24,379
High Strength 50mg 30ml,E-Liquids,150,7,399.0,2022-04-26,452
Pod System Kit,Pod Systems,800,4,1499.0,2022-04-26,193
Battery 18650,Accessories,80,15,249.0,2022-04-26,366
Professional Starter Kit,Premium Devices,1500,2,2499.0,2022-04-26,438
Tropical Mix 500 Puff,Disposable Vapes,150,8,399.0,2022-04-27,433
Tank Glass Replacement,Accessories,150,8,399.0,2022-04-27,321
Coil Pack (10 pcs),Accessories,200,9,499.0,2022-04-27,195
Advanced Pod Kit,Pod Systems,1200,2,1999.0,2022-04-27,433
Zero Nicotine 30ml,E-Liquids,100,11,249.0,2022-04-28,345
High Strength 50mg 30ml,E-Liquids,150,6,399.0,2022-04-28,446
Advanced Mod,Premium Devices,1800,3,2999.0,2022-04-28,451
Advanced Pod Kit,Pod Systems,1200,2,1999.0,2022-04-28,431
Classic 500 Puff,Disposable Vapes,150,4,399.0,2022-05-01,192
Tropical Mix 500 Puff,Disposable Vapes,150,6,399.0,2022-05-01,427
Tank Glass Replacement,Accessories,150,5,399.0,2022-05-01,316
E-Liquid 30ml,E-Liquids,120,15,299.0,2022-05-06,165
Coil Pack (10 pcs),Accessories,200,5,499.0,2022-05-06,190
Professional Starter Kit,Premium Devices,1500,2,2499.0,2022-05-06,436
Tank Glass Replacement,Accessories,150,8,399.0,2022-05-06,308
High Strength 50mg 30ml,E-Liquids,150,6,399.0,2022-05-06,440
Zero Nicotine 30ml,E-Liquids,100,5,249.0,2022-05-07,340
Compact Pod Kit,Pod Systems,600,2,1199.0,2022-05-07,377
Battery 18650,Accessories,80,10,249.0,2022-05-07,356
Classic 500 Puff,Disposable Vapes,150,5,399.0,2022-05-07,187
Replacement Pods (4-Pack),Pod Systems,200,4,599.0,2022-05-07,233
Compact Pod Kit,Pod Systems,600,2,1199.0,2022-05-08,375
Coil Pack (10 pcs),Accessories,200,4,499.0,2022-05-08,186
Premium 2000 Puff,Disposable Vapes,280,3,799.0,2022-05-08,297
Temperature Control Device,Premium Devices,3000,1,4999.0,2022-05-08,199
Replacement Pods (4-Pack),Pod Systems,200,4,599.0,2022-05-08,229
Battery Charger,Accessories,250,5,599.0,2022-05-09,468
Pod System Kit,Pod Systems,800,4,1499.0,2022-05-09,189
Premium 2000 Puff,Disposable Vapes,280,7,799.0,2022-05-11,290
Max 3000 Puff,Disposable Vapes,350,5,999.0,2022-05-11,316
Replacement Pods (4-Pack),Pod Systems,200,9,599.0,2022-05-11,220
Professional Starter Kit,Premium Devices,1500,2,2499.0,2022-05-12,434
Max 3000 Puff,Disposable Vapes,350,4,999.0,2022-05-12,312
Replacement Pods (4-Pack),Pod Systems,200,3,599.0,2022-05-14,217
E-Liquid 60ml Premium,E-Liquids,200,5,499.0,2022-05-14,395
Compact Pod Kit,Pod Systems,600,3,1199.0,2022-05-15,372
Battery 18650,Accessories,80,7,249.0,2022-05-15,349
Tropical Mix 500 Puff,Disposable Vapes,150,5,399.0,2022-05-15,422
Advanced Mod,Premium Devices,1800,1,2999.0,2022-05-15,450
Zero Nicotine 30ml,E-Liquids,100,9,249.0,2022-05-17,331
Tropical Mix 500 Puff,Disposable Vapes,150,8,399.0,2022-05-17,414
Temperature Control Device,Premium Devices,3000,1,4999.0,2022-05-17,198
E-Liquid 60ml Premium,E-Liquids,200,5,499.0,2022-05-17,390
Classic 500 Puff,Disposable Vapes,150,11,399.0,2022-05-20,176
Zero Nicotine 30ml,E-Liquids,100,8,249.0,2022-05-20,323
Tropical Mix 500 Puff,Disposable Vapes,150,10,399.0,2022-05-23,404
Advanced Pod Kit,Pod Systems,1200,2,1999.0,2022-05-23,429
Advanced Mod,Premium Devices,1800,4,2999.0,2022-05-24,446
E-Liquid 30ml,E-Liquids,120,16,299.0,2022-05-24,149
Advanced Pod Kit,Pod Systems,1200,2,1999.0,2022-05-26,427
E-Liquid 60ml Premium,E-Liquids,200,10,499.0,2022-05-26,380
Coil Pack (10 pcs),Accessories,200,7,499.0,2022-05-26,179
E-Liquid 60ml Premium,E-Liquids,200,5,499.0,2022-05-27,375
Coil Pack (10 pcs),Accessories,200,7,499.0,2022-05-27,172
Battery 18650,Accessories,80,13,249.0,2022-05-27,336
Premium 2000 Puff,Disposable Vapes,280,5,799.0,2022-05-27,285
Replacement Pods (4-Pack),Pod Systems,200,3,599.0,2022-05-28,214
Compact Pod Kit,Pod Systems,600,2,1199.0,2022-05-28,370
E-Liquid 30ml,E-Liquids,120,5,299.0,2022-05-28,144
E-Liquid 30ml,E-Liquids,120,8,299.0,2022-05-29,136
Advanced Pod Kit,Pod Systems,1200,1,1999.0,2022-05-29,426
Battery 18650,Accessories,80,6,249.0,2022-05-29,330
High Strength 50mg 30ml,E-Liquids,150,3,399.0,2022-05-29,437
Max 3000 Puff,Disposable Vapes,350,2,999.0,2022-05-29,310
Max 3000 Puff,Disposable Vapes,350,5,999.0,2022-05-30,305
Temperature Control Device,Premium Devices,3000,1,4999.0,2022-05-30,197
Replacement Pods (4-Pack),Pod Systems,200,5,599.0,2022-05-30,209
Coil Pack (10 pcs),Accessories,200,8,499.0,2022-05-30,164
Advanced Mod,Premium Devices,1800,3,2999.0,2022-05-30,443
Lite 200 Puff,Disposable Vapes,100,12,249.0,2022-05-31,327
Tropical Mix 500 Puff,Disposable Vapes,150,9,399.0,2022-05-31,395
E-Liquid 100ml Bulk,E-Liquids,300,6,699.0,2022-05-31,260
Battery 18650,Accessories,80,12,249.0,2022-05-31,318
Advanced Mod,Premium Devices,1800,5,2999.0,2022-06-01,438
Compact Pod Kit,Pod Systems,600,6,1199.0,2022-06-01,364
Max 3000 Puff,Disposable Vapes,350,4,999.0,2022-06-02,301
High Strength 50mg 30ml,E-Liquids,150,8,399.0,2022-06-02,429
E-Liquid 30ml,E-Liquids,120,16,299.0,2022-06-02,120
Tank Glass Replacement,Accessories,150,4,399.0,2022-06-04,304
Advanced Mod,Premium Devices,1800,2,2999.0,2022-06-04,436
Pod System Kit,Pod Systems,800,2,1499.0,2022-06-04,187
Premium 2000 Puff,Disposable Vapes,280,5,799.0,2022-06-06,280
Temperature Control Device,Premium Devices,3000,1,4999.0,2022-06-06,196
E-Liquid 30ml,E-Liquids,120,11,299.0,2022-06-06,109
High Strength 50mg 30ml,E-Liquids,150,7,399.0,2022-06-07,422
Tropical Mix 500 Puff,Disposable Vapes,150,12,399.0,2022-06-07,383
Classic 500 Puff,Disposable Vapes,150,12,399.0,2022-06-08,164
Premium 2000 Puff,Disposable Vapes,280,5,799.0,2022-06-08,275
Lite 200 Puff,Disposable Vapes,100,20,249.0,2022-06-08,307
Professional Starter Kit,Premium Devices,1500,2,2499.0,2022-06-08,432
Tropical Mix 500 Puff,Disposable Vapes,150,12,399.0,2022-06-08,371
Advanced Pod Kit,Pod Systems,1200,2,1999.0,2022-06-09,424
E-Liquid 100ml Bulk,E-Liquids,300,7,699.0,2022-06-09,253
Professional Starter Kit,Premium Devices,1500,3,2499.0,2022-06-09,429
Replacement Pods (4-Pack),Pod Systems,200,8,599.0,2022-06-10,201
Advanced Pod Kit,Pod Systems,1200,2,1999.0,2022-06-10,422
Max 3000 Puff,Disposable Vapes,350,4,999.0,2022-06-10,297
Tropical Mix 500 Puff,Disposable Vapes,150,5,399.0,2022-06-11,366
Classic 500 Puff,Disposable Vapes,150,4,399.0,2022-06-11,160
Temperature Control Device,Premium Devices,3000,1,4999.0,2022-06-11,195
Lite 200 Puff,Disposable Vapes,100,10,249.0,2022-06-12,297
E-Liquid 30ml,E-Liquids,120,7,299.0,2022-06-12,102
Zero Nicotine 30ml,E-Liquids,100,6,249.0,2022-06-12,317
Pod System Kit,Pod Systems,800,2,1499.0,2022-06-12,185
E-Liquid 60ml Premium,E-Liquids,200,7,499.0,2022-06-15,368
Tank Glass Replacement,Accessories,150,8,399.0,2022-06-15,296
Tropical Mix 500 Puff,Disposable Vapes,150,13,399.0,2022-06-16,353
E-Liquid 30ml,E-Liquids,120,11,299.0,2022-06-16,91
Professional Starter Kit,Premium Devices,1500,3,2499.0,2022-06-16,426
Coil Pack (10 pcs),Accessories,200,8,499.0,2022-06-16,156
Advanced Mod,Premium Devices,1800,4,2999.0,2022-06-16,432
Classic 500 Puff,Disposable Vapes,150,8,399.0,2022-06-18,152
E-Liquid 30ml,E-Liquids,120,7,299.0,2022-06-18,84
Premium 2000 Puff,Disposable Vapes,280,4,799.0,2022-06-19,271
Temperature Control Device,Premium Devices,3000,1,4999.0,2022-06-19,194
Replacement Pods (4-Pack),Pod Systems,200,9,599.0,2022-06-21,192
Max 3000 Puff,Disposable Vapes,350,5,999.0,2022-06-21,292
Compact Pod Kit,Pod Systems,600,3,1199.0,2022-06-21,361
Battery 18650,Accessories,80,15,249.0,2022-06-21,303
Tropical Mix 500 Puff,Disposable Vapes,150,11,399.0,2022-06-22,342
Tank Glass Replacement,Accessories,150,8,399.0,2022-06-22,288
Compact Pod Kit,Pod Systems,600,7,1199.0,2022-06-22,354
Advanced Pod Kit,Pod Systems,1200,2,1999.0,2022-06-22,420
Battery 18650,Accessories,80,17,249.0,2022-06-23,286
High Strength 50mg 30ml,E-Liquids,150,8,399.0,2022-06-23,414
E-Liquid 30ml,E-Liquids,120,13,299.0,2022-06-23,71
Compact Pod Kit,Pod Systems,600,6,1199.0,2022-06-23,348
Battery 18650,Accessories,80,18,249.0,2022-06-24,268
Battery Charger,Accessories,250,6,599.0,2022-06-24,462
Zero Nicotine 30ml,E-Liquids,100,5,249.0,2022-06-26,312
Coil Pack (10 pcs),Accessories,200,5,499.0,2022-06-26,151
Battery Charger,Accessories,250,2,599.0,2022-06-26,460
Compact Pod Kit,Pod Systems,600,3,1199.0,2022-06-26,345
Battery 18650,Accessories,80,14,249.0,2022-06-27,254
Coil Pack (10 pcs),Accessories,200,9,499.0,2022-06-27,142
Max 3000 Puff,Disposable Vapes,350,5,999.0,2022-06-27,287
High Strength 50mg 30ml,E-Liquids,150,4,399.0,2022-06-28,410
E-Liquid 60ml Premium,E-Liquids,200,7,499.0,2022-06-28,361
Advanced Mod,Premium Devices,1800,3,2999.0,2022-06-28,429
Tank Glass Replacement,Accessories,150,11,399.0,2022-06-28,277
Temperature Control Device,Premium Devices,3000,1,4999.0,2022-06-28,193
Replacement Pods (4-Pack),Pod Systems,200,7,599.0,2022-06-29,185
Advanced Mod,Premium Devices,1800,4,2999.0,2022-06-29,425
Lite 200 Puff,Disposable Vapes,100,13,249.0,2022-07-01,284
Max 3000 Puff,Disposable Vapes,350,6,999.0,2022-07-01,281
Tank Glass Replacement,Accessories,150,9,399.0,2022-07-01,268
Pod System Kit,Pod Systems,800,3,1499.0,2022-07-01,182
Advanced Pod Kit,Pod Systems,1200,1,1999.0,2022-07-01,419
Zero Nicotine 30ml,E-Liquids,100,5,249.0,2022-07-02,307
Tropical Mix 500 Puff,Disposable Vapes,150,6,399.0,2022-07-02,336
Professional Starter Kit,Premium Devices,1500,1,2499.0,2022-07-03,425
E-Liquid 30ml,E-Liquids,120,5,299.0,2022-07-03,66
Temperature Control Device,Premium Devices,3000,1,4999.0,2022-07-03,192
Tropical Mix 500 Puff,Disposable Vapes,150,3,399.0,2022-07-03,333
Max 3000 Puff,Disposable Vapes,350,4,999.0,2022-07-05,277
Pod System Kit,Pod Systems,800,4,1499.0,2022-07-05,178
Temperature Control Device,Premium Devices,3000,1,4999.0,2022-07-05,191
Premium 2000 Puff,Disposable Vapes,280,6,799.0,2022-07-05,265
E-Liquid 30ml,E-Liquids,120,14,299.0,2022-07-05,52
Advanced Mod,Premium Devices,1800,4,2999.0,2022-07-06,421
Coil Pack (10 pcs),Accessories,200,6,499.0,2022-07-06,136
Tropical Mix 500 Puff,Disposable Vapes,150,10,399.0,2022-07-07,323
High Strength 50mg 30ml,E-Liquids,150,5,399.0,2022-07-07,405
Advanced Pod Kit,Pod Systems,1200,2,1999.0,2022-07-07,417
Compact Pod Kit,Pod Systems,600,5,1199.0,2022-07-07,340
Coil Pack (10 pcs),Accessories,200,5,499.0,2022-07-07,131
Coil Pack (10 pcs),Accessories,200,7,499.0,2022-07-08,124
Classic 500 Puff,Disposable Vapes,150,9,399.0,2022-07-08,143
High Strength 50mg 30ml,E-Liquids,150,8,399.0,2022-07-13,397
Compact Pod Kit,Pod Systems,600,5,1199.0,2022-07-13,335
Tank Glass Replacement,Accessories,150,10,399.0,2022-07-13,258
E-Liquid 60ml Premium,E-Liquids,200,8,499.0,2022-07-15,353
Temperature Control Device,Premium Devices,3000,1,4999.0,2022-07-15,190
E-Liquid 30ml,E-Liquids,120,12,299.0,2022-07-15,40
Advanced Pod Kit,Pod Systems,1200,2,1999.0,2022-07-15,415
Lite 200 Puff,Disposable Vapes,100,11,249.0,2022-07-15,273
Coil Pack (10 pcs),Accessories,200,7,499.0,2022-07-19,117
Lite 200 Puff,Disposable Vapes,100,15,249.0,2022-07-19,258
E-Liquid 100ml Bulk,E-Liquids,300,5,699.0,2022-07-19,248
Premium 2000 Puff,Disposable Vapes,280,7,799.0,2022-07-20,258
Professional Starter Kit,Premium Devices,1500,2,2499.0,2022-07-20,423
Replacement Pods (4-Pack),Pod Systems,200,7,599.0,2022-07-20,178
Advanced Pod Kit,Pod Systems,1200,2,1999.0,2022-07-20,413
E-Liquid 60ml Premium,E-Liquids,200,9,499.0,2022-07-20,344
Tropical Mix 500 Puff,Disposable Vapes,150,11,399.0,2022-07-21,312
Tank Glass Replacement,Accessories,150,12,399.0,2022-07-21,246
Temperature Control Device,Premium Devices,3000,1,4999.0,2022-07-21,189
Compact Pod Kit,Pod Systems,600,2,1199.0,2022-07-23,333
Battery 18650,Accessories,80,10,249.0,2022-07-23,244
Battery Charger,Accessories,250,2,599.0,2022-07-23,458
E-Liquid 60ml Premium,E-Liquids,200,5,499.0,2022-07-23,339
Tropical Mix 500 Puff,Disposable Vapes,150,6,399.0,2022-07-23,306
Pod System Kit,Pod Systems,800,3,1499.0,2022-07-26,175
Tank Glass Replacement,Accessories,150,7,399.0,2022-07-26,239
Compact Pod Kit,Pod Systems,600,5,1199.0,2022-07-26,328
Zero Nicotine 30ml,E-Liquids,100,6,249.0,2022-07-30,301
Tank Glass Replacement,Accessories,150,7,399.0,2022-07-30,232
Battery 18650,Accessories,80,14,249.0,2022-08-01,230
E-Liquid 100ml Bulk,E-Liquids,300,3,699.0,2022-08-01,245
High Strength 50mg 30ml,E-Liquids,150,4,399.0,2022-08-01,393
Tropical Mix 500 Puff,Disposable Vapes,150,10,399.0,2022-08-01,296
Premium 2000 Puff,Disposable Vapes,280,6,799.0,2022-08-04,252
Battery Charger,Accessories,250,3,599.0,2022-08-04,455
Tank Glass Replacement,Accessories,150,8,399.0,2022-08-04,224
Temperature Control Device,Premium Devices,3000,1,4999.0,2022-08-04,188
Advanced Pod Kit,Pod Systems,1200,2,1999.0,2022-08-04,411
Tropical Mix 500 Puff,Disposable Vapes,150,7,399.0,2022-08-06,289
Classic 500 Puff,Disposable Vapes,150,5,399.0,2022-08-06,138
E-Liquid 60ml Premium,E-Liquids,200,7,499.0,2022-08-08,332
Compact Pod Kit,Pod Systems,600,4,1199.0,2022-08-08,324
Tropical Mix 500 Puff,Disposable Vapes,150,8,399.0,2022-08-08,281
Temperature Control Device,Premium Devices,3000,1,4999.0,2022-08-08,187
Coil Pack (10 pcs),Accessories,200,7,499.0,2022-08-09,110
Pod System Kit,Pod Systems,800,3,1499.0,2022-08-09,172
High Strength 50mg 30ml,E-Liquids,150,5,399.0,2022-08-09,388
Advanced Mod,Premium Devices,1800,3,2999.0,2022-08-09,418
Premium 2000 Puff,Disposable Vapes,280,6,799.0,2022-08-10,246
Replacement Pods (4-Pack),Pod Systems,200,7,599.0,2022-08-10,171
Zero Nicotine 30ml,E-Liquids,100,8,249.0,2022-08-10,293
Tank Glass Replacement,Accessories,150,6,399.0,2022-08-10,218
Tropical Mix 500 Puff,Disposable Vapes,150,8,399.0,2022-08-10,273
Temperature Control Device,Premium Devices,3000,1,4999.0,2022-08-11,186
Battery 18650,Accessories,80,12,249.0,2022-08-11,218
Professional Starter Kit,Premium Devices,1500,1,2499.0,2022-08-11,422
Lite 200 Puff,Disposable Vapes,100,8,249.0,2022-08-13,250
Coil Pack (10 pcs),Accessories,200,3,499.0,2022-08-13,107
Max 3000 Puff,Disposable Vapes,350,3,999.0,2022-08-13,274
Battery Charger,Accessories,250,2,599.0,2022-08-14,453
Premium 2000 Puff,Disposable Vapes,280,2,799.0,2022-08-14,244
Max 3000 Puff,Disposable Vapes,350,2,999.0,2022-08-14,272
Compact Pod Kit,Pod Systems,600,2,1199.0,2022-08-14,322
Replacement Pods (4-Pack),Pod Systems,200,5,599.0,2022-08-15,166
Tank Glass Replacement,Accessories,150,10,399.0,2022-08-15,208
Zero Nicotine 30ml,E-Liquids,100,10,249.0,2022-08-15,283
Battery Charger,Accessories,250,3,599.0,2022-08-15,450
Premium 2000 Puff,Disposable Vapes,280,4,799.0,2022-08-15,240
Premium 2000 Puff,Disposable Vapes,280,5,799.0,2022-08-17,235
Max 3000 Puff,Disposable Vapes,350,3,999.0,2022-08-17,269
Battery 18650,Accessories,80,12,249.0,2022-08-17,206
Battery Charger,Accessories,250,3,599.0,2022-08-17,447
Zero Nicotine 30ml,E-Liquids,100,10,249.0,2022-08-17,273
Professional Starter Kit,Premium Devices,1500,1,2499.0,2022-08-18,421
Advanced Pod Kit,Pod Systems,1200,1,1999.0,2022-08-18,410
Advanced Mod,Premium Devices,1800,3,2999.0,2022-08-18,415
Tropical Mix 500 Puff,Disposable Vapes,150,7,399.0,2022-08-18,266
E-Liquid 100ml Bulk,E-Liquids,300,3,699.0,2022-08-19,242
E-Liquid 60ml Premium,E-Liquids,200,7,499.0,2022-08-19,325
Battery Charger,Accessories,250,3,599.0,2022-08-19,444
High Strength 50mg 30ml,E-Liquids,150,6,399.0,2022-08-19,382
Replacement Pods (4-Pack),Pod Systems,200,3,599.0,2022-08-21,163
Battery 18650,Accessories,80,7,249.0,2022-08-21,199
High Strength 50mg 30ml,E-Liquids,150,2,399.0,2022-08-21,380
E-Liquid 30ml,E-Liquids,120,7,299.0,2022-08-21,33
Battery Charger,Accessories,250,1,599.0,2022-08-21,443
E-Liquid 60ml Premium,E-Liquids,200,5,499.0,2022-08-22,320
Premium 2000 Puff,Disposable Vapes,280,6,799.0,2022-08-22,229
Coil Pack (10 pcs),Accessories,200,5,499.0,2022-08-22,102
Max 3000 Puff,Disposable Vapes,350,3,999.0,2022-08-22,266
Advanced Pod Kit,Pod Systems,1200,2,1999.0,2022-08-22,408
Lite 200 Puff,Disposable Vapes,100,16,249.0,2022-08-23,234
Temperature Control Device,Premium Devices,3000,1,4999.0,2022-08-23,185
Replacement Pods (4-Pack),Pod Systems,200,6,599.0,2022-08-23,157
E-Liquid 100ml Bulk,E-Liquids,300,3,699.0,2022-08-23,239
Premium 2000 Puff,Disposable Vapes,280,6,799.0,2022-08-23,223
Tank Glass Replacement,Accessories,150,10,399.0,2022-08-25,198
Temperature Control Device,Premium Devices,3000,1,4999.0,2022-08-25,184
E-Liquid 60ml Premium,E-Liquids,200,7,499.0,2022-08-25,313
Advanced Pod Kit,Pod Systems,1200,1,1999.0,2022-08-25,407
High Strength 50mg 30ml,E-Liquids,150,4,399.0,2022-08-26,376
Pod System Kit,Pod Systems,800,3,1499.0,2022-08-26,169
Battery 18650,Accessories,80,14,249.0,2022-08-26,185
Lite 200 Puff,Disposable Vapes,100,10,249.0,2022-08-26,224
Advanced Mod,Premium Devices,1800,2,2999.0,2022-08-27,413
Battery 18650,Accessories,80,6,249.0,2022-08-27,179
Coil Pack (10 pcs),Accessories,200,3,499.0,2022-08-27,99
Classic 500 Puff,Disposable Vapes,150,5,399.0,2022-08-28,133
Tank Glass Replacement,Accessories,150,3,399.0,2022-08-28,195
Zero Nicotine 30ml,E-Liquids,100,7,249.0,2022-08-29,266
Battery 18650,Accessories,80,13,249.0,2022-08-29,166
Lite 200 Puff,Disposable Vapes,100,17,249.0,2022-08-29,207
Tank Glass Replacement,Accessories,150,8,399.0,2022-08-29,187
Advanced Mod,Premium Devices,1800,4,2999.0,2022-08-29,409
E-Liquid 30ml,E-Liquids,120,10,299.0,2022-08-30,23
E-Liquid 60ml Premium,E-Liquids,200,7,499.0,2022-08-30,306
Classic 500 Puff,Disposable Vapes,150,7,399.0,2022-08-30,126
Advanced Pod Kit,Pod Systems,1200,2,1999.0,2022-08-30,405
Replacement Pods (4-Pack),Pod Systems,200,7,599.0,2022-08-30,150
Lite 200 Puff,Disposable Vapes,100,17,249.0,2022-08-31,190
Advanced Mod,Premium Devices,1800,3,2999.0,2022-08-31,406
Pod System Kit,Pod Systems,800,3,1499.0,2022-08-31,166
Battery 18650,Accessories,80,14,249.0,2022-08-31,152
E-Liquid 60ml Premium,E-Liquids,200,7,499.0,2022-08-31,299
Professional Starter Kit,Premium Devices,1500,2,2499.0,2022-09-01,419
Temperature Control Device,Premium Devices,3000,1,4999.0,2022-09-01,183
Battery Charger,Accessories,250,6,599.0,2022-09-01,437
Pod System Kit,Pod Systems,800,4,1499.0,2022-09-01,162
E-Liquid 30ml,E-Liquids,120,15,299.0,2022-09-02,8
Replacement Pods (4-Pack),Pod Systems,200,7,599.0,2022-09-02,143
Advanced Pod Kit,Pod Systems,1200,2,1999.0,2022-09-02,403
Coil Pack (10 pcs),Accessories,200,5,499.0,2022-09-02,94
E-Liquid 100ml Bulk,E-Liquids,300,5,699.0,2022-09-02,234
Premium 2000 Puff,Disposable Vapes,280,4,799.0,2022-09-03,219
Pod System Kit,Pod Systems,800,1,1499.0,2022-09-03,161
Pod System Kit,Pod Systems,800,4,1499.0,2022-09-05,157
Zero Nicotine 30ml,E-Liquids,100,9,249.0,2022-09-05,257
Battery Charger,Accessories,250,3,599.0,2022-09-05,434
E-Liquid 100ml Bulk,E-Liquids,300,7,699.0,2022-09-12,227
E-Liquid 30ml,E-Liquids,120,15,299.0,2022-09-12,1
Coil Pack (10 pcs),Accessories,200,8,499.0,2022-09-12,86
Replacement Pods (4-Pack),Pod Systems,200,6,599.0,2022-09-12,137
Battery Charger,Accessories,250,2,599.0,2022-09-18,432
Professional Starter Kit,Premium Devices,1500,1,2499.0,2022-09-18,418
Tropical Mix 500 Puff,Disposable Vapes,150,14,399.0,2022-09-19,252
E-Liquid 30ml,E-Liquids,120,16,299.0,2022-09-19,1
Compact Pod Kit,Pod Systems,600,4,1199.0,2022-09-19,318
Zero Nicotine 30ml,E-Liquids,100,8,249.0,2022-09-19,249
Max 3000 Puff,Disposable Vapes,350,5,999.0,2022-09-19,261
Advanced Mod,Premium Devices,1800,4,2999.0,2022-09-20,402
Tropical Mix 500 Puff,Disposable Vapes,150,10,399.0,2022-09-20,242
Premium 2000 Puff,Disposable Vapes,280,7,799.0,2022-09-20,212
Tank Glass Replacement,Accessories,150,13,399.0,2022-09-20,174
Battery Charger,Accessories,250,4,599.0,2022-09-21,428
Battery 18650,Accessories,80,12,249.0,2022-09-21,140
Temperature Control Device,Premium Devices,3000,1,4999.0,2022-09-21,182
Battery 18650,Accessories,80,19,249.0,2022-09-22,121
E-Liquid 30ml,E-Liquids,120,15,299.0,2022-09-22,1
Battery Charger,Accessories,250,4,599.0,2022-09-22,424
Replacement Pods (4-Pack),Pod Systems,200,10,599.0,2022-09-22,127
Zero Nicotine 30ml,E-Liquids,100,9,249.0,2022-09-22,240
E-Liquid 100ml Bulk,E-Liquids,300,5,699.0,2022-09-23,222
Professional Starter Kit,Premium Devices,1500,2,2499.0,2022-09-23,416
Temperature Control Device,Premium Devices,3000,1,4999.0,2022-09-23,181
Tropical Mix 500 Puff,Disposable Vapes,150,12,399.0,2022-09-23,230
Advanced Pod Kit,Pod Systems,1200,1,1999.0,2022-09-23,402
Professional Starter Kit,Premium Devices,1500,2,2499.0,2022-09-27,414
Premium 2000 Puff,Disposable Vapes,280,5,799.0,2022-09-27,207
Zero Nicotine 30ml,E-Liquids,100,8,249.0,2022-09-27,232
High Strength 50mg 30ml,E-Liquids,150,5,399.0,2022-09-27,371
Battery 18650,Accessories,80,13,249.0,2022-09-30,108
Replacement Pods (4-Pack),Pod Systems,200,8,599.0,2022-09-30,119
E-Liquid 100ml Bulk,E-Liquids,300,6,699.0,2022-09-30,216
Zero Nicotine 30ml,E-Liquids,100,8,249.0,2022-09-30,224
Replacement Pods (4-Pack),Pod Systems,200,5,599.0,2022-10-01,114
Pod System Kit,Pod Systems,800,3,1499.0,2022-10-01,154
Coil Pack (10 pcs),Accessories,200,4,499.0,2022-10-01,82
Temperature Control Device,Premium Devices,3000,1,4999.0,2022-10-02,180
Zero Nicotine 30ml,E-Liquids,100,6,249.0,2022-10-02,218
Pod System Kit,Pod Systems,800,2,1499.0,2022-10-02,152
Advanced Mod,Premium Devices,1800,4,2999.0,2022-10-03,398
Premium 2000 Puff,Disposable Vapes,280,8,799.0,2022-10-03,199
Temperature Control Device,Premium Devices,3000,1,4999.0,2022-10-05,179
Premium 2000 Puff,Disposable Vapes,280,9,799.0,2022-10-05,190
High Strength 50mg 30ml,E-Liquids,150,5,399.0,2022-10-05,366
Replacement Pods (4-Pack),Pod Systems,200,11,599.0,2022-10-05,103
Professional Starter Kit,Premium Devices,1500,2,2499.0,2022-10-05,412
High Strength 50mg 30ml,E-Liquids,150,8,399.0,2022-10-06,358
Compact Pod Kit,Pod Systems,600,6,1199.0,2022-10-06,312
Coil Pack (10 pcs),Accessories,200,8,499.0,2022-10-06,74
Coil Pack (10 pcs),Accessories,200,8,499.0,2022-10-07,66
Max 3000 Puff,Disposable Vapes,350,6,999.0,2022-10-07,255
Classic 500 Puff,Disposable Vapes,150,12,399.0,2022-10-07,114
E-Liquid 100ml Bulk,E-Liquids,300,6,699.0,2022-10-07,210
Premium 2000 Puff,Disposable Vapes,280,5,799.0,2022-10-07,185
Zero Nicotine 30ml,E-Liquids,100,5,249.0,2022-10-08,213
Max 3000 Puff,Disposable Vapes,350,2,999.0,2022-10-08,253
Battery Charger,Accessories,250,2,599.0,2022-10-08,422
Battery Charger,Accessories,250,6,599.0,2022-10-12,416
Coil Pack (10 pcs),Accessories,200,8,499.0,2022-10-12,58
Premium 2000 Puff,Disposable Vapes,280,8,799.0,2022-10-12,177
Tank Glass Replacement,Accessories,150,12,399.0,2022-10-12,162
Zero Nicotine 30ml,E-Liquids,100,13,249.0,2022-10-12,200
E-Liquid 30ml,E-Liquids,120,10,299.0,2022-10-13,1
Advanced Pod Kit,Pod Systems,1200,2,1999.0,2022-10-13,400
Tank Glass Replacement,Accessories,150,9,399.0,2022-10-13,153
Coil Pack (10 pcs),Accessories,200,4,499.0,2022-10-15,54
Premium 2000 Puff,Disposable Vapes,280,3,799.0,2022-10-15,174
Zero Nicotine 30ml,E-Liquids,100,7,249.0,2022-10-15,193
Classic 500 Puff,Disposable Vapes,150,8,399.0,2022-10-15,106
E-Liquid 60ml Premium,E-Liquids,200,4,499.0,2022-10-15,295
Zero Nicotine 30ml,E-Liquids,100,6,249.0,2022-10-16,187
Battery 18650,Accessories,80,5,249.0,2022-10-16,103
Advanced Mod,Premium Devices,1800,2,2999.0,2022-10-16,396
Advanced Mod,Premium Devices,1800,4,2999.0,2022-10-17,392
Max 3000 Puff,Disposable Vapes,350,6,999.0,2022-10-17,247
Zero Nicotine 30ml,E-Liquids,100,9,249.0,2022-10-17,178
Advanced Pod Kit,Pod Systems,1200,3,1999.0,2022-10-18,397
Professional Starter Kit,Premium Devices,1500,2,2499.0,2022-10-18,410
High Strength 50mg 30ml,E-Liquids,150,5,399.0,2022-10-18,353
Pod System Kit,Pod Systems,800,3,1499.0,2022-10-19,149
Replacement Pods (4-Pack),Pod Systems,200,10,599.0,2022-10-19,93
Battery Charger,Accessories,250,4,599.0,2022-10-21,412
Lite 200 Puff,Disposable Vapes,100,18,249.0,2022-10-21,172
Advanced Pod Kit,Pod Systems,1200,2,1999.0,2022-10-21,395
Premium 2000 Puff,Disposable Vapes,280,7,799.0,2022-10-21,167
E-Liquid 100ml Bulk,E-Liquids,300,4,699.0,2022-10-21,206
Temperature Control Device,Premium Devices,3000,1,4999.0,2022-10-25,178
Tank Glass Replacement,Accessories,150,9,399.0,2022-10-25,144
E-Liquid 30ml,E-Liquids,120,16,299.0,2022-10-25,1
Max 3000 Puff,Disposable Vapes,350,7,999.0,2022-10-26,240
Pod System Kit,Pod Systems,800,5,1499.0,2022-10-26,144
Classic 500 Puff,Disposable Vapes,150,11,399.0,2022-10-31,95
Battery Charger,Accessories,250,5,599.0,2022-10-31,407
Coil Pack (10 pcs),Accessories,200,7,499.0,2022-10-31,47
Tropical Mix 500 Puff,Disposable Vapes,150,13,399.0,2022-11-02,217
Zero Nicotine 30ml,E-Liquids,100,11,249.0,2022-11-02,167
Replacement Pods (4-Pack),Pod Systems,200,7,599.0,2022-11-02,86
Temperature Control Device,Premium Devices,3000,2,4999.0,2022-11-04,176
Professional Starter Kit,Premium Devices,1500,2,2499.0,2022-11-04,408
Replacement Pods (4-Pack),Pod Systems,200,11,599.0,2022-11-04,75
Coil Pack (10 pcs),Accessories,200,10,499.0,2022-11-04,37
Compact Pod Kit,Pod Systems,600,4,1199.0,2022-11-05,308
Zero Nicotine 30ml,E-Liquids,100,6,249.0,2022-11-05,161
Tropical Mix 500 Puff,Disposable Vapes,150,7,399.0,2022-11-05,210
Replacement Pods (4-Pack),Pod Systems,200,6,599.0,2022-11-05,69
Coil Pack (10 pcs),Accessories,200,3,499.0,2022-11-05,34
Battery Charger,Accessories,250,7,599.0,2022-11-07,400
Advanced Pod Kit,Pod Systems,1200,3,1999.0,2022-11-07,392
Tropical Mix 500 Puff,Disposable Vapes,150,9,399.0,2022-11-07,201
Classic 500 Puff,Disposable Vapes,150,12,399.0,2022-11-08,83
Professional Starter Kit,Premium Devices,1500,3,2499.0,2022-11-08,405
Pod System Kit,Pod Systems,800,6,1499.0,2022-11-08,138
Battery Charger,Accessories,250,5,599.0,2022-11-08,395
Battery Charger,Accessories,250,6,599.0,2022-11-10,389
Classic 500 Puff,Disposable Vapes,150,11,399.0,2022-11-10,72
E-Liquid 30ml,E-Liquids,120,11,299.0,2022-11-12,1
E-Liquid 100ml Bulk,E-Liquids,300,3,699.0,2022-11-12,203
Zero Nicotine 30ml,E-Liquids,100,8,249.0,2022-11-12,153
Zero Nicotine 30ml,E-Liquids,100,8,249.0,2022-11-15,145
Battery Charger,Accessories,250,5,599.0,2022-11-15,384
Zero Nicotine 30ml,E-Liquids,100,13,249.0,2022-11-18,132
Compact Pod Kit,Pod Systems,600,6,1199.0,2022-11-18,302
Lite 200 Puff,Disposable Vapes,100,8,249.0,2022-11-19,164
Professional Starter Kit,Premium Devices,1500,1,2499.0,2022-11-19,404
Max 3000 Puff,Disposable Vapes,350,4,999.0,2022-11-19,236
Temperature Control Device,Premium Devices,3000,1,4999.0,2022-11-19,175
High Strength 50mg 30ml,E-Liquids,150,4,399.0,2022-11-19,349
Pod System Kit,Pod Systems,800,2,1499.0,2022-11-20,136
E-Liquid 30ml,E-Liquids,120,6,299.0,2022-11-20,1
Classic 500 Puff,Disposable Vapes,150,7,399.0,2022-11-20,65
Replacement Pods (4-Pack),Pod Systems,200,4,599.0,2022-11-20,65
Advanced Pod Kit,Pod Systems,1200,2,1999.0,2022-11-21,390
Battery 18650,Accessories,80,12,249.0,2022-11-21,91
Pod System Kit,Pod Systems,800,2,1499.0,2022-11-26,134
Replacement Pods (4-Pack),Pod Systems,200,4,599.0,2022-11-26,61
Tropical Mix 500 Puff,Disposable Vapes,150,9,399.0,2022-11-26,192
Advanced Mod,Premium Devices,1800,3,2999.0,2022-11-29,389
E-Liquid 30ml,E-Liquids,120,12,299.0,2022-11-29,1
Tank Glass Replacement,Accessories,150,8,399.0,2022-11-29,136
Coil Pack (10 pcs),Accessories,200,9,499.0,2022-11-30,25
Advanced Pod Kit,Pod Systems,1200,3,1999.0,2022-11-30,387
Lite 200 Puff,Disposable Vapes,100,25,249.0,2022-11-30,139
Professional Starter Kit,Premium Devices,1500,3,2499.0,2022-11-30,401
Classic 500 Puff,Disposable Vapes,150,18,399.0,2022-11-30,47
E-Liquid 100ml Bulk,E-Liquids,300,8,699.0,2022-12-01,195
Battery 18650,Accessories,80,17,249.0,2022-12-01,74
Lite 200 Puff,Disposable Vapes,100,27,249.0,2022-12-01,112
Classic 500 Puff,Disposable Vapes,150,11,399.0,2022-12-01,36
Zero Nicotine 30ml,E-Liquids,100,8,249.0,2022-12-03,124
Advanced Mod,Premium Devices,1800,3,2999.0,2022-12-03,386
Tank Glass Replacement,Accessories,150,8,399.0,2022-12-03,128
E-Liquid 30ml,E-Liquids,120,10,299.0,2022-12-04,1
Coil Pack (10 pcs),Accessories,200,5,499.0,2022-12-04,20
Replacement Pods (4-Pack),Pod Systems,200,6,599.0,2022-12-04,55
E-Liquid 60ml Premium,E-Liquids,200,4,499.0,2022-12-04,291
Pod System Kit,Pod Systems,800,2,1499.0,2022-12-04,132
E-Liquid 100ml Bulk,E-Liquids,300,8,699.0,2022-12-05,187
E-Liquid 30ml,E-Liquids,120,21,299.0,2022-12-05,1
Lite 200 Puff,Disposable Vapes,100,25,249.0,2022-12-05,87
Pod System Kit,Pod Systems,800,6,1499.0,2022-12-05,126
Max 3000 Puff,Disposable Vapes,350,7,999.0,2022-12-07,229
Lite 200 Puff,Disposable Vapes,100,23,249.0,2022-12-07,64
Tropical Mix 500 Puff,Disposable Vapes,150,11,399.0,2022-12-07,181
Tropical Mix 500 Puff,Disposable Vapes,150,13,399.0,2022-12-08,168
Premium 2000 Puff,Disposable Vapes,280,9,799.0,2022-12-08,158
E-Liquid 30ml,E-Liquids,120,19,299.0,2022-12-08,1
Temperature Control Device,Premium Devices,3000,1,4999.0,2022-12-10,174
Advanced Mod,Premium Devices,1800,4,2999.0,2022-12-10,382
Max 3000 Puff,Disposable Vapes,350,5,999.0,2022-12-10,224
Premium 2000 Puff,Disposable Vapes,280,5,799.0,2022-12-10,153
E-Liquid 100ml Bulk,E-Liquids,300,4,699.0,2022-12-10,183
Tropical Mix 500 Puff,Disposable Vapes,150,9,399.0,2022-12-11,159
Temperature Control Device,Premium Devices,3000,1,4999.0,2022-12-11,173
Battery 18650,Accessories,80,12,249.0,2022-12-11,62
E-Liquid 60ml Premium,E-Liquids,200,9,499.0,2022-12-12,282
Professional Starter Kit,Premium Devices,1500,3,2499.0,2022-12-12,398
Battery Charger,Accessories,250,7,599.0,2022-12-12,377
Zero Nicotine 30ml,E-Liquids,100,10,249.0,2022-12-13,114
Max 3000 Puff,Disposable Vapes,350,7,999.0,2022-12-13,217
Tank Glass Replacement,Accessories,150,15,399.0,2022-12-13,113
E-Liquid 100ml Bulk,E-Liquids,300,8,699.0,2022-12-13,175
E-Liquid 60ml Premium,E-Liquids,200,10,499.0,2022-12-16,272
Classic 500 Puff,Disposable Vapes,150,10,399.0,2022-12-16,26
Tank Glass Replacement,Accessories,150,10,399.0,2022-12-16,103
Battery Charger,Accessories,250,5,599.0,2022-12-19,372
Coil Pack (10 pcs),Accessories,200,8,499.0,2022-12-19,12
High Strength 50mg 30ml,E-Liquids,150,6,399.0,2022-12-19,343
Classic 500 Puff,Disposable Vapes,150,10,399.0,2022-12-19,16
Battery 18650,Accessories,80,18,249.0,2022-12-19,44
Battery 18650,Accessories,80,14,249.0,2022-12-21,30
Temperature Control Device,Premium Devices,3000,2,4999.0,2022-12-21,171
High Strength 50mg 30ml,E-Liquids,150,7,399.0,2022-12-21,336
Classic 500 Puff,Disposable Vapes,150,18,399.0,2022-12-21,1
Advanced Mod,Premium Devices,1800,5,2999.0,2022-12-21,377
Max 3000 Puff,Disposable Vapes,350,7,999.0,2022-12-23,210
Battery Charger,Accessories,250,4,599.0,2022-12-23,368
Compact Pod Kit,Pod Systems,600,5,1199.0,2022-12-24,297
Battery Charger,Accessories,250,4,599.0,2022-12-24,364
Replacement Pods (4-Pack),Pod Systems,200,5,599.0,2022-12-24,50
Coil Pack (10 pcs),Accessories,200,5,499.0,2022-12-24,7
Battery 18650,Accessories,80,13,249.0,2022-12-24,17
Battery 18650,Accessories,80,11,249.0,2022-12-25,6
E-Liquid 100ml Bulk,E-Liquids,300,3,699.0,2022-12-25,172
Classic 500 Puff,Disposable Vapes,150,19,399.0,2022-12-27,1
Compact Pod Kit,Pod Systems,600,7,1199.0,2022-12-27,290
Advanced Mod,Premium Devices,1800,7,2999.0,2022-12-27,370
High Strength 50mg 30ml,E-Liquids,150,6,399.0,2022-12-27,330
Advanced Pod Kit,Pod Systems,1200,4,1999.0,2022-12-27,383
Tropical Mix 500 Puff,Disposable Vapes,150,10,399.0,2022-12-30,149
Zero Nicotine 30ml,E-Liquids,100,15,249.0,2022-12-30,99
High Strength 50mg 30ml,E-Liquids,150,6,399.0,2023-01-02,324
Classic 500 Puff,Disposable Vapes,150,10,399.0,2023-01-02,1
Battery Charger,Accessories,250,4,599.0,2023-01-02,360
Advanced Pod Kit,Pod Systems,1200,2,1999.0,2023-01-02,381
Lite 200 Puff,Disposable Vapes,100,10,249.0,2023-01-03,54
Pod System Kit,Pod Systems,800,3,1499.0,2023-01-03,123
Advanced Mod,Premium Devices,1800,3,2999.0,2023-01-03,367
Compact Pod Kit,Pod Systems,600,5,1199.0,2023-01-04,285
E-Liquid 100ml Bulk,E-Liquids,300,4,699.0,2023-01-04,168
Professional Starter Kit,Premium Devices,1500,2,2499.0,2023-01-04,396
E-Liquid 100ml Bulk,E-Liquids,300,3,699.0,2023-01-07,165
Max 3000 Puff,Disposable Vapes,350,2,999.0,2023-01-07,208
Tropical Mix 500 Puff,Disposable Vapes,150,4,399.0,2023-01-07,145
Zero Nicotine 30ml,E-Liquids,100,4,249.0,2023-01-07,95
Battery Charger,Accessories,250,2,599.0,2023-01-08,358
Temperature Control Device,Premium Devices,3000,1,4999.0,2023-01-08,170
Advanced Pod Kit,Pod Systems,1200,1,1999.0,2023-01-08,380
Replacement Pods (4-Pack),Pod Systems,200,4,599.0,2023-01-08,46
Tropical Mix 500 Puff,Disposable Vapes,150,6,399.0,2023-01-08,139
Lite 200 Puff,Disposable Vapes,100,12,249.0,2023-01-09,42
Advanced Mod,Premium Devices,1800,4,2999.0,2023-01-09,363
Battery 18650,Accessories,80,10,249.0,2023-01-10,1
E-Liquid 30ml,E-Liquids,120,8,299.0,2023-01-10,1
Battery Charger,Accessories,250,4,599.0,2023-01-10,354
Premium 2000 Puff,Disposable Vapes,280,6,799.0,2023-01-13,147
Lite 200 Puff,Disposable Vapes,100,11,249.0,2023-01-13,31
Tropical Mix 500 Puff,Disposable Vapes,150,10,399.0,2023-01-13,129
Classic 500 Puff,Disposable Vapes,150,5,399.0,2023-01-15,1
Lite 200 Puff,Disposable Vapes,100,9,249.0,2023-01-15,22
Compact Pod Kit,Pod Systems,600,2,1199.0,2023-01-15,283
Premium 2000 Puff,Disposable Vapes,280,2,799.0,2023-01-15,145
Zero Nicotine 30ml,E-Liquids,100,4,249.0,2023-01-15,91
Max 3000 Puff,Disposable Vapes,350,4,999.0,2023-01-16,204
E-Liquid 100ml Bulk,E-Liquids,300,4,699.0,2023-01-16,161
Lite 200 Puff,Disposable Vapes,100,12,249.0,2023-01-16,10
Tank Glass Replacement,Accessories,150,8,399.0,2023-01-17,95
Compact Pod Kit,Pod Systems,600,4,1199.0,2023-01-17,279
Lite 200 Puff,Disposable Vapes,100,14,249.0,2023-01-17,1
Premium 2000 Puff,Disposable Vapes,280,4,799.0,2023-01-17,141
Zero Nicotine 30ml,E-Liquids,100,8,249.0,2023-01-17,83
Battery Charger,Accessories,250,4,599.0,2023-01-19,350
Replacement Pods (4-Pack),Pod Systems,200,8,599.0,2023-01-19,38
Advanced Mod,Premium Devices,1800,4,2999.0,2023-01-19,359
Battery 18650,Accessories,80,10,249.0,2023-01-19,1
Max 3000 Puff,Disposable Vapes,350,2,999.0,2023-01-22,202
E-Liquid 60ml Premium,E-Liquids,200,3,499.0,2023-01-22,269
Coil Pack (10 pcs),Accessories,200,3,499.0,2023-01-22,4
Premium 2000 Puff,Disposable Vapes,280,2,799.0,2023-01-22,139
Tropical Mix 500 Puff,Disposable Vapes,150,5,399.0,2023-01-22,124
Battery Charger,Accessories,250,3,599.0,2023-01-23,347
Advanced Mod,Premium Devices,1800,2,2999.0,2023-01-23,357
Advanced Pod Kit,Pod Systems,1200,2,1999.0,2023-01-24,378
Classic 500 Puff,Disposable Vapes,150,8,399.0,2023-01-24,1
Battery 18650,Accessories,80,9,249.0,2023-01-24,1
Max 3000 Puff,Disposable Vapes,350,4,999.0,2023-01-26,198
High Strength 50mg 30ml,E-Liquids,150,5,399.0,2023-01-26,319
E-Liquid 60ml Premium,E-Liquids,200,5,499.0,2023-01-28,264
Professional Starter Kit,Premium Devices,1500,1,2499.0,2023-01-28,395
Advanced Pod Kit,Pod Systems,1200,1,1999.0,2023-01-28,377
Max 3000 Puff,Disposable Vapes,350,2,999.0,2023-01-28,196
Coil Pack (10 pcs),Accessories,200,2,499.0,2023-01-28,2
Max 3000 Puff,Disposable Vapes,350,2,999.0,2023-01-29,194
E-Liquid 100ml Bulk,E-Liquids,300,1,699.0,2023-01-29,160
Temperature Control Device,Premium Devices,3000,1,4999.0,2023-01-29,169
Coil Pack (10 pcs),Accessories,200,2,499.0,2023-01-29,1
E-Liquid 30ml,E-Liquids,120,5,299.0,2023-01-29,1
E-Liquid 100ml Bulk,E-Liquids,300,3,699.0,2023-01-30,157
High Strength 50mg 30ml,E-Liquids,150,3,399.0,2023-01-30,316
Tank Glass Replacement,Accessories,150,9,399.0,2023-01-30,86
Professional Starter Kit,Premium Devices,1500,1,2499.0,2023-01-31,394
Max 3000 Puff,Disposable Vapes,350,6,999.0,2023-01-31,188
Battery 18650,Accessories,80,12,249.0,2023-01-31,1
Max 3000 Puff,Disposable Vapes,350,4,999.0,2023-02-01,184
Temperature Control Device,Premium Devices,3000,1,4999.0,2023-02-01,168
Premium 2000 Puff,Disposable Vapes,280,5,799.0,2023-02-01,134
Tank Glass Replacement,Accessories,150,7,399.0,2023-02-02,79
Professional Starter Kit,Premium Devices,1500,2,2499.0,2023-02-02,392
Battery 18650,Accessories,80,10,249.0,2023-02-02,1
Replacement Pods (4-Pack),Pod Systems,200,4,599.0,2023-02-03,34
Temperature Control Device,Premium Devices,3000,1,4999.0,2023-02-03,167
Premium 2000 Puff,Disposable Vapes,280,5,799.0,2023-02-03,129
Battery Charger,Accessories,250,2,599.0,2023-02-03,345
Coil Pack (10 pcs),Accessories,200,4,499.0,2023-02-03,1
E-Liquid 30ml,E-Liquids,120,7,299.0,2023-02-04,1
Replacement Pods (4-Pack),Pod Systems,200,2,599.0,2023-02-04,32
Advanced Mod,Premium Devices,1800,1,2999.0,2023-02-04,356
Zero Nicotine 30ml,E-Liquids,100,4,249.0,2023-02-04,79
Zero Nicotine 30ml,E-Liquids,100,5,249.0,2023-02-07,74
E-Liquid 60ml Premium,E-Liquids,200,4,499.0,2023-02-07,260
Classic 500 Puff,Disposable Vapes,150,7,399.0,2023-02-07,1
E-Liquid 30ml,E-Liquids,120,10,299.0,2023-02-07,1
Temperature Control Device,Premium Devices,3000,1,4999.0,2023-02-07,166
Advanced Mod,Premium Devices,1800,3,2999.0,2023-02-08,353
Pod System Kit,Pod Systems,800,4,1499.0,2023-02-08,119
Coil Pack (10 pcs),Accessories,200,5,499.0,2023-02-09,1
Classic 500 Puff,Disposable Vapes,150,10,399.0,2023-02-09,1
Premium 2000 Puff,Disposable Vapes,280,4,799.0,2023-02-09,125
E-Liquid 100ml Bulk,E-Liquids,300,2,699.0,2023-02-10,155
Professional Starter Kit,Premium Devices,1500,1,2499.0,2023-02-10,391
Premium 2000 Puff,Disposable Vapes,280,4,799.0,2023-02-10,121
Classic 500 Puff,Disposable Vapes,150,8,399.0,2023-02-10,1
Coil Pack (10 pcs),Accessories,200,5,499.0,2023-02-10,1
Max 3000 Puff,Disposable Vapes,350,2,999.0,2023-02-11,182
Compact Pod Kit,Pod Systems,600,2,1199.0,2023-02-11,277
Advanced Pod Kit,Pod Systems,1200,1,1999.0,2023-02-12,376
Premium 2000 Puff,Disposable Vapes,280,3,799.0,2023-02-12,118
Max 3000 Puff,Disposable Vapes,350,2,999.0,2023-02-12,180
Professional Starter Kit,Premium Devices,1500,1,2499.0,2023-02-12,390
Battery 18650,Accessories,80,5,249.0,2023-02-12,1
Battery Charger,Accessories,250,3,599.0,2023-02-14,342
E-Liquid 30ml,E-Liquids,120,12,299.0,2023-02-14,1
Zero Nicotine 30ml,E-Liquids,100,6,249.0,2023-02-14,68
Professional Starter Kit,Premium Devices,1500,2,2499.0,2023-02-14,388
Professional Starter Kit,Premium Devices,1500,1,2499.0,2023-02-15,387
E-Liquid 30ml,E-Liquids,120,10,299.0,2023-02-15,1
Max 3000 Puff,Disposable Vapes,350,5,999.0,2023-02-15,175
Compact Pod Kit,Pod Systems,600,3,1199.0,2023-02-15,274
Premium 2000 Puff,Disposable Vapes,280,4,799.0,2023-02-18,114
Max 3000 Puff,Disposable Vapes,350,2,999.0,2023-02-18,173
Advanced Mod,Premium Devices,1800,1,2999.0,2023-02-18,352
Advanced Mod,Premium Devices,1800,1,2999.0,2023-02-19,351
Advanced Pod Kit,Pod Systems,1200,1,1999.0,2023-02-19,375
Pod System Kit,Pod Systems,800,1,1499.0,2023-02-19,118
Coil Pack (10 pcs),Accessories,200,5,499.0,2023-02-20,1
Tropical Mix 500 Puff,Disposable Vapes,150,6,399.0,2023-02-20,118
Professional Starter Kit,Premium Devices,1500,1,2499.0,2023-02-20,386
High Strength 50mg 30ml,E-Liquids,150,4,399.0,2023-02-20,312
Battery Charger,Accessories,250,3,599.0,2023-02-21,339
Tropical Mix 500 Puff,Disposable Vapes,150,6,399.0,2023-02-21,112
Max 3000 Puff,Disposable Vapes,350,4,999.0,2023-02-21,169
Lite 200 Puff,Disposable Vapes,100,10,249.0,2023-02-22,1
Replacement Pods (4-Pack),Pod Systems,200,7,599.0,2023-02-22,25
Compact Pod Kit,Pod Systems,600,3,1199.0,2023-02-22,271
E-Liquid 100ml Bulk,E-Liquids,300,2,699.0,2023-02-25,153
Advanced Mod,Premium Devices,1800,2,2999.0,2023-02-25,349
Premium 2000 Puff,Disposable Vapes,280,2,799.0,2023-02-25,112
Pod System Kit,Pod Systems,800,2,1499.0,2023-02-25,116
High Strength 50mg 30ml,E-Liquids,150,4,399.0,2023-02-28,308
Temperature Control Device,Premium Devices,3000,1,4999.0,2023-02-28,165
Advanced Mod,Premium Devices,1800,4,2999.0,2023-03-03,345
Replacement Pods (4-Pack),Pod Systems,200,9,599.0,2023-03-03,16
Compact Pod Kit,Pod Systems,600,5,1199.0,2023-03-03,266
Lite 200 Puff,Disposable Vapes,100,15,249.0,2023-03-03,1
Classic 500 Puff,Disposable Vapes,150,7,399.0,2023-03-03,1
Classic 500 Puff,Disposable Vapes,150,5,399.0,2023-03-05,1
Replacement Pods (4-Pack),Pod Systems,200,3,599.0,2023-03-05,13
Temperature Control Device,Premium Devices,3000,1,4999.0,2023-03-05,164
E-Liquid 60ml Premium,E-Liquids,200,4,499.0,2023-03-05,256
E-Liquid 100ml Bulk,E-Liquids,300,2,699.0,2023-03-05,151
Tropical Mix 500 Puff,Disposable Vapes,150,8,399.0,2023-03-07,104
Advanced Pod Kit,Pod Systems,1200,2,1999.0,2023-03-07,373
Max 3000 Puff,Disposable Vapes,350,4,999.0,2023-03-07,165
Replacement Pods (4-Pack),Pod Systems,200,6,599.0,2023-03-07,7
Zero Nicotine 30ml,E-Liquids,100,8,249.0,2023-03-07,60
Advanced Mod,Premium Devices,1800,5,2999.0,2023-03-08,340
Battery Charger,Accessories,250,5,599.0,2023-03-08,334
Tropical Mix 500 Puff,Disposable Vapes,150,14,399.0,2023-03-08,90
Tropical Mix 500 Puff,Disposable Vapes,150,9,399.0,2023-03-10,81
Battery 18650,Accessories,80,14,249.0,2023-03-10,1
Pod System Kit,Pod Systems,800,2,1499.0,2023-03-11,114
Replacement Pods (4-Pack),Pod Systems,200,3,599.0,2023-03-11,4
E-Liquid 60ml Premium,E-Liquids,200,4,499.0,2023-03-12,252
Lite 200 Puff,Disposable Vapes,100,7,249.0,2023-03-12,1
Advanced Mod,Premium Devices,1800,2,2999.0,2023-03-12,338
Battery 18650,Accessories,80,7,249.0,2023-03-12,1
Professional Starter Kit,Premium Devices,1500,1,2499.0,2023-03-13,385
Tropical Mix 500 Puff,Disposable Vapes,150,10,399.0,2023-03-13,71
Zero Nicotine 30ml,E-Liquids,100,6,249.0,2023-03-13,54
E-Liquid 30ml,E-Liquids,120,16,299.0,2023-03-13,1
E-Liquid 100ml Bulk,E-Liquids,300,3,699.0,2023-03-19,148
E-Liquid 30ml,E-Liquids,120,6,299.0,2023-03-19,1
Tank Glass Replacement,Accessories,150,5,399.0,2023-03-19,74
High Strength 50mg 30ml,E-Liquids,150,4,399.0,2023-03-20,304
Lite 200 Puff,Disposable Vapes,100,16,249.0,2023-03-20,1
Advanced Mod,Premium Devices,1800,3,2999.0,2023-03-20,335
Temperature Control Device,Premium Devices,3000,1,4999.0,2023-03-21,163
Max 3000 Puff,Disposable Vapes,350,4,999.0,2023-03-21,161
E-Liquid 60ml Premium,E-Liquids,200,8,499.0,2023-03-21,244
E-Liquid 30ml,E-Liquids,120,10,299.0,2023-03-21,1
Coil Pack (10 pcs),Accessories,200,5,499.0,2023-03-21,1
Zero Nicotine 30ml,E-Liquids,100,7,249.0,2023-03-22,47
Max 3000 Puff,Disposable Vapes,350,4,999.0,2023-03-22,157
High Strength 50mg 30ml,E-Liquids,150,4,399.0,2023-03-22,300
Temperature Control Device,Premium Devices,3000,1,4999.0,2023-03-23,162
E-Liquid 60ml Premium,E-Liquids,200,6,499.0,2023-03-23,238
Premium 2000 Puff,Disposable Vapes,280,4,799.0,2023-03-25,108
Tank Glass Replacement,Accessories,150,4,399.0,2023-03-25,70
High Strength 50mg 30ml,E-Liquids,150,2,399.0,2023-03-25,298
Battery Charger,Accessories,250,2,599.0,2023-03-25,332
Compact Pod Kit,Pod Systems,600,2,1199.0,2023-03-26,264
High Strength 50mg 30ml,E-Liquids,150,2,399.0,2023-03-26,296
E-Liquid 100ml Bulk,E-Liquids,300,2,699.0,2023-03-26,146
Tropical Mix 500 Puff,Disposable Vapes,150,4,399.0,2023-03-26,67
Tank Glass Replacement,Accessories,150,5,399.0,2023-03-26,65
Professional Starter Kit,Premium Devices,1500,2,2499.0,2023-03-28,383
E-Liquid 30ml,E-Liquids,120,16,299.0,2023-03-28,1
Premium 2000 Puff,Disposable Vapes,280,7,799.0,2023-03-29,101
High Strength 50mg 30ml,E-Liquids,150,7,399.0,2023-03-29,289
Pod System Kit,Pod Systems,800,2,1499.0,2023-03-31,112
Tropical Mix 500 Puff,Disposable Vapes,150,12,399.0,2023-03-31,55
E-Liquid 30ml,E-Liquids,120,9,299.0,2023-03-31,1
Battery 18650,Accessories,80,9,249.0,2023-03-31,1
Advanced Pod Kit,Pod Systems,1200,2,1999.0,2023-03-31,371
Classic 500 Puff,Disposable Vapes,150,14,399.0,2023-04-03,1
Advanced Mod,Premium Devices,1800,5,2999.0,2023-04-03,330
Lite 200 Puff,Disposable Vapes,100,20,249.0,2023-04-03,1
Compact Pod Kit,Pod Systems,600,4,1199.0,2023-04-03,260
Coil Pack (10 pcs),Accessories,200,8,499.0,2023-04-05,1
Max 3000 Puff,Disposable Vapes,350,6,999.0,2023-04-05,151
Compact Pod Kit,Pod Systems,600,7,1199.0,2023-04-05,253
E-Liquid 60ml Premium,E-Liquids,200,6,499.0,2023-04-05,232
Tank Glass Replacement,Accessories,150,7,399.0,2023-04-05,58
Max 3000 Puff,Disposable Vapes,350,7,999.0,2023-04-06,144
E-Liquid 30ml,E-Liquids,120,14,299.0,2023-04-06,1
Compact Pod Kit,Pod Systems,600,4,1199.0,2023-04-06,249
Temperature Control Device,Premium Devices,3000,1,4999.0,2023-04-06,161
Coil Pack (10 pcs),Accessories,200,7,499.0,2023-04-06,1
Replacement Pods (4-Pack),Pod Systems,200,9,599.0,2023-04-07,1
E-Liquid 100ml Bulk,E-Liquids,300,4,699.0,2023-04-07,142
Coil Pack (10 pcs),Accessories,200,7,499.0,2023-04-07,1
Tank Glass Replacement,Accessories,150,5,399.0,2023-04-09,53
Tropical Mix 500 Puff,Disposable Vapes,150,6,399.0,2023-04-09,49
Coil Pack (10 pcs),Accessories,200,4,499.0,2023-04-09,1
Classic 500 Puff,Disposable Vapes,150,4,399.0,2023-04-09,1
Premium 2000 Puff,Disposable Vapes,280,3,799.0,2023-04-09,98
Advanced Pod Kit,Pod Systems,1200,3,1999.0,2023-04-11,368
E-Liquid 60ml Premium,E-Liquids,200,10,499.0,2023-04-11,222
Temperature Control Device,Premium Devices,3000,1,4999.0,2023-04-11,160
Premium 2000 Puff,Disposable Vapes,280,9,799.0,2023-04-11,89
Coil Pack (10 pcs),Accessories,200,8,499.0,2023-04-11,1
Replacement Pods (4-Pack),Pod Systems,200,8,599.0,2023-04-13,1
Compact Pod Kit,Pod Systems,600,4,1199.0,2023-04-13,245
High Strength 50mg 30ml,E-Liquids,150,6,399.0,2023-04-13,283
Temperature Control Device,Premium Devices,3000,1,4999.0,2023-04-13,159
Pod System Kit,Pod Systems,800,4,1499.0,2023-04-13,108
Lite 200 Puff,Disposable Vapes,100,17,249.0,2023-04-14,1
Professional Starter Kit,Premium Devices,1500,2,2499.0,2023-04-14,381
Advanced Pod Kit,Pod Systems,1200,2,1999.0,2023-04-14,366
Temperature Control Device,Premium Devices,3000,1,4999.0,2023-04-14,158
Temperature Control Device,Premium Devices,3000,1,4999.0,2023-04-16,157
Compact Pod Kit,Pod Systems,600,2,1199.0,2023-04-16,243
Advanced Pod Kit,Pod Systems,1200,1,1999.0,2023-04-16,365
Classic 500 Puff,Disposable Vapes,150,7,399.0,2023-04-16,1
Max 3000 Puff,Disposable Vapes,350,5,999.0,2023-04-17,139
Battery Charger,Accessories,250,5,599.0,2023-04-17,327
Compact Pod Kit,Pod Systems,600,4,1199.0,2023-04-17,239
Coil Pack (10 pcs),Accessories,200,6,499.0,2023-04-19,1
Advanced Mod,Premium Devices,1800,3,2999.0,2023-04-19,327
High Strength 50mg 30ml,E-Liquids,150,7,399.0,2023-04-19,276
Premium 2000 Puff,Disposable Vapes,280,9,799.0,2023-04-19,80
Advanced Pod Kit,Pod Systems,1200,3,1999.0,2023-04-19,362
Zero Nicotine 30ml,E-Liquids,100,10,249.0,2023-04-24,37
Premium 2000 Puff,Disposable Vapes,280,8,799.0,2023-04-24,72
E-Liquid 30ml,E-Liquids,120,16,299.0,2023-04-24,1
Classic 500 Puff,Disposable Vapes,150,9,399.0,2023-04-24,1
Professional Starter Kit,Premium Devices,1500,2,2499.0,2023-04-24,379
Premium 2000 Puff,Disposable Vapes,280,9,799.0,2023-04-26,63
Tank Glass Replacement,Accessories,150,9,399.0,2023-04-26,44
Lite 200 Puff,Disposable Vapes,100,19,249.0,2023-04-26,1
E-Liquid 30ml,E-Liquids,120,13,299.0,2023-04-26,1
E-Liquid 60ml Premium,E-Liquids,200,10,499.0,2023-04-26,212
Advanced Pod Kit,Pod Systems,1200,2,1999.0,2023-04-27,360
Pod System Kit,Pod Systems,800,5,1499.0,2023-04-27,103
Advanced Mod,Premium Devices,1800,3,2999.0,2023-04-29,324
Lite 200 Puff,Disposable Vapes,100,10,249.0,2023-04-29,1
Temperature Control Device,Premium Devices,3000,1,4999.0,2023-04-29,156
Temperature Control Device,Premium Devices,3000,1,4999.0,2023-05-01,155
Battery 18650,Accessories,80,13,249.0,2023-05-01,1
E-Liquid 60ml Premium,E-Liquids,200,6,499.0,2023-05-01,206
Premium 2000 Puff,Disposable Vapes,280,8,799.0,2023-05-04,55
Temperature Control Device,Premium Devices,3000,1,4999.0,2023-05-04,154
Advanced Pod Kit,Pod Systems,1200,3,1999.0,2023-05-05,357
Compact Pod Kit,Pod Systems,600,4,1199.0,2023-05-05,235
Lite 200 Puff,Disposable Vapes,100,17,249.0,2023-05-05,1
Tank Glass Replacement,Accessories,150,4,399.0,2023-05-06,40
Zero Nicotine 30ml,E-Liquids,100,6,249.0,2023-05-06,31
E-Liquid 100ml Bulk,E-Liquids,300,6,699.0,2023-05-09,136
E-Liquid 60ml Premium,E-Liquids,200,8,499.0,2023-05-09,198
Professional Starter Kit,Premium Devices,1500,1,2499.0,2023-05-09,378
Compact Pod Kit,Pod Systems,600,5,1199.0,2023-05-09,230
E-Liquid 30ml,E-Liquids,120,12,299.0,2023-05-09,1
Classic 500 Puff,Disposable Vapes,150,11,399.0,2023-05-10,1
Professional Starter Kit,Premium Devices,1500,2,2499.0,2023-05-10,376
Compact Pod Kit,Pod Systems,600,5,1199.0,2023-05-11,225
Advanced Pod Kit,Pod Systems,1200,3,1999.0,2023-05-11,354
Professional Starter Kit,Premium Devices,1500,1,2499.0,2023-05-13,375
Battery 18650,Accessories,80,6,249.0,2023-05-13,1
High Strength 50mg 30ml,E-Liquids,150,3,399.0,2023-05-13,273
E-Liquid 60ml Premium,E-Liquids,200,4,499.0,2023-05-13,194
Compact Pod Kit,Pod Systems,600,3,1199.0,2023-05-13,222
Zero Nicotine 30ml,E-Liquids,100,5,249.0,2023-05-14,26
Battery 18650,Accessories,80,7,249.0,2023-05-14,1
High Strength 50mg 30ml,E-Liquids,150,7,399.0,2023-05-15,266
Battery 18650,Accessories,80,18,249.0,2023-05-15,1
Tropical Mix 500 Puff,Disposable Vapes,150,11,399.0,2023-05-15,38
Advanced Pod Kit,Pod Systems,1200,2,1999.0,2023-05-15,352
E-Liquid 30ml,E-Liquids,120,16,299.0,2023-05-16,1
Coil Pack (10 pcs),Accessories,200,6,499.0,2023-05-16,1
Zero Nicotine 30ml,E-Liquids,100,12,249.0,2023-05-18,14
Lite 200 Puff,Disposable Vapes,100,14,249.0,2023-05-18,1
Advanced Mod,Premium Devices,1800,4,2999.0,2023-05-18,320
Max 3000 Puff,Disposable Vapes,350,5,999.0,2023-05-18,134
E-Liquid 60ml Premium,E-Liquids,200,5,499.0,2023-05-19,189
Battery Charger,Accessories,250,5,599.0,2023-05-19,322
E-Liquid 100ml Bulk,E-Liquids,300,6,699.0,2023-05-19,130
Coil Pack (10 pcs),Accessories,200,3,499.0,2023-05-21,1
Pod System Kit,Pod Systems,800,1,1499.0,2023-05-21,102
Professional Starter Kit,Premium Devices,1500,1,2499.0,2023-05-21,374
Lite 200 Puff,Disposable Vapes,100,9,249.0,2023-05-21,1
Advanced Pod Kit,Pod Systems,1200,3,1999.0,2023-05-22,349
Coil Pack (10 pcs),Accessories,200,9,499.0,2023-05-22,1
Classic 500 Puff,Disposable Vapes,150,9,399.0,2023-05-22,1
Replacement Pods (4-Pack),Pod Systems,200,8,599.0,2023-05-25,1
Pod System Kit,Pod Systems,800,5,1499.0,2023-05-25,97
Battery Charger,Accessories,250,3,599.0,2023-05-25,319
Premium 2000 Puff,Disposable Vapes,280,9,799.0,2023-05-25,46
Advanced Pod Kit,Pod Systems,1200,3,1999.0,2023-05-30,346
Zero Nicotine 30ml,E-Liquids,100,10,249.0,2023-05-30,4
Advanced Mod,Premium Devices,1800,6,2999.0,2023-05-30,314
Tropical Mix 500 Puff,Disposable Vapes,150,12,399.0,2023-05-30,26
Professional Starter Kit,Premium Devices,1500,3,2499.0,2023-05-31,371
Lite 200 Puff,Disposable Vapes,100,20,249.0,2023-05-31,1
E-Liquid 60ml Premium,E-Liquids,200,9,499.0,2023-06-01,180
E-Liquid 30ml,E-Liquids,120,18,299.0,2023-06-01,1
Lite 200 Puff,Disposable Vapes,100,23,249.0,2023-06-01,1
Replacement Pods (4-Pack),Pod Systems,200,11,599.0,2023-06-02,1
Temperature Control Device,Premium Devices,3000,1,4999.0,2023-06-02,153
Tropical Mix 500 Puff,Disposable Vapes,150,9,399.0,2023-06-02,17
Advanced Mod,Premium Devices,1800,3,2999.0,2023-06-02,311
Coil Pack (10 pcs),Accessories,200,6,499.0,2023-06-02,1
Professional Starter Kit,Premium Devices,1500,1,2499.0,2023-06-03,370
High Strength 50mg 30ml,E-Liquids,150,4,399.0,2023-06-03,262
Pod System Kit,Pod Systems,800,3,1499.0,2023-06-03,94
Battery 18650,Accessories,80,18,249.0,2023-06-05,1
Lite 200 Puff,Disposable Vapes,100,19,249.0,2023-06-05,1
E-Liquid 60ml Premium,E-Liquids,200,10,499.0,2023-06-05,170
Zero Nicotine 30ml,E-Liquids,100,11,249.0,2023-06-05,1
Professional Starter Kit,Premium Devices,1500,3,2499.0,2023-06-05,367
Temperature Control Device,Premium Devices,3000,1,4999.0,2023-06-06,152
Compact Pod Kit,Pod Systems,600,6,1199.0,2023-06-06,216
Advanced Pod Kit,Pod Systems,1200,2,1999.0,2023-06-06,344
Battery Charger,Accessories,250,6,599.0,2023-06-06,313
High Strength 50mg 30ml,E-Liquids,150,8,399.0,2023-06-08,254
Premium 2000 Puff,Disposable Vapes,280,6,799.0,2023-06-08,40
Pod System Kit,Pod Systems,800,3,1499.0,2023-06-09,91
Temperature Control Device,Premium Devices,3000,1,4999.0,2023-06-09,151
Professional Starter Kit,Premium Devices,1500,2,2499.0,2023-06-09,365
Compact Pod Kit,Pod Systems,600,6,1199.0,2023-06-09,210
Tank Glass Replacement,Accessories,150,7,399.0,2023-06-09,33
Temperature Control Device,Premium Devices,3000,1,4999.0,2023-06-10,150
Professional Starter Kit,Premium Devices,1500,1,2499.0,2023-06-10,364
E-Liquid 60ml Premium,E-Liquids,200,6,499.0,2023-06-10,164
Advanced Mod,Premium Devices,1800,2,2999.0,2023-06-10,309
Advanced Mod,Premium Devices,1800,2,2999.0,2023-06-11,307
E-Liquid 60ml Premium,E-Liquids,200,5,499.0,2023-06-11,159
Pod System Kit,Pod Systems,800,5,1499.0,2023-06-12,86
Coil Pack (10 pcs),Accessories,200,8,499.0,2023-06-12,1
Classic 500 Puff,Disposable Vapes,150,16,399.0,2023-06-13,1
Tropical Mix 500 Puff,Disposable Vapes,150,13,399.0,2023-06-13,4
Advanced Pod Kit,Pod Systems,1200,2,1999.0,2023-06-13,342
Temperature Control Device,Premium Devices,3000,1,4999.0,2023-06-13,149
Pod System Kit,Pod Systems,800,4,1499.0,2023-06-14,82
E-Liquid 30ml,E-Liquids,120,16,299.0,2023-06-14,1
Tropical Mix 500 Puff,Disposable Vapes,150,17,399.0,2023-06-14,1
Replacement Pods (4-Pack),Pod Systems,200,9,599.0,2023-06-14,1
Professional Starter Kit,Premium Devices,1500,2,2499.0,2023-06-14,362
Professional Starter Kit,Premium Devices,1500,1,2499.0,2023-06-17,361
Tropical Mix 500 Puff,Disposable Vapes,150,8,399.0,2023-06-17,1
E-Liquid 60ml Premium,E-Liquids,200,4,499.0,2023-06-17,155
E-Liquid 30ml,E-Liquids,120,10,299.0,2023-06-17,1
Battery Charger,Accessories,250,2,599.0,2023-06-17,311
Classic 500 Puff,Disposable Vapes,150,10,399.0,2023-06-19,1
Premium 2000 Puff,Disposable Vapes,280,9,799.0,2023-06-19,31
E-Liquid 60ml Premium,E-Liquids,200,10,499.0,2023-06-19,145
Lite 200 Puff,Disposable Vapes,100,14,249.0,2023-06-20,1
E-Liquid 100ml Bulk,E-Liquids,300,7,699.0,2023-06-20,123
Temperature Control Device,Premium Devices,3000,2,4999.0,2023-06-20,147
Coil Pack (10 pcs),Accessories,200,7,499.0,2023-06-20,1
Zero Nicotine 30ml,E-Liquids,100,11,249.0,2023-06-20,1
Max 3000 Puff,Disposable Vapes,350,6,999.0,2023-06-23,128
Replacement Pods (4-Pack),Pod Systems,200,10,599.0,2023-06-23,1
Battery 18650,Accessories,80,11,249.0,2023-06-23,1
Lite 200 Puff,Disposable Vapes,100,13,249.0,2023-06-24,1
Zero Nicotine 30ml,E-Liquids,100,4,249.0,2023-06-24,1
Temperature Control Device,Premium Devices,3000,1,4999.0,2023-06-24,146
Tropical Mix 500 Puff,Disposable Vapes,150,6,399.0,2023-06-25,1
E-Liquid 30ml,E-Liquids,120,7,299.0,2023-06-25,1
Replacement Pods (4-Pack),Pod Systems,200,6,599.0,2023-06-26,1
Advanced Pod Kit,Pod Systems,1200,2,1999.0,2023-06-26,340
Coil Pack (10 pcs),Accessories,200,7,499.0,2023-06-27,1
Battery 18650,Accessories,80,18,249.0,2023-06-27,1
Pod System Kit,Pod Systems,800,4,1499.0,2023-06-27,78
E-Liquid 60ml Premium,E-Liquids,200,9,499.0,2023-06-27,136
E-Liquid 100ml Bulk,E-Liquids,300,6,699.0,2023-06-27,117
Tank Glass Replacement,Accessories,150,11,399.0,2023-06-28,22
Zero Nicotine 30ml,E-Liquids,100,8,249.0,2023-06-28,1
E-Liquid 100ml Bulk,E-Liquids,300,5,699.0,2023-06-29,112
Zero Nicotine 30ml,E-Liquids,100,9,249.0,2023-06-29,1
Battery Charger,Accessories,250,4,599.0,2023-06-29,307
Max 3000 Puff,Disposable Vapes,350,6,999.0,2023-06-30,122
E-Liquid 30ml,E-Liquids,120,17,299.0,2023-06-30,1
E-Liquid 100ml Bulk,E-Liquids,300,7,699.0,2023-06-30,105
E-Liquid 60ml Premium,E-Liquids,200,6,499.0,2023-06-30,130
High Strength 50mg 30ml,E-Liquids,150,4,399.0,2023-06-30,250
Lite 200 Puff,Disposable Vapes,100,12,249.0,2023-07-02,1
Battery Charger,Accessories,250,1,599.0,2023-07-02,306
Premium 2000 Puff,Disposable Vapes,280,3,799.0,2023-07-02,28
E-Liquid 100ml Bulk,E-Liquids,300,2,699.0,2023-07-02,103
Advanced Mod,Premium Devices,1800,1,2999.0,2023-07-02,306
Premium 2000 Puff,Disposable Vapes,280,9,799.0,2023-07-04,19
Classic 500 Puff,Disposable Vapes,150,14,399.0,2023-07-04,1
Tropical Mix 500 Puff,Disposable Vapes,150,14,399.0,2023-07-04,1
Lite 200 Puff,Disposable Vapes,100,22,249.0,2023-07-04,1
E-Liquid 30ml,E-Liquids,120,11,299.0,2023-07-04,1
Pod System Kit,Pod Systems,800,4,1499.0,2023-07-05,74
Replacement Pods (4-Pack),Pod Systems,200,12,599.0,2023-07-05,1
E-Liquid 30ml,E-Liquids,120,18,299.0,2023-07-05,1
Zero Nicotine 30ml,E-Liquids,100,13,249.0,2023-07-05,1
Tank Glass Replacement,Accessories,150,4,399.0,2023-07-08,18
Zero Nicotine 30ml,E-Liquids,100,6,249.0,2023-07-08,1
Battery 18650,Accessories,80,6,249.0,2023-07-08,1
E-Liquid 30ml,E-Liquids,120,6,299.0,2023-07-08,1
Professional Starter Kit,Premium Devices,1500,1,2499.0,2023-07-09,360
E-Liquid 100ml Bulk,E-Liquids,300,2,699.0,2023-07-09,101
Professional Starter Kit,Premium Devices,1500,2,2499.0,2023-07-10,358
Pod System Kit,Pod Systems,800,3,1499.0,2023-07-10,71
Zero Nicotine 30ml,E-Liquids,100,9,249.0,2023-07-10,1
Classic 500 Puff,Disposable Vapes,150,8,399.0,2023-07-10,1
High Strength 50mg 30ml,E-Liquids,150,5,399.0,2023-07-10,245
Premium 2000 Puff,Disposable Vapes,280,9,799.0,2023-07-12,10
E-Liquid 30ml,E-Liquids,120,18,299.0,2023-07-12,1
Lite 200 Puff,Disposable Vapes,100,17,249.0,2023-07-14,1
Advanced Pod Kit,Pod Systems,1200,2,1999.0,2023-07-14,338
Battery 18650,Accessories,80,8,249.0,2023-07-15,1
Battery Charger,Accessories,250,2,599.0,2023-07-15,304
Zero Nicotine 30ml,E-Liquids,100,7,249.0,2023-07-15,1
Compact Pod Kit,Pod Systems,600,3,1199.0,2023-07-15,207
Pod System Kit,Pod Systems,800,3,1499.0,2023-07-15,68
High Strength 50mg 30ml,E-Liquids,150,6,399.0,2023-07-17,239
Pod System Kit,Pod Systems,800,3,1499.0,2023-07-17,65
Zero Nicotine 30ml,E-Liquids,100,10,249.0,2023-07-18,1
Classic 500 Puff,Disposable Vapes,150,15,399.0,2023-07-18,1
Tropical Mix 500 Puff,Disposable Vapes,150,12,399.0,2023-07-18,1
Coil Pack (10 pcs),Accessories,200,9,499.0,2023-07-18,1
E-Liquid 100ml Bulk,E-Liquids,300,6,699.0,2023-07-18,95
E-Liquid 60ml Premium,E-Liquids,200,6,499.0,2023-07-19,124
Classic 500 Puff,Disposable Vapes,150,9,399.0,2023-07-19,1
E-Liquid 30ml,E-Liquids,120,15,299.0,2023-07-19,1
Tank Glass Replacement,Accessories,150,8,399.0,2023-07-20,10
E-Liquid 100ml Bulk,E-Liquids,300,5,699.0,2023-07-20,90
Premium 2000 Puff,Disposable Vapes,280,8,799.0,2023-07-20,2
Battery Charger,Accessories,250,4,599.0,2023-07-20,300
Coil Pack (10 pcs),Accessories,200,7,499.0,2023-07-20,1
Battery 18650,Accessories,80,12,249.0,2023-07-21,1
Pod System Kit,Pod Systems,800,4,1499.0,2023-07-21,61
Temperature Control Device,Premium Devices,3000,1,4999.0,2023-07-23,145
Compact Pod Kit,Pod Systems,600,2,1199.0,2023-07-23,205
Advanced Mod,Premium Devices,1800,2,2999.0,2023-07-23,304
Battery 18650,Accessories,80,7,249.0,2023-07-23,1
E-Liquid 60ml Premium,E-Liquids,200,10,499.0,2023-07-24,114
Advanced Pod Kit,Pod Systems,1200,3,1999.0,2023-07-24,335
Max 3000 Puff,Disposable Vapes,350,7,999.0,2023-07-24,115
Classic 500 Puff,Disposable Vapes,150,12,399.0,2023-07-24,1
E-Liquid 60ml Premium,E-Liquids,200,9,499.0,2023-07-25,105
High Strength 50mg 30ml,E-Liquids,150,7,399.0,2023-07-25,232
E-Liquid 60ml Premium,E-Liquids,200,7,499.0,2023-07-26,98
Compact Pod Kit,Pod Systems,600,8,1199.0,2023-07-26,197
Lite 200 Puff,Disposable Vapes,100,21,249.0,2023-07-26,1
Temperature Control Device,Premium Devices,3000,1,4999.0,2023-07-26,144
Lite 200 Puff,Disposable Vapes,100,12,249.0,2023-07-28,1
Advanced Pod Kit,Pod Systems,1200,3,1999.0,2023-07-28,332
Battery 18650,Accessories,80,12,249.0,2023-07-28,1
Classic 500 Puff,Disposable Vapes,150,14,399.0,2023-07-28,1
Coil Pack (10 pcs),Accessories,200,5,499.0,2023-07-29,1
Compact Pod Kit,Pod Systems,600,3,1199.0,2023-07-29,194
Advanced Pod Kit,Pod Systems,1200,2,1999.0,2023-07-29,330
E-Liquid 30ml,E-Liquids,120,7,299.0,2023-07-29,1
Lite 200 Puff,Disposable Vapes,100,14,249.0,2023-07-29,1
Temperature Control Device,Premium Devices,3000,1,4999.0,2023-07-30,143
E-Liquid 60ml Premium,E-Liquids,200,4,499.0,2023-07-30,94
Advanced Mod,Premium Devices,1800,2,2999.0,2023-07-30,302
E-Liquid 100ml Bulk,E-Liquids,300,2,699.0,2023-07-30,88
Replacement Pods (4-Pack),Pod Systems,200,5,599.0,2023-08-01,1
High Strength 50mg 30ml,E-Liquids,150,5,399.0,2023-08-01,227
Tank Glass Replacement,Accessories,150,9,399.0,2023-08-01,1
Advanced Pod Kit,Pod Systems,1200,3,1999.0,2023-08-02,327
Replacement Pods (4-Pack),Pod Systems,200,5,599.0,2023-08-02,1
Professional Starter Kit,Premium Devices,1500,1,2499.0,2023-08-02,357
Tropical Mix 500 Puff,Disposable Vapes,150,8,399.0,2023-08-02,1
High Strength 50mg 30ml,E-Liquids,150,4,399.0,2023-08-03,223
Pod System Kit,Pod Systems,800,4,1499.0,2023-08-03,57
Replacement Pods (4-Pack),Pod Systems,200,9,599.0,2023-08-03,1
Premium 2000 Puff,Disposable Vapes,280,5,799.0,2023-08-03,1
E-Liquid 30ml,E-Liquids,120,10,299.0,2023-08-03,1
Tank Glass Replacement,Accessories,150,7,399.0,2023-08-04,1
E-Liquid 100ml Bulk,E-Liquids,300,3,699.0,2023-08-04,85
High Strength 50mg 30ml,E-Liquids,150,4,399.0,2023-08-04,219
E-Liquid 60ml Premium,E-Liquids,200,5,499.0,2023-08-04,89
Lite 200 Puff,Disposable Vapes,100,17,249.0,2023-08-04,1
High Strength 50mg 30ml,E-Liquids,150,2,399.0,2023-08-06,217
Pod System Kit,Pod Systems,800,1,1499.0,2023-08-06,56
Battery 18650,Accessories,80,16,249.0,2023-08-08,1
E-Liquid 60ml Premium,E-Liquids,200,5,499.0,2023-08-08,84
Tropical Mix 500 Puff,Disposable Vapes,150,8,399.0,2023-08-08,1
Tropical Mix 500 Puff,Disposable Vapes,150,13,399.0,2023-08-09,1
Pod System Kit,Pod Systems,800,4,1499.0,2023-08-09,52
Tank Glass Replacement,Accessories,150,11,399.0,2023-08-09,1
Battery Charger,Accessories,250,5,599.0,2023-08-09,295
Zero Nicotine 30ml,E-Liquids,100,7,249.0,2023-08-10,1
E-Liquid 60ml Premium,E-Liquids,200,7,499.0,2023-08-10,77
E-Liquid 100ml Bulk,E-Liquids,300,6,699.0,2023-08-10,79
Compact Pod Kit,Pod Systems,600,4,1199.0,2023-08-10,190
Battery Charger,Accessories,250,4,599.0,2023-08-10,291
High Strength 50mg 30ml,E-Liquids,150,6,399.0,2023-08-11,211
Battery Charger,Accessories,250,4,599.0,2023-08-11,287
Max 3000 Puff,Disposable Vapes,350,4,999.0,2023-08-11,111
Temperature Control Device,Premium Devices,3000,1,4999.0,2023-08-12,142
Coil Pack (10 pcs),Accessories,200,3,499.0,2023-08-12,1
Lite 200 Puff,Disposable Vapes,100,10,249.0,2023-08-12,1
Max 3000 Puff,Disposable Vapes,350,7,999.0,2023-08-16,104
Tank Glass Replacement,Accessories,150,9,399.0,2023-08-16,1
Advanced Pod Kit,Pod Systems,1200,3,1999.0,2023-08-16,324
Lite 200 Puff,Disposable Vapes,100,22,249.0,2023-08-16,1
Advanced Mod,Premium Devices,1800,3,2999.0,2023-08-16,299
Tropical Mix 500 Puff,Disposable Vapes,150,13,399.0,2023-08-17,1
Battery 18650,Accessories,80,14,249.0,2023-08-17,1
Max 3000 Puff,Disposable Vapes,350,6,999.0,2023-08-18,98
E-Liquid 100ml Bulk,E-Liquids,300,3,699.0,2023-08-18,76
Tank Glass Replacement,Accessories,150,9,399.0,2023-08-18,1
Zero Nicotine 30ml,E-Liquids,100,8,249.0,2023-08-18,1
Temperature Control Device,Premium Devices,3000,1,4999.0,2023-08-19,141
Classic 500 Puff,Disposable Vapes,150,7,399.0,2023-08-19,1
Zero Nicotine 30ml,E-Liquids,100,4,249.0,2023-08-20,1
E-Liquid 60ml Premium,E-Liquids,200,4,499.0,2023-08-20,73
Battery 18650,Accessories,80,6,249.0,2023-08-20,1
Battery Charger,Accessories,250,1,599.0,2023-08-20,286
Temperature Control Device,Premium Devices,3000,1,4999.0,2023-08-20,140
Advanced Pod Kit,Pod Systems,1200,2,1999.0,2023-08-23,322
Compact Pod Kit,Pod Systems,600,5,1199.0,2023-08-23,185
Classic 500 Puff,Disposable Vapes,150,5,399.0,2023-08-26,1
Compact Pod Kit,Pod Systems,600,3,1199.0,2023-08-26,182
E-Liquid 60ml Premium,E-Liquids,200,3,499.0,2023-08-26,70
High Strength 50mg 30ml,E-Liquids,150,4,399.0,2023-08-28,207
E-Liquid 30ml,E-Liquids,120,11,299.0,2023-08-28,1
Classic 500 Puff,Disposable Vapes,150,10,399.0,2023-08-28,1
Battery Charger,Accessories,250,4,599.0,2023-08-28,282
Compact Pod Kit,Pod Systems,600,6,1199.0,2023-08-28,176
Coil Pack (10 pcs),Accessories,200,6,499.0,2023-08-29,1
Tropical Mix 500 Puff,Disposable Vapes,150,10,399.0,2023-08-29,1
Tank Glass Replacement,Accessories,150,8,399.0,2023-08-30,1
Classic 500 Puff,Disposable Vapes,150,11,399.0,2023-08-30,1
Coil Pack (10 pcs),Accessories,200,6,499.0,2023-08-31,1
Pod System Kit,Pod Systems,800,4,1499.0,2023-08-31,48
Professional Starter Kit,Premium Devices,1500,1,2499.0,2023-08-31,356
E-Liquid 100ml Bulk,E-Liquids,300,5,699.0,2023-08-31,71
Battery Charger,Accessories,250,3,599.0,2023-08-31,279
Classic 500 Puff,Disposable Vapes,150,13,399.0,2023-09-01,1
Zero Nicotine 30ml,E-Liquids,100,8,249.0,2023-09-01,1
Battery Charger,Accessories,250,3,599.0,2023-09-01,276
Coil Pack (10 pcs),Accessories,200,8,499.0,2023-09-01,1
Tropical Mix 500 Puff,Disposable Vapes,150,11,399.0,2023-09-01,1
E-Liquid 100ml Bulk,E-Liquids,300,2,699.0,2023-09-02,69
Replacement Pods (4-Pack),Pod Systems,200,6,599.0,2023-09-02,1
E-Liquid 60ml Premium,E-Liquids,200,5,499.0,2023-09-02,65
Zero Nicotine 30ml,E-Liquids,100,6,249.0,2023-09-03,1
Battery 18650,Accessories,80,9,249.0,2023-09-03,1
Tropical Mix 500 Puff,Disposable Vapes,150,8,399.0,2023-09-03,1
High Strength 50mg 30ml,E-Liquids,150,8,399.0,2023-09-04,199
Temperature Control Device,Premium Devices,3000,1,4999.0,2023-09-04,139
Premium 2000 Puff,Disposable Vapes,280,8,799.0,2023-09-04,1
Tropical Mix 500 Puff,Disposable Vapes,150,13,399.0,2023-09-04,1
Professional Starter Kit,Premium Devices,1500,3,2499.0,2023-09-05,353
Replacement Pods (4-Pack),Pod Systems,200,7,599.0,2023-09-05,1
Premium 2000 Puff,Disposable Vapes,280,10,799.0,2023-09-05,1
Coil Pack (10 pcs),Accessories,200,10,499.0,2023-09-06,1
Lite 200 Puff,Disposable Vapes,100,19,249.0,2023-09-06,1
Classic 500 Puff,Disposable Vapes,150,15,399.0,2023-09-06,1
E-Liquid 30ml,E-Liquids,120,16,299.0,2023-09-06,1
Premium 2000 Puff,Disposable Vapes,280,10,799.0,2023-09-06,1
Compact Pod Kit,Pod Systems,600,5,1199.0,2023-09-08,171
Classic 500 Puff,Disposable Vapes,150,12,399.0,2023-09-08,1
Tank Glass Replacement,Accessories,150,9,399.0,2023-09-08,1
Replacement Pods (4-Pack),Pod Systems,200,8,599.0,2023-09-08,1
E-Liquid 60ml Premium,E-Liquids,200,11,499.0,2023-09-08,54
Tropical Mix 500 Puff,Disposable Vapes,150,5,399.0,2023-09-10,1
Professional Starter Kit,Premium Devices,1500,1,2499.0,2023-09-10,352
Battery 18650,Accessories,80,19,249.0,2023-09-12,1
Temperature Control Device,Premium Devices,3000,1,4999.0,2023-09-12,138
Coil Pack (10 pcs),Accessories,200,5,499.0,2023-09-12,1
Replacement Pods (4-Pack),Pod Systems,200,13,599.0,2023-09-13,1
Classic 500 Puff,Disposable Vapes,150,14,399.0,2023-09-13,1
Tank Glass Replacement,Accessories,150,12,399.0,2023-09-13,1
Battery Charger,Accessories,250,6,599.0,2023-09-13,270
E-Liquid 100ml Bulk,E-Liquids,300,7,699.0,2023-09-14,62
Battery 18650,Accessories,80,16,249.0,2023-09-14,1
Professional Starter Kit,Premium Devices,1500,2,2499.0,2023-09-14,350
Premium 2000 Puff,Disposable Vapes,280,7,799.0,2023-09-14,1
Advanced Mod,Premium Devices,1800,4,2999.0,2023-09-15,295
Tropical Mix 500 Puff,Disposable Vapes,150,11,399.0,2023-09-15,1
Tank Glass Replacement,Accessories,150,8,399.0,2023-09-15,1
Coil Pack (10 pcs),Accessories,200,5,499.0,2023-09-16,1
E-Liquid 30ml,E-Liquids,120,7,299.0,2023-09-16,1
Tropical Mix 500 Puff,Disposable Vapes,150,6,399.0,2023-09-16,1
E-Liquid 100ml Bulk,E-Liquids,300,7,699.0,2023-09-18,55
Max 3000 Puff,Disposable Vapes,350,7,999.0,2023-09-18,91
Professional Starter Kit,Premium Devices,1500,2,2499.0,2023-09-18,348
E-Liquid 30ml,E-Liquids,120,14,299.0,2023-09-18,1
Classic 500 Puff,Disposable Vapes,150,17,399.0,2023-09-18,1
Max 3000 Puff,Disposable Vapes,350,6,999.0,2023-09-19,85
Classic 500 Puff,Disposable Vapes,150,14,399.0,2023-09-19,1
Coil Pack (10 pcs),Accessories,200,9,499.0,2023-09-19,1
Battery Charger,Accessories,250,5,599.0,2023-09-19,265
E-Liquid 30ml,E-Liquids,120,11,299.0,2023-09-22,1
Tank Glass Replacement,Accessories,150,9,399.0,2023-09-22,1
Zero Nicotine 30ml,E-Liquids,100,9,249.0,2023-09-22,1
Coil Pack (10 pcs),Accessories,200,10,499.0,2023-09-27,1
Pod System Kit,Pod Systems,800,4,1499.0,2023-09-27,44
Battery Charger,Accessories,250,6,599.0,2023-09-27,259
Premium 2000 Puff,Disposable Vapes,280,6,799.0,2023-09-28,1
Tank Glass Replacement,Accessories,150,7,399.0,2023-09-28,1
E-Liquid 30ml,E-Liquids,120,14,299.0,2023-09-28,1
E-Liquid 100ml Bulk,E-Liquids,300,2,699.0,2023-10-01,53
Lite 200 Puff,Disposable Vapes,100,13,249.0,2023-10-01,1
Advanced Mod,Premium Devices,1800,3,2999.0,2023-10-01,292
Battery Charger,Accessories,250,2,599.0,2023-10-01,257
Coil Pack (10 pcs),Accessories,200,4,499.0,2023-10-01,1
Coil Pack (10 pcs),Accessories,200,6,499.0,2023-10-02,1
Battery 18650,Accessories,80,15,249.0,2023-10-02,1
Battery Charger,Accessories,250,5,599.0,2023-10-02,252
Tank Glass Replacement,Accessories,150,12,399.0,2023-10-04,1
Battery 18650,Accessories,80,18,249.0,2023-10-04,1
Temperature Control Device,Premium Devices,3000,1,4999.0,2023-10-04,137
Max 3000 Puff,Disposable Vapes,350,7,999.0,2023-10-04,78
Advanced Mod,Premium Devices,1800,5,2999.0,2023-10-04,287
Lite 200 Puff,Disposable Vapes,100,26,249.0,2023-10-05,1
E-Liquid 30ml,E-Liquids,120,14,299.0,2023-10-05,1
Professional Starter Kit,Premium Devices,1500,3,2499.0,2023-10-05,345
Zero Nicotine 30ml,E-Liquids,100,8,249.0,2023-10-06,1
E-Liquid 60ml Premium,E-Liquids,200,6,499.0,2023-10-06,48
Temperature Control Device,Premium Devices,3000,1,4999.0,2023-10-07,136
Replacement Pods (4-Pack),Pod Systems,200,7,599.0,2023-10-07,1
Max 3000 Puff,Disposable Vapes,350,3,999.0,2023-10-07,75
Tank Glass Replacement,Accessories,150,7,399.0,2023-10-07,1
Battery 18650,Accessories,80,8,249.0,2023-10-08,1
Compact Pod Kit,Pod Systems,600,4,1199.0,2023-10-08,167
Zero Nicotine 30ml,E-Liquids,100,6,249.0,2023-10-08,1
Max 3000 Puff,Disposable Vapes,350,2,999.0,2023-10-08,73
Tropical Mix 500 Puff,Disposable Vapes,150,4,399.0,2023-10-08,1
Classic 500 Puff,Disposable Vapes,150,14,399.0,2023-10-09,1
Pod System Kit,Pod Systems,800,5,1499.0,2023-10-09,39
Zero Nicotine 30ml,E-Liquids,100,13,249.0,2023-10-10,1
E-Liquid 30ml,E-Liquids,120,12,299.0,2023-10-10,1
E-Liquid 60ml Premium,E-Liquids,200,9,499.0,2023-10-10,39
Classic 500 Puff,Disposable Vapes,150,15,399.0,2023-10-10,1
Advanced Pod Kit,Pod Systems,1200,4,1999.0,2023-10-10,318
Battery Charger,Accessories,250,6,599.0,2023-10-11,246
Advanced Pod Kit,Pod Systems,1200,2,1999.0,2023-10-11,316
Classic 500 Puff,Disposable Vapes,150,14,399.0,2023-10-11,1
Tank Glass Replacement,Accessories,150,12,399.0,2023-10-11,1
Temperature Control Device,Premium Devices,3000,1,4999.0,2023-10-11,135
Battery 18650,Accessories,80,18,249.0,2023-10-12,1
E-Liquid 60ml Premium,E-Liquids,200,9,499.0,2023-10-12,30
Tropical Mix 500 Puff,Disposable Vapes,150,17,399.0,2023-10-12,1
Classic 500 Puff,Disposable Vapes,150,15,399.0,2023-10-12,1
Advanced Pod Kit,Pod Systems,1200,3,1999.0,2023-10-13,313
Max 3000 Puff,Disposable Vapes,350,7,999.0,2023-10-13,66
Coil Pack (10 pcs),Accessories,200,9,499.0,2023-10-13,1
Premium 2000 Puff,Disposable Vapes,280,9,799.0,2023-10-13,1
Compact Pod Kit,Pod Systems,600,7,1199.0,2023-10-13,160
Lite 200 Puff,Disposable Vapes,100,10,249.0,2023-10-14,1
Max 3000 Puff,Disposable Vapes,350,3,999.0,2023-10-14,63
Premium 2000 Puff,Disposable Vapes,280,6,799.0,2023-10-14,1
Classic 500 Puff,Disposable Vapes,150,8,399.0,2023-10-15,1
Zero Nicotine 30ml,E-Liquids,100,6,249.0,2023-10-15,1
Premium 2000 Puff,Disposable Vapes,280,4,799.0,2023-10-15,1
Battery Charger,Accessories,250,2,599.0,2023-10-15,244
Max 3000 Puff,Disposable Vapes,350,8,999.0,2023-10-17,55
Temperature Control Device,Premium Devices,3000,1,4999.0,2023-10-17,134
Lite 200 Puff,Disposable Vapes,100,23,249.0,2023-10-17,1
Zero Nicotine 30ml,E-Liquids,100,13,249.0,2023-10-17,1
Replacement Pods (4-Pack),Pod Systems,200,8,599.0,2023-10-17,1
Compact Pod Kit,Pod Systems,600,7,1199.0,2023-10-18,153
Pod System Kit,Pod Systems,800,4,1499.0,2023-10-18,35
Coil Pack (10 pcs),Accessories,200,8,499.0,2023-10-18,1
Temperature Control Device,Premium Devices,3000,1,4999.0,2023-10-20,133
E-Liquid 60ml Premium,E-Liquids,200,7,499.0,2023-10-20,23
Lite 200 Puff,Disposable Vapes,100,21,249.0,2023-10-20,1
Battery 18650,Accessories,80,12,249.0,2023-10-20,1
Tropical Mix 500 Puff,Disposable Vapes,150,12,399.0,2023-10-20,1
E-Liquid 60ml Premium,E-Liquids,200,6,499.0,2023-10-23,17
Advanced Mod,Premium Devices,1800,3,2999.0,2023-10-23,284
High Strength 50mg 30ml,E-Liquids,150,6,399.0,2023-10-23,193
Replacement Pods (4-Pack),Pod Systems,200,7,599.0,2023-10-23,1
E-Liquid 100ml Bulk,E-Liquids,300,7,699.0,2023-10-23,46
Compact Pod Kit,Pod Systems,600,6,1199.0,2023-10-25,147
E-Liquid 30ml,E-Liquids,120,14,299.0,2023-10-25,1
E-Liquid 100ml Bulk,E-Liquids,300,7,699.0,2023-10-26,39
High Strength 50mg 30ml,E-Liquids,150,5,399.0,2023-10-26,188
Pod System Kit,Pod Systems,800,4,1499.0,2023-10-26,31
Coil Pack (10 pcs),Accessories,200,4,499.0,2023-10-28,1
Temperature Control Device,Premium Devices,3000,1,4999.0,2023-10-28,132
Lite 200 Puff,Disposable Vapes,100,13,249.0,2023-10-28,1
Advanced Mod,Premium Devices,1800,3,2999.0,2023-10-28,281
Advanced Pod Kit,Pod Systems,1200,1,1999.0,2023-10-29,312
Coil Pack (10 pcs),Accessories,200,4,499.0,2023-10-29,1
Temperature Control Device,Premium Devices,3000,1,4999.0,2023-10-29,131
E-Liquid 30ml,E-Liquids,120,8,299.0,2023-10-29,1
Tank Glass Replacement,Accessories,150,3,399.0,2023-10-29,1
Advanced Pod Kit,Pod Systems,1200,4,1999.0,2023-10-30,308
Tank Glass Replacement,Accessories,150,7,399.0,2023-10-30,1
Premium 2000 Puff,Disposable Vapes,280,7,799.0,2023-10-30,1
Zero Nicotine 30ml,E-Liquids,100,8,249.0,2023-10-30,1
Battery 18650,Accessories,80,11,249.0,2023-10-30,1
Battery Charger,Accessories,250,4,599.0,2023-11-01,240
Professional Starter Kit,Premium Devices,1500,3,2499.0,2023-11-01,342
Compact Pod Kit,Pod Systems,600,9,1199.0,2023-11-01,138
Zero Nicotine 30ml,E-Liquids,100,15,249.0,2023-11-01,1
High Strength 50mg 30ml,E-Liquids,150,5,399.0,2023-11-01,183
Tropical Mix 500 Puff,Disposable Vapes,150,10,399.0,2023-11-03,1
Battery 18650,Accessories,80,14,249.0,2023-11-03,1
Pod System Kit,Pod Systems,800,6,1499.0,2023-11-03,25
Lite 200 Puff,Disposable Vapes,100,17,249.0,2023-11-03,1
Replacement Pods (4-Pack),Pod Systems,200,10,599.0,2023-11-03,1
Tropical Mix 500 Puff,Disposable Vapes,150,15,399.0,2023-11-09,1
Battery Charger,Accessories,250,5,599.0,2023-11-09,235
Battery 18650,Accessories,80,12,249.0,2023-11-09,1
Zero Nicotine 30ml,E-Liquids,100,13,249.0,2023-11-09,1
Zero Nicotine 30ml,E-Liquids,100,13,249.0,2023-11-10,1
E-Liquid 30ml,E-Liquids,120,18,299.0,2023-11-10,1
Premium 2000 Puff,Disposable Vapes,280,6,799.0,2023-11-10,1
Battery Charger,Accessories,250,2,599.0,2023-11-11,233
Coil Pack (10 pcs),Accessories,200,5,499.0,2023-11-11,1
Classic 500 Puff,Disposable Vapes,150,7,399.0,2023-11-11,1
Tropical Mix 500 Puff,Disposable Vapes,150,7,399.0,2023-11-12,1
Pod System Kit,Pod Systems,800,3,1499.0,2023-11-12,22
High Strength 50mg 30ml,E-Liquids,150,3,399.0,2023-11-12,180
Tank Glass Replacement,Accessories,150,6,399.0,2023-11-12,1
Battery Charger,Accessories,250,6,599.0,2023-11-14,227
High Strength 50mg 30ml,E-Liquids,150,8,399.0,2023-11-14,172
Battery 18650,Accessories,80,21,249.0,2023-11-14,1
Advanced Mod,Premium Devices,1800,4,2999.0,2023-11-15,277
Battery Charger,Accessories,250,5,599.0,2023-11-15,222
Max 3000 Puff,Disposable Vapes,350,7,999.0,2023-11-15,48
High Strength 50mg 30ml,E-Liquids,150,8,399.0,2023-11-16,164
Battery 18650,Accessories,80,16,249.0,2023-11-16,1
Zero Nicotine 30ml,E-Liquids,100,11,249.0,2023-11-16,1
Coil Pack (10 pcs),Accessories,200,5,499.0,2023-11-18,1
Lite 200 Puff,Disposable Vapes,100,9,249.0,2023-11-18,1
Advanced Pod Kit,Pod Systems,1200,2,1999.0,2023-11-18,306
Replacement Pods (4-Pack),Pod Systems,200,5,599.0,2023-11-18,1
Temperature Control Device,Premium Devices,3000,1,4999.0,2023-11-19,130
Replacement Pods (4-Pack),Pod Systems,200,7,599.0,2023-11-19,1
Temperature Control Device,Premium Devices,3000,1,4999.0,2023-11-21,129
Advanced Pod Kit,Pod Systems,1200,4,1999.0,2023-11-21,302
Professional Starter Kit,Premium Devices,1500,2,2499.0,2023-11-21,340
Advanced Mod,Premium Devices,1800,4,2999.0,2023-11-21,273
E-Liquid 30ml,E-Liquids,120,14,299.0,2023-11-22,1
Max 3000 Puff,Disposable Vapes,350,8,999.0,2023-11-22,40
Advanced Mod,Premium Devices,1800,5,2999.0,2023-11-22,268
Premium 2000 Puff,Disposable Vapes,280,8,799.0,2023-11-22,1
Advanced Pod Kit,Pod Systems,1200,4,1999.0,2023-11-22,298
Coil Pack (10 pcs),Accessories,200,6,499.0,2023-11-24,1
E-Liquid 100ml Bulk,E-Liquids,300,5,699.0,2023-11-24,34
Tropical Mix 500 Puff,Disposable Vapes,150,16,399.0,2023-11-24,1
E-Liquid 30ml,E-Liquids,120,12,299.0,2023-11-24,1
Tropical Mix 500 Puff,Disposable Vapes,150,8,399.0,2023-11-25,1
Compact Pod Kit,Pod Systems,600,3,1199.0,2023-11-25,135
Professional Starter Kit,Premium Devices,1500,2,2499.0,2023-11-25,338
Premium 2000 Puff,Disposable Vapes,280,7,799.0,2023-11-25,1
Zero Nicotine 30ml,E-Liquids,100,7,249.0,2023-11-26,1
E-Liquid 30ml,E-Liquids,120,10,299.0,2023-11-26,1
Temperature Control Device,Premium Devices,3000,1,4999.0,2023-11-27,128
Pod System Kit,Pod Systems,800,6,1499.0,2023-11-27,16
Replacement Pods (4-Pack),Pod Systems,200,11,599.0,2023-11-27,1
E-Liquid 30ml,E-Liquids,120,22,299.0,2023-11-27,1
Classic 500 Puff,Disposable Vapes,150,15,399.0,2023-11-28,1
Tank Glass Replacement,Accessories,150,11,399.0,2023-11-28,1
E-Liquid 100ml Bulk,E-Liquids,300,9,699.0,2023-11-28,25
Zero Nicotine 30ml,E-Liquids,100,11,249.0,2023-11-28,1
Tropical Mix 500 Puff,Disposable Vapes,150,13,399.0,2023-12-01,1
E-Liquid 60ml Premium,E-Liquids,200,10,499.0,2023-12-01,7
Zero Nicotine 30ml,E-Liquids,100,7,249.0,2023-12-02,1
Temperature Control Device,Premium Devices,3000,1,4999.0,2023-12-02,127
Max 3000 Puff,Disposable Vapes,350,5,999.0,2023-12-02,35
Compact Pod Kit,Pod Systems,600,4,1199.0,2023-12-02,131
Temperature Control Device,Premium Devices,3000,1,4999.0,2023-12-03,126
Coil Pack (10 pcs),Accessories,200,3,499.0,2023-12-03,1
Premium 2000 Puff,Disposable Vapes,280,6,799.0,2023-12-03,1
E-Liquid 60ml Premium,E-Liquids,200,7,499.0,2023-12-03,1
Max 3000 Puff,Disposable Vapes,350,7,999.0,2023-12-07,28
Tank Glass Replacement,Accessories,150,16,399.0,2023-12-07,1
Compact Pod Kit,Pod Systems,600,6,1199.0,2023-12-07,125
Premium 2000 Puff,Disposable Vapes,280,8,799.0,2023-12-07,1
Lite 200 Puff,Disposable Vapes,100,26,249.0,2023-12-07,1
E-Liquid 60ml Premium,E-Liquids,200,8,499.0,2023-12-09,1
Battery Charger,Accessories,250,3,599.0,2023-12-09,219
Zero Nicotine 30ml,E-Liquids,100,7,249.0,2023-12-10,1
Advanced Pod Kit,Pod Systems,1200,2,1999.0,2023-12-10,296
Pod System Kit,Pod Systems,800,7,1499.0,2023-12-14,9
E-Liquid 30ml,E-Liquids,120,16,299.0,2023-12-14,1
Lite 200 Puff,Disposable Vapes,100,31,249.0,2023-12-14,1
Zero Nicotine 30ml,E-Liquids,100,11,249.0,2023-12-14,1
Advanced Mod,Premium Devices,1800,5,2999.0,2023-12-15,263
Premium 2000 Puff,Disposable Vapes,280,10,799.0,2023-12-15,1
Battery 18650,Accessories,80,19,249.0,2023-12-15,1
Professional Starter Kit,Premium Devices,1500,2,2499.0,2023-12-15,336
Tank Glass Replacement,Accessories,150,8,399.0,2023-12-15,1
Battery Charger,Accessories,250,3,599.0,2023-12-16,216
Lite 200 Puff,Disposable Vapes,100,17,249.0,2023-12-16,1
E-Liquid 60ml Premium,E-Liquids,200,8,499.0,2023-12-16,1
Tropical Mix 500 Puff,Disposable Vapes,150,7,399.0,2023-12-17,1
Compact Pod Kit,Pod Systems,600,3,1199.0,2023-12-17,122
Battery 18650,Accessories,80,6,249.0,2023-12-17,1
Classic 500 Puff,Disposable Vapes,150,14,399.0,2023-12-18,1
Advanced Pod Kit,Pod Systems,1200,4,1999.0,2023-12-18,292
Temperature Control Device,Premium Devices,3000,2,4999.0,2023-12-18,124
High Strength 50mg 30ml,E-Liquids,150,7,399.0,2023-12-18,157
E-Liquid 60ml Premium,E-Liquids,200,11,499.0,2023-12-18,1
Premium 2000 Puff,Disposable Vapes,280,11,799.0,2023-12-22,1
Temperature Control Device,Premium Devices,3000,2,4999.0,2023-12-22,122
High Strength 50mg 30ml,E-Liquids,150,3,399.0,2023-12-23,154
Replacement Pods (4-Pack),Pod Systems,200,7,599.0,2023-12-23,1
E-Liquid 30ml,E-Liquids,120,13,299.0,2023-12-23,1
Battery Charger,Accessories,250,3,599.0,2023-12-23,213
Tank Glass Replacement,Accessories,150,9,399.0,2023-12-23,1
E-Liquid 60ml Premium,E-Liquids,200,10,499.0,2023-12-27,1
E-Liquid 30ml,E-Liquids,120,22,299.0,2023-12-27,1
Tank Glass Replacement,Accessories,150,16,399.0,2023-12-27,1
Coil Pack (10 pcs),Accessories,200,10,499.0,2023-12-28,1
Premium 2000 Puff,Disposable Vapes,280,10,799.0,2023-12-28,1
Tropical Mix 500 Puff,Disposable Vapes,150,14,399.0,2023-12-28,1
Classic 500 Puff,Disposable Vapes,150,8,399.0,2023-12-30,1
Advanced Mod,Premium Devices,1800,3,2999.0,2023-12-30,260
Professional Starter Kit,Premium Devices,1500,1,2499.0,2023-12-31,335
Premium 2000 Puff,Disposable Vapes,280,4,799.0,2023-12-31,1
Zero Nicotine 30ml,E-Liquids,100,4,249.0,2023-12-31,1
Advanced Pod Kit,Pod Systems,1200,3,1999.0,2024-01-01,289
Advanced Mod,Premium Devices,1800,4,2999.0,2024-01-01,256
Coil Pack (10 pcs),Accessories,200,5,499.0,2024-01-02,1
Premium 2000 Puff,Disposable Vapes,280,6,799.0,2024-01-02,1
Battery 18650,Accessories,80,14,249.0,2024-01-02,1
Battery Charger,Accessories,250,4,599.0,2024-01-02,209
Pod System Kit,Pod Systems,800,3,1499.0,2024-01-02,6
Advanced Mod,Premium Devices,1800,3,2999.0,2024-01-03,253
Advanced Pod Kit,Pod Systems,1200,2,1999.0,2024-01-03,287
Tank Glass Replacement,Accessories,150,8,399.0,2024-01-03,1
Zero Nicotine 30ml,E-Liquids,100,7,249.0,2024-01-03,1
Max 3000 Puff,Disposable Vapes,350,7,999.0,2024-01-03,21
Professional Starter Kit,Premium Devices,1500,1,2499.0,2024-01-04,334
Zero Nicotine 30ml,E-Liquids,100,5,249.0,2024-01-04,1
E-Liquid 60ml Premium,E-Liquids,200,9,499.0,2024-01-04,1
E-Liquid 30ml,E-Liquids,120,11,299.0,2024-01-04,1
Temperature Control Device,Premium Devices,3000,1,4999.0,2024-01-05,121
Advanced Pod Kit,Pod Systems,1200,2,1999.0,2024-01-05,285
Classic 500 Puff,Disposable Vapes,150,11,399.0,2024-01-05,1
Replacement Pods (4-Pack),Pod Systems,200,6,599.0,2024-01-05,1
Premium 2000 Puff,Disposable Vapes,280,6,799.0,2024-01-05,1
Advanced Mod,Premium Devices,1800,3,2999.0,2024-01-06,250
Tank Glass Replacement,Accessories,150,5,399.0,2024-01-06,1
Replacement Pods (4-Pack),Pod Systems,200,4,599.0,2024-01-06,1
Replacement Pods (4-Pack),Pod Systems,200,9,599.0,2024-01-08,1
Professional Starter Kit,Premium Devices,1500,1,2499.0,2024-01-08,333
Coil Pack (10 pcs),Accessories,200,7,499.0,2024-01-10,1
Premium 2000 Puff,Disposable Vapes,280,8,799.0,2024-01-10,1
High Strength 50mg 30ml,E-Liquids,150,5,399.0,2024-01-10,149
Lite 200 Puff,Disposable Vapes,100,9,249.0,2024-01-13,1
Battery 18650,Accessories,80,6,249.0,2024-01-13,1
Premium 2000 Puff,Disposable Vapes,280,4,799.0,2024-01-13,1
Coil Pack (10 pcs),Accessories,200,4,499.0,2024-01-13,1
Zero Nicotine 30ml,E-Liquids,100,5,249.0,2024-01-13,1
Lite 200 Puff,Disposable Vapes,100,9,249.0,2024-01-14,1
Battery Charger,Accessories,250,1,599.0,2024-01-14,208
Zero Nicotine 30ml,E-Liquids,100,7,249.0,2024-01-17,1
E-Liquid 30ml,E-Liquids,120,16,299.0,2024-01-17,1
Premium 2000 Puff,Disposable Vapes,280,8,799.0,2024-01-17,1
Premium 2000 Puff,Disposable Vapes,280,6,799.0,2024-01-18,1
Max 3000 Puff,Disposable Vapes,350,5,999.0,2024-01-18,16
High Strength 50mg 30ml,E-Liquids,150,4,399.0,2024-01-18,145
Zero Nicotine 30ml,E-Liquids,100,8,249.0,2024-01-23,1
Advanced Pod Kit,Pod Systems,1200,3,1999.0,2024-01-23,282
Coil Pack (10 pcs),Accessories,200,4,499.0,2024-01-23,1
Replacement Pods (4-Pack),Pod Systems,200,9,599.0,2024-01-23,1
Tank Glass Replacement,Accessories,150,10,399.0,2024-01-24,1
Battery Charger,Accessories,250,3,599.0,2024-01-24,205
Compact Pod Kit,Pod Systems,600,3,1199.0,2024-01-25,119
Pod System Kit,Pod Systems,800,4,1499.0,2024-01-25,2
E-Liquid 30ml,E-Liquids,120,9,299.0,2024-01-25,1
Zero Nicotine 30ml,E-Liquids,100,9,249.0,2024-01-25,1
Tropical Mix 500 Puff,Disposable Vapes,150,7,399.0,2024-01-26,1
E-Liquid 30ml,E-Liquids,120,14,299.0,2024-01-26,1
Premium 2000 Puff,Disposable Vapes,280,8,799.0,2024-01-26,1
Temperature Control Device,Premium Devices,3000,1,4999.0,2024-01-27,120
Tank Glass Replacement,Accessories,150,5,399.0,2024-01-27,1
Advanced Pod Kit,Pod Systems,1200,1,1999.0,2024-01-28,281
Tank Glass Replacement,Accessories,150,3,399.0,2024-01-28,1
Temperature Control Device,Premium Devices,3000,1,4999.0,2024-01-28,119
Lite 200 Puff,Disposable Vapes,100,10,249.0,2024-01-28,1
Professional Starter Kit,Premium Devices,1500,1,2499.0,2024-01-28,332
Classic 500 Puff,Disposable Vapes,150,11,399.0,2024-02-02,1
Lite 200 Puff,Disposable Vapes,100,16,249.0,2024-02-02,1
E-Liquid 60ml Premium,E-Liquids,200,5,499.0,2024-02-02,1
E-Liquid 30ml,E-Liquids,120,9,299.0,2024-02-02,1
Premium 2000 Puff,Disposable Vapes,280,4,799.0,2024-02-03,1
Tank Glass Replacement,Accessories,150,4,399.0,2024-02-03,1
Replacement Pods (4-Pack),Pod Systems,200,5,599.0,2024-02-03,1
Temperature Control Device,Premium Devices,3000,1,4999.0,2024-02-06,118
E-Liquid 100ml Bulk,E-Liquids,300,4,699.0,2024-02-06,21
Battery 18650,Accessories,80,8,249.0,2024-02-06,1
Replacement Pods (4-Pack),Pod Systems,200,7,599.0,2024-02-06,1
Coil Pack (10 pcs),Accessories,200,6,499.0,2024-02-06,1
Classic 500 Puff,Disposable Vapes,150,10,399.0,2024-02-07,1
Temperature Control Device,Premium Devices,3000,1,4999.0,2024-02-07,117
Battery 18650,Accessories,80,13,249.0,2024-02-07,1
E-Liquid 30ml,E-Liquids,120,13,299.0,2024-02-07,1
Lite 200 Puff,Disposable Vapes,100,15,249.0,2024-02-08,1
Tank Glass Replacement,Accessories,150,7,399.0,2024-02-08,1
Advanced Mod,Premium Devices,1800,4,2999.0,2024-02-08,246
Professional Starter Kit,Premium Devices,1500,2,2499.0,2024-02-08,330
Premium 2000 Puff,Disposable Vapes,280,7,799.0,2024-02-08,1
Battery 18650,Accessories,80,10,249.0,2024-02-09,1
Advanced Pod Kit,Pod Systems,1200,2,1999.0,2024-02-09,279
E-Liquid 30ml,E-Liquids,120,6,299.0,2024-02-10,1
Advanced Mod,Premium Devices,1800,2,2999.0,2024-02-10,244
Lite 200 Puff,Disposable Vapes,100,11,249.0,2024-02-12,1
Professional Starter Kit,Premium Devices,1500,2,2499.0,2024-02-12,328
Pod System Kit,Pod Systems,800,4,1499.0,2024-02-12,1
E-Liquid 30ml,E-Liquids,120,9,299.0,2024-02-12,1
Battery Charger,Accessories,250,3,599.0,2024-02-14,202
Advanced Mod,Premium Devices,1800,4,2999.0,2024-02-14,240
Replacement Pods (4-Pack),Pod Systems,200,7,599.0,2024-02-15,1
Compact Pod Kit,Pod Systems,600,4,1199.0,2024-02-15,115
Tropical Mix 500 Puff,Disposable Vapes,150,8,399.0,2024-02-15,1
Battery Charger,Accessories,250,3,599.0,2024-02-15,199
Professional Starter Kit,Premium Devices,1500,1,2499.0,2024-02-15,327
E-Liquid 60ml Premium,E-Liquids,200,4,499.0,2024-02-16,1
Tropical Mix 500 Puff,Disposable Vapes,150,11,399.0,2024-02-16,1
Temperature Control Device,Premium Devices,3000,1,4999.0,2024-02-21,116
Battery 18650,Accessories,80,8,249.0,2024-02-21,1
Max 3000 Puff,Disposable Vapes,350,5,999.0,2024-02-21,11
Pod System Kit,Pod Systems,800,4,1499.0,2024-02-21,1
Compact Pod Kit,Pod Systems,600,3,1199.0,2024-02-23,112
Professional Starter Kit,Premium Devices,1500,2,2499.0,2024-02-23,325
Advanced Pod Kit,Pod Systems,1200,2,1999.0,2024-02-23,277
E-Liquid 30ml,E-Liquids,120,7,299.0,2024-02-23,1
Advanced Mod,Premium Devices,1800,3,2999.0,2024-02-24,237
Classic 500 Puff,Disposable Vapes,150,4,399.0,2024-02-24,1
Temperature Control Device,Premium Devices,3000,1,4999.0,2024-02-24,115
Zero Nicotine 30ml,E-Liquids,100,4,249.0,2024-02-24,1
Pod System Kit,Pod Systems,800,1,1499.0,2024-02-25,1
Coil Pack (10 pcs),Accessories,200,2,499.0,2024-02-25,1
Tropical Mix 500 Puff,Disposable Vapes,150,3,399.0,2024-02-25,1
E-Liquid 30ml,E-Liquids,120,4,299.0,2024-02-25,1
Battery Charger,Accessories,250,3,599.0,2024-02-26,196
Tropical Mix 500 Puff,Disposable Vapes,150,8,399.0,2024-02-26,1
Pod System Kit,Pod Systems,800,3,1499.0,2024-02-26,1
Advanced Pod Kit,Pod Systems,1200,1,1999.0,2024-02-27,276
E-Liquid 100ml Bulk,E-Liquids,300,5,699.0,2024-02-27,16
Compact Pod Kit,Pod Systems,600,5,1199.0,2024-02-27,107
Coil Pack (10 pcs),Accessories,200,6,499.0,2024-02-27,1
Battery Charger,Accessories,250,3,599.0,2024-02-27,193
High Strength 50mg 30ml,E-Liquids,150,4,399.0,2024-02-29,141
Max 3000 Puff,Disposable Vapes,350,3,999.0,2024-02-29,8
E-Liquid 60ml Premium,E-Liquids,200,10,499.0,2024-03-01,1
Professional Starter Kit,Premium Devices,1500,2,2499.0,2024-03-01,323
Tropical Mix 500 Puff,Disposable Vapes,150,8,399.0,2024-03-01,1
Replacement Pods (4-Pack),Pod Systems,200,8,599.0,2024-03-01,1
Advanced Pod Kit,Pod Systems,1200,1,1999.0,2024-03-01,275
Classic 500 Puff,Disposable Vapes,150,6,399.0,2024-03-03,1
E-Liquid 100ml Bulk,E-Liquids,300,2,699.0,2024-03-03,14
Max 3000 Puff,Disposable Vapes,350,3,999.0,2024-03-03,5
E-Liquid 30ml,E-Liquids,120,7,299.0,2024-03-03,1
Classic 500 Puff,Disposable Vapes,150,14,399.0,2024-03-05,1
Compact Pod Kit,Pod Systems,600,4,1199.0,2024-03-05,103
Advanced Pod Kit,Pod Systems,1200,2,1999.0,2024-03-05,273
Coil Pack (10 pcs),Accessories,200,5,499.0,2024-03-05,1
High Strength 50mg 30ml,E-Liquids,150,4,399.0,2024-03-08,137
Tank Glass Replacement,Accessories,150,10,399.0,2024-03-08,1
Compact Pod Kit,Pod Systems,600,5,1199.0,2024-03-08,98
Advanced Pod Kit,Pod Systems,1200,3,1999.0,2024-03-08,270
Coil Pack (10 pcs),Accessories,200,5,499.0,2024-03-08,1
Battery 18650,Accessories,80,5,249.0,2024-03-09,1
Advanced Pod Kit,Pod Systems,1200,1,1999.0,2024-03-09,269
Classic 500 Puff,Disposable Vapes,150,6,399.0,2024-03-09,1
E-Liquid 60ml Premium,E-Liquids,200,8,499.0,2024-03-11,1
High Strength 50mg 30ml,E-Liquids,150,4,399.0,2024-03-11,133
Battery Charger,Accessories,250,4,599.0,2024-03-11,189
Classic 500 Puff,Disposable Vapes,150,14,399.0,2024-03-11,1
Advanced Mod,Premium Devices,1800,4,2999.0,2024-03-12,233
Temperature Control Device,Premium Devices,3000,1,4999.0,2024-03-12,114
E-Liquid 60ml Premium,E-Liquids,200,8,499.0,2024-03-12,1
Professional Starter Kit,Premium Devices,1500,2,2499.0,2024-03-12,321
Temperature Control Device,Premium Devices,3000,1,4999.0,2024-03-14,113
Classic 500 Puff,Disposable Vapes,150,9,399.0,2024-03-14,1
Pod System Kit,Pod Systems,800,3,1499.0,2024-03-14,1
Classic 500 Puff,Disposable Vapes,150,5,399.0,2024-03-17,1
E-Liquid 60ml Premium,E-Liquids,200,4,499.0,2024-03-17,1
Professional Starter Kit,Premium Devices,1500,1,2499.0,2024-03-17,320
High Strength 50mg 30ml,E-Liquids,150,2,399.0,2024-03-17,131
Coil Pack (10 pcs),Accessories,200,3,499.0,2024-03-17,1
E-Liquid 100ml Bulk,E-Liquids,300,4,699.0,2024-03-18,10
Lite 200 Puff,Disposable Vapes,100,16,249.0,2024-03-18,1
E-Liquid 30ml,E-Liquids,120,14,299.0,2024-03-18,1
Coil Pack (10 pcs),Accessories,200,5,499.0,2024-03-18,1
Temperature Control Device,Premium Devices,3000,1,4999.0,2024-03-19,112
Tropical Mix 500 Puff,Disposable Vapes,150,13,399.0,2024-03-19,1
E-Liquid 100ml Bulk,E-Liquids,300,5,699.0,2024-03-20,5
Compact Pod Kit,Pod Systems,600,6,1199.0,2024-03-20,92
E-Liquid 30ml,E-Liquids,120,17,299.0,2024-03-20,1
Battery Charger,Accessories,250,5,599.0,2024-03-20,184
Professional Starter Kit,Premium Devices,1500,2,2499.0,2024-03-20,318
Tank Glass Replacement,Accessories,150,9,399.0,2024-03-21,1
E-Liquid 30ml,E-Liquids,120,12,299.0,2024-03-21,1
Zero Nicotine 30ml,E-Liquids,100,9,249.0,2024-03-21,1
Lite 200 Puff,Disposable Vapes,100,14,249.0,2024-03-21,1
Classic 500 Puff,Disposable Vapes,150,8,399.0,2024-03-21,1
E-Liquid 30ml,E-Liquids,120,14,299.0,2024-03-22,1
Coil Pack (10 pcs),Accessories,200,6,499.0,2024-03-22,1
E-Liquid 30ml,E-Liquids,120,6,299.0,2024-03-23,1
Battery 18650,Accessories,80,5,249.0,2024-03-23,1
Professional Starter Kit,Premium Devices,1500,1,2499.0,2024-03-23,317
Advanced Mod,Premium Devices,1800,5,2999.0,2024-03-26,228
Battery 18650,Accessories,80,15,249.0,2024-03-26,1
Temperature Control Device,Premium Devices,3000,1,4999.0,2024-03-26,111
Classic 500 Puff,Disposable Vapes,150,9,399.0,2024-03-26,1
Compact Pod Kit,Pod Systems,600,5,1199.0,2024-03-28,87
E-Liquid 100ml Bulk,E-Liquids,300,4,699.0,2024-03-28,1
Max 3000 Puff,Disposable Vapes,350,6,999.0,2024-03-29,1
Lite 200 Puff,Disposable Vapes,100,21,249.0,2024-03-29,1
E-Liquid 100ml Bulk,E-Liquids,300,6,699.0,2024-03-29,1
Lite 200 Puff,Disposable Vapes,100,12,249.0,2024-03-30,1
Tank Glass Replacement,Accessories,150,6,399.0,2024-03-30,1
Tropical Mix 500 Puff,Disposable Vapes,150,9,399.0,2024-03-30,1
Classic 500 Puff,Disposable Vapes,150,7,399.0,2024-03-30,1
Zero Nicotine 30ml,E-Liquids,100,6,249.0,2024-03-30,1
Temperature Control Device,Premium Devices,3000,2,4999.0,2024-04-02,109
High Strength 50mg 30ml,E-Liquids,150,4,399.0,2024-04-02,127
E-Liquid 100ml Bulk,E-Liquids,300,4,699.0,2024-04-02,1
Pod System Kit,Pod Systems,800,3,1499.0,2024-04-02,1
Classic 500 Puff,Disposable Vapes,150,14,399.0,2024-04-04,1
Pod System Kit,Pod Systems,800,5,1499.0,2024-04-04,1
E-Liquid 30ml,E-Liquids,120,18,299.0,2024-04-04,1
Coil Pack (10 pcs),Accessories,200,8,499.0,2024-04-04,1
E-Liquid 60ml Premium,E-Liquids,200,9,499.0,2024-04-05,1
High Strength 50mg 30ml,E-Liquids,150,6,399.0,2024-04-05,121
Pod System Kit,Pod Systems,800,2,1499.0,2024-04-07,1
Premium 2000 Puff,Disposable Vapes,280,4,799.0,2024-04-07,1
Tank Glass Replacement,Accessories,150,5,399.0,2024-04-07,1
Temperature Control Device,Premium Devices,3000,1,4999.0,2024-04-07,108
Temperature Control Device,Premium Devices,3000,1,4999.0,2024-04-11,107
E-Liquid 30ml,E-Liquids,120,17,299.0,2024-04-11,1
Lite 200 Puff,Disposable Vapes,100,8,249.0,2024-04-13,1
Coil Pack (10 pcs),Accessories,200,4,499.0,2024-04-13,1
E-Liquid 30ml,E-Liquids,120,9,299.0,2024-04-13,1
Zero Nicotine 30ml,E-Liquids,100,4,249.0,2024-04-14,1
Premium 2000 Puff,Disposable Vapes,280,4,799.0,2024-04-14,1
Max 3000 Puff,Disposable Vapes,350,3,999.0,2024-04-14,1
Replacement Pods (4-Pack),Pod Systems,200,7,599.0,2024-04-17,1
Premium 2000 Puff,Disposable Vapes,280,10,799.0,2024-04-17,1
Battery Charger,Accessories,250,5,599.0,2024-04-17,179
Professional Starter Kit,Premium Devices,1500,1,2499.0,2024-04-21,316
Battery 18650,Accessories,80,5,249.0,2024-04-21,1
Tropical Mix 500 Puff,Disposable Vapes,150,7,399.0,2024-04-21,1
Premium 2000 Puff,Disposable Vapes,280,3,799.0,2024-04-21,1
E-Liquid 60ml Premium,E-Liquids,200,10,499.0,2024-04-22,1
High Strength 50mg 30ml,E-Liquids,150,5,399.0,2024-04-22,116
Classic 500 Puff,Disposable Vapes,150,12,399.0,2024-04-22,1
Max 3000 Puff,Disposable Vapes,350,6,999.0,2024-04-23,1
Advanced Pod Kit,Pod Systems,1200,2,1999.0,2024-04-23,267
Zero Nicotine 30ml,E-Liquids,100,6,249.0,2024-04-25,1
Compact Pod Kit,Pod Systems,600,7,1199.0,2024-04-25,80
Classic 500 Puff,Disposable Vapes,150,15,399.0,2024-04-25,1
Advanced Mod,Premium Devices,1800,3,2999.0,2024-04-27,225
Battery Charger,Accessories,250,2,599.0,2024-04-27,177
Pod System Kit,Pod Systems,800,3,1499.0,2024-04-27,1
Compact Pod Kit,Pod Systems,600,3,1199.0,2024-04-28,77
Battery Charger,Accessories,250,1,599.0,2024-04-28,176
Professional Starter Kit,Premium Devices,1500,1,2499.0,2024-04-28,315
Battery 18650,Accessories,80,5,249.0,2024-04-28,1
Max 3000 Puff,Disposable Vapes,350,8,999.0,2024-04-29,1
Tank Glass Replacement,Accessories,150,11,399.0,2024-04-29,1
High Strength 50mg 30ml,E-Liquids,150,5,399.0,2024-04-29,111
E-Liquid 60ml Premium,E-Liquids,200,9,499.0,2024-04-29,1
Classic 500 Puff,Disposable Vapes,150,14,399.0,2024-04-29,1
Battery 18650,Accessories,80,18,249.0,2024-05-01,1
Replacement Pods (4-Pack),Pod Systems,200,7,599.0,2024-05-01,1
Advanced Mod,Premium Devices,1800,5,2999.0,2024-05-02,220
Advanced Pod Kit,Pod Systems,1200,2,1999.0,2024-05-02,265
Tropical Mix 500 Puff,Disposable Vapes,150,15,399.0,2024-05-02,1
High Strength 50mg 30ml,E-Liquids,150,5,399.0,2024-05-02,106
Tank Glass Replacement,Accessories,150,10,399.0,2024-05-03,1
E-Liquid 100ml Bulk,E-Liquids,300,6,699.0,2024-05-03,1
Zero Nicotine 30ml,E-Liquids,100,5,249.0,2024-05-05,1
E-Liquid 100ml Bulk,E-Liquids,300,3,699.0,2024-05-05,1
Classic 500 Puff,Disposable Vapes,150,5,399.0,2024-05-05,1
Max 3000 Puff,Disposable Vapes,350,4,999.0,2024-05-05,1
Temperature Control Device,Premium Devices,3000,1,4999.0,2024-05-06,106
Zero Nicotine 30ml,E-Liquids,100,8,249.0,2024-05-06,1
Premium 2000 Puff,Disposable Vapes,280,8,799.0,2024-05-06,1
Temperature Control Device,Premium Devices,3000,2,4999.0,2024-05-07,104
Pod System Kit,Pod Systems,800,5,1499.0,2024-05-07,1
Coil Pack (10 pcs),Accessories,200,5,499.0,2024-05-07,1
Max 3000 Puff,Disposable Vapes,350,5,999.0,2024-05-07,1
Advanced Pod Kit,Pod Systems,1200,3,1999.0,2024-05-09,262
Advanced Mod,Premium Devices,1800,4,2999.0,2024-05-09,216
Battery 18650,Accessories,80,15,249.0,2024-05-10,1
Pod System Kit,Pod Systems,800,3,1499.0,2024-05-10,1
Advanced Pod Kit,Pod Systems,1200,2,1999.0,2024-05-10,260
Lite 200 Puff,Disposable Vapes,100,10,249.0,2024-05-12,1
Coil Pack (10 pcs),Accessories,200,4,499.0,2024-05-12,1
Premium 2000 Puff,Disposable Vapes,280,5,799.0,2024-05-12,1
Replacement Pods (4-Pack),Pod Systems,200,5,599.0,2024-05-12,1
Compact Pod Kit,Pod Systems,600,3,1199.0,2024-05-12,74
Lite 200 Puff,Disposable Vapes,100,22,249.0,2024-05-13,1
Pod System Kit,Pod Systems,800,5,1499.0,2024-05-13,1
Tank Glass Replacement,Accessories,150,10,399.0,2024-05-15,1
E-Liquid 60ml Premium,E-Liquids,200,8,499.0,2024-05-15,1
Classic 500 Puff,Disposable Vapes,150,14,399.0,2024-05-15,1
Coil Pack (10 pcs),Accessories,200,5,499.0,2024-05-15,1
Tropical Mix 500 Puff,Disposable Vapes,150,16,399.0,2024-05-17,1
Classic 500 Puff,Disposable Vapes,150,14,399.0,2024-05-17,1
Premium 2000 Puff,Disposable Vapes,280,10,799.0,2024-05-17,1
Tropical Mix 500 Puff,Disposable Vapes,150,8,399.0,2024-05-19,1
Lite 200 Puff,Disposable Vapes,100,7,249.0,2024-05-19,1
Advanced Pod Kit,Pod Systems,1200,1,1999.0,2024-05-19,259
E-Liquid 30ml,E-Liquids,120,18,299.0,2024-05-23,1
Tank Glass Replacement,Accessories,150,9,399.0,2024-05-23,1
Coil Pack (10 pcs),Accessories,200,6,499.0,2024-05-24,1
Compact Pod Kit,Pod Systems,600,7,1199.0,2024-05-24,67
Advanced Mod,Premium Devices,1800,6,2999.0,2024-05-24,210
E-Liquid 60ml Premium,E-Liquids,200,7,499.0,2024-05-25,1
E-Liquid 100ml Bulk,E-Liquids,300,3,699.0,2024-05-25,1
Temperature Control Device,Premium Devices,3000,1,4999.0,2024-05-25,103
Coil Pack (10 pcs),Accessories,200,4,499.0,2024-05-25,1
Battery 18650,Accessories,80,7,249.0,2024-05-25,1
Pod System Kit,Pod Systems,800,2,1499.0,2024-05-26,1
Professional Starter Kit,Premium Devices,1500,1,2499.0,2024-05-26,314
Zero Nicotine 30ml,E-Liquids,100,5,249.0,2024-05-26,1
Advanced Pod Kit,Pod Systems,1200,1,1999.0,2024-05-26,258
Temperature Control Device,Premium Devices,3000,1,4999.0,2024-05-26,102
E-Liquid 100ml Bulk,E-Liquids,300,5,699.0,2024-05-27,1
Battery Charger,Accessories,250,5,599.0,2024-05-27,171
Advanced Mod,Premium Devices,1800,6,2999.0,2024-05-27,204
Coil Pack (10 pcs),Accessories,200,5,499.0,2024-05-27,1
Max 3000 Puff,Disposable Vapes,350,5,999.0,2024-05-28,1
Pod System Kit,Pod Systems,800,4,1499.0,2024-05-28,1
Battery 18650,Accessories,80,16,249.0,2024-05-28,1
E-Liquid 60ml Premium,E-Liquids,200,8,499.0,2024-05-30,1
Advanced Mod,Premium Devices,1800,5,2999.0,2024-05-30,199
Professional Starter Kit,Premium Devices,1500,2,2499.0,2024-05-30,312
High Strength 50mg 30ml,E-Liquids,150,3,399.0,2024-06-01,103
Tank Glass Replacement,Accessories,150,6,399.0,2024-06-01,1
E-Liquid 60ml Premium,E-Liquids,200,5,499.0,2024-06-01,1
Advanced Pod Kit,Pod Systems,1200,2,1999.0,2024-06-01,256
Coil Pack (10 pcs),Accessories,200,5,499.0,2024-06-01,1
Battery 18650,Accessories,80,9,249.0,2024-06-02,1
Advanced Pod Kit,Pod Systems,1200,2,1999.0,2024-06-02,254
E-Liquid 30ml,E-Liquids,120,10,299.0,2024-06-02,1
Lite 200 Puff,Disposable Vapes,100,9,249.0,2024-06-02,1
E-Liquid 30ml,E-Liquids,120,18,299.0,2024-06-03,1
E-Liquid 60ml Premium,E-Liquids,200,7,499.0,2024-06-03,1
Coil Pack (10 pcs),Accessories,200,7,499.0,2024-06-03,1
Coil Pack (10 pcs),Accessories,200,9,499.0,2024-06-04,1
High Strength 50mg 30ml,E-Liquids,150,5,399.0,2024-06-04,98
E-Liquid 60ml Premium,E-Liquids,200,12,499.0,2024-06-04,1
Tank Glass Replacement,Accessories,150,8,399.0,2024-06-05,1
Advanced Mod,Premium Devices,1800,6,2999.0,2024-06-05,193
Professional Starter Kit,Premium Devices,1500,2,2499.0,2024-06-05,310
Compact Pod Kit,Pod Systems,600,7,1199.0,2024-06-05,60
E-Liquid 30ml,E-Liquids,120,17,299.0,2024-06-05,1
Coil Pack (10 pcs),Accessories,200,9,499.0,2024-06-06,1
Zero Nicotine 30ml,E-Liquids,100,10,249.0,2024-06-06,1
Battery 18650,Accessories,80,6,249.0,2024-06-08,1
Classic 500 Puff,Disposable Vapes,150,7,399.0,2024-06-08,1
Professional Starter Kit,Premium Devices,1500,1,2499.0,2024-06-08,309
Temperature Control Device,Premium Devices,3000,1,4999.0,2024-06-08,101
Tank Glass Replacement,Accessories,150,6,399.0,2024-06-09,1
Battery 18650,Accessories,80,6,249.0,2024-06-09,1
Replacement Pods (4-Pack),Pod Systems,200,4,599.0,2024-06-09,1
Temperature Control Device,Premium Devices,3000,1,4999.0,2024-06-09,100
Professional Starter Kit,Premium Devices,1500,3,2499.0,2024-06-10,306
Battery 18650,Accessories,80,11,249.0,2024-06-10,1
Replacement Pods (4-Pack),Pod Systems,200,10,599.0,2024-06-10,1
Advanced Mod,Premium Devices,1800,5,2999.0,2024-06-10,188
Pod System Kit,Pod Systems,800,6,1499.0,2024-06-10,1
Coil Pack (10 pcs),Accessories,200,8,499.0,2024-06-11,1
Advanced Mod,Premium Devices,1800,8,2999.0,2024-06-11,180
Pod System Kit,Pod Systems,800,6,1499.0,2024-06-11,1
Tank Glass Replacement,Accessories,150,13,399.0,2024-06-11,1
Tropical Mix 500 Puff,Disposable Vapes,150,19,399.0,2024-06-12,1
High Strength 50mg 30ml,E-Liquids,150,8,399.0,2024-06-12,90
Temperature Control Device,Premium Devices,3000,1,4999.0,2024-06-13,99
Battery 18650,Accessories,80,15,249.0,2024-06-13,1
E-Liquid 100ml Bulk,E-Liquids,300,5,699.0,2024-06-13,1
Lite 200 Puff,Disposable Vapes,100,26,249.0,2024-06-13,1
Advanced Pod Kit,Pod Systems,1200,3,1999.0,2024-06-13,251
Professional Starter Kit,Premium Devices,1500,2,2499.0,2024-06-14,304
Coil Pack (10 pcs),Accessories,200,7,499.0,2024-06-14,1
Replacement Pods (4-Pack),Pod Systems,200,9,599.0,2024-06-14,1
Advanced Mod,Premium Devices,1800,4,2999.0,2024-06-14,176
Temperature Control Device,Premium Devices,3000,1,4999.0,2024-06-15,98
Premium 2000 Puff,Disposable Vapes,280,6,799.0,2024-06-15,1
Classic 500 Puff,Disposable Vapes,150,9,399.0,2024-06-16,1
Lite 200 Puff,Disposable Vapes,100,9,249.0,2024-06-16,1
Compact Pod Kit,Pod Systems,600,2,1199.0,2024-06-16,58
Pod System Kit,Pod Systems,800,4,1499.0,2024-06-17,1
E-Liquid 100ml Bulk,E-Liquids,300,7,699.0,2024-06-17,1
Classic 500 Puff,Disposable Vapes,150,11,399.0,2024-06-20,1
Replacement Pods (4-Pack),Pod Systems,200,9,599.0,2024-06-20,1
Tropical Mix 500 Puff,Disposable Vapes,150,9,399.0,2024-06-22,1
Battery Charger,Accessories,250,3,599.0,2024-06-22,168
Temperature Control Device,Premium Devices,3000,1,4999.0,2024-06-22,97
Advanced Pod Kit,Pod Systems,1200,2,1999.0,2024-06-22,249
Tank Glass Replacement,Accessories,150,5,399.0,2024-06-22,1
Pod System Kit,Pod Systems,800,6,1499.0,2024-06-24,1
Replacement Pods (4-Pack),Pod Systems,200,12,599.0,2024-06-24,1
E-Liquid 100ml Bulk,E-Liquids,300,5,699.0,2024-06-24,1
Battery Charger,Accessories,250,5,599.0,2024-06-24,163
Tank Glass Replacement,Accessories,150,11,399.0,2024-06-24,1
Battery Charger,Accessories,250,4,599.0,2024-06-25,159
Advanced Pod Kit,Pod Systems,1200,4,1999.0,2024-06-25,245
Tank Glass Replacement,Accessories,150,9,399.0,2024-06-26,1
E-Liquid 100ml Bulk,E-Liquids,300,8,699.0,2024-06-26,1
High Strength 50mg 30ml,E-Liquids,150,5,399.0,2024-06-26,85
Battery 18650,Accessories,80,14,249.0,2024-06-26,1
Compact Pod Kit,Pod Systems,600,6,1199.0,2024-06-27,52
E-Liquid 100ml Bulk,E-Liquids,300,8,699.0,2024-06-27,1
Coil Pack (10 pcs),Accessories,200,5,499.0,2024-06-27,1
Advanced Mod,Premium Devices,1800,7,2999.0,2024-06-27,169
Premium 2000 Puff,Disposable Vapes,280,10,799.0,2024-06-27,1
Advanced Mod,Premium Devices,1800,3,2999.0,2024-06-30,166
Temperature Control Device,Premium Devices,3000,1,4999.0,2024-06-30,96
Battery Charger,Accessories,250,4,599.0,2024-07-01,155
Advanced Mod,Premium Devices,1800,4,2999.0,2024-07-01,162
Lite 200 Puff,Disposable Vapes,100,25,249.0,2024-07-01,1
High Strength 50mg 30ml,E-Liquids,150,4,399.0,2024-07-01,81
High Strength 50mg 30ml,E-Liquids,150,8,399.0,2024-07-03,73
E-Liquid 60ml Premium,E-Liquids,200,7,499.0,2024-07-03,1
Lite 200 Puff,Disposable Vapes,100,20,249.0,2024-07-05,1
Advanced Mod,Premium Devices,1800,4,2999.0,2024-07-05,158
Zero Nicotine 30ml,E-Liquids,100,8,249.0,2024-07-05,1
Compact Pod Kit,Pod Systems,600,2,1199.0,2024-07-06,50
Advanced Mod,Premium Devices,1800,3,2999.0,2024-07-06,155
Temperature Control Device,Premium Devices,3000,1,4999.0,2024-07-06,95
E-Liquid 30ml,E-Liquids,120,11,299.0,2024-07-06,1
Lite 200 Puff,Disposable Vapes,100,13,249.0,2024-07-06,1
Advanced Mod,Premium Devices,1800,2,2999.0,2024-07-07,153
Zero Nicotine 30ml,E-Liquids,100,4,249.0,2024-07-07,1
Tank Glass Replacement,Accessories,150,5,399.0,2024-07-07,1
Temperature Control Device,Premium Devices,3000,1,4999.0,2024-07-07,94
Professional Starter Kit,Premium Devices,1500,1,2499.0,2024-07-07,303
Pod System Kit,Pod Systems,800,4,1499.0,2024-07-08,1
Compact Pod Kit,Pod Systems,600,5,1199.0,2024-07-08,45
E-Liquid 60ml Premium,E-Liquids,200,8,499.0,2024-07-08,1
Tank Glass Replacement,Accessories,150,9,399.0,2024-07-09,1
Battery 18650,Accessories,80,16,249.0,2024-07-09,1
Pod System Kit,Pod Systems,800,5,1499.0,2024-07-09,1
E-Liquid 100ml Bulk,E-Liquids,300,5,699.0,2024-07-09,1
Lite 200 Puff,Disposable Vapes,100,24,249.0,2024-07-09,1
Battery Charger,Accessories,250,5,599.0,2024-07-11,150
Tropical Mix 500 Puff,Disposable Vapes,150,11,399.0,2024-07-11,1
Coil Pack (10 pcs),Accessories,200,5,499.0,2024-07-11,1
Tank Glass Replacement,Accessories,150,8,399.0,2024-07-12,1
Temperature Control Device,Premium Devices,3000,2,4999.0,2024-07-12,92
Lite 200 Puff,Disposable Vapes,100,25,249.0,2024-07-12,1
Classic 500 Puff,Disposable Vapes,150,12,399.0,2024-07-12,1
Zero Nicotine 30ml,E-Liquids,100,11,249.0,2024-07-12,1
Tropical Mix 500 Puff,Disposable Vapes,150,7,399.0,2024-07-13,1
Zero Nicotine 30ml,E-Liquids,100,4,249.0,2024-07-13,1
Temperature Control Device,Premium Devices,3000,1,4999.0,2024-07-13,91
Zero Nicotine 30ml,E-Liquids,100,4,249.0,2024-07-14,1
Lite 200 Puff,Disposable Vapes,100,8,249.0,2024-07-14,1
Premium 2000 Puff,Disposable Vapes,280,8,799.0,2024-07-16,1
Replacement Pods (4-Pack),Pod Systems,200,8,599.0,2024-07-16,1
Battery 18650,Accessories,80,13,249.0,2024-07-16,1
Advanced Pod Kit,Pod Systems,1200,4,1999.0,2024-07-16,241
Zero Nicotine 30ml,E-Liquids,100,11,249.0,2024-07-16,1
E-Liquid 30ml,E-Liquids,120,16,299.0,2024-07-18,1
Advanced Mod,Premium Devices,1800,7,2999.0,2024-07-18,146
Coil Pack (10 pcs),Accessories,200,6,499.0,2024-07-18,1
Compact Pod Kit,Pod Systems,600,7,1199.0,2024-07-18,38
Premium 2000 Puff,Disposable Vapes,280,6,799.0,2024-07-20,1
Temperature Control Device,Premium Devices,3000,1,4999.0,2024-07-20,90
Classic 500 Puff,Disposable Vapes,150,10,399.0,2024-07-20,1
Advanced Mod,Premium Devices,1800,3,2999.0,2024-07-20,143
Lite 200 Puff,Disposable Vapes,100,16,249.0,2024-07-20,1
Professional Starter Kit,Premium Devices,1500,1,2499.0,2024-07-21,302
Tank Glass Replacement,Accessories,150,5,399.0,2024-07-21,1
E-Liquid 60ml Premium,E-Liquids,200,4,499.0,2024-07-21,1
E-Liquid 30ml,E-Liquids,120,15,299.0,2024-07-24,1
Tank Glass Replacement,Accessories,150,11,399.0,2024-07-24,1
Replacement Pods (4-Pack),Pod Systems,200,13,599.0,2024-07-24,1
Battery Charger,Accessories,250,4,599.0,2024-07-24,146
Zero Nicotine 30ml,E-Liquids,100,8,249.0,2024-07-24,1
Pod System Kit,Pod Systems,800,3,1499.0,2024-07-25,1
Tank Glass Replacement,Accessories,150,10,399.0,2024-07-25,1
Zero Nicotine 30ml,E-Liquids,100,7,249.0,2024-07-25,1
Lite 200 Puff,Disposable Vapes,100,22,249.0,2024-07-26,1
Battery Charger,Accessories,250,4,599.0,2024-07-26,142
Professional Starter Kit,Premium Devices,1500,2,2499.0,2024-07-26,300
E-Liquid 100ml Bulk,E-Liquids,300,5,699.0,2024-07-26,1
Battery 18650,Accessories,80,9,249.0,2024-07-26,1
E-Liquid 60ml Premium,E-Liquids,200,4,499.0,2024-07-27,1
Premium 2000 Puff,Disposable Vapes,280,4,799.0,2024-07-27,1
Temperature Control Device,Premium Devices,3000,1,4999.0,2024-07-27,89
Pod System Kit,Pod Systems,800,3,1499.0,2024-07-27,1
E-Liquid 30ml,E-Liquids,120,8,299.0,2024-07-27,1
E-Liquid 60ml Premium,E-Liquids,200,6,499.0,2024-07-29,1
E-Liquid 100ml Bulk,E-Liquids,300,7,699.0,2024-07-29,1
Tank Glass Replacement,Accessories,150,7,399.0,2024-07-30,1
Zero Nicotine 30ml,E-Liquids,100,10,249.0,2024-07-30,1
E-Liquid 100ml Bulk,E-Liquids,300,7,699.0,2024-07-30,1
Replacement Pods (4-Pack),Pod Systems,200,13,599.0,2024-07-31,1
E-Liquid 100ml Bulk,E-Liquids,300,5,699.0,2024-07-31,1
E-Liquid 30ml,E-Liquids,120,20,299.0,2024-07-31,1
Max 3000 Puff,Disposable Vapes,350,7,999.0,2024-08-01,1
Pod System Kit,Pod Systems,800,5,1499.0,2024-08-01,1
Tropical Mix 500 Puff,Disposable Vapes,150,13,399.0,2024-08-01,1
Compact Pod Kit,Pod Systems,600,7,1199.0,2024-08-01,31
Advanced Pod Kit,Pod Systems,1200,1,1999.0,2024-08-04,240
Battery Charger,Accessories,250,2,599.0,2024-08-04,140
Battery 18650,Accessories,80,7,249.0,2024-08-04,1
Temperature Control Device,Premium Devices,3000,1,4999.0,2024-08-04,88
E-Liquid 100ml Bulk,E-Liquids,300,3,699.0,2024-08-04,1
Lite 200 Puff,Disposable Vapes,100,23,249.0,2024-08-06,1
Compact Pod Kit,Pod Systems,600,5,1199.0,2024-08-06,26
Advanced Mod,Premium Devices,1800,5,2999.0,2024-08-06,138
Battery Charger,Accessories,250,4,599.0,2024-08-06,136
Tank Glass Replacement,Accessories,150,10,399.0,2024-08-06,1
E-Liquid 60ml Premium,E-Liquids,200,8,499.0,2024-08-08,1
Advanced Pod Kit,Pod Systems,1200,2,1999.0,2024-08-08,238
E-Liquid 30ml,E-Liquids,120,14,299.0,2024-08-08,1
Zero Nicotine 30ml,E-Liquids,100,6,249.0,2024-08-08,1
Replacement Pods (4-Pack),Pod Systems,200,7,599.0,2024-08-08,1
High Strength 50mg 30ml,E-Liquids,150,2,399.0,2024-08-11,71
Lite 200 Puff,Disposable Vapes,100,8,249.0,2024-08-11,1
Classic 500 Puff,Disposable Vapes,150,5,399.0,2024-08-11,1
Compact Pod Kit,Pod Systems,600,2,1199.0,2024-08-11,24
Tank Glass Replacement,Accessories,150,4,399.0,2024-08-11,1
E-Liquid 60ml Premium,E-Liquids,200,8,499.0,2024-08-12,1
Zero Nicotine 30ml,E-Liquids,100,9,249.0,2024-08-12,1
Compact Pod Kit,Pod Systems,600,5,1199.0,2024-08-12,19
Tank Glass Replacement,Accessories,150,9,399.0,2024-08-14,1
Premium 2000 Puff,Disposable Vapes,280,7,799.0,2024-08-14,1
Classic 500 Puff,Disposable Vapes,150,15,399.0,2024-08-14,1
Lite 200 Puff,Disposable Vapes,100,22,249.0,2024-08-15,1
Classic 500 Puff,Disposable Vapes,150,12,399.0,2024-08-15,1
High Strength 50mg 30ml,E-Liquids,150,5,399.0,2024-08-15,66
Replacement Pods (4-Pack),Pod Systems,200,3,599.0,2024-08-17,1
Compact Pod Kit,Pod Systems,600,3,1199.0,2024-08-17,16
Advanced Pod Kit,Pod Systems,1200,1,1999.0,2024-08-17,237
Battery 18650,Accessories,80,10,249.0,2024-08-19,1
Lite 200 Puff,Disposable Vapes,100,13,249.0,2024-08-19,1
Max 3000 Puff,Disposable Vapes,350,7,999.0,2024-08-19,1
E-Liquid 60ml Premium,E-Liquids,200,5,499.0,2024-08-19,1
Advanced Pod Kit,Pod Systems,1200,3,1999.0,2024-08-20,234
Tank Glass Replacement,Accessories,150,10,399.0,2024-08-20,1
Advanced Mod,Premium Devices,1800,5,2999.0,2024-08-20,133
High Strength 50mg 30ml,E-Liquids,150,7,399.0,2024-08-20,59
Coil Pack (10 pcs),Accessories,200,6,499.0,2024-08-20,1
E-Liquid 100ml Bulk,E-Liquids,300,6,699.0,2024-08-21,1
Coil Pack (10 pcs),Accessories,200,5,499.0,2024-08-21,1
Battery Charger,Accessories,250,2,599.0,2024-08-21,134
Pod System Kit,Pod Systems,800,4,1499.0,2024-08-22,1
Tropical Mix 500 Puff,Disposable Vapes,150,15,399.0,2024-08-22,1
Coil Pack (10 pcs),Accessories,200,5,499.0,2024-08-23,1
Replacement Pods (4-Pack),Pod Systems,200,10,599.0,2024-08-23,1
Classic 500 Puff,Disposable Vapes,150,8,399.0,2024-08-23,1
Max 3000 Puff,Disposable Vapes,350,6,999.0,2024-08-23,1
E-Liquid 100ml Bulk,E-Liquids,300,4,699.0,2024-08-23,1
Professional Starter Kit,Premium Devices,1500,1,2499.0,2024-08-24,299
High Strength 50mg 30ml,E-Liquids,150,3,399.0,2024-08-24,56
Battery Charger,Accessories,250,2,599.0,2024-08-24,132
Classic 500 Puff,Disposable Vapes,150,6,399.0,2024-08-25,1
Replacement Pods (4-Pack),Pod Systems,200,5,599.0,2024-08-25,1
E-Liquid 100ml Bulk,E-Liquids,300,2,699.0,2024-08-25,1
Tropical Mix 500 Puff,Disposable Vapes,150,10,399.0,2024-08-26,1
Tank Glass Replacement,Accessories,150,6,399.0,2024-08-26,1
Coil Pack (10 pcs),Accessories,200,4,499.0,2024-08-26,1
Professional Starter Kit,Premium Devices,1500,2,2499.0,2024-08-27,297
Coil Pack (10 pcs),Accessories,200,6,499.0,2024-08-27,1
Battery 18650,Accessories,80,10,249.0,2024-08-27,1
Advanced Mod,Premium Devices,1800,5,2999.0,2024-08-29,128
Replacement Pods (4-Pack),Pod Systems,200,8,599.0,2024-08-29,1
E-Liquid 60ml Premium,E-Liquids,200,9,499.0,2024-08-29,1
Battery Charger,Accessories,250,2,599.0,2024-08-31,130
Zero Nicotine 30ml,E-Liquids,100,3,249.0,2024-08-31,1
Professional Starter Kit,Premium Devices,1500,1,2499.0,2024-08-31,296
Tank Glass Replacement,Accessories,150,8,399.0,2024-09-02,1
Professional Starter Kit,Premium Devices,1500,2,2499.0,2024-09-02,294
E-Liquid 60ml Premium,E-Liquids,200,8,499.0,2024-09-02,1
Lite 200 Puff,Disposable Vapes,100,27,249.0,2024-09-02,1
Battery Charger,Accessories,250,4,599.0,2024-09-02,126
Advanced Pod Kit,Pod Systems,1200,2,1999.0,2024-09-07,232
Premium 2000 Puff,Disposable Vapes,280,7,799.0,2024-09-07,1
Advanced Mod,Premium Devices,1800,2,2999.0,2024-09-07,126
High Strength 50mg 30ml,E-Liquids,150,4,399.0,2024-09-07,52
Pod System Kit,Pod Systems,800,2,1499.0,2024-09-07,1
Professional Starter Kit,Premium Devices,1500,3,2499.0,2024-09-09,291
Advanced Mod,Premium Devices,1800,7,2999.0,2024-09-09,119
Zero Nicotine 30ml,E-Liquids,100,13,249.0,2024-09-09,1
Compact Pod Kit,Pod Systems,600,7,1199.0,2024-09-09,9
Coil Pack (10 pcs),Accessories,200,8,499.0,2024-09-10,1
Temperature Control Device,Premium Devices,3000,2,4999.0,2024-09-10,86
High Strength 50mg 30ml,E-Liquids,150,7,399.0,2024-09-11,45
Premium 2000 Puff,Disposable Vapes,280,9,799.0,2024-09-11,1
E-Liquid 100ml Bulk,E-Liquids,300,2,699.0,2024-09-14,1
Tropical Mix 500 Puff,Disposable Vapes,150,10,399.0,2024-09-14,1
Pod System Kit,Pod Systems,800,2,1499.0,2024-09-14,1
Advanced Mod,Premium Devices,1800,5,2999.0,2024-09-16,114
Pod System Kit,Pod Systems,800,5,1499.0,2024-09-16,1
High Strength 50mg 30ml,E-Liquids,150,5,399.0,2024-09-16,40
E-Liquid 100ml Bulk,E-Liquids,300,7,699.0,2024-09-16,1
Zero Nicotine 30ml,E-Liquids,100,9,249.0,2024-09-16,1
Replacement Pods (4-Pack),Pod Systems,200,13,599.0,2024-09-18,1
Max 3000 Puff,Disposable Vapes,350,7,999.0,2024-09-18,1
Advanced Mod,Premium Devices,1800,4,2999.0,2024-09-19,110
E-Liquid 100ml Bulk,E-Liquids,300,7,699.0,2024-09-19,1
Classic 500 Puff,Disposable Vapes,150,19,399.0,2024-09-19,1
High Strength 50mg 30ml,E-Liquids,150,7,399.0,2024-09-19,33
High Strength 50mg 30ml,E-Liquids,150,2,399.0,2024-09-22,31
Temperature Control Device,Premium Devices,3000,1,4999.0,2024-09-22,85
Pod System Kit,Pod Systems,800,7,1499.0,2024-09-24,1
Coil Pack (10 pcs),Accessories,200,9,499.0,2024-09-24,1
Advanced Mod,Premium Devices,1800,5,2999.0,2024-09-24,105
Professional Starter Kit,Premium Devices,1500,2,2499.0,2024-09-24,289
Professional Starter Kit,Premium Devices,1500,2,2499.0,2024-09-26,287
E-Liquid 30ml,E-Liquids,120,14,299.0,2024-09-26,1
Tropical Mix 500 Puff,Disposable Vapes,150,15,399.0,2024-09-26,1
Max 3000 Puff,Disposable Vapes,350,7,999.0,2024-09-26,1
Advanced Pod Kit,Pod Systems,1200,3,1999.0,2024-09-27,229
Compact Pod Kit,Pod Systems,600,5,1199.0,2024-09-27,4
Zero Nicotine 30ml,E-Liquids,100,5,249.0,2024-09-28,1
Tank Glass Replacement,Accessories,150,6,399.0,2024-09-28,1
Professional Starter Kit,Premium Devices,1500,2,2499.0,2024-09-28,285
Tropical Mix 500 Puff,Disposable Vapes,150,11,399.0,2024-09-28,1
Coil Pack (10 pcs),Accessories,200,7,499.0,2024-09-30,1
Zero Nicotine 30ml,E-Liquids,100,11,249.0,2024-09-30,1
Battery 18650,Accessories,80,14,249.0,2024-10-01,1
Pod System Kit,Pod Systems,800,6,1499.0,2024-10-01,1
Professional Starter Kit,Premium Devices,1500,3,2499.0,2024-10-01,282
Tropical Mix 500 Puff,Disposable Vapes,150,11,399.0,2024-10-01,1
Battery 18650,Accessories,80,7,249.0,2024-10-05,1
Compact Pod Kit,Pod Systems,600,4,1199.0,2024-10-05,1
Max 3000 Puff,Disposable Vapes,350,3,999.0,2024-10-06,1
Pod System Kit,Pod Systems,800,2,1499.0,2024-10-06,1
Zero Nicotine 30ml,E-Liquids,100,4,249.0,2024-10-06,1
Advanced Mod,Premium Devices,1800,3,2999.0,2024-10-06,102
Lite 200 Puff,Disposable Vapes,100,15,249.0,2024-10-06,1
Pod System Kit,Pod Systems,800,4,1499.0,2024-10-07,1
Temperature Control Device,Premium Devices,3000,2,4999.0,2024-10-07,83
Coil Pack (10 pcs),Accessories,200,6,499.0,2024-10-07,1
Advanced Pod Kit,Pod Systems,1200,3,1999.0,2024-10-07,226
Battery Charger,Accessories,250,4,599.0,2024-10-07,122
Advanced Pod Kit,Pod Systems,1200,2,1999.0,2024-10-08,224
E-Liquid 60ml Premium,E-Liquids,200,13,499.0,2024-10-08,1
E-Liquid 60ml Premium,E-Liquids,200,12,499.0,2024-10-09,1
Replacement Pods (4-Pack),Pod Systems,200,12,599.0,2024-10-09,1
Advanced Mod,Premium Devices,1800,7,2999.0,2024-10-09,95
E-Liquid 100ml Bulk,E-Liquids,300,4,699.0,2024-10-10,1
Temperature Control Device,Premium Devices,3000,2,4999.0,2024-10-10,81
Advanced Pod Kit,Pod Systems,1200,4,1999.0,2024-10-10,220
Battery 18650,Accessories,80,14,249.0,2024-10-10,1
Compact Pod Kit,Pod Systems,600,9,1199.0,2024-10-10,1
Battery 18650,Accessories,80,14,249.0,2024-10-11,1
Battery Charger,Accessories,250,3,599.0,2024-10-11,119
Max 3000 Puff,Disposable Vapes,350,6,999.0,2024-10-11,1
Advanced Pod Kit,Pod Systems,1200,1,1999.0,2024-10-12,219
Premium 2000 Puff,Disposable Vapes,280,5,799.0,2024-10-12,1
Classic 500 Puff,Disposable Vapes,150,9,399.0,2024-10-12,1
Max 3000 Puff,Disposable Vapes,350,5,999.0,2024-10-15,1
E-Liquid 60ml Premium,E-Liquids,200,8,499.0,2024-10-15,1
Coil Pack (10 pcs),Accessories,200,8,499.0,2024-10-15,1
Lite 200 Puff,Disposable Vapes,100,21,249.0,2024-10-16,1
Advanced Pod Kit,Pod Systems,1200,3,1999.0,2024-10-16,216
Advanced Mod,Premium Devices,1800,6,2999.0,2024-10-17,89
E-Liquid 30ml,E-Liquids,120,13,299.0,2024-10-17,1
Lite 200 Puff,Disposable Vapes,100,26,249.0,2024-10-18,1
Advanced Mod,Premium Devices,1800,4,2999.0,2024-10-18,85
Replacement Pods (4-Pack),Pod Systems,200,9,599.0,2024-10-18,1
Classic 500 Puff,Disposable Vapes,150,17,399.0,2024-10-18,1
Advanced Pod Kit,Pod Systems,1200,3,1999.0,2024-10-18,213
E-Liquid 60ml Premium,E-Liquids,200,5,499.0,2024-10-19,1
Coil Pack (10 pcs),Accessories,200,5,499.0,2024-10-19,1
Classic 500 Puff,Disposable Vapes,150,9,399.0,2024-10-19,1
Battery 18650,Accessories,80,9,249.0,2024-10-19,1
E-Liquid 30ml,E-Liquids,120,9,299.0,2024-10-19,1
Temperature Control Device,Premium Devices,3000,1,4999.0,2024-10-20,80
Coil Pack (10 pcs),Accessories,200,4,499.0,2024-10-20,1
Premium 2000 Puff,Disposable Vapes,280,12,799.0,2024-10-21,1
Pod System Kit,Pod Systems,800,6,1499.0,2024-10-21,1
Replacement Pods (4-Pack),Pod Systems,200,9,599.0,2024-10-21,1
Professional Starter Kit,Premium Devices,1500,2,2499.0,2024-10-22,280
Battery Charger,Accessories,250,6,599.0,2024-10-22,113
Coil Pack (10 pcs),Accessories,200,7,499.0,2024-10-22,1
E-Liquid 100ml Bulk,E-Liquids,300,6,699.0,2024-10-22,1
Pod System Kit,Pod Systems,800,6,1499.0,2024-10-25,1
Battery 18650,Accessories,80,12,249.0,2024-10-25,1
Tank Glass Replacement,Accessories,150,9,399.0,2024-10-25,1
High Strength 50mg 30ml,E-Liquids,150,3,399.0,2024-10-26,28
Tropical Mix 500 Puff,Disposable Vapes,150,11,399.0,2024-10-26,1
E-Liquid 100ml Bulk,E-Liquids,300,4,699.0,2024-10-26,1
Coil Pack (10 pcs),Accessories,200,5,499.0,2024-10-28,1
Professional Starter Kit,Premium Devices,1500,2,2499.0,2024-10-28,278
Lite 200 Puff,Disposable Vapes,100,21,249.0,2024-10-28,1
Tank Glass Replacement,Accessories,150,7,399.0,2024-10-28,1
Premium 2000 Puff,Disposable Vapes,280,11,799.0,2024-10-30,1
E-Liquid 60ml Premium,E-Liquids,200,8,499.0,2024-10-30,1
Pod System Kit,Pod Systems,800,6,1499.0,2024-10-30,1
Tank Glass Replacement,Accessories,150,11,399.0,2024-10-31,1
E-Liquid 100ml Bulk,E-Liquids,300,6,699.0,2024-10-31,1
Compact Pod Kit,Pod Systems,600,7,1199.0,2024-10-31,1
Professional Starter Kit,Premium Devices,1500,2,2499.0,2024-10-31,276
Classic 500 Puff,Disposable Vapes,150,18,399.0,2024-11-01,1
Battery 18650,Accessories,80,15,249.0,2024-11-01,1
Tank Glass Replacement,Accessories,150,13,399.0,2024-11-01,1
E-Liquid 100ml Bulk,E-Liquids,300,4,699.0,2024-11-02,1
Replacement Pods (4-Pack),Pod Systems,200,8,599.0,2024-11-02,1
Advanced Pod Kit,Pod Systems,1200,1,1999.0,2024-11-03,212
E-Liquid 100ml Bulk,E-Liquids,300,2,699.0,2024-11-03,1
Battery Charger,Accessories,250,2,599.0,2024-11-03,111
Lite 200 Puff,Disposable Vapes,100,16,249.0,2024-11-03,1
Advanced Mod,Premium Devices,1800,6,2999.0,2024-11-04,79
Max 3000 Puff,Disposable Vapes,350,8,999.0,2024-11-04,1
Max 3000 Puff,Disposable Vapes,350,8,999.0,2024-11-05,1
E-Liquid 30ml,E-Liquids,120,24,299.0,2024-11-05,1
Professional Starter Kit,Premium Devices,1500,3,2499.0,2024-11-05,273
Replacement Pods (4-Pack),Pod Systems,200,11,599.0,2024-11-05,1
Tank Glass Replacement,Accessories,150,9,399.0,2024-11-05,1
Battery 18650,Accessories,80,20,249.0,2024-11-06,1
Advanced Pod Kit,Pod Systems,1200,5,1999.0,2024-11-06,207
Professional Starter Kit,Premium Devices,1500,3,2499.0,2024-11-06,270
Zero Nicotine 30ml,E-Liquids,100,7,249.0,2024-11-09,1
E-Liquid 30ml,E-Liquids,120,11,299.0,2024-11-09,1
E-Liquid 60ml Premium,E-Liquids,200,5,499.0,2024-11-09,1
High Strength 50mg 30ml,E-Liquids,150,3,399.0,2024-11-10,25
Max 3000 Puff,Disposable Vapes,350,3,999.0,2024-11-10,1
Lite 200 Puff,Disposable Vapes,100,12,249.0,2024-11-10,1
Battery 18650,Accessories,80,10,249.0,2024-11-10,1
Premium 2000 Puff,Disposable Vapes,280,4,799.0,2024-11-10,1
High Strength 50mg 30ml,E-Liquids,150,8,399.0,2024-11-13,17
Classic 500 Puff,Disposable Vapes,150,14,399.0,2024-11-13,1
E-Liquid 30ml,E-Liquids,120,21,299.0,2024-11-13,1
Coil Pack (10 pcs),Accessories,200,6,499.0,2024-11-13,1
Tropical Mix 500 Puff,Disposable Vapes,150,13,399.0,2024-11-14,1
Battery 18650,Accessories,80,18,249.0,2024-11-14,1
Advanced Pod Kit,Pod Systems,1200,5,1999.0,2024-11-14,202
Pod System Kit,Pod Systems,800,6,1499.0,2024-11-14,1
Max 3000 Puff,Disposable Vapes,350,10,999.0,2024-11-15,1
Tropical Mix 500 Puff,Disposable Vapes,150,19,399.0,2024-11-15,1
Premium 2000 Puff,Disposable Vapes,280,11,799.0,2024-11-15,1
Advanced Mod,Premium Devices,1800,5,2999.0,2024-11-15,74
Compact Pod Kit,Pod Systems,600,9,1199.0,2024-11-15,1
Tank Glass Replacement,Accessories,150,6,399.0,2024-11-16,1
Temperature Control Device,Premium Devices,3000,1,4999.0,2024-11-16,79
Replacement Pods (4-Pack),Pod Systems,200,6,599.0,2024-11-16,1
Premium 2000 Puff,Disposable Vapes,280,6,799.0,2024-11-16,1
High Strength 50mg 30ml,E-Liquids,150,3,399.0,2024-11-16,14
Lite 200 Puff,Disposable Vapes,100,23,249.0,2024-11-18,1
E-Liquid 60ml Premium,E-Liquids,200,12,499.0,2024-11-18,1
Tropical Mix 500 Puff,Disposable Vapes,150,12,399.0,2024-11-18,1
Battery Charger,Accessories,250,4,599.0,2024-11-19,107
Compact Pod Kit,Pod Systems,600,6,1199.0,2024-11-19,1
Advanced Pod Kit,Pod Systems,1200,5,1999.0,2024-11-19,197
Pod System Kit,Pod Systems,800,7,1499.0,2024-11-19,1
Pod System Kit,Pod Systems,800,5,1499.0,2024-11-20,1
Compact Pod Kit,Pod Systems,600,8,1199.0,2024-11-20,1
Classic 500 Puff,Disposable Vapes,150,16,399.0,2024-11-20,1
Zero Nicotine 30ml,E-Liquids,100,13,249.0,2024-11-20,1
Replacement Pods (4-Pack),Pod Systems,200,12,599.0,2024-11-22,1
Classic 500 Puff,Disposable Vapes,150,13,399.0,2024-11-22,1
Battery Charger,Accessories,250,3,599.0,2024-11-23,104
Zero Nicotine 30ml,E-Liquids,100,8,249.0,2024-11-23,1
Battery Charger,Accessories,250,5,599.0,2024-11-25,99
Battery 18650,Accessories,80,14,249.0,2024-11-25,1
Replacement Pods (4-Pack),Pod Systems,200,15,599.0,2024-11-25,1
Battery 18650,Accessories,80,14,249.0,2024-11-27,1
Battery Charger,Accessories,250,4,599.0,2024-11-27,95
Classic 500 Puff,Disposable Vapes,150,18,399.0,2024-12-02,1
Tropical Mix 500 Puff,Disposable Vapes,150,23,399.0,2024-12-02,1
E-Liquid 30ml,E-Liquids,120,19,299.0,2024-12-02,1
Max 3000 Puff,Disposable Vapes,350,6,999.0,2024-12-02,1
E-Liquid 100ml Bulk,E-Liquids,300,9,699.0,2024-12-02,1
Professional Starter Kit,Premium Devices,1500,3,2499.0,2024-12-03,267
High Strength 50mg 30ml,E-Liquids,150,8,399.0,2024-12-03,6
Temperature Control Device,Premium Devices,3000,2,4999.0,2024-12-03,77
E-Liquid 30ml,E-Liquids,120,27,299.0,2024-12-03,1
Coil Pack (10 pcs),Accessories,200,10,499.0,2024-12-04,1
Pod System Kit,Pod Systems,800,7,1499.0,2024-12-04,1
E-Liquid 60ml Premium,E-Liquids,200,15,499.0,2024-12-04,1
Replacement Pods (4-Pack),Pod Systems,200,15,599.0,2024-12-04,1
Replacement Pods (4-Pack),Pod Systems,200,13,599.0,2024-12-06,1
Battery Charger,Accessories,250,4,599.0,2024-12-06,91
Tank Glass Replacement,Accessories,150,15,399.0,2024-12-06,1
Classic 500 Puff,Disposable Vapes,150,17,399.0,2024-12-06,1
Coil Pack (10 pcs),Accessories,200,6,499.0,2024-12-06,1
Battery 18650,Accessories,80,9,249.0,2024-12-07,1
Max 3000 Puff,Disposable Vapes,350,7,999.0,2024-12-07,1
Lite 200 Puff,Disposable Vapes,100,18,249.0,2024-12-07,1
Professional Starter Kit,Premium Devices,1500,1,2499.0,2024-12-08,266
Temperature Control Device,Premium Devices,3000,1,4999.0,2024-12-08,76
Tank Glass Replacement,Accessories,150,7,399.0,2024-12-08,1
Battery 18650,Accessories,80,11,249.0,2024-12-08,1
Tank Glass Replacement,Accessories,150,13,399.0,2024-12-09,1
Classic 500 Puff,Disposable Vapes,150,23,399.0,2024-12-09,1
Pod System Kit,Pod Systems,800,5,1499.0,2024-12-10,1
Tank Glass Replacement,Accessories,150,9,399.0,2024-12-10,1
Replacement Pods (4-Pack),Pod Systems,200,13,599.0,2024-12-10,1
E-Liquid 100ml Bulk,E-Liquids,300,7,699.0,2024-12-10,1
Advanced Pod Kit,Pod Systems,1200,4,1999.0,2024-12-10,193
Tank Glass Replacement,Accessories,150,5,399.0,2024-12-14,1
Lite 200 Puff,Disposable Vapes,100,16,249.0,2024-12-14,1
Coil Pack (10 pcs),Accessories,200,3,499.0,2024-12-15,1
High Strength 50mg 30ml,E-Liquids,150,3,399.0,2024-12-15,3
Max 3000 Puff,Disposable Vapes,350,3,999.0,2024-12-15,1
Replacement Pods (4-Pack),Pod Systems,200,8,599.0,2024-12-15,1
Compact Pod Kit,Pod Systems,600,10,1199.0,2024-12-16,1
Tank Glass Replacement,Accessories,150,15,399.0,2024-12-16,1
Classic 500 Puff,Disposable Vapes,150,24,399.0,2024-12-19,1
Zero Nicotine 30ml,E-Liquids,100,11,249.0,2024-12-19,1
Battery Charger,Accessories,250,4,599.0,2024-12-19,87
Tank Glass Replacement,Accessories,150,9,399.0,2024-12-20,1
Professional Starter Kit,Premium Devices,1500,3,2499.0,2024-12-20,263
Advanced Pod Kit,Pod Systems,1200,3,1999.0,2024-12-21,190
Advanced Mod,Premium Devices,1800,5,2999.0,2024-12-21,69
Compact Pod Kit,Pod Systems,600,5,1199.0,2024-12-21,1
E-Liquid 60ml Premium,E-Liquids,200,6,499.0,2024-12-22,1
Temperature Control Device,Premium Devices,3000,1,4999.0,2024-12-22,75
Battery 18650,Accessories,80,11,249.0,2024-12-22,1
Max 3000 Puff,Disposable Vapes,350,5,999.0,2024-12-22,1
High Strength 50mg 30ml,E-Liquids,150,5,399.0,2024-12-22,1
Coil Pack (10 pcs),Accessories,200,8,499.0,2024-12-23,1
Advanced Pod Kit,Pod Systems,1200,5,1999.0,2024-12-23,185
Lite 200 Puff,Disposable Vapes,100,35,249.0,2024-12-23,1
Replacement Pods (4-Pack),Pod Systems,200,10,599.0,2024-12-25,1
Battery Charger,Accessories,250,7,599.0,2024-12-25,80
Battery 18650,Accessories,80,21,249.0,2024-12-25,1
E-Liquid 60ml Premium,E-Liquids,200,14,499.0,2024-12-25,1
Zero Nicotine 30ml,E-Liquids,100,14,249.0,2024-12-26,1
Compact Pod Kit,Pod Systems,600,7,1199.0,2024-12-26,1
Classic 500 Puff,Disposable Vapes,150,16,399.0,2024-12-27,1
Premium 2000 Puff,Disposable Vapes,280,13,799.0,2024-12-27,1
Compact Pod Kit,Pod Systems,600,6,1199.0,2024-12-27,1
Compact Pod Kit,Pod Systems,600,5,1199.0,2024-12-28,1
Pod System Kit,Pod Systems,800,3,1499.0,2024-12-28,1
Zero Nicotine 30ml,E-Liquids,100,11,249.0,2024-12-30,1
Advanced Pod Kit,Pod Systems,1200,4,1999.0,2024-12-30,181
Tank Glass Replacement,Accessories,150,16,399.0,2024-12-31,1
Tropical Mix 500 Puff,Disposable Vapes,150,17,399.0,2024-12-31,1
Premium 2000 Puff,Disposable Vapes,280,11,799.0,2024-12-31,1
Battery 18650,Accessories,80,23,249.0,2024-12-31,1
Advanced Pod Kit,Pod Systems,1200,3,1999.0,2025-01-01,178
Advanced Mod,Premium Devices,1800,4,2999.0,2025-01-01,65
Classic 500 Puff,Disposable Vapes,150,9,399.0,2025-01-01,1
E-Liquid 30ml,E-Liquids,120,12,299.0,2025-01-01,1
Battery Charger,Accessories,250,4,599.0,2025-01-03,76
Battery 18650,Accessories,80,8,249.0,2025-01-03,1
Pod System Kit,Pod Systems,800,3,1499.0,2025-01-03,1
High Strength 50mg 30ml,E-Liquids,150,3,399.0,2025-01-04,1
Temperature Control Device,Premium Devices,3000,1,4999.0,2025-01-04,74
Battery 18650,Accessories,80,5,249.0,2025-01-04,1
Lite 200 Puff,Disposable Vapes,100,11,249.0,2025-01-04,1
Compact Pod Kit,Pod Systems,600,6,1199.0,2025-01-06,1
Battery 18650,Accessories,80,12,249.0,2025-01-06,1
Zero Nicotine 30ml,E-Liquids,100,10,249.0,2025-01-07,1
Classic 500 Puff,Disposable Vapes,150,13,399.0,2025-01-07,1
Premium 2000 Puff,Disposable Vapes,280,10,799.0,2025-01-09,1
Advanced Pod Kit,Pod Systems,1200,2,1999.0,2025-01-09,176
E-Liquid 100ml Bulk,E-Liquids,300,6,699.0,2025-01-09,1
Replacement Pods (4-Pack),Pod Systems,200,8,599.0,2025-01-09,1
Tropical Mix 500 Puff,Disposable Vapes,150,15,399.0,2025-01-09,1
Compact Pod Kit,Pod Systems,600,5,1199.0,2025-01-10,1
Zero Nicotine 30ml,E-Liquids,100,7,249.0,2025-01-10,1
Advanced Mod,Premium Devices,1800,3,2999.0,2025-01-11,62
Coil Pack (10 pcs),Accessories,200,4,499.0,2025-01-11,1
Replacement Pods (4-Pack),Pod Systems,200,5,599.0,2025-01-11,1
E-Liquid 100ml Bulk,E-Liquids,300,2,699.0,2025-01-11,1
Coil Pack (10 pcs),Accessories,200,3,499.0,2025-01-12,1
Replacement Pods (4-Pack),Pod Systems,200,5,599.0,2025-01-12,1
High Strength 50mg 30ml,E-Liquids,150,5,399.0,2025-01-13,1
Advanced Mod,Premium Devices,1800,3,2999.0,2025-01-13,59
Compact Pod Kit,Pod Systems,600,5,1199.0,2025-01-13,1
Replacement Pods (4-Pack),Pod Systems,200,6,599.0,2025-01-13,1
Classic 500 Puff,Disposable Vapes,150,9,399.0,2025-01-13,1
E-Liquid 30ml,E-Liquids,120,14,299.0,2025-01-14,1
Premium 2000 Puff,Disposable Vapes,280,6,799.0,2025-01-14,1
Temperature Control Device,Premium Devices,3000,1,4999.0,2025-01-14,73
Pod System Kit,Pod Systems,800,3,1499.0,2025-01-14,1
Zero Nicotine 30ml,E-Liquids,100,7,249.0,2025-01-14,1
Tropical Mix 500 Puff,Disposable Vapes,150,13,399.0,2025-01-15,1
Premium 2000 Puff,Disposable Vapes,280,7,799.0,2025-01-15,1
Max 3000 Puff,Disposable Vapes,350,7,999.0,2025-01-15,1
Advanced Mod,Premium Devices,1800,6,2999.0,2025-01-16,53
Battery Charger,Accessories,250,4,599.0,2025-01-16,72
Tropical Mix 500 Puff,Disposable Vapes,150,10,399.0,2025-01-17,1
Max 3000 Puff,Disposable Vapes,350,4,999.0,2025-01-17,1
High Strength 50mg 30ml,E-Liquids,150,2,399.0,2025-01-18,1
Max 3000 Puff,Disposable Vapes,350,3,999.0,2025-01-18,1
E-Liquid 30ml,E-Liquids,120,8,299.0,2025-01-19,1
Advanced Mod,Premium Devices,1800,2,2999.0,2025-01-19,51
Coil Pack (10 pcs),Accessories,200,3,499.0,2025-01-19,1
Classic 500 Puff,Disposable Vapes,150,4,399.0,2025-01-19,1
Advanced Pod Kit,Pod Systems,1200,2,1999.0,2025-01-20,174
E-Liquid 100ml Bulk,E-Liquids,300,5,699.0,2025-01-20,1
Premium 2000 Puff,Disposable Vapes,280,7,799.0,2025-01-20,1
High Strength 50mg 30ml,E-Liquids,150,3,399.0,2025-01-20,1
Compact Pod Kit,Pod Systems,600,7,1199.0,2025-01-20,1
Premium 2000 Puff,Disposable Vapes,280,7,799.0,2025-01-23,1
Professional Starter Kit,Premium Devices,1500,2,2499.0,2025-01-23,261
Lite 200 Puff,Disposable Vapes,100,21,249.0,2025-01-23,1
Temperature Control Device,Premium Devices,3000,1,4999.0,2025-01-24,72
Advanced Mod,Premium Devices,1800,6,2999.0,2025-01-24,45
Compact Pod Kit,Pod Systems,600,2,1199.0,2025-01-25,1
Battery 18650,Accessories,80,5,249.0,2025-01-25,1
Tank Glass Replacement,Accessories,150,5,399.0,2025-01-25,1
E-Liquid 60ml Premium,E-Liquids,200,5,499.0,2025-01-25,1
Replacement Pods (4-Pack),Pod Systems,200,5,599.0,2025-01-25,1
Compact Pod Kit,Pod Systems,600,2,1199.0,2025-01-26,1
Classic 500 Puff,Disposable Vapes,150,7,399.0,2025-01-26,1
Zero Nicotine 30ml,E-Liquids,100,4,249.0,2025-01-26,1
Professional Starter Kit,Premium Devices,1500,1,2499.0,2025-01-26,260
Coil Pack (10 pcs),Accessories,200,7,499.0,2025-01-28,1
Premium 2000 Puff,Disposable Vapes,280,6,799.0,2025-01-28,1
Classic 500 Puff,Disposable Vapes,150,13,399.0,2025-01-28,1
Lite 200 Puff,Disposable Vapes,100,23,249.0,2025-01-28,1
Classic 500 Puff,Disposable Vapes,150,11,399.0,2025-01-29,1
Tank Glass Replacement,Accessories,150,6,399.0,2025-01-29,1
Replacement Pods (4-Pack),Pod Systems,200,8,599.0,2025-01-29,1
Battery 18650,Accessories,80,9,249.0,2025-01-31,1
Coil Pack (10 pcs),Accessories,200,6,499.0,2025-01-31,1
Classic 500 Puff,Disposable Vapes,150,11,399.0,2025-01-31,1
Tank Glass Replacement,Accessories,150,5,399.0,2025-01-31,1
Lite 200 Puff,Disposable Vapes,100,10,249.0,2025-02-01,1
Advanced Mod,Premium Devices,1800,3,2999.0,2025-02-01,42
Zero Nicotine 30ml,E-Liquids,100,8,249.0,2025-02-04,1
Replacement Pods (4-Pack),Pod Systems,200,9,599.0,2025-02-04,1
High Strength 50mg 30ml,E-Liquids,150,4,399.0,2025-02-04,1
Temperature Control Device,Premium Devices,3000,1,4999.0,2025-02-04,71
Advanced Mod,Premium Devices,1800,3,2999.0,2025-02-05,39
Temperature Control Device,Premium Devices,3000,1,4999.0,2025-02-05,70
Compact Pod Kit,Pod Systems,600,5,1199.0,2025-02-05,1
Replacement Pods (4-Pack),Pod Systems,200,9,599.0,2025-02-06,1
Tank Glass Replacement,Accessories,150,5,399.0,2025-02-06,1
Professional Starter Kit,Premium Devices,1500,1,2499.0,2025-02-07,259
Tropical Mix 500 Puff,Disposable Vapes,150,13,399.0,2025-02-07,1
Premium 2000 Puff,Disposable Vapes,280,7,799.0,2025-02-07,1
E-Liquid 60ml Premium,E-Liquids,200,4,499.0,2025-02-08,1
Pod System Kit,Pod Systems,800,2,1499.0,2025-02-08,1
Classic 500 Puff,Disposable Vapes,150,6,399.0,2025-02-08,1
Temperature Control Device,Premium Devices,3000,1,4999.0,2025-02-09,69
Tropical Mix 500 Puff,Disposable Vapes,150,5,399.0,2025-02-09,1
Professional Starter Kit,Premium Devices,1500,1,2499.0,2025-02-09,258
Replacement Pods (4-Pack),Pod Systems,200,3,599.0,2025-02-09,1
Tank Glass Replacement,Accessories,150,4,399.0,2025-02-09,1
Lite 200 Puff,Disposable Vapes,100,17,249.0,2025-02-10,1
E-Liquid 30ml,E-Liquids,120,12,299.0,2025-02-10,1
Premium 2000 Puff,Disposable Vapes,280,4,799.0,2025-02-10,1
E-Liquid 100ml Bulk,E-Liquids,300,5,699.0,2025-02-11,1
High Strength 50mg 30ml,E-Liquids,150,5,399.0,2025-02-11,1
Battery 18650,Accessories,80,9,249.0,2025-02-11,1
Temperature Control Device,Premium Devices,3000,2,4999.0,2025-02-11,67
High Strength 50mg 30ml,E-Liquids,150,5,399.0,2025-02-13,1
Zero Nicotine 30ml,E-Liquids,100,5,249.0,2025-02-13,1
Replacement Pods (4-Pack),Pod Systems,200,5,599.0,2025-02-13,1
Pod System Kit,Pod Systems,800,2,1499.0,2025-02-15,1
Professional Starter Kit,Premium Devices,1500,1,2499.0,2025-02-15,257
Zero Nicotine 30ml,E-Liquids,100,4,249.0,2025-02-15,1
E-Liquid 100ml Bulk,E-Liquids,300,3,699.0,2025-02-15,1
Premium 2000 Puff,Disposable Vapes,280,3,799.0,2025-02-16,1
E-Liquid 60ml Premium,E-Liquids,200,2,499.0,2025-02-16,1
E-Liquid 30ml,E-Liquids,120,6,299.0,2025-02-16,1
Compact Pod Kit,Pod Systems,600,3,1199.0,2025-02-16,1
Tank Glass Replacement,Accessories,150,2,399.0,2025-02-16,1
Battery 18650,Accessories,80,7,249.0,2025-02-17,1
Classic 500 Puff,Disposable Vapes,150,12,399.0,2025-02-17,1
Replacement Pods (4-Pack),Pod Systems,200,6,599.0,2025-02-17,1
E-Liquid 100ml Bulk,E-Liquids,300,4,699.0,2025-02-17,1
E-Liquid 60ml Premium,E-Liquids,200,5,499.0,2025-02-17,1
Classic 500 Puff,Disposable Vapes,150,8,399.0,2025-02-19,1
Advanced Mod,Premium Devices,1800,5,2999.0,2025-02-19,34
Max 3000 Puff,Disposable Vapes,350,5,999.0,2025-02-19,1
Temperature Control Device,Premium Devices,3000,1,4999.0,2025-02-20,66
Battery 18650,Accessories,80,9,249.0,2025-02-20,1
Lite 200 Puff,Disposable Vapes,100,15,249.0,2025-02-20,1
E-Liquid 30ml,E-Liquids,120,12,299.0,2025-02-20,1
E-Liquid 100ml Bulk,E-Liquids,300,3,699.0,2025-02-20,1
Advanced Mod,Premium Devices,1800,2,2999.0,2025-02-22,32
Max 3000 Puff,Disposable Vapes,350,3,999.0,2025-02-22,1
E-Liquid 60ml Premium,E-Liquids,200,4,499.0,2025-02-22,1
Coil Pack (10 pcs),Accessories,200,2,499.0,2025-02-22,1
Zero Nicotine 30ml,E-Liquids,100,5,249.0,2025-02-22,1
Replacement Pods (4-Pack),Pod Systems,200,3,599.0,2025-02-23,1
Coil Pack (10 pcs),Accessories,200,2,499.0,2025-02-23,1
Compact Pod Kit,Pod Systems,600,5,1199.0,2025-02-24,1
Battery 18650,Accessories,80,12,249.0,2025-02-24,1
Advanced Mod,Premium Devices,1800,5,2999.0,2025-02-24,27
High Strength 50mg 30ml,E-Liquids,150,4,399.0,2025-02-24,1
Tank Glass Replacement,Accessories,150,8,399.0,2025-02-24,1
Tank Glass Replacement,Accessories,150,8,399.0,2025-02-26,1
E-Liquid 100ml Bulk,E-Liquids,300,4,699.0,2025-02-26,1
Tropical Mix 500 Puff,Disposable Vapes,150,11,399.0,2025-02-27,1
Pod System Kit,Pod Systems,800,3,1499.0,2025-02-27,1
Max 3000 Puff,Disposable Vapes,350,4,999.0,2025-02-27,1
Temperature Control Device,Premium Devices,3000,1,4999.0,2025-02-27,65
Premium 2000 Puff,Disposable Vapes,280,5,799.0,2025-03-01,1
E-Liquid 60ml Premium,E-Liquids,200,6,499.0,2025-03-01,1
Temperature Control Device,Premium Devices,3000,1,4999.0,2025-03-01,64
Replacement Pods (4-Pack),Pod Systems,200,6,599.0,2025-03-01,1
Max 3000 Puff,Disposable Vapes,350,3,999.0,2025-03-01,1
Lite 200 Puff,Disposable Vapes,100,11,249.0,2025-03-02,1
Advanced Pod Kit,Pod Systems,1200,1,1999.0,2025-03-02,173
Premium 2000 Puff,Disposable Vapes,280,3,799.0,2025-03-02,1
Battery 18650,Accessories,80,6,249.0,2025-03-02,1
Zero Nicotine 30ml,E-Liquids,100,7,249.0,2025-03-03,1
Tank Glass Replacement,Accessories,150,7,399.0,2025-03-03,1
Battery Charger,Accessories,250,5,599.0,2025-03-04,67
Lite 200 Puff,Disposable Vapes,100,15,249.0,2025-03-04,1
Zero Nicotine 30ml,E-Liquids,100,6,249.0,2025-03-04,1
Premium 2000 Puff,Disposable Vapes,280,8,799.0,2025-03-04,1
Tank Glass Replacement,Accessories,150,8,399.0,2025-03-04,1
Classic 500 Puff,Disposable Vapes,150,11,399.0,2025-03-06,1
Tank Glass Replacement,Accessories,150,6,399.0,2025-03-06,1
E-Liquid 100ml Bulk,E-Liquids,300,5,699.0,2025-03-06,1
High Strength 50mg 30ml,E-Liquids,150,5,399.0,2025-03-06,1
Tropical Mix 500 Puff,Disposable Vapes,150,11,399.0,2025-03-07,1
E-Liquid 100ml Bulk,E-Liquids,300,6,699.0,2025-03-07,1
Replacement Pods (4-Pack),Pod Systems,200,4,599.0,2025-03-08,1
Professional Starter Kit,Premium Devices,1500,1,2499.0,2025-03-08,256
E-Liquid 30ml,E-Liquids,120,8,299.0,2025-03-08,1
E-Liquid 60ml Premium,E-Liquids,200,5,499.0,2025-03-08,1
Pod System Kit,Pod Systems,800,2,1499.0,2025-03-08,1
E-Liquid 100ml Bulk,E-Liquids,300,2,699.0,2025-03-09,1
Replacement Pods (4-Pack),Pod Systems,200,4,599.0,2025-03-09,1
Battery Charger,Accessories,250,1,599.0,2025-03-09,66
Advanced Mod,Premium Devices,1800,7,2999.0,2025-03-10,20
Battery 18650,Accessories,80,10,249.0,2025-03-10,1
Compact Pod Kit,Pod Systems,600,5,1199.0,2025-03-10,1
Coil Pack (10 pcs),Accessories,200,7,499.0,2025-03-10,1
E-Liquid 60ml Premium,E-Liquids,200,10,499.0,2025-03-10,1
E-Liquid 100ml Bulk,E-Liquids,300,5,699.0,2025-03-11,1
Advanced Pod Kit,Pod Systems,1200,3,1999.0,2025-03-11,170
Coil Pack (10 pcs),Accessories,200,7,499.0,2025-03-11,1
Zero Nicotine 30ml,E-Liquids,100,11,249.0,2025-03-11,1
Battery Charger,Accessories,250,3,599.0,2025-03-12,63
Advanced Pod Kit,Pod Systems,1200,4,1999.0,2025-03-12,166
Premium 2000 Puff,Disposable Vapes,280,10,799.0,2025-03-12,1
E-Liquid 60ml Premium,E-Liquids,200,11,499.0,2025-03-12,1
Temperature Control Device,Premium Devices,3000,1,4999.0,2025-03-12,63
High Strength 50mg 30ml,E-Liquids,150,5,399.0,2025-03-13,1
Battery 18650,Accessories,80,9,249.0,2025-03-13,1
Pod System Kit,Pod Systems,800,4,1499.0,2025-03-13,1
Coil Pack (10 pcs),Accessories,200,7,499.0,2025-03-13,1
Professional Starter Kit,Premium Devices,1500,1,2499.0,2025-03-13,255
Classic 500 Puff,Disposable Vapes,150,10,399.0,2025-03-14,1
Battery 18650,Accessories,80,13,249.0,2025-03-14,1
Professional Starter Kit,Premium Devices,1500,2,2499.0,2025-03-14,253
Tank Glass Replacement,Accessories,150,4,399.0,2025-03-15,1
E-Liquid 30ml,E-Liquids,120,8,299.0,2025-03-15,1
Pod System Kit,Pod Systems,800,2,1499.0,2025-03-15,1
Battery Charger,Accessories,250,2,599.0,2025-03-15,61
E-Liquid 100ml Bulk,E-Liquids,300,4,699.0,2025-03-15,1
Lite 200 Puff,Disposable Vapes,100,23,249.0,2025-03-17,1
Compact Pod Kit,Pod Systems,600,6,1199.0,2025-03-17,1
Temperature Control Device,Premium Devices,3000,2,4999.0,2025-03-17,61
Professional Starter Kit,Premium Devices,1500,2,2499.0,2025-03-17,251
High Strength 50mg 30ml,E-Liquids,150,5,399.0,2025-03-19,1
Tropical Mix 500 Puff,Disposable Vapes,150,12,399.0,2025-03-19,1
Classic 500 Puff,Disposable Vapes,150,13,399.0,2025-03-19,1
Pod System Kit,Pod Systems,800,6,1499.0,2025-03-19,1
High Strength 50mg 30ml,E-Liquids,150,6,399.0,2025-03-20,1
Tank Glass Replacement,Accessories,150,7,399.0,2025-03-20,1
Pod System Kit,Pod Systems,800,3,1499.0,2025-03-20,1
Advanced Mod,Premium Devices,1800,5,2999.0,2025-03-24,15
Battery 18650,Accessories,80,11,249.0,2025-03-24,1
Classic 500 Puff,Disposable Vapes,150,10,399.0,2025-03-24,1
E-Liquid 100ml Bulk,E-Liquids,300,6,699.0,2025-03-24,1
Replacement Pods (4-Pack),Pod Systems,200,9,599.0,2025-03-28,1
Battery Charger,Accessories,250,4,599.0,2025-03-28,57
Battery 18650,Accessories,80,8,249.0,2025-03-28,1
Classic 500 Puff,Disposable Vapes,150,15,399.0,2025-03-28,1
Professional Starter Kit,Premium Devices,1500,1,2499.0,2025-03-28,250
Tank Glass Replacement,Accessories,150,7,399.0,2025-03-31,1
Max 3000 Puff,Disposable Vapes,350,4,999.0,2025-03-31,1
Zero Nicotine 30ml,E-Liquids,100,11,249.0,2025-04-02,1
Battery 18650,Accessories,80,13,249.0,2025-04-02,1
Battery Charger,Accessories,250,4,599.0,2025-04-02,53
Tropical Mix 500 Puff,Disposable Vapes,150,12,399.0,2025-04-02,1
E-Liquid 60ml Premium,E-Liquids,200,5,499.0,2025-04-06,1
Professional Starter Kit,Premium Devices,1500,1,2499.0,2025-04-06,249
Advanced Mod,Premium Devices,1800,3,2999.0,2025-04-06,12
Coil Pack (10 pcs),Accessories,200,3,499.0,2025-04-06,1
Advanced Pod Kit,Pod Systems,1200,1,1999.0,2025-04-06,165
Zero Nicotine 30ml,E-Liquids,100,4,249.0,2025-04-12,1
Lite 200 Puff,Disposable Vapes,100,15,249.0,2025-04-12,1
Temperature Control Device,Premium Devices,3000,1,4999.0,2025-04-12,60
High Strength 50mg 30ml,E-Liquids,150,3,399.0,2025-04-12,1
Pod System Kit,Pod Systems,800,3,1499.0,2025-04-12,1
Zero Nicotine 30ml,E-Liquids,100,10,249.0,2025-04-15,1
Lite 200 Puff,Disposable Vapes,100,20,249.0,2025-04-15,1
Classic 500 Puff,Disposable Vapes,150,10,399.0,2025-04-15,1
Coil Pack (10 pcs),Accessories,200,5,499.0,2025-04-16,1
Lite 200 Puff,Disposable Vapes,100,30,249.0,2025-04-16,1
Tropical Mix 500 Puff,Disposable Vapes,150,9,399.0,2025-04-20,1
E-Liquid 60ml Premium,E-Liquids,200,5,499.0,2025-04-20,1
Max 3000 Puff,Disposable Vapes,350,4,999.0,2025-04-20,1
Replacement Pods (4-Pack),Pod Systems,200,5,599.0,2025-04-20,1
E-Liquid 30ml,E-Liquids,120,5,299.0,2025-04-20,1
E-Liquid 30ml,E-Liquids,120,20,299.0,2025-04-21,1
Tropical Mix 500 Puff,Disposable Vapes,150,13,399.0,2025-04-21,1
Classic 500 Puff,Disposable Vapes,150,18,399.0,2025-04-22,1
E-Liquid 100ml Bulk,E-Liquids,300,7,699.0,2025-04-22,1
E-Liquid 60ml Premium,E-Liquids,200,7,499.0,2025-04-24,1
E-Liquid 30ml,E-Liquids,120,17,299.0,2025-04-24,1
Tropical Mix 500 Puff,Disposable Vapes,150,17,399.0,2025-04-24,1
Tropical Mix 500 Puff,Disposable Vapes,150,17,399.0,2025-04-25,1
Battery Charger,Accessories,250,3,599.0,2025-04-25,50
E-Liquid 30ml,E-Liquids,120,12,299.0,2025-04-25,1
Replacement Pods (4-Pack),Pod Systems,200,10,599.0,2025-04-25,1
Tropical Mix 500 Puff,Disposable Vapes,150,10,399.0,2025-04-26,1
Max 3000 Puff,Disposable Vapes,350,4,999.0,2025-04-26,1
E-Liquid 60ml Premium,E-Liquids,200,8,499.0,2025-04-28,1
Zero Nicotine 30ml,E-Liquids,100,8,249.0,2025-04-28,1
E-Liquid 30ml,E-Liquids,120,19,299.0,2025-04-30,1
Classic 500 Puff,Disposable Vapes,150,13,399.0,2025-04-30,1
Tropical Mix 500 Puff,Disposable Vapes,150,13,399.0,2025-05-02,1
Temperature Control Device,Premium Devices,3000,2,4999.0,2025-05-02,58
Premium 2000 Puff,Disposable Vapes,280,10,799.0,2025-05-02,1
Lite 200 Puff,Disposable Vapes,100,25,249.0,2025-05-02,1
Classic 500 Puff,Disposable Vapes,150,9,399.0,2025-05-03,1
Max 3000 Puff,Disposable Vapes,350,3,999.0,2025-05-03,1
Battery Charger,Accessories,250,2,599.0,2025-05-03,48
Compact Pod Kit,Pod Systems,600,5,1199.0,2025-05-03,1
High Strength 50mg 30ml,E-Liquids,150,4,399.0,2025-05-03,1
E-Liquid 30ml,E-Liquids,120,18,299.0,2025-05-05,1
High Strength 50mg 30ml,E-Liquids,150,5,399.0,2025-05-05,1
Battery Charger,Accessories,250,3,599.0,2025-05-08,45
Compact Pod Kit,Pod Systems,600,6,1199.0,2025-05-08,1
Tank Glass Replacement,Accessories,150,8,399.0,2025-05-08,1
Tropical Mix 500 Puff,Disposable Vapes,150,18,399.0,2025-05-09,1
E-Liquid 30ml,E-Liquids,120,11,299.0,2025-05-09,1
E-Liquid 60ml Premium,E-Liquids,200,8,499.0,2025-05-09,1
Max 3000 Puff,Disposable Vapes,350,9,999.0,2025-05-09,1
Lite 200 Puff,Disposable Vapes,100,12,249.0,2025-05-10,1
Advanced Mod,Premium Devices,1800,5,2999.0,2025-05-10,7
Tank Glass Replacement,Accessories,150,4,399.0,2025-05-10,1
Tropical Mix 500 Puff,Disposable Vapes,150,7,399.0,2025-05-10,1
Coil Pack (10 pcs),Accessories,200,3,499.0,2025-05-10,1
Max 3000 Puff,Disposable Vapes,350,9,999.0,2025-05-12,1
Professional Starter Kit,Premium Devices,1500,2,2499.0,2025-05-12,247
E-Liquid 100ml Bulk,E-Liquids,300,5,699.0,2025-05-12,1
E-Liquid 60ml Premium,E-Liquids,200,8,499.0,2025-05-12,1
Premium 2000 Puff,Disposable Vapes,280,9,799.0,2025-05-12,1
E-Liquid 100ml Bulk,E-Liquids,300,7,699.0,2025-05-13,1
Zero Nicotine 30ml,E-Liquids,100,10,249.0,2025-05-13,1
Coil Pack (10 pcs),Accessories,200,5,499.0,2025-05-13,1
Max 3000 Puff,Disposable Vapes,350,6,999.0,2025-05-13,1
Premium 2000 Puff,Disposable Vapes,280,7,799.0,2025-05-14,1
Advanced Mod,Premium Devices,1800,6,2999.0,2025-05-14,1
Zero Nicotine 30ml,E-Liquids,100,9,249.0,2025-05-14,1
Battery 18650,Accessories,80,14,249.0,2025-05-14,1
Temperature Control Device,Premium Devices,3000,2,4999.0,2025-05-14,56
Tropical Mix 500 Puff,Disposable Vapes,150,14,399.0,2025-05-15,1
Tank Glass Replacement,Accessories,150,8,399.0,2025-05-15,1
E-Liquid 60ml Premium,E-Liquids,200,10,499.0,2025-05-15,1
Tropical Mix 500 Puff,Disposable Vapes,150,9,399.0,2025-05-18,1
Compact Pod Kit,Pod Systems,600,4,1199.0,2025-05-18,1
Pod System Kit,Pod Systems,800,2,1499.0,2025-05-18,1
Tank Glass Replacement,Accessories,150,5,399.0,2025-05-18,1
Advanced Pod Kit,Pod Systems,1200,1,1999.0,2025-05-18,164
E-Liquid 30ml,E-Liquids,120,18,299.0,2025-05-19,1
Replacement Pods (4-Pack),Pod Systems,200,13,599.0,2025-05-19,1
Battery Charger,Accessories,250,3,599.0,2025-05-19,42
Advanced Pod Kit,Pod Systems,1200,2,1999.0,2025-05-19,162
High Strength 50mg 30ml,E-Liquids,150,7,399.0,2025-05-20,1
E-Liquid 100ml Bulk,E-Liquids,300,5,699.0,2025-05-20,1
Pod System Kit,Pod Systems,800,7,1499.0,2025-05-20,1
Professional Starter Kit,Premium Devices,1500,3,2499.0,2025-05-20,244
Max 3000 Puff,Disposable Vapes,350,8,999.0,2025-05-20,1
Battery Charger,Accessories,250,4,599.0,2025-05-21,38
Premium 2000 Puff,Disposable Vapes,280,9,799.0,2025-05-21,1
Pod System Kit,Pod Systems,800,7,1499.0,2025-05-21,1
E-Liquid 30ml,E-Liquids,120,15,299.0,2025-05-22,1
High Strength 50mg 30ml,E-Liquids,150,6,399.0,2025-05-22,1
Professional Starter Kit,Premium Devices,1500,2,2499.0,2025-05-23,242
Max 3000 Puff,Disposable Vapes,350,6,999.0,2025-05-23,1
Zero Nicotine 30ml,E-Liquids,100,11,249.0,2025-05-23,1
Tropical Mix 500 Puff,Disposable Vapes,150,8,399.0,2025-05-24,1
Advanced Mod,Premium Devices,1800,3,2999.0,2025-05-24,1
High Strength 50mg 30ml,E-Liquids,150,3,399.0,2025-05-24,1
Pod System Kit,Pod Systems,800,2,1499.0,2025-05-24,1
High Strength 50mg 30ml,E-Liquids,150,2,399.0,2025-05-25,1
Advanced Pod Kit,Pod Systems,1200,1,1999.0,2025-05-25,161
Lite 200 Puff,Disposable Vapes,100,12,249.0,2025-05-25,1
Zero Nicotine 30ml,E-Liquids,100,6,249.0,2025-05-25,1
Premium 2000 Puff,Disposable Vapes,280,4,799.0,2025-05-25,1
Tank Glass Replacement,Accessories,150,9,399.0,2025-05-27,1
Tropical Mix 500 Puff,Disposable Vapes,150,18,399.0,2025-05-27,1
Zero Nicotine 30ml,E-Liquids,100,8,249.0,2025-05-27,1
Compact Pod Kit,Pod Systems,600,5,1199.0,2025-05-27,1
Advanced Mod,Premium Devices,1800,8,2999.0,2025-05-27,1
Temperature Control Device,Premium Devices,3000,1,4999.0,2025-05-28,55
E-Liquid 30ml,E-Liquids,120,20,299.0,2025-05-28,1
Compact Pod Kit,Pod Systems,600,8,1199.0,2025-05-28,1
Zero Nicotine 30ml,E-Liquids,100,10,249.0,2025-05-28,1
E-Liquid 60ml Premium,E-Liquids,200,5,499.0,2025-05-31,1
Advanced Pod Kit,Pod Systems,1200,1,1999.0,2025-05-31,160
Professional Starter Kit,Premium Devices,1500,2,2499.0,2025-06-02,240
Compact Pod Kit,Pod Systems,600,9,1199.0,2025-06-02,1
Pod System Kit,Pod Systems,800,4,1499.0,2025-06-04,1
Replacement Pods (4-Pack),Pod Systems,200,8,599.0,2025-06-04,1
Advanced Pod Kit,Pod Systems,1200,5,1999.0,2025-06-04,155
Max 3000 Puff,Disposable Vapes,350,3,999.0,2025-06-08,1
Zero Nicotine 30ml,E-Liquids,100,6,249.0,2025-06-08,1
Professional Starter Kit,Premium Devices,1500,1,2499.0,2025-06-08,239
Lite 200 Puff,Disposable Vapes,100,14,249.0,2025-06-08,1
Coil Pack (10 pcs),Accessories,200,3,499.0,2025-06-08,1
Battery Charger,Accessories,250,3,599.0,2025-06-10,35
Tank Glass Replacement,Accessories,150,9,399.0,2025-06-10,1
E-Liquid 60ml Premium,E-Liquids,200,13,499.0,2025-06-10,1
Pod System Kit,Pod Systems,800,5,1499.0,2025-06-10,1
Classic 500 Puff,Disposable Vapes,150,14,399.0,2025-06-10,1
E-Liquid 60ml Premium,E-Liquids,200,10,499.0,2025-06-11,1
Zero Nicotine 30ml,E-Liquids,100,12,249.0,2025-06-11,1
Premium 2000 Puff,Disposable Vapes,280,11,799.0,2025-06-11,1
Replacement Pods (4-Pack),Pod Systems,200,14,599.0,2025-06-11,1
Coil Pack (10 pcs),Accessories,200,6,499.0,2025-06-11,1
Coil Pack (10 pcs),Accessories,200,7,499.0,2025-06-12,1
Advanced Mod,Premium Devices,1800,5,2999.0,2025-06-12,1
Advanced Pod Kit,Pod Systems,1200,3,1999.0,2025-06-13,152
Tropical Mix 500 Puff,Disposable Vapes,150,17,399.0,2025-06-13,1
Tropical Mix 500 Puff,Disposable Vapes,150,15,399.0,2025-06-16,1
High Strength 50mg 30ml,E-Liquids,150,7,399.0,2025-06-16,1
E-Liquid 60ml Premium,E-Liquids,200,12,499.0,2025-06-16,1
Compact Pod Kit,Pod Systems,600,9,1199.0,2025-06-16,1
Replacement Pods (4-Pack),Pod Systems,200,10,599.0,2025-06-16,1
Zero Nicotine 30ml,E-Liquids,100,12,249.0,2025-06-18,1
Replacement Pods (4-Pack),Pod Systems,200,11,599.0,2025-06-18,1
Temperature Control Device,Premium Devices,3000,3,4999.0,2025-06-18,52
E-Liquid 100ml Bulk,E-Liquids,300,7,699.0,2025-06-19,1
Zero Nicotine 30ml,E-Liquids,100,8,249.0,2025-06-19,1
Lite 200 Puff,Disposable Vapes,100,12,249.0,2025-06-21,1
Zero Nicotine 30ml,E-Liquids,100,7,249.0,2025-06-21,1
E-Liquid 30ml,E-Liquids,120,9,299.0,2025-06-21,1
Battery 18650,Accessories,80,6,249.0,2025-06-21,1
Temperature Control Device,Premium Devices,3000,1,4999.0,2025-06-22,51
Battery Charger,Accessories,250,1,599.0,2025-06-22,34
Coil Pack (10 pcs),Accessories,200,4,499.0,2025-06-22,1
Tank Glass Replacement,Accessories,150,4,399.0,2025-06-22,1
Professional Starter Kit,Premium Devices,1500,2,2499.0,2025-06-23,237
Classic 500 Puff,Disposable Vapes,150,18,399.0,2025-06-23,1
High Strength 50mg 30ml,E-Liquids,150,4,399.0,2025-06-27,1
Zero Nicotine 30ml,E-Liquids,100,7,249.0,2025-06-27,1
Classic 500 Puff,Disposable Vapes,150,12,399.0,2025-06-28,1
Premium 2000 Puff,Disposable Vapes,280,7,799.0,2025-06-28,1
Lite 200 Puff,Disposable Vapes,100,17,249.0,2025-06-28,1
Battery Charger,Accessories,250,3,599.0,2025-06-29,31
E-Liquid 60ml Premium,E-Liquids,200,6,499.0,2025-06-29,1
Tank Glass Replacement,Accessories,150,12,399.0,2025-06-30,1
Classic 500 Puff,Disposable Vapes,150,21,399.0,2025-06-30,1
Advanced Pod Kit,Pod Systems,1200,2,1999.0,2025-06-30,150
Premium 2000 Puff,Disposable Vapes,280,10,799.0,2025-06-30,1
Coil Pack (10 pcs),Accessories,200,6,499.0,2025-06-30,1
E-Liquid 60ml Premium,E-Liquids,200,11,499.0,2025-07-01,1
Zero Nicotine 30ml,E-Liquids,100,8,249.0,2025-07-01,1
Compact Pod Kit,Pod Systems,600,9,1199.0,2025-07-01,1
Classic 500 Puff,Disposable Vapes,150,15,399.0,2025-07-02,1
Premium 2000 Puff,Disposable Vapes,280,13,799.0,2025-07-02,1
Advanced Mod,Premium Devices,1800,9,2999.0,2025-07-02,1
Max 3000 Puff,Disposable Vapes,350,9,999.0,2025-07-02,1
Pod System Kit,Pod Systems,800,4,1499.0,2025-07-04,1
Temperature Control Device,Premium Devices,3000,2,4999.0,2025-07-04,49
Classic 500 Puff,Disposable Vapes,150,18,399.0,2025-07-04,1
Professional Starter Kit,Premium Devices,1500,2,2499.0,2025-07-04,235
Battery 18650,Accessories,80,8,249.0,2025-07-05,1
High Strength 50mg 30ml,E-Liquids,150,3,399.0,2025-07-05,1
Advanced Mod,Premium Devices,1800,4,2999.0,2025-07-05,1
Pod System Kit,Pod Systems,800,2,1499.0,2025-07-06,1
Replacement Pods (4-Pack),Pod Systems,200,4,599.0,2025-07-06,1
E-Liquid 30ml,E-Liquids,120,19,299.0,2025-07-07,1
Compact Pod Kit,Pod Systems,600,6,1199.0,2025-07-07,1
High Strength 50mg 30ml,E-Liquids,150,4,399.0,2025-07-07,1
Professional Starter Kit,Premium Devices,1500,2,2499.0,2025-07-07,233
Temperature Control Device,Premium Devices,3000,1,4999.0,2025-07-08,48
Pod System Kit,Pod Systems,800,7,1499.0,2025-07-08,1
Advanced Mod,Premium Devices,1800,8,2999.0,2025-07-08,1
High Strength 50mg 30ml,E-Liquids,150,5,399.0,2025-07-08,1
Replacement Pods (4-Pack),Pod Systems,200,12,599.0,2025-07-08,1
Premium 2000 Puff,Disposable Vapes,280,13,799.0,2025-07-09,1
Temperature Control Device,Premium Devices,3000,2,4999.0,2025-07-09,46
Zero Nicotine 30ml,E-Liquids,100,10,249.0,2025-07-09,1
Max 3000 Puff,Disposable Vapes,350,10,999.0,2025-07-10,1
Premium 2000 Puff,Disposable Vapes,280,8,799.0,2025-07-10,1
Lite 200 Puff,Disposable Vapes,100,23,249.0,2025-07-10,1
Advanced Mod,Premium Devices,1800,5,2999.0,2025-07-10,1
Classic 500 Puff,Disposable Vapes,150,19,399.0,2025-07-10,1
Zero Nicotine 30ml,E-Liquids,100,5,249.0,2025-07-12,1
Lite 200 Puff,Disposable Vapes,100,12,249.0,2025-07-12,1
Replacement Pods (4-Pack),Pod Systems,200,5,599.0,2025-07-12,1
Advanced Pod Kit,Pod Systems,1200,1,1999.0,2025-07-12,149
Lite 200 Puff,Disposable Vapes,100,16,249.0,2025-07-14,1
Classic 500 Puff,Disposable Vapes,150,11,399.0,2025-07-14,1
Replacement Pods (4-Pack),Pod Systems,200,9,599.0,2025-07-15,1
Advanced Mod,Premium Devices,1800,8,2999.0,2025-07-15,1
High Strength 50mg 30ml,E-Liquids,150,4,399.0,2025-07-17,1
Replacement Pods (4-Pack),Pod Systems,200,9,599.0,2025-07-17,1
Compact Pod Kit,Pod Systems,600,5,1199.0,2025-07-19,1
Max 3000 Puff,Disposable Vapes,350,4,999.0,2025-07-19,1
Temperature Control Device,Premium Devices,3000,1,4999.0,2025-07-19,45
Advanced Mod,Premium Devices,1800,6,2999.0,2025-07-22,1
Zero Nicotine 30ml,E-Liquids,100,9,249.0,2025-07-22,1
Compact Pod Kit,Pod Systems,600,9,1199.0,2025-07-23,1
Coil Pack (10 pcs),Accessories,200,7,499.0,2025-07-23,1
Zero Nicotine 30ml,E-Liquids,100,7,249.0,2025-07-23,1
Pod System Kit,Pod Systems,800,4,1499.0,2025-07-23,1
Replacement Pods (4-Pack),Pod Systems,200,13,599.0,2025-07-23,1
E-Liquid 30ml,E-Liquids,120,19,299.0,2025-07-24,1
Max 3000 Puff,Disposable Vapes,350,6,999.0,2025-07-24,1
E-Liquid 60ml Premium,E-Liquids,200,11,499.0,2025-07-25,1
Zero Nicotine 30ml,E-Liquids,100,8,249.0,2025-07-25,1
Lite 200 Puff,Disposable Vapes,100,25,249.0,2025-07-25,1
Tank Glass Replacement,Accessories,150,4,399.0,2025-07-27,1
Advanced Pod Kit,Pod Systems,1200,2,1999.0,2025-07-27,147
Zero Nicotine 30ml,E-Liquids,100,4,249.0,2025-07-27,1
Classic 500 Puff,Disposable Vapes,150,6,399.0,2025-07-27,1
Professional Starter Kit,Premium Devices,1500,1,2499.0,2025-07-27,232
Max 3000 Puff,Disposable Vapes,350,8,999.0,2025-07-29,1
E-Liquid 30ml,E-Liquids,120,13,299.0,2025-07-29,1
Classic 500 Puff,Disposable Vapes,150,8,399.0,2025-08-02,1
Lite 200 Puff,Disposable Vapes,100,8,249.0,2025-08-02,1
High Strength 50mg 30ml,E-Liquids,150,3,399.0,2025-08-03,1
Advanced Mod,Premium Devices,1800,3,2999.0,2025-08-03,1
Premium 2000 Puff,Disposable Vapes,280,9,799.0,2025-08-04,1
E-Liquid 30ml,E-Liquids,120,11,299.0,2025-08-04,1
Professional Starter Kit,Premium Devices,1500,2,2499.0,2025-08-04,230
High Strength 50mg 30ml,E-Liquids,150,5,399.0,2025-08-04,1
Classic 500 Puff,Disposable Vapes,150,17,399.0,2025-08-06,1
Tank Glass Replacement,Accessories,150,9,399.0,2025-08-06,1
Coil Pack (10 pcs),Accessories,200,7,499.0,2025-08-06,1
Tropical Mix 500 Puff,Disposable Vapes,150,7,399.0,2025-08-09,1
Tank Glass Replacement,Accessories,150,4,399.0,2025-08-09,1
Replacement Pods (4-Pack),Pod Systems,200,4,599.0,2025-08-10,1
Advanced Pod Kit,Pod Systems,1200,1,1999.0,2025-08-10,146
Pod System Kit,Pod Systems,800,4,1499.0,2025-08-11,1
Lite 200 Puff,Disposable Vapes,100,17,249.0,2025-08-11,1
Advanced Pod Kit,Pod Systems,1200,2,1999.0,2025-08-11,144
Classic 500 Puff,Disposable Vapes,150,11,399.0,2025-08-12,1
Battery Charger,Accessories,250,4,599.0,2025-08-12,27
Replacement Pods (4-Pack),Pod Systems,200,10,599.0,2025-08-12,1
Coil Pack (10 pcs),Accessories,200,6,499.0,2025-08-13,1
Advanced Pod Kit,Pod Systems,1200,4,1999.0,2025-08-13,140
Premium 2000 Puff,Disposable Vapes,280,7,799.0,2025-08-14,1
Classic 500 Puff,Disposable Vapes,150,16,399.0,2025-08-14,1
Pod System Kit,Pod Systems,800,3,1499.0,2025-08-14,1
E-Liquid 100ml Bulk,E-Liquids,300,7,699.0,2025-08-14,1
Professional Starter Kit,Premium Devices,1500,1,2499.0,2025-08-16,229
Premium 2000 Puff,Disposable Vapes,280,5,799.0,2025-08-16,1
Tank Glass Replacement,Accessories,150,4,399.0,2025-08-16,1
High Strength 50mg 30ml,E-Liquids,150,3,399.0,2025-08-17,1
Tank Glass Replacement,Accessories,150,3,399.0,2025-08-17,1
Professional Starter Kit,Premium Devices,1500,1,2499.0,2025-08-17,228
E-Liquid 60ml Premium,E-Liquids,200,3,499.0,2025-08-17,1
Max 3000 Puff,Disposable Vapes,350,4,999.0,2025-08-17,1
Replacement Pods (4-Pack),Pod Systems,200,11,599.0,2025-08-18,1
High Strength 50mg 30ml,E-Liquids,150,5,399.0,2025-08-18,1
Pod System Kit,Pod Systems,800,4,1499.0,2025-08-18,1
Classic 500 Puff,Disposable Vapes,150,12,399.0,2025-08-18,1
Max 3000 Puff,Disposable Vapes,350,4,999.0,2025-08-18,1
Compact Pod Kit,Pod Systems,600,7,1199.0,2025-08-20,1
Advanced Pod Kit,Pod Systems,1200,2,1999.0,2025-08-20,138
Max 3000 Puff,Disposable Vapes,350,3,999.0,2025-08-23,1
Premium 2000 Puff,Disposable Vapes,280,5,799.0,2025-08-23,1
Classic 500 Puff,Disposable Vapes,150,9,399.0,2025-08-23,1
Premium 2000 Puff,Disposable Vapes,280,6,799.0,2025-08-25,1
Advanced Mod,Premium Devices,1800,4,2999.0,2025-08-25,1
Tropical Mix 500 Puff,Disposable Vapes,150,18,399.0,2025-08-27,1
Premium 2000 Puff,Disposable Vapes,280,9,799.0,2025-08-27,1
E-Liquid 60ml Premium,E-Liquids,200,7,499.0,2025-08-27,1
Battery Charger,Accessories,250,3,599.0,2025-08-27,24
Lite 200 Puff,Disposable Vapes,100,21,249.0,2025-08-28,1
Zero Nicotine 30ml,E-Liquids,100,6,249.0,2025-08-28,1
Compact Pod Kit,Pod Systems,600,7,1199.0,2025-08-28,1
Tank Glass Replacement,Accessories,150,8,399.0,2025-08-29,1
Temperature Control Device,Premium Devices,3000,2,4999.0,2025-08-29,43
Replacement Pods (4-Pack),Pod Systems,200,9,599.0,2025-08-29,1
E-Liquid 100ml Bulk,E-Liquids,300,3,699.0,2025-08-31,1
Tank Glass Replacement,Accessories,150,4,399.0,2025-08-31,1
Temperature Control Device,Premium Devices,3000,1,4999.0,2025-08-31,42
Battery 18650,Accessories,80,6,249.0,2025-08-31,1
Coil Pack (10 pcs),Accessories,200,3,499.0,2025-08-31,1
Tropical Mix 500 Puff,Disposable Vapes,150,13,399.0,2025-09-03,1
Lite 200 Puff,Disposable Vapes,100,24,249.0,2025-09-03,1
E-Liquid 30ml,E-Liquids,120,17,299.0,2025-09-03,1
Advanced Pod Kit,Pod Systems,1200,3,1999.0,2025-09-03,135
Coil Pack (10 pcs),Accessories,200,10,499.0,2025-09-03,1
Classic 500 Puff,Disposable Vapes,150,21,399.0,2025-09-05,1
Advanced Pod Kit,Pod Systems,1200,2,1999.0,2025-09-05,133
Max 3000 Puff,Disposable Vapes,350,6,999.0,2025-09-05,1
Advanced Pod Kit,Pod Systems,1200,2,1999.0,2025-09-06,131
Max 3000 Puff,Disposable Vapes,350,5,999.0,2025-09-06,1
Advanced Pod Kit,Pod Systems,1200,2,1999.0,2025-09-07,129
Replacement Pods (4-Pack),Pod Systems,200,5,599.0,2025-09-07,1
Advanced Mod,Premium Devices,1800,4,2999.0,2025-09-07,1
Temperature Control Device,Premium Devices,3000,1,4999.0,2025-09-07,41
Lite 200 Puff,Disposable Vapes,100,10,249.0,2025-09-07,1
Battery 18650,Accessories,80,10,249.0,2025-09-08,1
Lite 200 Puff,Disposable Vapes,100,26,249.0,2025-09-08,1
E-Liquid 60ml Premium,E-Liquids,200,9,499.0,2025-09-09,1
Advanced Mod,Premium Devices,1800,8,2999.0,2025-09-09,1
Premium 2000 Puff,Disposable Vapes,280,13,799.0,2025-09-12,1
High Strength 50mg 30ml,E-Liquids,150,4,399.0,2025-09-12,1
High Strength 50mg 30ml,E-Liquids,150,6,399.0,2025-09-15,1
E-Liquid 30ml,E-Liquids,120,24,299.0,2025-09-15,1
Tropical Mix 500 Puff,Disposable Vapes,150,17,399.0,2025-09-16,1
Professional Starter Kit,Premium Devices,1500,2,2499.0,2025-09-16,226
Advanced Pod Kit,Pod Systems,1200,3,1999.0,2025-09-16,126
Lite 200 Puff,Disposable Vapes,100,26,249.0,2025-09-17,1
E-Liquid 100ml Bulk,E-Liquids,300,8,699.0,2025-09-17,1
Max 3000 Puff,Disposable Vapes,350,7,999.0,2025-09-17,1
Replacement Pods (4-Pack),Pod Systems,200,10,599.0,2025-09-18,1
Battery 18650,Accessories,80,19,249.0,2025-09-18,1
Pod System Kit,Pod Systems,800,5,1499.0,2025-09-19,1
E-Liquid 60ml Premium,E-Liquids,200,13,499.0,2025-09-19,1
Zero Nicotine 30ml,E-Liquids,100,7,249.0,2025-09-19,1
Tropical Mix 500 Puff,Disposable Vapes,150,19,399.0,2025-09-19,1
Tank Glass Replacement,Accessories,150,4,399.0,2025-09-20,1
Advanced Mod,Premium Devices,1800,4,2999.0,2025-09-20,1
E-Liquid 30ml,E-Liquids,120,11,299.0,2025-09-20,1
Battery Charger,Accessories,250,3,599.0,2025-09-20,21
High Strength 50mg 30ml,E-Liquids,150,2,399.0,2025-09-21,1
Advanced Mod,Premium Devices,1800,4,2999.0,2025-09-21,1
Tropical Mix 500 Puff,Disposable Vapes,150,11,399.0,2025-09-21,1
Coil Pack (10 pcs),Accessories,200,4,499.0,2025-09-21,1
Max 3000 Puff,Disposable Vapes,350,6,999.0,2025-09-23,1
Temperature Control Device,Premium Devices,3000,2,4999.0,2025-09-23,39
Advanced Mod,Premium Devices,1800,5,2999.0,2025-09-23,1
E-Liquid 30ml,E-Liquids,120,14,299.0,2025-09-23,1
Battery 18650,Accessories,80,20,249.0,2025-09-24,1
E-Liquid 100ml Bulk,E-Liquids,300,6,699.0,2025-09-24,1
E-Liquid 60ml Premium,E-Liquids,200,12,499.0,2025-09-24,1
Professional Starter Kit,Premium Devices,1500,2,2499.0,2025-09-26,224
E-Liquid 60ml Premium,E-Liquids,200,11,499.0,2025-09-26,1
Temperature Control Device,Premium Devices,3000,2,4999.0,2025-09-26,37
Temperature Control Device,Premium Devices,3000,1,4999.0,2025-09-27,36
Pod System Kit,Pod Systems,800,3,1499.0,2025-09-27,1
Professional Starter Kit,Premium Devices,1500,2,2499.0,2025-09-27,222
Max 3000 Puff,Disposable Vapes,350,4,999.0,2025-09-27,1
Compact Pod Kit,Pod Systems,600,6,1199.0,2025-09-27,1
Tank Glass Replacement,Accessories,150,5,399.0,2025-09-28,1
E-Liquid 60ml Premium,E-Liquids,200,6,499.0,2025-09-28,1
Advanced Mod,Premium Devices,1800,5,2999.0,2025-09-30,1
Premium 2000 Puff,Disposable Vapes,280,14,799.0,2025-09-30,1
Max 3000 Puff,Disposable Vapes,350,11,999.0,2025-09-30,1
Classic 500 Puff,Disposable Vapes,150,18,399.0,2025-10-01,1
Professional Starter Kit,Premium Devices,1500,3,2499.0,2025-10-01,219
Max 3000 Puff,Disposable Vapes,350,11,999.0,2025-10-01,1
Compact Pod Kit,Pod Systems,600,8,1199.0,2025-10-01,1
Temperature Control Device,Premium Devices,3000,1,4999.0,2025-10-01,35
Zero Nicotine 30ml,E-Liquids,100,8,249.0,2025-10-03,1
Battery Charger,Accessories,250,3,599.0,2025-10-03,18
Tropical Mix 500 Puff,Disposable Vapes,150,13,399.0,2025-10-03,1
Battery 18650,Accessories,80,8,249.0,2025-10-04,1
Replacement Pods (4-Pack),Pod Systems,200,6,599.0,2025-10-04,1
Pod System Kit,Pod Systems,800,3,1499.0,2025-10-04,1
Tank Glass Replacement,Accessories,150,9,399.0,2025-10-07,1
E-Liquid 100ml Bulk,E-Liquids,300,6,699.0,2025-10-07,1
Advanced Pod Kit,Pod Systems,1200,4,1999.0,2025-10-07,122
Advanced Mod,Premium Devices,1800,7,2999.0,2025-10-09,1
Tank Glass Replacement,Accessories,150,7,399.0,2025-10-09,1
Battery Charger,Accessories,250,3,599.0,2025-10-09,15
E-Liquid 60ml Premium,E-Liquids,200,12,499.0,2025-10-10,1
Lite 200 Puff,Disposable Vapes,100,19,249.0,2025-10-10,1
Advanced Pod Kit,Pod Systems,1200,2,1999.0,2025-10-10,120
Coil Pack (10 pcs),Accessories,200,6,499.0,2025-10-10,1
High Strength 50mg 30ml,E-Liquids,150,4,399.0,2025-10-11,1
Pod System Kit,Pod Systems,800,2,1499.0,2025-10-11,1
Tank Glass Replacement,Accessories,150,4,399.0,2025-10-11,1
Tropical Mix 500 Puff,Disposable Vapes,150,7,399.0,2025-10-11,1
E-Liquid 100ml Bulk,E-Liquids,300,5,699.0,2025-10-11,1
Professional Starter Kit,Premium Devices,1500,1,2499.0,2025-10-12,218
Temperature Control Device,Premium Devices,3000,1,4999.0,2025-10-12,34
Battery Charger,Accessories,250,3,599.0,2025-10-12,12
Advanced Pod Kit,Pod Systems,1200,5,1999.0,2025-10-15,115
E-Liquid 30ml,E-Liquids,120,23,299.0,2025-10-15,1
Pod System Kit,Pod Systems,800,7,1499.0,2025-10-15,1
E-Liquid 60ml Premium,E-Liquids,200,11,499.0,2025-10-15,1
Zero Nicotine 30ml,E-Liquids,100,9,249.0,2025-10-15,1
Max 3000 Puff,Disposable Vapes,350,4,999.0,2025-10-19,1
Advanced Mod,Premium Devices,1800,4,2999.0,2025-10-19,1
Pod System Kit,Pod Systems,800,2,1499.0,2025-10-19,1
Battery 18650,Accessories,80,7,249.0,2025-10-19,1
Professional Starter Kit,Premium Devices,1500,2,2499.0,2025-10-22,216
Battery 18650,Accessories,80,10,249.0,2025-10-22,1
Lite 200 Puff,Disposable Vapes,100,26,249.0,2025-10-22,1
Coil Pack (10 pcs),Accessories,200,9,499.0,2025-10-22,1
Max 3000 Puff,Disposable Vapes,350,8,999.0,2025-10-24,1
Advanced Pod Kit,Pod Systems,1200,3,1999.0,2025-10-24,112
Professional Starter Kit,Premium Devices,1500,3,2499.0,2025-10-24,213
Replacement Pods (4-Pack),Pod Systems,200,9,599.0,2025-10-24,1
Pod System Kit,Pod Systems,800,2,1499.0,2025-10-25,1
Zero Nicotine 30ml,E-Liquids,100,6,249.0,2025-10-25,1
E-Liquid 30ml,E-Liquids,120,11,299.0,2025-10-26,1
Premium 2000 Puff,Disposable Vapes,280,6,799.0,2025-10-26,1
Pod System Kit,Pod Systems,800,3,1499.0,2025-10-26,1
Tropical Mix 500 Puff,Disposable Vapes,150,9,399.0,2025-10-26,1
Advanced Mod,Premium Devices,1800,3,2999.0,2025-10-26,1
Classic 500 Puff,Disposable Vapes,150,20,399.0,2025-10-27,1
Compact Pod Kit,Pod Systems,600,6,1199.0,2025-10-27,1
Advanced Pod Kit,Pod Systems,1200,4,1999.0,2025-10-27,108
Replacement Pods (4-Pack),Pod Systems,200,13,599.0,2025-10-27,1
Pod System Kit,Pod Systems,800,6,1499.0,2025-10-27,1
Professional Starter Kit,Premium Devices,1500,2,2499.0,2025-10-29,211
Coil Pack (10 pcs),Accessories,200,6,499.0,2025-10-29,1
High Strength 50mg 30ml,E-Liquids,150,4,399.0,2025-10-29,1
Lite 200 Puff,Disposable Vapes,100,29,249.0,2025-10-29,1
Replacement Pods (4-Pack),Pod Systems,200,9,599.0,2025-10-31,1
E-Liquid 60ml Premium,E-Liquids,200,7,499.0,2025-10-31,1
Lite 200 Puff,Disposable Vapes,100,27,249.0,2025-10-31,1
Max 3000 Puff,Disposable Vapes,350,8,999.0,2025-10-31,1
Classic 500 Puff,Disposable Vapes,150,14,399.0,2025-10-31,1
Compact Pod Kit,Pod Systems,600,8,1199.0,2025-11-03,1
Premium 2000 Puff,Disposable Vapes,280,9,799.0,2025-11-03,1
E-Liquid 30ml,E-Liquids,120,24,299.0,2025-11-03,1
Compact Pod Kit,Pod Systems,600,8,1199.0,2025-11-05,1
Professional Starter Kit,Premium Devices,1500,2,2499.0,2025-11-05,209
Temperature Control Device,Premium Devices,3000,2,4999.0,2025-11-07,32
Battery 18650,Accessories,80,12,249.0,2025-11-07,1
E-Liquid 30ml,E-Liquids,120,25,299.0,2025-11-07,1
Replacement Pods (4-Pack),Pod Systems,200,12,599.0,2025-11-07,1
Zero Nicotine 30ml,E-Liquids,100,10,249.0,2025-11-07,1
Tank Glass Replacement,Accessories,150,14,399.0,2025-11-11,1
Advanced Pod Kit,Pod Systems,1200,5,1999.0,2025-11-11,103
Lite 200 Puff,Disposable Vapes,100,27,249.0,2025-11-11,1
E-Liquid 100ml Bulk,E-Liquids,300,11,699.0,2025-11-13,1
Coil Pack (10 pcs),Accessories,200,8,499.0,2025-11-13,1
Temperature Control Device,Premium Devices,3000,3,4999.0,2025-11-13,29
Tank Glass Replacement,Accessories,150,11,399.0,2025-11-13,1
Lite 200 Puff,Disposable Vapes,100,36,249.0,2025-11-17,1
Coil Pack (10 pcs),Accessories,200,6,499.0,2025-11-17,1
Advanced Mod,Premium Devices,1800,9,2999.0,2025-11-18,1
Pod System Kit,Pod Systems,800,6,1499.0,2025-11-18,1
Compact Pod Kit,Pod Systems,600,11,1199.0,2025-11-18,1
Classic 500 Puff,Disposable Vapes,150,25,399.0,2025-11-18,1
Professional Starter Kit,Premium Devices,1500,3,2499.0,2025-11-18,206
E-Liquid 100ml Bulk,E-Liquids,300,7,699.0,2025-11-19,1
Pod System Kit,Pod Systems,800,6,1499.0,2025-11-19,1
Temperature Control Device,Premium Devices,3000,2,4999.0,2025-11-19,27
High Strength 50mg 30ml,E-Liquids,150,8,399.0,2025-11-19,1
E-Liquid 100ml Bulk,E-Liquids,300,7,699.0,2025-11-21,1
Max 3000 Puff,Disposable Vapes,350,10,999.0,2025-11-21,1
Coil Pack (10 pcs),Accessories,200,9,499.0,2025-11-21,1
Compact Pod Kit,Pod Systems,600,8,1199.0,2025-11-21,1
E-Liquid 30ml,E-Liquids,120,9,299.0,2025-11-23,1
Max 3000 Puff,Disposable Vapes,350,6,999.0,2025-11-23,1
Classic 500 Puff,Disposable Vapes,150,10,399.0,2025-11-23,1
Advanced Pod Kit,Pod Systems,1200,1,1999.0,2025-11-23,102
Premium 2000 Puff,Disposable Vapes,280,5,799.0,2025-11-23,1
Tank Glass Replacement,Accessories,150,12,399.0,2025-11-24,1
E-Liquid 100ml Bulk,E-Liquids,300,10,699.0,2025-11-24,1
Battery 18650,Accessories,80,16,249.0,2025-11-28,1
E-Liquid 30ml,E-Liquids,120,18,299.0,2025-11-28,1
Professional Starter Kit,Premium Devices,1500,2,2499.0,2025-11-28,204
Lite 200 Puff,Disposable Vapes,100,31,249.0,2025-12-01,1
Classic 500 Puff,Disposable Vapes,150,18,399.0,2025-12-01,1
Tropical Mix 500 Puff,Disposable Vapes,150,23,399.0,2025-12-01,1
Zero Nicotine 30ml,E-Liquids,100,11,249.0,2025-12-02,1
Premium 2000 Puff,Disposable Vapes,280,13,799.0,2025-12-02,1
Advanced Pod Kit,Pod Systems,1200,6,1999.0,2025-12-02,96
Temperature Control Device,Premium Devices,3000,3,4999.0,2025-12-02,24
Advanced Mod,Premium Devices,1800,7,2999.0,2025-12-03,1
Compact Pod Kit,Pod Systems,600,12,1199.0,2025-12-03,1
E-Liquid 30ml,E-Liquids,120,24,299.0,2025-12-03,1
Tropical Mix 500 Puff,Disposable Vapes,150,23,399.0,2025-12-03,1
Battery Charger,Accessories,250,5,599.0,2025-12-03,7
Tropical Mix 500 Puff,Disposable Vapes,150,20,399.0,2025-12-05,1
Battery Charger,Accessories,250,6,599.0,2025-12-05,1
Tank Glass Replacement,Accessories,150,10,399.0,2025-12-05,1
Advanced Mod,Premium Devices,1800,11,2999.0,2025-12-05,1
Compact Pod Kit,Pod Systems,600,5,1199.0,2025-12-06,1
Pod System Kit,Pod Systems,800,4,1499.0,2025-12-06,1
Professional Starter Kit,Premium Devices,1500,1,2499.0,2025-12-06,203
Lite 200 Puff,Disposable Vapes,100,20,249.0,2025-12-06,1
Zero Nicotine 30ml,E-Liquids,100,16,249.0,2025-12-09,1
Advanced Mod,Premium Devices,1800,7,2999.0,2025-12-09,1
Compact Pod Kit,Pod Systems,600,8,1199.0,2025-12-09,1
Advanced Mod,Premium Devices,1800,7,2999.0,2025-12-11,1
Premium 2000 Puff,Disposable Vapes,280,14,799.0,2025-12-11,1
Tropical Mix 500 Puff,Disposable Vapes,150,16,399.0,2025-12-11,1
Battery 18650,Accessories,80,13,249.0,2025-12-11,1
Classic 500 Puff,Disposable Vapes,150,16,399.0,2025-12-11,1
Max 3000 Puff,Disposable Vapes,350,10,999.0,2025-12-12,1
Tropical Mix 500 Puff,Disposable Vapes,150,18,399.0,2025-12-12,1
E-Liquid 30ml,E-Liquids,120,16,299.0,2025-12-12,1
Professional Starter Kit,Premium Devices,1500,3,2499.0,2025-12-12,200
Max 3000 Puff,Disposable Vapes,350,5,999.0,2025-12-13,1
Battery 18650,Accessories,80,9,249.0,2025-12-13,1
Compact Pod Kit,Pod Systems,600,5,1199.0,2025-12-13,1
Coil Pack (10 pcs),Accessories,200,5,499.0,2025-12-13,1
Pod System Kit,Pod Systems,800,4,1499.0,2025-12-14,1
E-Liquid 100ml Bulk,E-Liquids,300,3,699.0,2025-12-14,1
Replacement Pods (4-Pack),Pod Systems,200,9,599.0,2025-12-14,1
Battery 18650,Accessories,80,6,249.0,2025-12-14,1
High Strength 50mg 30ml,E-Liquids,150,9,399.0,2025-12-16,1
Zero Nicotine 30ml,E-Liquids,100,11,249.0,2025-12-16,1
Max 3000 Puff,Disposable Vapes,350,9,999.0,2025-12-17,1
Tropical Mix 500 Puff,Disposable Vapes,150,16,399.0,2025-12-17,1
Temperature Control Device,Premium Devices,3000,2,4999.0,2025-12-17,22
Battery 18650,Accessories,80,21,249.0,2025-12-17,1
Professional Starter Kit,Premium Devices,1500,2,2499.0,2025-12-18,198
E-Liquid 60ml Premium,E-Liquids,200,17,499.0,2025-12-18,1
Zero Nicotine 30ml,E-Liquids,100,12,249.0,2025-12-18,1
Advanced Mod,Premium Devices,1800,11,2999.0,2025-12-18,1
Battery Charger,Accessories,250,6,599.0,2025-12-18,1
Battery Charger,Accessories,250,6,599.0,2025-12-19,1
Zero Nicotine 30ml,E-Liquids,100,13,249.0,2025-12-19,1
Professional Starter Kit,Premium Devices,1500,3,2499.0,2025-12-19,195
Battery 18650,Accessories,80,16,249.0,2025-12-19,1
Advanced Mod,Premium Devices,1800,4,2999.0,2025-12-20,1
Classic 500 Puff,Disposable Vapes,150,9,399.0,2025-12-20,1
Max 3000 Puff,Disposable Vapes,350,7,999.0,2025-12-20,1
Lite 200 Puff,Disposable Vapes,100,15,249.0,2025-12-20,1
Battery Charger,Accessories,250,2,599.0,2025-12-20,1
E-Liquid 60ml Premium,E-Liquids,200,5,499.0,2025-12-21,1
E-Liquid 100ml Bulk,E-Liquids,300,4,699.0,2025-12-21,1
Tropical Mix 500 Puff,Disposable Vapes,150,17,399.0,2025-12-22,1
Compact Pod Kit,Pod Systems,600,8,1199.0,2025-12-22,1
Tank Glass Replacement,Accessories,150,8,399.0,2025-12-28,1
Zero Nicotine 30ml,E-Liquids,100,7,249.0,2025-12-28,1
Compact Pod Kit,Pod Systems,600,5,1199.0,2025-12-28,1
Premium 2000 Puff,Disposable Vapes,280,5,799.0,2025-12-28,1
Pod System Kit,Pod Systems,800,2,1499.0,2025-12-28,1
Advanced Mod,Premium Devices,1800,8,2999.0,2025-12-30,1
Tropical Mix 500 Puff,Disposable Vapes,150,25,399.0,2025-12-30,1
Tank Glass Replacement,Accessories,150,9,399.0,2025-12-30,1
Lite 200 Puff,Disposable Vapes,100,25,249.0,2025-12-30,1
High Strength 50mg 30ml,E-Liquids,150,9,399.0,2025-12-31,1
Pod System Kit,Pod Systems,800,8,1499.0,2025-12-31,1
Replacement Pods (4-Pack),Pod Systems,200,12,599.0,2025-12-31,1
E-Liquid 30ml,E-Liquids,120,26,299.0,2025-12-31,1
Advanced Pod Kit,Pod Systems,1200,2,1999.0,2026-01-01,94
Lite 200 Puff,Disposable Vapes,100,20,249.0,2026-01-01,1
Tropical Mix 500 Puff,Disposable Vapes,150,11,399.0,2026-01-01,1
Compact Pod Kit,Pod Systems,600,5,1199.0,2026-01-02,1
Replacement Pods (4-Pack),Pod Systems,200,9,599.0,2026-01-02,1
Zero Nicotine 30ml,E-Liquids,100,5,249.0,2026-01-02,1
Battery 18650,Accessories,80,9,249.0,2026-01-02,1
Replacement Pods (4-Pack),Pod Systems,200,4,599.0,2026-01-03,1
Compact Pod Kit,Pod Systems,600,4,1199.0,2026-01-03,1
High Strength 50mg 30ml,E-Liquids,150,3,399.0,2026-01-03,1
Max 3000 Puff,Disposable Vapes,350,4,999.0,2026-01-03,1
Zero Nicotine 30ml,E-Liquids,100,4,249.0,2026-01-04,1
E-Liquid 30ml,E-Liquids,120,8,299.0,2026-01-04,1
Replacement Pods (4-Pack),Pod Systems,200,4,599.0,2026-01-04,1
Advanced Mod,Premium Devices,1800,7,2999.0,2026-01-07,1
Pod System Kit,Pod Systems,800,3,1499.0,2026-01-07,1
Battery Charger,Accessories,250,4,599.0,2026-01-07,1
E-Liquid 100ml Bulk,E-Liquids,300,5,699.0,2026-01-12,1
Max 3000 Puff,Disposable Vapes,350,7,999.0,2026-01-12,1
Advanced Mod,Premium Devices,1800,6,2999.0,2026-01-13,1
Coil Pack (10 pcs),Accessories,200,6,499.0,2026-01-13,1
Battery Charger,Accessories,250,3,599.0,2026-01-13,1
E-Liquid 100ml Bulk,E-Liquids,300,4,699.0,2026-01-13,1
Coil Pack (10 pcs),Accessories,200,4,499.0,2026-01-14,1
E-Liquid 100ml Bulk,E-Liquids,300,6,699.0,2026-01-14,1
High Strength 50mg 30ml,E-Liquids,150,5,399.0,2026-01-16,1
Premium 2000 Puff,Disposable Vapes,280,6,799.0,2026-01-16,1
Max 3000 Puff,Disposable Vapes,350,6,999.0,2026-01-16,1
Tank Glass Replacement,Accessories,150,3,399.0,2026-01-18,1
Battery Charger,Accessories,250,1,599.0,2026-01-18,1
Tropical Mix 500 Puff,Disposable Vapes,150,5,399.0,2026-01-18,1
Advanced Pod Kit,Pod Systems,1200,1,1999.0,2026-01-18,93
Pod System Kit,Pod Systems,800,2,1499.0,2026-01-18,1
Advanced Pod Kit,Pod Systems,1200,3,1999.0,2026-01-20,90
E-Liquid 60ml Premium,E-Liquids,200,8,499.0,2026-01-20,1
Advanced Mod,Premium Devices,1800,4,2999.0,2026-01-20,1
Pod System Kit,Pod Systems,800,5,1499.0,2026-01-21,1
Tropical Mix 500 Puff,Disposable Vapes,150,18,399.0,2026-01-21,1
E-Liquid 60ml Premium,E-Liquids,200,8,499.0,2026-01-22,1
Lite 200 Puff,Disposable Vapes,100,20,249.0,2026-01-22,1
E-Liquid 30ml,E-Liquids,120,11,299.0,2026-01-22,1
Max 3000 Puff,Disposable Vapes,350,6,999.0,2026-01-22,1
Pod System Kit,Pod Systems,800,5,1499.0,2026-01-22,1
Lite 200 Puff,Disposable Vapes,100,14,249.0,2026-01-23,1
Advanced Mod,Premium Devices,1800,5,2999.0,2026-01-23,1
E-Liquid 30ml,E-Liquids,120,13,299.0,2026-01-23,1
E-Liquid 100ml Bulk,E-Liquids,300,5,699.0,2026-01-26,1
Premium 2000 Puff,Disposable Vapes,280,6,799.0,2026-01-26,1
Tropical Mix 500 Puff,Disposable Vapes,150,14,399.0,2026-01-26,1
Temperature Control Device,Premium Devices,3000,2,4999.0,2026-01-26,20
Coil Pack (10 pcs),Accessories,200,4,499.0,2026-01-27,1
Pod System Kit,Pod Systems,800,5,1499.0,2026-01-27,1
Premium 2000 Puff,Disposable Vapes,280,10,799.0,2026-01-27,1
Compact Pod Kit,Pod Systems,600,3,1199.0,2026-01-31,1
Tropical Mix 500 Puff,Disposable Vapes,150,6,399.0,2026-01-31,1
Max 3000 Puff,Disposable Vapes,350,5,999.0,2026-01-31,1
Replacement Pods (4-Pack),Pod Systems,200,4,599.0,2026-01-31,1
Professional Starter Kit,Premium Devices,1500,1,2499.0,2026-01-31,194
Battery Charger,Accessories,250,1,599.0,2026-02-01,1
Coil Pack (10 pcs),Accessories,200,1,499.0,2026-02-01,1
High Strength 50mg 30ml,E-Liquids,150,5,399.0,2026-02-03,1
Advanced Pod Kit,Pod Systems,1200,2,1999.0,2026-02-03,88
Replacement Pods (4-Pack),Pod Systems,200,6,599.0,2026-02-03,1
Advanced Mod,Premium Devices,1800,4,2999.0,2026-02-03,1
Temperature Control Device,Premium Devices,3000,1,4999.0,2026-02-03,19
Professional Starter Kit,Premium Devices,1500,2,2499.0,2026-02-04,192
Compact Pod Kit,Pod Systems,600,4,1199.0,2026-02-04,1
Lite 200 Puff,Disposable Vapes,100,19,249.0,2026-02-04,1
Advanced Pod Kit,Pod Systems,1200,2,1999.0,2026-02-06,86
Tropical Mix 500 Puff,Disposable Vapes,150,14,399.0,2026-02-06,1
Premium 2000 Puff,Disposable Vapes,280,8,799.0,2026-02-06,1
High Strength 50mg 30ml,E-Liquids,150,2,399.0,2026-02-08,1
Tropical Mix 500 Puff,Disposable Vapes,150,5,399.0,2026-02-08,1
Advanced Pod Kit,Pod Systems,1200,1,1999.0,2026-02-08,85
Professional Starter Kit,Premium Devices,1500,1,2499.0,2026-02-08,191
Battery 18650,Accessories,80,10,249.0,2026-02-09,1
Replacement Pods (4-Pack),Pod Systems,200,5,599.0,2026-02-09,1
Compact Pod Kit,Pod Systems,600,7,1199.0,2026-02-09,1
High Strength 50mg 30ml,E-Liquids,150,5,399.0,2026-02-09,1
Tropical Mix 500 Puff,Disposable Vapes,150,14,399.0,2026-02-09,1
Tank Glass Replacement,Accessories,150,5,399.0,2026-02-10,1
High Strength 50mg 30ml,E-Liquids,150,4,399.0,2026-02-10,1
Battery 18650,Accessories,80,8,249.0,2026-02-10,1
