product_name,quantity_sold,sale_price,sale_date
Pod Kit,14,67.96,2023-02-14
Drip Tips,2,35.84,2023-02-14
Drip Tips,5,21.25,2023-02-14
Tank Glass,10,10.66,2023-02-14
Charger,5,17.29,2023-02-14
Battery 18650,3,19.51,2023-02-14
Battery 18650,2,26.11,2023-02-14
Batteries,9,35.99,2023-02-14
Cotton Wicking,19,43.13,2023-02-14
Replacement Coils,9,6.31,2023-02-14
Nicotine Pods,16,75.52,2023-02-14
Battery 18650,2,16.15,2023-02-14
Zero Nicotine 30ml,8,33.1,2023-02-14
E-Liquid Premium,20,41.41,2023-02-14
Vape Juice 60ml,13,48.02,2023-02-14
Vape Juice 30ml,15,52.01,2023-02-14
Atomizers,5,58.2,2023-02-14
Atomizers,7,36.01,2023-02-14
Tanks,9,61.58,2023-02-14
Starter Kit,5,25.27,2023-02-14
Vape Mod XL,5,47.85,2023-02-14
Vape Mod XL,6,58.23,2023-02-14
Zero Nicotine 30ml,8,9.37,2023-02-14
Batteries,9,44.17,2023-02-15
Battery 18650,5,24.67,2023-02-15
Battery 18650,5,18.52,2023-02-15
Battery 18650,3,25.55,2023-02-15
Chargers,12,28.37,2023-02-15
Drip Tips,5,18.38,2023-02-15
Charger,1,16.48,2023-02-15
Tank Glass,7,15.98,2023-02-15
Tank Glass,3,29.17,2023-02-15
Batteries,8,58.01,2023-02-15
Charger,4,10.26,2023-02-15
Cotton Wicking,15,42.19,2023-02-15
Vape Juice 60ml,6,37.0,2023-02-15
Nicotine Pods,10,34.24,2023-02-15
Replacement Coils,9,20.89,2023-02-15
Pod Kit,18,60.98,2023-02-15
Starter Kit,5,38.09,2023-02-15
Tanks,9,37.04,2023-02-15
Atomizers,5,74.08,2023-02-15
Atomizers,2,47.26,2023-02-15
Vape Juice 60ml,6,32.96,2023-02-15
E-Liquid Premium,20,36.52,2023-02-15
Zero Nicotine 30ml,8,5.0,2023-02-15
Zero Nicotine 30ml,6,30.74,2023-02-15
Atomizers,4,55.17,2023-02-15
Battery 18650,8,25.95,2023-02-16
Cotton Wicking,5,64.13,2023-02-16
Batteries,16,36.96,2023-02-16
Battery 18650,7,19.78,2023-02-16
Chargers,10,40.81,2023-02-16
Drip Tips,4,25.0,2023-02-16
Charger,1,23.01,2023-02-16
Tank Glass,7,5.0,2023-02-16
Drip Tips,3,33.25,2023-02-16
Drip Tips,1,38.43,2023-02-16
Cotton Wicking,5,35.01,2023-02-16
Charger,4,17.23,2023-02-16
Replacement Coils,11,13.0,2023-02-16
E-Liquid Premium,13,71.36,2023-02-16
Zero Nicotine 30ml,7,41.78,2023-02-16
Starter Kit,7,32.37,2023-02-16
Tanks,13,60.87,2023-02-16
Atomizers,9,78.07,2023-02-16
Vape Juice 30ml,12,23.32,2023-02-16
Vape Juice 30ml,12,46.92,2023-02-16
Pod Kit,19,54.58,2023-02-16
E-Liquid Premium,11,47.22,2023-02-16
Zero Nicotine 30ml,3,35.74,2023-02-16
Zero Nicotine 30ml,4,24.93,2023-02-16
Vape Juice 60ml,19,33.44,2023-02-16
Nicotine Pods,16,52.11,2023-02-16
Drip Tips,3,17.65,2023-02-17
Replacement Coils,17,12.55,2023-02-17
Drip Tips,3,43.03,2023-02-17
Tank Glass,15,16.71,2023-02-17
Charger,9,21.11,2023-02-17
Chargers,12,31.98,2023-02-17
Battery 18650,6,22.1,2023-02-17
Battery 18650,6,23.68,2023-02-17
Batteries,17,21.72,2023-02-17
Cotton Wicking,12,61.66,2023-02-17
Cotton Wicking,10,40.55,2023-02-17
Nicotine Pods,9,14.05,2023-02-17
Zero Nicotine 30ml,18,15.33,2023-02-17
Nicotine Pods,8,16.12,2023-02-17
Pod Kit,21,35.07,2023-02-17
Vape Mod XL,8,35.16,2023-02-17
Starter Kit,11,44.96,2023-02-17
Tanks,16,63.83,2023-02-17
Vape Mod XL,7,47.87,2023-02-17
Vape Juice 30ml,29,51.52,2023-02-17
Vape Juice 60ml,12,24.61,2023-02-17
Vape Juice 60ml,10,41.78,2023-02-17
E-Liquid Premium,24,53.39,2023-02-17
Atomizers,16,57.85,2023-02-17
Batteries,9,32.97,2023-02-18
Cotton Wicking,25,56.38,2023-02-18
Batteries,8,62.67,2023-02-18
Batteries,6,41.29,2023-02-18
Battery 18650,14,20.0,2023-02-18
Drip Tips,4,32.6,2023-02-18
Charger,1,21.72,2023-02-18
Charger,3,17.1,2023-02-18
Tank Glass,10,24.56,2023-02-18
Drip Tips,5,24.36,2023-02-18
Nicotine Pods,25,49.77,2023-02-18
Chargers,13,53.79,2023-02-18
Zero Nicotine 30ml,8,47.94,2023-02-18
Tanks,6,45.66,2023-02-18
E-Liquid Premium,21,51.08,2023-02-18
Pod Kit,13,58.25,2023-02-18
Vape Mod XL,5,39.87,2023-02-18
Vape Mod XL,7,26.04,2023-02-18
Starter Kit,11,49.54,2023-02-18
Tanks,7,69.16,2023-02-18
Pod Kit,13,17.8,2023-02-18
Vape Juice 30ml,15,55.8,2023-02-18
Vape Juice 60ml,9,33.3,2023-02-18
Zero Nicotine 30ml,9,38.69,2023-02-18
Vape Juice 30ml,16,34.65,2023-02-18
Vape Juice 60ml,12,24.85,2023-02-18
Nicotine Pods,24,52.2,2023-02-19
Tank Glass,14,12.85,2023-02-19
Chargers,12,64.5,2023-02-19
Battery 18650,3,28.86,2023-02-19
Drip Tips,8,23.24,2023-02-19
Batteries,11,34.92,2023-02-19
Batteries,12,51.82,2023-02-19
Cotton Wicking,22,28.75,2023-02-19
Replacement Coils,7,28.4,2023-02-19
Replacement Coils,7,13.89,2023-02-19
Replacement Coils,8,23.35,2023-02-19
Battery 18650,4,19.19,2023-02-19
Zero Nicotine 30ml,10,38.29,2023-02-19
E-Liquid Premium,12,36.2,2023-02-19
E-Liquid Premium,11,41.66,2023-02-19
E-Liquid Premium,9,54.92,2023-02-19
Vape Juice 30ml,11,52.09,2023-02-19
Vape Juice 30ml,12,38.62,2023-02-19
Vape Juice 30ml,13,48.38,2023-02-19
Atomizers,18,68.74,2023-02-19
Starter Kit,10,29.44,2023-02-19
Vape Mod XL,11,58.0,2023-02-19
Pod Kit,26,52.29,2023-02-19
Zero Nicotine 30ml,12,48.17,2023-02-19
Replacement Coils,11,20.77,2023-02-20
Cotton Wicking,3,14.75,2023-02-20
Cotton Wicking,5,66.85,2023-02-20
Batteries,13,35.92,2023-02-20
Drip Tips,4,36.41,2023-02-20
Battery 18650,5,21.2,2023-02-20
Chargers,4,23.26,2023-02-20
Chargers,4,36.65,2023-02-20
Charger,7,16.44,2023-02-20
Battery 18650,6,12.09,2023-02-20
Zero Nicotine 30ml,12,36.98,2023-02-20
Nicotine Pods,13,12.91,2023-02-20
E-Liquid Premium,8,31.11,2023-02-20
Pod Kit,9,57.76,2023-02-20
Pod Kit,9,53.1,2023-02-20
Vape Mod XL,9,30.21,2023-02-20
Starter Kit,5,51.94,2023-02-20
E-Liquid Premium,11,52.49,2023-02-20
Atomizers,13,70.64,2023-02-20
Vape Juice 30ml,20,25.54,2023-02-20
Vape Juice 60ml,7,26.12,2023-02-20
Vape Juice 60ml,8,24.58,2023-02-20
Tanks,11,47.26,2023-02-20
Cotton Wicking,3,9.09,2023-02-21
Cotton Wicking,4,55.97,2023-02-21
Cotton Wicking,4,24.61,2023-02-21
Batteries,7,5.64,2023-02-21
Batteries,8,26.21,2023-02-21
Battery 18650,7,21.92,2023-02-21
Chargers,8,30.54,2023-02-21
Charger,4,14.4,2023-02-21
Charger,3,21.86,2023-02-21
Replacement Coils,13,7.67,2023-02-21
Drip Tips,6,30.94,2023-02-21
Drip Tips,6,29.47,2023-02-21
Chargers,9,56.0,2023-02-21
Tank Glass,7,15.94,2023-02-21
Nicotine Pods,12,30.59,2023-02-21
E-Liquid Premium,22,49.18,2023-02-21
Zero Nicotine 30ml,15,34.89,2023-02-21
Pod Kit,10,39.84,2023-02-21
Vape Mod XL,10,43.87,2023-02-21
Starter Kit,7,42.43,2023-02-21
Tanks,15,60.83,2023-02-21
Pod Kit,6,65.77,2023-02-21
Atomizers,7,57.91,2023-02-21
Vape Juice 30ml,26,41.74,2023-02-21
Vape Juice 60ml,4,38.42,2023-02-21
Vape Juice 60ml,8,18.04,2023-02-21
Vape Juice 60ml,8,38.79,2023-02-21
Atomizers,4,53.99,2023-02-21
Replacement Coils,9,12.35,2023-02-22
Drip Tips,8,17.67,2023-02-22
Tank Glass,8,18.83,2023-02-22
Charger,6,17.64,2023-02-22
Charger,6,18.38,2023-02-22
Battery 18650,11,21.06,2023-02-22
Batteries,15,39.45,2023-02-22
Cotton Wicking,8,30.39,2023-02-22
Cotton Wicking,9,24.1,2023-02-22
Nicotine Pods,20,33.68,2023-02-22
E-Liquid Premium,19,50.02,2023-02-22
Zero Nicotine 30ml,3,41.52,2023-02-22
Zero Nicotine 30ml,6,29.31,2023-02-22
Zero Nicotine 30ml,5,33.88,2023-02-22
Vape Juice 60ml,23,15.27,2023-02-22
Vape Juice 30ml,21,36.97,2023-02-22
Atomizers,9,40.32,2023-02-22
Starter Kit,5,32.88,2023-02-22
Vape Mod XL,10,90.27,2023-02-22
Pod Kit,19,46.8,2023-02-22
Battery 18650,4,19.79,2023-02-23
Battery 18650,7,14.11,2023-02-23
Chargers,6,50.65,2023-02-23
Chargers,7,65.42,2023-02-23
Drip Tips,5,31.71,2023-02-23
Charger,2,19.18,2023-02-23
Drip Tips,1,36.85,2023-02-23
Batteries,17,33.69,2023-02-23
Charger,1,23.61,2023-02-23
Replacement Coils,8,17.44,2023-02-23
Replacement Coils,5,11.76,2023-02-23
Zero Nicotine 30ml,9,25.9,2023-02-23
E-Liquid Premium,13,76.69,2023-02-23
E-Liquid Premium,17,41.13,2023-02-23
Vape Juice 30ml,33,53.19,2023-02-23
Atomizers,8,58.26,2023-02-23
Atomizers,8,54.48,2023-02-23
Tanks,18,72.25,2023-02-23
Starter Kit,6,35.54,2023-02-23
Vape Mod XL,12,46.02,2023-02-23
Zero Nicotine 30ml,6,27.69,2023-02-23
Zero Nicotine 30ml,9,30.85,2023-02-24
Replacement Coils,18,14.81,2023-02-24
Cotton Wicking,28,53.74,2023-02-24
Batteries,13,17.55,2023-02-24
Batteries,10,36.79,2023-02-24
Tank Glass,16,16.99,2023-02-24
Battery 18650,5,22.89,2023-02-24
Battery 18650,3,11.35,2023-02-24
Chargers,21,83.56,2023-02-24
Charger,11,7.64,2023-02-24
Battery 18650,4,19.71,2023-02-24
Zero Nicotine 30ml,6,41.3,2023-02-24
Nicotine Pods,18,65.39,2023-02-24
E-Liquid Premium,16,45.81,2023-02-24
Zero Nicotine 30ml,8,39.34,2023-02-24
Pod Kit,20,71.7,2023-02-24
Vape Mod XL,15,59.82,2023-02-24
Starter Kit,4,28.77,2023-02-24
Tanks,24,75.75,2023-02-24
Starter Kit,6,27.0,2023-02-24
Vape Juice 30ml,23,38.45,2023-02-24
Vape Juice 60ml,12,9.39,2023-02-24
Vape Juice 60ml,13,54.84,2023-02-24
E-Liquid Premium,17,77.61,2023-02-24
Atomizers,18,76.06,2023-02-24
Batteries,9,39.15,2023-02-25
Nicotine Pods,10,52.16,2023-02-25
Nicotine Pods,11,25.18,2023-02-25
Cotton Wicking,21,59.38,2023-02-25
Batteries,6,14.57,2023-02-25
Tank Glass,5,22.82,2023-02-25
Battery 18650,13,23.54,2023-02-25
Chargers,17,29.48,2023-02-25
Charger,9,18.69,2023-02-25
Tank Glass,5,16.57,2023-02-25
Drip Tips,14,51.37,2023-02-25
Batteries,10,34.1,2023-02-25
Zero Nicotine 30ml,24,20.1,2023-02-25
E-Liquid Premium,18,62.19,2023-02-25
Vape Juice 60ml,37,31.4,2023-02-25
E-Liquid Premium,19,72.69,2023-02-25
Vape Mod XL,4,63.02,2023-02-25
Vape Mod XL,6,40.97,2023-02-25
Vape Mod XL,6,84.8,2023-02-25
Starter Kit,11,40.46,2023-02-25
Pod Kit,33,66.35,2023-02-25
Tanks,5,70.11,2023-02-25
Tanks,4,49.29,2023-02-25
Atomizers,25,52.73,2023-02-25
Vape Juice 30ml,44,28.91,2023-02-25
Tanks,6,73.95,2023-02-25
Replacement Coils,10,14.73,2023-02-26
Drip Tips,5,39.57,2023-02-26
Drip Tips,2,31.14,2023-02-26
Tank Glass,19,31.18,2023-02-26
Chargers,23,53.85,2023-02-26
Batteries,28,21.5,2023-02-26
Cotton Wicking,33,39.81,2023-02-26
Replacement Coils,12,13.11,2023-02-26
Nicotine Pods,32,45.17,2023-02-26
Drip Tips,4,30.58,2023-02-26
Zero Nicotine 30ml,12,39.15,2023-02-26
Vape Mod XL,6,35.32,2023-02-26
Vape Mod XL,9,35.04,2023-02-26
Tanks,30,49.61,2023-02-26
Atomizers,18,65.73,2023-02-26
Zero Nicotine 30ml,15,47.21,2023-02-26
Vape Juice 30ml,19,34.9,2023-02-26
Vape Juice 60ml,36,23.45,2023-02-26
E-Liquid Premium,30,43.85,2023-02-26
Vape Juice 30ml,21,36.47,2023-02-26
Replacement Coils,14,22.63,2023-02-27
Drip Tips,4,27.75,2023-02-27
Drip Tips,4,36.84,2023-02-27
Tank Glass,10,12.44,2023-02-27
Charger,8,23.22,2023-02-27
Chargers,12,47.62,2023-02-27
Batteries,14,57.21,2023-02-27
Cotton Wicking,25,30.67,2023-02-27
Nicotine Pods,7,61.6,2023-02-27
Nicotine Pods,9,57.62,2023-02-27
E-Liquid Premium,11,61.49,2023-02-27
Vape Juice 30ml,33,67.0,2023-02-27
Atomizers,11,65.07,2023-02-27
Tanks,19,61.95,2023-02-27
Starter Kit,3,46.42,2023-02-27
Starter Kit,3,39.03,2023-02-27
Vape Mod XL,12,80.69,2023-02-27
Pod Kit,11,61.84,2023-02-27
Pod Kit,9,57.93,2023-02-27
E-Liquid Premium,14,56.5,2023-02-27
Zero Nicotine 30ml,11,42.49,2023-02-28
Zero Nicotine 30ml,9,37.42,2023-02-28
Nicotine Pods,19,29.28,2023-02-28
Replacement Coils,13,23.67,2023-02-28
Cotton Wicking,17,12.48,2023-02-28
Drip Tips,9,13.05,2023-02-28
Battery 18650,11,21.92,2023-02-28
Charger,10,22.88,2023-02-28
Tank Glass,13,18.86,2023-02-28
Batteries,18,7.1,2023-02-28
E-Liquid Premium,11,71.67,2023-02-28
Pod Kit,12,56.83,2023-02-28
E-Liquid Premium,11,73.67,2023-02-28
E-Liquid Premium,8,62.22,2023-02-28
Vape Mod XL,13,36.56,2023-02-28
Starter Kit,6,38.98,2023-02-28
Starter Kit,6,31.23,2023-02-28
Pod Kit,13,52.02,2023-02-28
Atomizers,9,33.14,2023-02-28
Atomizers,11,49.32,2023-02-28
Vape Juice 30ml,33,52.98,2023-02-28
Vape Juice 60ml,25,41.0,2023-02-28
Tanks,14,61.53,2023-02-28
Replacement Coils,2,18.71,2023-03-01
Tank Glass,10,16.84,2023-03-01
Drip Tips,10,20.7,2023-03-01
Charger,8,24.5,2023-03-01
Chargers,18,49.56,2023-03-01
Battery 18650,8,18.49,2023-03-01
Batteries,5,73.25,2023-03-01
Batteries,8,41.41,2023-03-01
Batteries,6,54.62,2023-03-01
Cotton Wicking,14,41.59,2023-03-01
Replacement Coils,6,12.2,2023-03-01
Starter Kit,5,28.75,2023-03-01
Nicotine Pods,20,57.44,2023-03-01
Vape Mod XL,8,44.57,2023-03-01
Starter Kit,6,28.69,2023-03-01
Tanks,17,83.2,2023-03-01
Atomizers,4,43.74,2023-03-01
Replacement Coils,6,21.42,2023-03-01
Vape Juice 30ml,13,50.96,2023-03-01
Vape Juice 30ml,15,51.9,2023-03-01
Vape Juice 60ml,16,50.19,2023-03-01
E-Liquid Premium,28,56.49,2023-03-01
Atomizers,5,53.29,2023-03-01
Nicotine Pods,26,61.0,2023-03-02
Replacement Coils,12,5.0,2023-03-02
Cotton Wicking,22,27.24,2023-03-02
Batteries,20,16.86,2023-03-02
Battery 18650,16,23.87,2023-03-02
Charger,10,14.32,2023-03-02
Tank Glass,1,18.88,2023-03-02
Tank Glass,1,12.4,2023-03-02
Zero Nicotine 30ml,8,39.17,2023-03-02
Drip Tips,11,29.84,2023-03-02
Chargers,18,56.46,2023-03-02
Tank Glass,3,16.24,2023-03-02
Zero Nicotine 30ml,6,34.12,2023-03-02
Vape Juice 60ml,15,28.23,2023-03-02
Vape Juice 30ml,28,63.98,2023-03-02
Atomizers,14,44.78,2023-03-02
Tanks,25,49.12,2023-03-02
Starter Kit,11,31.8,2023-03-02
Vape Mod XL,4,45.63,2023-03-02
Vape Mod XL,7,29.68,2023-03-02
Vape Mod XL,4,66.85,2023-03-02
Pod Kit,11,48.37,2023-03-02
Pod Kit,14,58.84,2023-03-02
Vape Juice 60ml,11,27.15,2023-03-02
Cotton Wicking,15,56.03,2023-03-03
Cotton Wicking,14,29.98,2023-03-03
Batteries,27,47.54,2023-03-03
Battery 18650,16,19.56,2023-03-03
Replacement Coils,18,19.0,2023-03-03
Charger,7,21.36,2023-03-03
Charger,4,20.33,2023-03-03
Tank Glass,20,13.27,2023-03-03
Chargers,22,53.41,2023-03-03
Nicotine Pods,5,39.73,2023-03-03
Nicotine Pods,8,23.51,2023-03-03
Nicotine Pods,7,60.78,2023-03-03
Vape Mod XL,11,29.74,2023-03-03
Starter Kit,12,41.62,2023-03-03
Tanks,22,68.34,2023-03-03
Vape Juice 30ml,50,64.01,2023-03-03
Pod Kit,23,47.46,2023-03-03
Vape Juice 60ml,17,30.73,2023-03-03
E-Liquid Premium,33,51.07,2023-03-03
Zero Nicotine 30ml,21,34.42,2023-03-03
Vape Juice 60ml,19,39.65,2023-03-03
Batteries,28,9.75,2023-03-04
Drip Tips,11,39.79,2023-03-04
Tank Glass,6,12.84,2023-03-04
Tank Glass,3,16.38,2023-03-04
Tank Glass,4,24.08,2023-03-04
Charger,11,24.21,2023-03-04
Chargers,9,20.82,2023-03-04
Chargers,11,58.79,2023-03-04
Nicotine Pods,33,27.76,2023-03-04
Replacement Coils,16,18.47,2023-03-04
Vape Juice 60ml,39,10.84,2023-03-04
Vape Juice 30ml,10,24.51,2023-03-04
Vape Juice 30ml,11,46.57,2023-03-04
Vape Juice 30ml,10,55.12,2023-03-04
Atomizers,15,73.34,2023-03-04
Tanks,19,65.13,2023-03-04
Vape Mod XL,8,47.51,2023-03-04
Vape Mod XL,12,62.25,2023-03-04
E-Liquid Premium,31,71.98,2023-03-04
Zero Nicotine 30ml,11,36.34,2023-03-05
Nicotine Pods,13,34.27,2023-03-05
Nicotine Pods,13,12.91,2023-03-05
Cotton Wicking,13,37.36,2023-03-05
Batteries,17,49.68,2023-03-05
Battery 18650,4,19.71,2023-03-05
Tank Glass,6,26.4,2023-03-05
Chargers,9,61.34,2023-03-05
Chargers,9,43.34,2023-03-05
Tank Glass,7,5.0,2023-03-05
Drip Tips,15,30.61,2023-03-05
Battery 18650,4,21.69,2023-03-05
Zero Nicotine 30ml,13,42.2,2023-03-05
Cotton Wicking,11,22.22,2023-03-05
Vape Juice 60ml,12,46.79,2023-03-05
Pod Kit,13,38.61,2023-03-05
Pod Kit,14,53.11,2023-03-05
Vape Mod XL,13,71.19,2023-03-05
Starter Kit,10,38.4,2023-03-05
Tanks,11,61.74,2023-03-05
Pod Kit,13,50.68,2023-03-05
Atomizers,22,49.72,2023-03-05
Tanks,7,63.59,2023-03-05
Vape Juice 60ml,11,33.97,2023-03-05
E-Liquid Premium,44,46.7,2023-03-05
Vape Juice 30ml,22,46.9,2023-03-05
Vape Juice 30ml,18,50.72,2023-03-05
Zero Nicotine 30ml,4,38.67,2023-03-06
Drip Tips,3,25.86,2023-03-06
Tank Glass,9,15.31,2023-03-06
Charger,8,17.52,2023-03-06
Drip Tips,1,49.65,2023-03-06
Battery 18650,1,25.05,2023-03-06
Battery 18650,3,26.65,2023-03-06
Batteries,10,54.18,2023-03-06
Replacement Coils,3,32.56,2023-03-06
Replacement Coils,5,15.22,2023-03-06
Replacement Coils,4,26.18,2023-03-06
Nicotine Pods,19,46.2,2023-03-06
Chargers,8,19.68,2023-03-06
E-Liquid Premium,26,52.25,2023-03-06
Vape Juice 60ml,24,15.34,2023-03-06
Zero Nicotine 30ml,5,23.08,2023-03-06
Pod Kit,6,47.35,2023-03-06
Pod Kit,8,62.43,2023-03-06
Pod Kit,6,78.09,2023-03-06
Starter Kit,4,28.73,2023-03-06
Vape Mod XL,10,60.78,2023-03-06
Starter Kit,1,13.5,2023-03-06
Tanks,13,62.95,2023-03-06
Atomizers,11,42.41,2023-03-06
Vape Juice 30ml,11,43.61,2023-03-06
Vape Juice 30ml,13,31.84,2023-03-06
Starter Kit,1,21.95,2023-03-06
Cotton Wicking,14,13.5,2023-03-07
Nicotine Pods,13,41.17,2023-03-07
Replacement Coils,2,5.0,2023-03-07
Replacement Coils,6,14.08,2023-03-07
Battery 18650,9,19.79,2023-03-07
Zero Nicotine 30ml,17,43.64,2023-03-07
Charger,6,24.04,2023-03-07
Tank Glass,4,13.79,2023-03-07
Drip Tips,2,36.8,2023-03-07
Drip Tips,2,20.61,2023-03-07
Chargers,12,61.45,2023-03-07
E-Liquid Premium,6,46.5,2023-03-07
Tank Glass,3,5.0,2023-03-07
E-Liquid Premium,9,40.86,2023-03-07
E-Liquid Premium,5,45.54,2023-03-07
Pod Kit,21,56.24,2023-03-07
Vape Mod XL,6,65.22,2023-03-07
Vape Mod XL,6,42.34,2023-03-07
Starter Kit,3,36.13,2023-03-07
Starter Kit,1,23.06,2023-03-07
Batteries,13,43.92,2023-03-07
Vape Juice 60ml,23,34.99,2023-03-07
Tanks,10,52.61,2023-03-07
Tanks,10,72.87,2023-03-07
Atomizers,5,71.1,2023-03-07
Atomizers,8,65.55,2023-03-07
Vape Juice 30ml,23,56.6,2023-03-07
Drip Tips,5,23.29,2023-03-08
Drip Tips,2,38.92,2023-03-08
Tank Glass,7,7.69,2023-03-08
Chargers,4,58.57,2023-03-08
Chargers,5,43.67,2023-03-08
Chargers,3,71.62,2023-03-08
Replacement Coils,11,24.33,2023-03-08
Nicotine Pods,14,71.2,2023-03-08
Zero Nicotine 30ml,16,44.04,2023-03-08
Battery 18650,10,19.65,2023-03-08
E-Liquid Premium,14,60.16,2023-03-08
Vape Juice 60ml,18,29.61,2023-03-08
Atomizers,11,59.55,2023-03-08
Tanks,13,63.92,2023-03-08
Starter Kit,5,42.04,2023-03-08
Starter Kit,4,28.46,2023-03-08
Pod Kit,4,63.67,2023-03-08
Pod Kit,6,61.75,2023-03-08
E-Liquid Premium,11,57.3,2023-03-08
Replacement Coils,7,13.73,2023-03-09
Replacement Coils,4,18.73,2023-03-09
Replacement Coils,4,23.3,2023-03-09
Cotton Wicking,17,36.44,2023-03-09
Battery 18650,10,21.79,2023-03-09
Charger,5,16.35,2023-03-09
Charger,3,15.69,2023-03-09
Charger,4,20.07,2023-03-09
Tank Glass,9,10.08,2023-03-09
Nicotine Pods,6,56.41,2023-03-09
Drip Tips,7,24.07,2023-03-09
Chargers,6,46.86,2023-03-09
Nicotine Pods,5,68.82,2023-03-09
Chargers,7,55.51,2023-03-09
Zero Nicotine 30ml,15,37.58,2023-03-09
Nicotine Pods,4,70.01,2023-03-09
Vape Mod XL,9,46.02,2023-03-09
Starter Kit,4,46.56,2023-03-09
Starter Kit,6,27.86,2023-03-09
Tanks,5,74.43,2023-03-09
Tanks,7,67.76,2023-03-09
Pod Kit,22,50.91,2023-03-09
Vape Juice 30ml,6,51.3,2023-03-09
Vape Juice 30ml,8,43.62,2023-03-09
Vape Juice 30ml,7,51.52,2023-03-09
Vape Juice 60ml,19,30.85,2023-03-09
E-Liquid Premium,28,56.57,2023-03-09
Atomizers,14,95.5,2023-03-09
Replacement Coils,7,6.13,2023-03-10
Replacement Coils,6,22.28,2023-03-10
Battery 18650,6,19.49,2023-03-10
Battery 18650,5,7.25,2023-03-10
Charger,5,28.75,2023-03-10
Chargers,16,66.02,2023-03-10
Charger,5,18.83,2023-03-10
Tank Glass,12,16.85,2023-03-10
Drip Tips,7,30.43,2023-03-10
Zero Nicotine 30ml,14,27.62,2023-03-10
Battery 18650,2,16.57,2023-03-10
E-Liquid Premium,12,55.56,2023-03-10
Batteries,15,67.69,2023-03-10
Vape Juice 60ml,8,39.06,2023-03-10
E-Liquid Premium,10,64.35,2023-03-10
Pod Kit,18,65.26,2023-03-10
Vape Mod XL,7,67.43,2023-03-10
Starter Kit,11,43.45,2023-03-10
Tanks,4,59.2,2023-03-10
Vape Mod XL,5,36.28,2023-03-10
Tanks,7,39.48,2023-03-10
Atomizers,12,50.28,2023-03-10
Vape Juice 30ml,12,58.01,2023-03-10
Vape Juice 30ml,11,47.45,2023-03-10
Vape Juice 60ml,11,16.62,2023-03-10
Tanks,5,51.14,2023-03-10
Batteries,15,49.74,2023-03-11
Drip Tips,6,24.2,2023-03-11
Drip Tips,6,8.55,2023-03-11
Tank Glass,5,12.99,2023-03-11
Tank Glass,8,13.21,2023-03-11
Charger,6,18.8,2023-03-11
Chargers,15,41.26,2023-03-11
Battery 18650,13,24.39,2023-03-11
Cotton Wicking,17,41.19,2023-03-11
Vape Juice 60ml,23,26.26,2023-03-11
Nicotine Pods,11,7.4,2023-03-11
Nicotine Pods,11,43.76,2023-03-11
Zero Nicotine 30ml,7,13.13,2023-03-11
Zero Nicotine 30ml,8,24.5,2023-03-11
Tanks,19,63.36,2023-03-11
Starter Kit,8,40.38,2023-03-11
Vape Mod XL,14,79.69,2023-03-11
Pod Kit,28,66.6,2023-03-11
Replacement Coils,10,14.61,2023-03-11
Battery 18650,12,6.18,2023-03-12
Chargers,5,30.02,2023-03-12
Chargers,8,22.39,2023-03-12
Charger,10,17.67,2023-03-12
Vape Juice 30ml,32,42.71,2023-03-12
Tank Glass,9,12.13,2023-03-12
Drip Tips,3,32.98,2023-03-12
Drip Tips,3,30.33,2023-03-12
Batteries,6,42.33,2023-03-12
Tank Glass,9,5.0,2023-03-12
Batteries,3,29.67,2023-03-12
Pod Kit,17,57.23,2023-03-12
Replacement Coils,7,16.8,2023-03-12
Vape Mod XL,14,40.82,2023-03-12
Starter Kit,6,53.4,2023-03-12
Tanks,22,24.84,2023-03-12
Batteries,4,17.17,2023-03-12
Zero Nicotine 30ml,18,35.76,2023-03-12
Nicotine Pods,26,66.31,2023-03-12
Replacement Coils,8,18.87,2023-03-12
Vape Juice 60ml,22,44.38,2023-03-12
Drip Tips,8,14.86,2023-03-13
Tank Glass,5,9.12,2023-03-13
Tank Glass,1,26.48,2023-03-13
Chargers,5,50.01,2023-03-13
Chargers,6,49.93,2023-03-13
Battery 18650,4,19.04,2023-03-13
Battery 18650,2,14.85,2023-03-13
Batteries,11,24.49,2023-03-13
Cotton Wicking,5,66.03,2023-03-13
Cotton Wicking,3,30.93,2023-03-13
Replacement Coils,13,21.43,2023-03-13
Nicotine Pods,6,52.48,2023-03-13
Cotton Wicking,4,6.9,2023-03-13
Zero Nicotine 30ml,12,38.37,2023-03-13
Pod Kit,20,42.91,2023-03-13
Nicotine Pods,7,23.32,2023-03-13
Vape Mod XL,7,40.92,2023-03-13
Starter Kit,6,45.36,2023-03-13
Tanks,3,63.1,2023-03-13
Vape Mod XL,6,71.21,2023-03-13
Atomizers,9,55.32,2023-03-13
Vape Juice 30ml,24,57.58,2023-03-13
Vape Juice 60ml,17,22.96,2023-03-13
E-Liquid Premium,17,42.99,2023-03-13
Tanks,4,52.84,2023-03-13
E-Liquid Premium,22,39.2,2023-03-14
Charger,5,19.22,2023-03-14
Chargers,10,40.52,2023-03-14
Battery 18650,9,30.35,2023-03-14
Batteries,15,30.57,2023-03-14
Cotton Wicking,17,45.71,2023-03-14
Drip Tips,5,33.88,2023-03-14
Nicotine Pods,5,29.4,2023-03-14
Nicotine Pods,5,72.04,2023-03-14
Vape Juice 60ml,11,43.64,2023-03-14
Replacement Coils,11,12.92,2023-03-14
Vape Juice 30ml,8,42.44,2023-03-14
Vape Juice 60ml,11,33.01,2023-03-14
Pod Kit,17,59.4,2023-03-14
Vape Mod XL,4,60.35,2023-03-14
Vape Mod XL,3,64.42,2023-03-14
Starter Kit,4,19.82,2023-03-14
Zero Nicotine 30ml,9,29.06,2023-03-14
Tanks,14,72.27,2023-03-14
Atomizers,7,62.81,2023-03-14
Atomizers,6,67.67,2023-03-14
Starter Kit,3,35.03,2023-03-14
Vape Juice 30ml,8,54.56,2023-03-14
Drip Tips,8,19.54,2023-03-15
Tank Glass,5,23.72,2023-03-15
Tank Glass,2,19.89,2023-03-15
Charger,8,20.86,2023-03-15
Chargers,8,48.76,2023-03-15
Battery 18650,4,27.36,2023-03-15
Battery 18650,3,13.54,2023-03-15
Batteries,2,41.82,2023-03-15
Cotton Wicking,18,45.47,2023-03-15
Replacement Coils,2,33.97,2023-03-15
Nicotine Pods,6,37.86,2023-03-15
Batteries,2,24.88,2023-03-15
Zero Nicotine 30ml,15,26.19,2023-03-15
Nicotine Pods,8,66.57,2023-03-15
Vape Mod XL,9,32.43,2023-03-15
Starter Kit,5,14.75,2023-03-15
Tanks,5,62.29,2023-03-15
Tanks,4,39.07,2023-03-15
Replacement Coils,5,25.07,2023-03-15
Atomizers,10,35.97,2023-03-15
Vape Juice 30ml,17,62.12,2023-03-15
Vape Juice 60ml,16,25.46,2023-03-15
E-Liquid Premium,24,52.13,2023-03-15
Tanks,2,73.94,2023-03-15
Cotton Wicking,13,49.89,2023-03-16
Batteries,3,12.79,2023-03-16
Batteries,3,40.46,2023-03-16
Battery 18650,4,13.38,2023-03-16
Battery 18650,4,15.04,2023-03-16
Battery 18650,2,19.16,2023-03-16
Charger,9,15.73,2023-03-16
Chargers,4,61.94,2023-03-16
Tank Glass,2,15.51,2023-03-16
Tank Glass,1,22.51,2023-03-16
Drip Tips,3,34.13,2023-03-16
Replacement Coils,5,21.02,2023-03-16
Drip Tips,4,44.35,2023-03-16
Chargers,6,47.39,2023-03-16
Drip Tips,3,26.03,2023-03-16
Nicotine Pods,15,23.64,2023-03-16
Zero Nicotine 30ml,9,28.55,2023-03-16
Replacement Coils,3,30.95,2023-03-16
Vape Mod XL,11,22.74,2023-03-16
Starter Kit,8,39.67,2023-03-16
Tanks,16,45.21,2023-03-16
Atomizers,11,65.09,2023-03-16
Vape Juice 30ml,10,55.43,2023-03-16
Pod Kit,21,52.42,2023-03-16
Vape Juice 30ml,11,48.85,2023-03-16
Vape Juice 60ml,25,43.45,2023-03-16
E-Liquid Premium,10,73.55,2023-03-16
E-Liquid Premium,10,51.79,2023-03-16
E-Liquid Premium,10,41.96,2023-03-16
Zero Nicotine 30ml,9,28.0,2023-03-16
Vape Juice 30ml,9,55.02,2023-03-16
Batteries,14,5.0,2023-03-17
Battery 18650,4,24.81,2023-03-17
Battery 18650,3,21.83,2023-03-17
Battery 18650,4,18.18,2023-03-17
Chargers,10,31.78,2023-03-17
Tank Glass,11,6.43,2023-03-17
Charger,7,24.29,2023-03-17
Drip Tips,3,15.86,2023-03-17
Drip Tips,4,28.97,2023-03-17
Replacement Coils,12,16.24,2023-03-17
Chargers,7,35.3,2023-03-17
Nicotine Pods,7,45.4,2023-03-17
Nicotine Pods,8,10.3,2023-03-17
Starter Kit,8,37.46,2023-03-17
Zero Nicotine 30ml,17,5.0,2023-03-17
E-Liquid Premium,30,48.13,2023-03-17
Vape Juice 60ml,13,48.38,2023-03-17
Vape Juice 60ml,12,28.94,2023-03-17
Vape Juice 30ml,22,33.83,2023-03-17
Atomizers,17,54.79,2023-03-17
Tanks,14,56.35,2023-03-17
Vape Mod XL,3,28.66,2023-03-17
Vape Mod XL,4,51.69,2023-03-17
Pod Kit,23,57.17,2023-03-17
Nicotine Pods,5,48.88,2023-03-17
Cotton Wicking,12,12.74,2023-03-18
Cotton Wicking,12,5.0,2023-03-18
Nicotine Pods,12,64.64,2023-03-18
Batteries,20,77.07,2023-03-18
Replacement Coils,19,16.54,2023-03-18
Drip Tips,10,35.11,2023-03-18
Tank Glass,12,13.86,2023-03-18
Battery 18650,7,17.04,2023-03-18
Chargers,5,49.28,2023-03-18
Chargers,3,37.28,2023-03-18
Chargers,2,36.14,2023-03-18
Charger,8,22.22,2023-03-18
Battery 18650,5,20.66,2023-03-18
Nicotine Pods,10,44.11,2023-03-18
Vape Juice 60ml,8,46.11,2023-03-18
Zero Nicotine 30ml,11,26.32,2023-03-18
Zero Nicotine 30ml,10,30.15,2023-03-18
Pod Kit,7,50.58,2023-03-18
Vape Mod XL,14,48.45,2023-03-18
Starter Kit,9,27.03,2023-03-18
Tanks,16,73.54,2023-03-18
Atomizers,17,70.65,2023-03-18
Pod Kit,11,59.23,2023-03-18
Vape Juice 60ml,9,34.4,2023-03-18
Vape Juice 60ml,11,26.66,2023-03-18
E-Liquid Premium,7,56.39,2023-03-18
E-Liquid Premium,8,34.64,2023-03-18
E-Liquid Premium,8,46.83,2023-03-18
Vape Juice 30ml,36,37.98,2023-03-18
Nicotine Pods,14,51.83,2023-03-19
Replacement Coils,11,29.66,2023-03-19
Cotton Wicking,20,5.0,2023-03-19
Batteries,18,44.58,2023-03-19
Battery 18650,6,10.28,2023-03-19
Chargers,16,63.66,2023-03-19
Charger,10,24.11,2023-03-19
Tank Glass,9,14.23,2023-03-19
Nicotine Pods,12,55.64,2023-03-19
Battery 18650,3,22.11,2023-03-19
Zero Nicotine 30ml,18,47.51,2023-03-19
Vape Juice 30ml,35,40.57,2023-03-19
E-Liquid Premium,15,47.03,2023-03-19
Vape Juice 60ml,9,39.58,2023-03-19
Vape Juice 60ml,6,22.59,2023-03-19
Vape Juice 60ml,6,38.47,2023-03-19
Tanks,8,62.58,2023-03-19
Tanks,8,45.74,2023-03-19
Vape Mod XL,8,37.68,2023-03-19
Pod Kit,6,50.9,2023-03-19
Pod Kit,6,49.17,2023-03-19
E-Liquid Premium,17,72.32,2023-03-19
Batteries,4,34.36,2023-03-20
Batteries,2,36.85,2023-03-20
Batteries,6,31.67,2023-03-20
Battery 18650,2,22.64,2023-03-20
Cotton Wicking,18,13.98,2023-03-20
Battery 18650,1,19.21,2023-03-20
Chargers,10,39.98,2023-03-20
Tank Glass,10,15.27,2023-03-20
Drip Tips,6,29.13,2023-03-20
Battery 18650,1,19.11,2023-03-20
Replacement Coils,10,18.93,2023-03-20
Charger,7,15.51,2023-03-20
Nicotine Pods,6,47.8,2023-03-20
Pod Kit,14,66.12,2023-03-20
Nicotine Pods,7,47.34,2023-03-20
Vape Mod XL,1,32.5,2023-03-20
Vape Mod XL,4,66.86,2023-03-20
Tanks,13,51.75,2023-03-20
Vape Mod XL,4,69.33,2023-03-20
Vape Juice 30ml,15,47.5,2023-03-20
Vape Juice 30ml,15,37.17,2023-03-20
Vape Juice 60ml,16,33.48,2023-03-20
E-Liquid Premium,17,53.47,2023-03-20
Atomizers,8,58.75,2023-03-20
E-Liquid Premium,5,38.74,2023-03-21
Charger,5,16.98,2023-03-21
Chargers,13,9.76,2023-03-21
Batteries,13,50.65,2023-03-21
Cotton Wicking,9,17.65,2023-03-21
Cotton Wicking,9,37.93,2023-03-21
Nicotine Pods,17,60.73,2023-03-21
E-Liquid Premium,8,37.75,2023-03-21
E-Liquid Premium,6,68.58,2023-03-21
Tank Glass,11,11.76,2023-03-21
Vape Juice 60ml,9,42.18,2023-03-21
Pod Kit,13,76.87,2023-03-21
Vape Mod XL,4,54.03,2023-03-21
Vape Mod XL,6,44.12,2023-03-21
Starter Kit,5,35.95,2023-03-21
Vape Juice 60ml,9,48.54,2023-03-21
Tanks,9,66.57,2023-03-21
Atomizers,9,48.8,2023-03-21
Vape Juice 30ml,21,57.97,2023-03-21
Tanks,9,60.74,2023-03-21
Cotton Wicking,13,39.94,2023-03-22
Drip Tips,4,39.25,2023-03-22
Tank Glass,7,10.72,2023-03-22
Charger,3,12.67,2023-03-22
Charger,3,22.75,2023-03-22
Chargers,7,46.89,2023-03-22
Chargers,8,29.94,2023-03-22
Batteries,13,32.81,2023-03-22
Drip Tips,5,29.06,2023-03-22
Replacement Coils,14,23.92,2023-03-22
E-Liquid Premium,11,20.61,2023-03-22
E-Liquid Premium,11,49.29,2023-03-22
Vape Juice 60ml,24,41.6,2023-03-22
Atomizers,14,81.66,2023-03-22
Tanks,12,72.13,2023-03-22
Starter Kit,6,36.69,2023-03-22
Vape Mod XL,2,34.49,2023-03-22
Vape Mod XL,2,54.87,2023-03-22
Pod Kit,17,67.62,2023-03-22
Nicotine Pods,13,73.07,2023-03-22
Replacement Coils,10,25.37,2023-03-23
Batteries,7,62.82,2023-03-23
Batteries,4,21.87,2023-03-23
Battery 18650,10,20.84,2023-03-23
Charger,3,22.84,2023-03-23
Drip Tips,5,16.76,2023-03-23
Tank Glass,3,28.8,2023-03-23
Tank Glass,5,15.41,2023-03-23
Drip Tips,5,27.35,2023-03-23
Nicotine Pods,15,108.9,2023-03-23
Charger,4,14.05,2023-03-23
E-Liquid Premium,14,50.56,2023-03-23
Starter Kit,10,19.37,2023-03-23
Vape Juice 60ml,24,40.12,2023-03-23
Pod Kit,11,47.91,2023-03-23
Pod Kit,7,45.93,2023-03-23
Vape Mod XL,6,76.54,2023-03-23
Vape Mod XL,3,58.89,2023-03-23
E-Liquid Premium,13,54.41,2023-03-23
Tanks,6,57.3,2023-03-23
Tanks,3,59.84,2023-03-23
Atomizers,13,54.22,2023-03-23
Vape Juice 30ml,32,41.47,2023-03-23
Tanks,5,57.36,2023-03-23
Drip Tips,12,20.25,2023-03-24
Zero Nicotine 30ml,6,7.65,2023-03-24
Zero Nicotine 30ml,8,30.02,2023-03-24
Replacement Coils,19,10.0,2023-03-24
Cotton Wicking,14,22.88,2023-03-24
Cotton Wicking,12,8.7,2023-03-24
Chargers,12,50.19,2023-03-24
Chargers,12,31.06,2023-03-24
Charger,12,21.21,2023-03-24
Tank Glass,9,16.9,2023-03-24
Zero Nicotine 30ml,5,44.31,2023-03-24
Batteries,18,39.85,2023-03-24
Tank Glass,7,19.68,2023-03-24
E-Liquid Premium,15,69.57,2023-03-24
Vape Juice 60ml,10,40.49,2023-03-24
E-Liquid Premium,12,30.75,2023-03-24
Vape Mod XL,12,50.43,2023-03-24
Starter Kit,8,33.92,2023-03-24
Tanks,10,60.42,2023-03-24
Tanks,11,41.78,2023-03-24
Pod Kit,31,42.7,2023-03-24
Vape Juice 30ml,10,27.43,2023-03-24
Vape Juice 30ml,10,54.11,2023-03-24
Vape Juice 30ml,9,68.65,2023-03-24
Vape Juice 60ml,11,52.28,2023-03-24
Vape Juice 60ml,11,42.38,2023-03-24
Atomizers,12,43.98,2023-03-24
Batteries,29,15.57,2023-03-25
Battery 18650,12,22.25,2023-03-25
Chargers,6,35.75,2023-03-25
Chargers,6,17.8,2023-03-25
Tank Glass,8,26.18,2023-03-25
Charger,14,13.88,2023-03-25
Tank Glass,5,19.33,2023-03-25
Drip Tips,14,26.21,2023-03-25
Replacement Coils,7,24.51,2023-03-25
Chargers,6,36.93,2023-03-25
Replacement Coils,7,28.51,2023-03-25
Vape Mod XL,10,71.11,2023-03-25
Nicotine Pods,14,42.71,2023-03-25
Zero Nicotine 30ml,17,21.74,2023-03-25
E-Liquid Premium,34,62.37,2023-03-25
Vape Juice 60ml,27,37.9,2023-03-25
Vape Juice 30ml,44,53.55,2023-03-25
Atomizers,18,45.51,2023-03-25
Starter Kit,15,30.1,2023-03-25
Nicotine Pods,14,71.2,2023-03-25
Vape Mod XL,9,46.04,2023-03-25
Pod Kit,38,51.46,2023-03-25
Replacement Coils,11,26.81,2023-03-26
Cotton Wicking,35,5.0,2023-03-26
Batteries,19,29.99,2023-03-26
Battery 18650,14,21.13,2023-03-26
Chargers,15,27.33,2023-03-26
Drip Tips,4,21.89,2023-03-26
Charger,5,19.52,2023-03-26
Tank Glass,20,5.31,2023-03-26
Drip Tips,5,49.14,2023-03-26
Replacement Coils,12,29.13,2023-03-26
Charger,5,19.65,2023-03-26
Nicotine Pods,21,73.46,2023-03-26
Zero Nicotine 30ml,19,8.96,2023-03-26
E-Liquid Premium,44,62.24,2023-03-26
Vape Mod XL,8,74.25,2023-03-26
Vape Mod XL,9,31.59,2023-03-26
Starter Kit,5,45.87,2023-03-26
Starter Kit,7,51.62,2023-03-26
Tanks,28,62.45,2023-03-26
Pod Kit,35,55.38,2023-03-26
Vape Juice 30ml,23,26.0,2023-03-26
Vape Juice 30ml,20,36.3,2023-03-26
Vape Juice 60ml,14,20.44,2023-03-26
Vape Juice 60ml,13,20.66,2023-03-26
Atomizers,14,55.37,2023-03-26
Nicotine Pods,16,31.22,2023-03-27
Tank Glass,6,5.0,2023-03-27
Tank Glass,5,9.12,2023-03-27
Charger,3,23.4,2023-03-27
Charger,6,22.54,2023-03-27
Chargers,7,38.04,2023-03-27
Chargers,8,44.66,2023-03-27
Battery 18650,13,19.15,2023-03-27
Cotton Wicking,23,46.89,2023-03-27
Drip Tips,7,26.55,2023-03-27
Zero Nicotine 30ml,10,34.45,2023-03-27
Replacement Coils,16,22.0,2023-03-27
E-Liquid Premium,24,50.46,2023-03-27
Pod Kit,19,63.14,2023-03-27
Starter Kit,1,24.92,2023-03-27
Starter Kit,3,37.84,2023-03-27
Starter Kit,1,37.6,2023-03-27
Zero Nicotine 30ml,10,30.19,2023-03-27
Tanks,3,69.68,2023-03-27
Tanks,3,74.82,2023-03-27
Atomizers,13,23.59,2023-03-27
Vape Juice 30ml,37,53.61,2023-03-27
Tanks,2,68.53,2023-03-27
Replacement Coils,16,20.23,2023-03-28
Cotton Wicking,21,55.29,2023-03-28
Batteries,12,40.39,2023-03-28
Battery 18650,6,20.0,2023-03-28
Battery 18650,4,14.46,2023-03-28
Chargers,2,32.71,2023-03-28
Chargers,4,40.08,2023-03-28
Chargers,5,43.57,2023-03-28
Nicotine Pods,14,44.88,2023-03-28
Drip Tips,10,30.59,2023-03-28
Battery 18650,2,25.27,2023-03-28
Tank Glass,9,18.93,2023-03-28
Zero Nicotine 30ml,6,44.19,2023-03-28
E-Liquid Premium,24,65.61,2023-03-28
Zero Nicotine 30ml,7,35.45,2023-03-28
Pod Kit,12,57.47,2023-03-28
Pod Kit,12,76.86,2023-03-28
Vape Mod XL,7,56.31,2023-03-28
Starter Kit,7,20.95,2023-03-28
Vape Mod XL,9,63.0,2023-03-28
Tanks,15,62.43,2023-03-28
Atomizers,12,87.87,2023-03-28
Vape Juice 30ml,26,31.84,2023-03-28
Vape Juice 60ml,13,33.37,2023-03-28
Vape Juice 60ml,12,35.75,2023-03-28
Starter Kit,5,28.69,2023-03-28
Batteries,16,31.87,2023-03-29
Nicotine Pods,14,24.54,2023-03-29
Cotton Wicking,7,19.75,2023-03-29
Cotton Wicking,8,18.6,2023-03-29
Battery 18650,11,20.45,2023-03-29
Nicotine Pods,12,27.17,2023-03-29
Charger,11,19.55,2023-03-29
Tank Glass,13,11.12,2023-03-29
Drip Tips,3,38.05,2023-03-29
Drip Tips,5,58.95,2023-03-29
Drip Tips,3,29.16,2023-03-29
Chargers,14,60.43,2023-03-29
Zero Nicotine 30ml,22,9.78,2023-03-29
Replacement Coils,10,17.86,2023-03-29
E-Liquid Premium,13,46.52,2023-03-29
Pod Kit,10,81.47,2023-03-29
Vape Mod XL,12,22.89,2023-03-29
Starter Kit,8,56.47,2023-03-29
Tanks,18,56.99,2023-03-29
Atomizers,3,49.1,2023-03-29
Pod Kit,13,52.67,2023-03-29
Atomizers,6,69.02,2023-03-29
Vape Juice 30ml,28,50.97,2023-03-29
Vape Juice 60ml,15,42.41,2023-03-29
E-Liquid Premium,11,65.08,2023-03-29
Vape Juice 60ml,13,27.64,2023-03-29
Atomizers,4,20.3,2023-03-29
Nicotine Pods,8,76.84,2023-03-30
Replacement Coils,20,23.79,2023-03-30
Batteries,5,41.46,2023-03-30
Batteries,5,19.07,2023-03-30
Battery 18650,9,17.08,2023-03-30
Charger,5,27.36,2023-03-30
Charger,1,25.33,2023-03-30
Charger,1,25.37,2023-03-30
Drip Tips,12,31.75,2023-03-30
Nicotine Pods,6,25.98,2023-03-30
Chargers,19,43.26,2023-03-30
Nicotine Pods,5,60.01,2023-03-30
Zero Nicotine 30ml,7,11.32,2023-03-30
Zero Nicotine 30ml,8,36.0,2023-03-30
E-Liquid Premium,13,49.29,2023-03-30
E-Liquid Premium,11,59.27,2023-03-30
Vape Juice 60ml,25,35.1,2023-03-30
Atomizers,16,60.31,2023-03-30
Tanks,9,39.68,2023-03-30
Tanks,7,73.15,2023-03-30
Starter Kit,11,37.83,2023-03-30
Vape Mod XL,14,60.15,2023-03-30
Pod Kit,14,49.04,2023-03-30
Pod Kit,11,44.0,2023-03-30
Batteries,12,5.0,2023-03-31
Battery 18650,9,23.03,2023-03-31
Battery 18650,10,33.1,2023-03-31
Chargers,7,24.15,2023-03-31
Chargers,10,52.16,2023-03-31
Drip Tips,8,5.74,2023-03-31
Charger,5,17.65,2023-03-31
Charger,4,18.6,2023-03-31
Tank Glass,9,5.0,2023-03-31
Batteries,8,8.85,2023-03-31
Charger,3,21.56,2023-03-31
Replacement Coils,19,25.54,2023-03-31
Tank Glass,5,5.0,2023-03-31
Nicotine Pods,13,33.19,2023-03-31
Nicotine Pods,16,94.43,2023-03-31
Pod Kit,11,46.74,2023-03-31
Pod Kit,7,59.43,2023-03-31
Vape Mod XL,14,50.51,2023-03-31
Starter Kit,9,31.72,2023-03-31
Pod Kit,9,61.12,2023-03-31
Tanks,5,66.72,2023-03-31
Tanks,5,69.18,2023-03-31
Vape Juice 60ml,40,52.83,2023-03-31
Zero Nicotine 30ml,20,61.39,2023-03-31
Tanks,6,57.23,2023-03-31
Nicotine Pods,28,39.67,2023-04-01
Drip Tips,10,40.59,2023-04-01
Tank Glass,7,12.7,2023-04-01
Tank Glass,9,13.18,2023-04-01
Charger,2,13.91,2023-04-01
Charger,6,25.17,2023-04-01
Battery 18650,11,16.35,2023-04-01
Cotton Wicking,25,30.06,2023-04-01
Replacement Coils,6,16.84,2023-04-01
Replacement Coils,6,18.69,2023-04-01
Zero Nicotine 30ml,10,40.99,2023-04-01
Zero Nicotine 30ml,11,20.89,2023-04-01
E-Liquid Premium,12,47.15,2023-04-01
E-Liquid Premium,12,59.12,2023-04-01
Vape Juice 60ml,29,36.08,2023-04-01
Vape Juice 30ml,21,48.99,2023-04-01
Vape Juice 30ml,20,19.65,2023-04-01
Tanks,17,62.31,2023-04-01
Starter Kit,3,53.85,2023-04-01
Starter Kit,4,35.28,2023-04-01
Vape Mod XL,8,57.39,2023-04-01
Vape Mod XL,5,45.24,2023-04-01
Pod Kit,20,41.52,2023-04-01
Nicotine Pods,13,56.99,2023-04-02
Replacement Coils,15,13.09,2023-04-02
Cotton Wicking,25,15.39,2023-04-02
Batteries,25,39.55,2023-04-02
Battery 18650,12,23.68,2023-04-02
Drip Tips,12,31.13,2023-04-02
Charger,4,20.3,2023-04-02
Charger,5,23.51,2023-04-02
Tank Glass,12,6.35,2023-04-02
Nicotine Pods,9,46.63,2023-04-02
Chargers,21,19.92,2023-04-02
Zero Nicotine 30ml,26,35.06,2023-04-02
Pod Kit,17,64.92,2023-04-02
E-Liquid Premium,6,39.77,2023-04-02
E-Liquid Premium,9,34.38,2023-04-02
Vape Juice 60ml,27,45.85,2023-04-02
Vape Juice 30ml,32,47.03,2023-04-02
Atomizers,21,41.49,2023-04-02
Tanks,20,17.6,2023-04-02
Starter Kit,10,43.27,2023-04-02
Vape Mod XL,6,24.05,2023-04-02
Vape Mod XL,8,56.16,2023-04-02
Pod Kit,15,45.38,2023-04-02
E-Liquid Premium,6,68.21,2023-04-02
Replacement Coils,15,16.04,2023-04-03
Cotton Wicking,15,33.55,2023-04-03
Chargers,5,42.42,2023-04-03
Chargers,5,18.54,2023-04-03
Charger,4,24.12,2023-04-03
Drip Tips,5,27.95,2023-04-03
Charger,3,11.0,2023-04-03
Tank Glass,7,9.81,2023-04-03
Drip Tips,3,38.9,2023-04-03
Nicotine Pods,12,59.05,2023-04-03
Charger,2,21.47,2023-04-03
Nicotine Pods,8,40.36,2023-04-03
Pod Kit,18,43.96,2023-04-03
Zero Nicotine 30ml,9,44.63,2023-04-03
Zero Nicotine 30ml,9,47.3,2023-04-03
Starter Kit,4,32.03,2023-04-03
Starter Kit,5,39.91,2023-04-03
Tanks,12,42.81,2023-04-03
Vape Mod XL,9,42.12,2023-04-03
Vape Juice 30ml,18,61.21,2023-04-03
Vape Juice 60ml,19,37.22,2023-04-03
E-Liquid Premium,13,51.34,2023-04-03
E-Liquid Premium,15,43.66,2023-04-03
Atomizers,10,71.55,2023-04-03
Replacement Coils,13,12.7,2023-04-04
Drip Tips,6,23.4,2023-04-04
Chargers,15,44.02,2023-04-04
Battery 18650,8,21.97,2023-04-04
Batteries,9,25.62,2023-04-04
Batteries,8,39.68,2023-04-04
Cotton Wicking,21,52.76,2023-04-04
Nicotine Pods,5,13.87,2023-04-04
Nicotine Pods,5,36.89,2023-04-04
E-Liquid Premium,12,50.29,2023-04-04
E-Liquid Premium,11,49.23,2023-04-04
Vape Juice 60ml,24,39.21,2023-04-04
Vape Juice 30ml,20,18.72,2023-04-04
Atomizers,10,42.32,2023-04-04
Tanks,15,64.08,2023-04-04
Starter Kit,8,30.12,2023-04-04
Vape Mod XL,8,25.51,2023-04-04
Zero Nicotine 30ml,17,36.05,2023-04-04
Replacement Coils,12,23.79,2023-04-05
Cotton Wicking,22,34.56,2023-04-05
Batteries,6,23.87,2023-04-05
Batteries,8,15.31,2023-04-05
Battery 18650,3,13.17,2023-04-05
Drip Tips,2,23.04,2023-04-05
Tank Glass,7,24.28,2023-04-05
Chargers,2,45.65,2023-04-05
Chargers,3,28.64,2023-04-05
Charger,8,19.07,2023-04-05
Drip Tips,4,26.96,2023-04-05
Chargers,2,47.57,2023-04-05
E-Liquid Premium,10,45.08,2023-04-05
Battery 18650,4,15.2,2023-04-05
Vape Juice 60ml,19,39.28,2023-04-05
E-Liquid Premium,8,59.01,2023-04-05
Pod Kit,12,43.8,2023-04-05
Pod Kit,8,47.63,2023-04-05
Vape Mod XL,7,66.03,2023-04-05
Starter Kit,3,26.29,2023-04-05
Vape Mod XL,6,48.96,2023-04-05
Tanks,9,59.33,2023-04-05
Tanks,9,66.87,2023-04-05
Atomizers,15,46.26,2023-04-05
Vape Juice 30ml,14,44.48,2023-04-05
Vape Juice 30ml,13,52.85,2023-04-05
Starter Kit,2,31.0,2023-04-05
Cotton Wicking,9,30.72,2023-04-06
Replacement Coils,7,27.14,2023-04-06
Replacement Coils,6,21.8,2023-04-06
Replacement Coils,7,21.61,2023-04-06
Cotton Wicking,6,43.51,2023-04-06
Batteries,14,38.75,2023-04-06
Drip Tips,2,13.26,2023-04-06
Battery 18650,6,23.49,2023-04-06
Chargers,6,25.48,2023-04-06
Chargers,6,12.89,2023-04-06
Tank Glass,6,8.68,2023-04-06
Tank Glass,4,11.17,2023-04-06
Drip Tips,3,29.61,2023-04-06
Battery 18650,3,18.18,2023-04-06
Nicotine Pods,4,56.35,2023-04-06
Nicotine Pods,4,15.42,2023-04-06
Zero Nicotine 30ml,11,29.03,2023-04-06
Nicotine Pods,3,46.02,2023-04-06
Pod Kit,7,61.21,2023-04-06
Vape Mod XL,8,29.46,2023-04-06
Starter Kit,6,41.3,2023-04-06
Tanks,14,61.46,2023-04-06
Atomizers,6,47.85,2023-04-06
Pod Kit,7,81.39,2023-04-06
Atomizers,3,39.46,2023-04-06
Vape Juice 30ml,22,63.6,2023-04-06
Vape Juice 60ml,9,32.81,2023-04-06
Vape Juice 60ml,8,26.59,2023-04-06
E-Liquid Premium,27,49.46,2023-04-06
Atomizers,2,50.62,2023-04-06
Cotton Wicking,26,19.3,2023-04-07
Batteries,21,38.13,2023-04-07
Battery 18650,12,20.23,2023-04-07
Chargers,5,52.04,2023-04-07
Charger,1,21.32,2023-04-07
Charger,3,20.82,2023-04-07
Drip Tips,3,26.26,2023-04-07
Drip Tips,4,10.61,2023-04-07
Replacement Coils,12,16.01,2023-04-07
Chargers,6,6.29,2023-04-07
Nicotine Pods,11,63.17,2023-04-07
Starter Kit,6,33.04,2023-04-07
Zero Nicotine 30ml,7,29.41,2023-04-07
Nicotine Pods,11,75.44,2023-04-07
Vape Mod XL,11,70.58,2023-04-07
Atomizers,5,31.54,2023-04-07
Atomizers,7,76.8,2023-04-07
Tanks,18,64.04,2023-04-07
Vape Juice 60ml,9,22.47,2023-04-07
Vape Juice 60ml,9,34.97,2023-04-07
E-Liquid Premium,23,36.01,2023-04-07
Zero Nicotine 30ml,6,14.09,2023-04-07
Vape Juice 30ml,22,28.59,2023-04-07
Cotton Wicking,12,5.0,2023-04-08
Replacement Coils,5,12.18,2023-04-08
Replacement Coils,5,9.6,2023-04-08
Replacement Coils,8,23.33,2023-04-08
Cotton Wicking,14,59.61,2023-04-08
Batteries,9,54.67,2023-04-08
Tank Glass,4,25.23,2023-04-08
Chargers,11,40.96,2023-04-08
Charger,9,29.77,2023-04-08
Tank Glass,6,18.79,2023-04-08
Nicotine Pods,7,40.79,2023-04-08
Drip Tips,7,45.28,2023-04-08
Batteries,6,24.45,2023-04-08
Nicotine Pods,4,47.0,2023-04-08
Nicotine Pods,5,79.22,2023-04-08
Zero Nicotine 30ml,19,21.72,2023-04-08
Pod Kit,26,43.03,2023-04-08
Vape Mod XL,2,43.18,2023-04-08
Starter Kit,8,5.0,2023-04-08
Tanks,21,60.77,2023-04-08
Atomizers,9,51.39,2023-04-08
Vape Mod XL,4,50.54,2023-04-08
Vape Juice 30ml,13,48.98,2023-04-08
Vape Juice 30ml,15,48.14,2023-04-08
Vape Juice 60ml,27,30.55,2023-04-08
E-Liquid Premium,10,54.8,2023-04-08
E-Liquid Premium,9,24.4,2023-04-08
Atomizers,8,61.87,2023-04-08
Cotton Wicking,7,42.94,2023-04-09
Cotton Wicking,7,9.18,2023-04-09
Cotton Wicking,6,33.76,2023-04-09
Batteries,18,55.85,2023-04-09
Charger,9,16.78,2023-04-09
Chargers,15,16.78,2023-04-09
Tank Glass,10,9.14,2023-04-09
Drip Tips,10,31.67,2023-04-09
Replacement Coils,12,32.35,2023-04-09
Battery 18650,10,22.83,2023-04-09
Nicotine Pods,19,33.81,2023-04-09
Vape Juice 60ml,25,37.65,2023-04-09
E-Liquid Premium,28,42.41,2023-04-09
Pod Kit,16,59.41,2023-04-09
Vape Mod XL,11,51.99,2023-04-09
Starter Kit,11,42.8,2023-04-09
Tanks,7,48.77,2023-04-09
Zero Nicotine 30ml,21,12.29,2023-04-09
Tanks,4,50.79,2023-04-09
Atomizers,12,57.68,2023-04-09
Vape Juice 30ml,23,63.91,2023-04-09
Tanks,4,69.92,2023-04-09
Replacement Coils,2,6.59,2023-04-10
Cotton Wicking,9,38.29,2023-04-10
Batteries,10,26.27,2023-04-10
Battery 18650,1,29.38,2023-04-10
Battery 18650,4,18.28,2023-04-10
Chargers,11,59.21,2023-04-10
Charger,5,23.19,2023-04-10
Tank Glass,6,10.69,2023-04-10
Replacement Coils,3,26.22,2023-04-10
Drip Tips,2,42.29,2023-04-10
Drip Tips,4,38.26,2023-04-10
Battery 18650,3,12.97,2023-04-10
Drip Tips,1,51.89,2023-04-10
Nicotine Pods,4,60.59,2023-04-10
Nicotine Pods,3,58.65,2023-04-10
Pod Kit,16,64.98,2023-04-10
Replacement Coils,3,18.33,2023-04-10
Vape Mod XL,5,65.23,2023-04-10
Starter Kit,1,36.66,2023-04-10
Starter Kit,1,27.39,2023-04-10
Vape Mod XL,5,45.86,2023-04-10
Atomizers,12,50.67,2023-04-10
Vape Juice 30ml,14,22.4,2023-04-10
Vape Juice 60ml,18,32.43,2023-04-10
E-Liquid Premium,18,52.98,2023-04-10
Zero Nicotine 30ml,14,40.14,2023-04-10
Starter Kit,3,32.49,2023-04-10
Cotton Wicking,10,43.39,2023-04-11
Drip Tips,4,32.12,2023-04-11
Tank Glass,9,16.99,2023-04-11
Charger,5,23.53,2023-04-11
Chargers,8,46.57,2023-04-11
Battery 18650,5,18.15,2023-04-11
Batteries,13,62.64,2023-04-11
Zero Nicotine 30ml,12,16.11,2023-04-11
E-Liquid Premium,13,43.03,2023-04-11
Vape Juice 60ml,8,34.3,2023-04-11
Vape Juice 60ml,9,27.41,2023-04-11
Vape Juice 30ml,19,62.96,2023-04-11
Atomizers,4,88.51,2023-04-11
Atomizers,3,72.16,2023-04-11
Starter Kit,5,47.64,2023-04-11
Vape Mod XL,5,24.87,2023-04-11
Vape Mod XL,2,55.28,2023-04-11
Cotton Wicking,5,15.36,2023-04-12
Batteries,14,36.88,2023-04-12
Battery 18650,5,13.53,2023-04-12
Chargers,2,59.2,2023-04-12
Tank Glass,5,17.58,2023-04-12
Chargers,3,33.39,2023-04-12
Charger,4,20.99,2023-04-12
Replacement Coils,11,12.01,2023-04-12
Drip Tips,5,45.05,2023-04-12
Chargers,3,49.91,2023-04-12
Nicotine Pods,6,53.09,2023-04-12
Cotton Wicking,7,22.12,2023-04-12
Nicotine Pods,3,39.26,2023-04-12
Zero Nicotine 30ml,9,37.88,2023-04-12
E-Liquid Premium,10,43.11,2023-04-12
E-Liquid Premium,12,55.91,2023-04-12
Vape Juice 60ml,16,25.06,2023-04-12
Tanks,5,65.4,2023-04-12
Tanks,6,74.5,2023-04-12
Vape Mod XL,5,39.88,2023-04-12
Pod Kit,10,61.78,2023-04-12
Pod Kit,8,39.27,2023-04-12
Nicotine Pods,3,6.03,2023-04-12
Nicotine Pods,8,63.13,2023-04-13
Replacement Coils,2,8.11,2023-04-13
Replacement Coils,3,20.14,2023-04-13
Cotton Wicking,18,33.2,2023-04-13
Batteries,10,44.51,2023-04-13
Drip Tips,5,48.4,2023-04-13
Chargers,6,49.99,2023-04-13
Chargers,4,27.41,2023-04-13
Charger,8,19.53,2023-04-13
Tank Glass,11,19.76,2023-04-13
Nicotine Pods,4,65.85,2023-04-13
Battery 18650,10,13.14,2023-04-13
Nicotine Pods,4,42.78,2023-04-13
Replacement Coils,6,14.02,2023-04-13
Zero Nicotine 30ml,5,21.25,2023-04-13
Zero Nicotine 30ml,3,22.32,2023-04-13
Pod Kit,10,44.17,2023-04-13
Vape Mod XL,2,43.96,2023-04-13
Vape Mod XL,4,62.57,2023-04-13
Vape Mod XL,4,48.57,2023-04-13
Starter Kit,8,28.15,2023-04-13
Pod Kit,8,53.9,2023-04-13
Atomizers,9,37.88,2023-04-13
Atomizers,8,52.35,2023-04-13
Vape Juice 60ml,17,29.09,2023-04-13
E-Liquid Premium,18,41.2,2023-04-13
Zero Nicotine 30ml,5,19.44,2023-04-13
Tanks,13,59.74,2023-04-13
Replacement Coils,6,8.36,2023-04-14
Replacement Coils,7,9.15,2023-04-14
Cotton Wicking,9,51.3,2023-04-14
Cotton Wicking,11,31.67,2023-04-14
Batteries,8,60.59,2023-04-14
Chargers,5,56.1,2023-04-14
Battery 18650,8,28.52,2023-04-14
Chargers,7,49.38,2023-04-14
Charger,9,23.36,2023-04-14
Tank Glass,7,10.42,2023-04-14
Drip Tips,6,21.43,2023-04-14
Batteries,5,5.0,2023-04-14
Zero Nicotine 30ml,8,6.5,2023-04-14
Zero Nicotine 30ml,8,5.0,2023-04-14
E-Liquid Premium,15,42.57,2023-04-14
Zero Nicotine 30ml,7,19.42,2023-04-14
Vape Mod XL,8,55.54,2023-04-14
Vape Mod XL,5,52.46,2023-04-14
Tanks,11,65.78,2023-04-14
Tanks,11,63.28,2023-04-14
Starter Kit,9,48.46,2023-04-14
Vape Juice 30ml,11,36.65,2023-04-14
Vape Juice 30ml,11,52.13,2023-04-14
Vape Juice 60ml,18,30.7,2023-04-14
E-Liquid Premium,17,51.88,2023-04-14
Atomizers,12,50.06,2023-04-14
Cotton Wicking,17,42.31,2023-04-15
Replacement Coils,3,31.96,2023-04-15
Replacement Coils,1,28.81,2023-04-15
Replacement Coils,1,10.96,2023-04-15
Battery 18650,7,18.51,2023-04-15
Nicotine Pods,6,42.5,2023-04-15
Chargers,7,40.19,2023-04-15
Charger,6,23.3,2023-04-15
Tank Glass,6,19.83,2023-04-15
Drip Tips,10,39.4,2023-04-15
Chargers,9,39.16,2023-04-15
Nicotine Pods,9,29.11,2023-04-15
Tank Glass,5,15.68,2023-04-15
Zero Nicotine 30ml,7,36.4,2023-04-15
Pod Kit,11,42.45,2023-04-15
Pod Kit,13,38.5,2023-04-15
Vape Mod XL,11,16.11,2023-04-15
Starter Kit,2,47.9,2023-04-15
Starter Kit,2,42.16,2023-04-15
Zero Nicotine 30ml,5,38.58,2023-04-15
Atomizers,7,43.77,2023-04-15
Atomizers,4,54.32,2023-04-15
Vape Juice 30ml,23,47.85,2023-04-15
Vape Juice 60ml,21,51.93,2023-04-15
E-Liquid Premium,26,48.72,2023-04-15
Tanks,14,43.3,2023-04-15
Replacement Coils,4,29.84,2023-04-16
Batteries,5,30.8,2023-04-16
Batteries,4,25.14,2023-04-16
Batteries,5,21.62,2023-04-16
Battery 18650,10,20.57,2023-04-16
Chargers,1,44.91,2023-04-16
Chargers,3,15.59,2023-04-16
Charger,3,12.07,2023-04-16
Charger,4,24.32,2023-04-16
Replacement Coils,7,15.17,2023-04-16
Chargers,1,16.12,2023-04-16
Replacement Coils,3,14.89,2023-04-16
Nicotine Pods,7,31.55,2023-04-16
Nicotine Pods,10,45.55,2023-04-16
Zero Nicotine 30ml,6,31.22,2023-04-16
Zero Nicotine 30ml,6,34.76,2023-04-16
E-Liquid Premium,24,60.37,2023-04-16
Vape Juice 60ml,6,32.02,2023-04-16
Vape Juice 60ml,6,23.09,2023-04-16
Atomizers,15,53.8,2023-04-16
Tanks,15,87.33,2023-04-16
Starter Kit,9,24.07,2023-04-16
Vape Mod XL,13,40.66,2023-04-16
Pod Kit,22,51.99,2023-04-16
Nicotine Pods,7,34.43,2023-04-17
Nicotine Pods,7,57.02,2023-04-17
Replacement Coils,6,5.73,2023-04-17
Replacement Coils,2,12.55,2023-04-17
Cotton Wicking,6,22.84,2023-04-17
Drip Tips,7,33.38,2023-04-17
Batteries,13,37.14,2023-04-17
Battery 18650,7,18.21,2023-04-17
Chargers,7,19.88,2023-04-17
Zero Nicotine 30ml,9,59.58,2023-04-17
Cotton Wicking,10,35.62,2023-04-17
E-Liquid Premium,12,51.5,2023-04-17
Vape Juice 60ml,9,40.93,2023-04-17
Pod Kit,15,57.41,2023-04-17
Vape Mod XL,6,30.43,2023-04-17
Vape Mod XL,5,56.91,2023-04-17
Starter Kit,7,44.44,2023-04-17
Tanks,6,47.62,2023-04-17
E-Liquid Premium,12,30.62,2023-04-17
Tanks,5,67.04,2023-04-17
Atomizers,7,56.03,2023-04-17
Vape Juice 30ml,20,32.97,2023-04-17
Vape Juice 60ml,12,33.06,2023-04-17
Tanks,6,49.19,2023-04-17
Cotton Wicking,10,48.09,2023-04-18
Drip Tips,6,41.5,2023-04-18
Tank Glass,5,8.32,2023-04-18
Tank Glass,2,20.14,2023-04-18
Charger,6,28.06,2023-04-18
Chargers,3,54.42,2023-04-18
Chargers,4,71.49,2023-04-18
Battery 18650,3,31.14,2023-04-18
Battery 18650,5,22.71,2023-04-18
Battery 18650,3,25.59,2023-04-18
Replacement Coils,11,23.95,2023-04-18
E-Liquid Premium,8,56.87,2023-04-18
Zero Nicotine 30ml,10,53.49,2023-04-18
E-Liquid Premium,7,62.1,2023-04-18
Vape Juice 60ml,5,24.52,2023-04-18
Vape Juice 60ml,5,17.7,2023-04-18
Atomizers,8,43.93,2023-04-18
Tanks,9,55.45,2023-04-18
Starter Kit,6,31.35,2023-04-18
Vape Mod XL,7,42.76,2023-04-18
Pod Kit,15,54.56,2023-04-18
Nicotine Pods,11,65.53,2023-04-18
Battery 18650,5,25.36,2023-04-19
Nicotine Pods,16,45.94,2023-04-19
Replacement Coils,8,19.08,2023-04-19
Cotton Wicking,17,23.97,2023-04-19
Battery 18650,2,18.72,2023-04-19
Zero Nicotine 30ml,8,23.41,2023-04-19
Charger,1,15.36,2023-04-19
Charger,4,19.95,2023-04-19
Tank Glass,5,22.89,2023-04-19
Tank Glass,5,5.0,2023-04-19
Chargers,10,38.1,2023-04-19
Zero Nicotine 30ml,4,32.81,2023-04-19
Drip Tips,5,22.12,2023-04-19
Vape Juice 60ml,16,30.69,2023-04-19
Pod Kit,4,48.5,2023-04-19
Pod Kit,7,55.36,2023-04-19
Pod Kit,4,48.68,2023-04-19
Vape Mod XL,8,55.11,2023-04-19
Starter Kit,5,23.99,2023-04-19
E-Liquid Premium,20,44.95,2023-04-19
Atomizers,1,44.55,2023-04-19
Atomizers,2,60.38,2023-04-19
Atomizers,2,72.31,2023-04-19
Vape Juice 30ml,10,39.12,2023-04-19
Vape Juice 30ml,7,60.34,2023-04-19
Tanks,13,24.26,2023-04-19
Replacement Coils,14,11.58,2023-04-20
Cotton Wicking,6,41.36,2023-04-20
Cotton Wicking,3,24.0,2023-04-20
Batteries,10,37.84,2023-04-20
Battery 18650,6,37.61,2023-04-20
Charger,7,8.84,2023-04-20
Chargers,5,32.35,2023-04-20
Tank Glass,4,8.67,2023-04-20
Tank Glass,3,5.0,2023-04-20
Drip Tips,5,55.1,2023-04-20
Nicotine Pods,4,85.72,2023-04-20
Chargers,6,15.71,2023-04-20
Nicotine Pods,5,37.27,2023-04-20
Nicotine Pods,5,50.97,2023-04-20
E-Liquid Premium,23,39.08,2023-04-20
Pod Kit,4,61.21,2023-04-20
Pod Kit,8,48.75,2023-04-20
Pod Kit,4,57.01,2023-04-20
Starter Kit,7,41.23,2023-04-20
Tanks,6,70.09,2023-04-20
Vape Mod XL,11,39.4,2023-04-20
Tanks,6,57.81,2023-04-20
Atomizers,9,66.73,2023-04-20
Vape Juice 30ml,19,51.79,2023-04-20
Vape Juice 60ml,20,41.12,2023-04-20
Tanks,7,47.73,2023-04-20
Batteries,19,74.97,2023-04-21
Cotton Wicking,5,38.17,2023-04-21
Cotton Wicking,5,13.28,2023-04-21
Cotton Wicking,7,10.56,2023-04-21
Battery 18650,12,16.97,2023-04-21
Drip Tips,7,30.24,2023-04-21
Chargers,4,53.41,2023-04-21
Chargers,8,42.71,2023-04-21
Charger,8,22.91,2023-04-21
Tank Glass,14,20.2,2023-04-21
Replacement Coils,8,16.75,2023-04-21
Drip Tips,4,24.59,2023-04-21
Replacement Coils,8,22.79,2023-04-21
Chargers,8,36.67,2023-04-21
Zero Nicotine 30ml,14,32.22,2023-04-21
Nicotine Pods,24,53.6,2023-04-21
Pod Kit,29,62.14,2023-04-21
Vape Mod XL,5,52.08,2023-04-21
Starter Kit,9,47.22,2023-04-21
Tanks,21,68.55,2023-04-21
Atomizers,17,49.18,2023-04-21
Vape Mod XL,6,42.72,2023-04-21
Vape Juice 30ml,8,51.33,2023-04-21
Vape Juice 30ml,8,43.9,2023-04-21
Vape Juice 60ml,23,38.44,2023-04-21
E-Liquid Premium,13,57.52,2023-04-21
E-Liquid Premium,14,50.68,2023-04-21
Vape Juice 30ml,8,57.77,2023-04-21
Replacement Coils,18,13.71,2023-04-22
Drip Tips,9,15.67,2023-04-22
Charger,7,14.65,2023-04-22
Chargers,7,41.06,2023-04-22
Chargers,6,36.05,2023-04-22
Chargers,3,39.47,2023-04-22
Battery 18650,6,16.33,2023-04-22
Battery 18650,9,19.86,2023-04-22
Batteries,16,43.76,2023-04-22
Zero Nicotine 30ml,9,28.89,2023-04-22
Tank Glass,15,17.99,2023-04-22
E-Liquid Premium,21,29.09,2023-04-22
Vape Juice 60ml,8,9.79,2023-04-22
Vape Juice 60ml,6,34.8,2023-04-22
Vape Juice 60ml,6,27.6,2023-04-22
Atomizers,17,51.68,2023-04-22
Starter Kit,7,51.12,2023-04-22
Vape Mod XL,5,35.34,2023-04-22
Vape Mod XL,5,51.46,2023-04-22
Pod Kit,7,45.25,2023-04-22
Pod Kit,9,48.45,2023-04-22
Zero Nicotine 30ml,8,28.72,2023-04-22
Replacement Coils,5,15.04,2023-04-23
Replacement Coils,4,14.54,2023-04-23
Replacement Coils,6,27.08,2023-04-23
Batteries,12,29.47,2023-04-23
Battery 18650,13,12.84,2023-04-23
Drip Tips,4,36.14,2023-04-23
Charger,4,9.39,2023-04-23
Charger,4,29.01,2023-04-23
Tank Glass,13,12.44,2023-04-23
Drip Tips,3,27.3,2023-04-23
Chargers,18,25.96,2023-04-23
Nicotine Pods,5,51.53,2023-04-23
Nicotine Pods,5,72.04,2023-04-23
Vape Juice 60ml,26,44.09,2023-04-23
Nicotine Pods,4,21.64,2023-04-23
Vape Mod XL,4,37.02,2023-04-23
Vape Mod XL,5,44.47,2023-04-23
Vape Mod XL,6,60.2,2023-04-23
Pod Kit,26,54.89,2023-04-23
Tanks,9,44.83,2023-04-23
Tanks,11,64.51,2023-04-23
Vape Juice 30ml,13,40.11,2023-04-23
Vape Juice 30ml,13,24.12,2023-04-23
Starter Kit,8,19.19,2023-04-23
Battery 18650,5,20.29,2023-04-24
Drip Tips,5,38.32,2023-04-24
Tank Glass,9,30.75,2023-04-24
Charger,5,24.23,2023-04-24
Chargers,3,27.53,2023-04-24
Chargers,6,43.6,2023-04-24
Chargers,5,61.36,2023-04-24
Battery 18650,6,22.01,2023-04-24
Batteries,14,63.77,2023-04-24
Replacement Coils,9,5.0,2023-04-24
Cotton Wicking,16,37.07,2023-04-24
Zero Nicotine 30ml,16,8.59,2023-04-24
E-Liquid Premium,12,32.57,2023-04-24
E-Liquid Premium,13,38.59,2023-04-24
Vape Juice 60ml,20,37.61,2023-04-24
Starter Kit,1,39.73,2023-04-24
Starter Kit,4,41.32,2023-04-24
Vape Mod XL,8,71.03,2023-04-24
Cotton Wicking,18,5.0,2023-04-25
Batteries,5,50.42,2023-04-25
Batteries,7,20.27,2023-04-25
Batteries,4,42.27,2023-04-25
Battery 18650,4,14.25,2023-04-25
Drip Tips,4,27.5,2023-04-25
Chargers,10,25.19,2023-04-25
Charger,9,24.59,2023-04-25
Replacement Coils,14,26.56,2023-04-25
Drip Tips,4,21.27,2023-04-25
Battery 18650,7,17.54,2023-04-25
Zero Nicotine 30ml,7,14.5,2023-04-25
Nicotine Pods,15,27.73,2023-04-25
Vape Mod XL,7,72.31,2023-04-25
E-Liquid Premium,7,34.12,2023-04-25
E-Liquid Premium,9,35.93,2023-04-25
E-Liquid Premium,8,56.28,2023-04-25
Vape Juice 60ml,10,31.04,2023-04-25
Vape Juice 60ml,13,38.44,2023-04-25
Vape Juice 30ml,9,52.8,2023-04-25
Vape Juice 30ml,10,53.95,2023-04-25
Atomizers,15,69.92,2023-04-25
Tanks,14,92.06,2023-04-25
Starter Kit,6,41.69,2023-04-25
Zero Nicotine 30ml,11,24.61,2023-04-25
Replacement Coils,4,16.96,2023-04-26
Cotton Wicking,9,37.93,2023-04-26
Batteries,13,20.67,2023-04-26
Battery 18650,6,21.87,2023-04-26
Replacement Coils,7,17.89,2023-04-26
Chargers,14,36.09,2023-04-26
Charger,7,18.12,2023-04-26
Drip Tips,4,31.87,2023-04-26
Drip Tips,3,34.07,2023-04-26
Battery 18650,4,15.75,2023-04-26
Nicotine Pods,17,73.23,2023-04-26
Cotton Wicking,13,14.2,2023-04-26
E-Liquid Premium,9,46.46,2023-04-26
Pod Kit,14,66.6,2023-04-26
Vape Mod XL,7,37.93,2023-04-26
Starter Kit,8,31.04,2023-04-26
Tanks,7,60.99,2023-04-26
Tanks,5,43.54,2023-04-26
Zero Nicotine 30ml,11,28.86,2023-04-26
Vape Juice 30ml,34,48.37,2023-04-26
Vape Juice 60ml,11,26.39,2023-04-26
Vape Juice 60ml,10,45.55,2023-04-26
E-Liquid Premium,11,44.78,2023-04-26
Atomizers,13,82.36,2023-04-26
Nicotine Pods,14,52.89,2023-04-27
Replacement Coils,3,26.14,2023-04-27
Replacement Coils,7,15.21,2023-04-27
Replacement Coils,4,16.24,2023-04-27
Cotton Wicking,20,30.31,2023-04-27
Batteries,18,28.74,2023-04-27
Chargers,5,61.26,2023-04-27
Chargers,4,12.15,2023-04-27
Charger,7,17.8,2023-04-27
Tank Glass,15,18.4,2023-04-27
Nicotine Pods,13,43.86,2023-04-27
Drip Tips,3,35.72,2023-04-27
Battery 18650,14,10.78,2023-04-27
Drip Tips,2,18.73,2023-04-27
Zero Nicotine 30ml,14,6.65,2023-04-27
E-Liquid Premium,13,63.01,2023-04-27
E-Liquid Premium,12,59.4,2023-04-27
Pod Kit,8,57.62,2023-04-27
Pod Kit,6,53.96,2023-04-27
Pod Kit,6,61.08,2023-04-27
Vape Mod XL,5,35.09,2023-04-27
Vape Mod XL,4,66.54,2023-04-27
Starter Kit,3,39.99,2023-04-27
Starter Kit,2,33.6,2023-04-27
Tanks,9,61.92,2023-04-27
Tanks,11,81.05,2023-04-27
Vape Juice 60ml,28,41.14,2023-04-27
Starter Kit,2,27.1,2023-04-27
Battery 18650,10,19.14,2023-04-28
Batteries,13,32.7,2023-04-28
Batteries,14,67.13,2023-04-28
Battery 18650,6,20.81,2023-04-28
Chargers,9,46.35,2023-04-28
Replacement Coils,10,29.09,2023-04-28
Charger,9,15.19,2023-04-28
Tank Glass,5,11.58,2023-04-28
Tank Glass,7,17.71,2023-04-28
Drip Tips,9,39.06,2023-04-28
Chargers,8,27.24,2023-04-28
Replacement Coils,8,20.22,2023-04-28
Cotton Wicking,21,31.32,2023-04-28
Nicotine Pods,16,34.73,2023-04-28
Vape Mod XL,7,39.16,2023-04-28
Starter Kit,6,33.42,2023-04-28
Starter Kit,6,52.68,2023-04-28
Tanks,6,46.7,2023-04-28
Tanks,10,34.04,2023-04-28
Vape Mod XL,5,34.01,2023-04-28
Vape Juice 30ml,36,71.43,2023-04-28
Atomizers,15,56.75,2023-04-28
E-Liquid Premium,29,55.59,2023-04-28
Nicotine Pods,13,22.81,2023-04-28
Vape Juice 60ml,18,27.66,2023-04-28
Vape Juice 60ml,18,54.38,2023-04-28
Cotton Wicking,12,30.54,2023-04-29
Drip Tips,5,52.08,2023-04-29
Drip Tips,3,29.93,2023-04-29
Charger,12,12.2,2023-04-29
Chargers,9,43.47,2023-04-29
Chargers,8,55.66,2023-04-29
Battery 18650,7,17.52,2023-04-29
Battery 18650,6,13.42,2023-04-29
Battery 18650,4,19.37,2023-04-29
Cotton Wicking,10,30.62,2023-04-29
Drip Tips,3,13.26,2023-04-29
Tank Glass,11,15.3,2023-04-29
Cotton Wicking,9,20.01,2023-04-29
Replacement Coils,11,11.35,2023-04-29
Replacement Coils,8,20.52,2023-04-29
Vape Mod XL,16,64.74,2023-04-29
Starter Kit,14,31.11,2023-04-29
Atomizers,6,41.85,2023-04-29
Atomizers,7,64.87,2023-04-29
Tanks,26,36.51,2023-04-29
Vape Juice 30ml,19,54.19,2023-04-29
Vape Juice 30ml,19,53.16,2023-04-29
E-Liquid Premium,22,36.42,2023-04-29
E-Liquid Premium,20,43.79,2023-04-29
Nicotine Pods,23,24.94,2023-04-29
Atomizers,5,21.77,2023-04-29
Replacement Coils,6,26.91,2023-04-30
Zero Nicotine 30ml,6,34.07,2023-04-30
Zero Nicotine 30ml,8,36.57,2023-04-30
Zero Nicotine 30ml,6,35.4,2023-04-30
Nicotine Pods,29,38.18,2023-04-30
Replacement Coils,6,27.09,2023-04-30
Drip Tips,4,28.45,2023-04-30
Cotton Wicking,10,44.11,2023-04-30
Batteries,24,21.82,2023-04-30
Battery 18650,17,24.86,2023-04-30
Charger,12,13.65,2023-04-30
Drip Tips,6,46.36,2023-04-30
Cotton Wicking,10,5.0,2023-04-30
E-Liquid Premium,13,53.05,2023-04-30
Vape Juice 60ml,8,35.5,2023-04-30
Vape Juice 60ml,8,5.0,2023-04-30
Vape Mod XL,7,50.0,2023-04-30
Vape Mod XL,10,53.08,2023-04-30
Starter Kit,10,37.52,2023-04-30
Tanks,6,77.13,2023-04-30
Tanks,10,62.46,2023-04-30
Pod Kit,27,50.99,2023-04-30
Atomizers,10,65.41,2023-04-30
Atomizers,8,64.98,2023-04-30
Vape Juice 60ml,11,44.22,2023-04-30
E-Liquid Premium,16,54.83,2023-04-30
Vape Juice 30ml,18,38.86,2023-04-30
Vape Juice 30ml,15,18.06,2023-04-30
Zero Nicotine 30ml,19,26.94,2023-05-01
Drip Tips,7,44.53,2023-05-01
Tank Glass,10,5.0,2023-05-01
Charger,6,16.5,2023-05-01
Battery 18650,4,10.31,2023-05-01
Battery 18650,4,17.08,2023-05-01
Battery 18650,1,17.19,2023-05-01
Batteries,7,73.97,2023-05-01
Batteries,6,41.91,2023-05-01
Replacement Coils,16,8.36,2023-05-01
Chargers,10,25.72,2023-05-01
E-Liquid Premium,21,32.58,2023-05-01
Vape Juice 60ml,9,35.62,2023-05-01
Vape Juice 30ml,10,22.0,2023-05-01
Vape Juice 30ml,8,42.48,2023-05-01
Vape Juice 30ml,11,31.44,2023-05-01
Atomizers,3,23.72,2023-05-01
Atomizers,5,38.05,2023-05-01
Atomizers,4,90.83,2023-05-01
Tanks,17,74.39,2023-05-01
Pod Kit,12,44.97,2023-05-01
Pod Kit,14,70.12,2023-05-01
Vape Juice 60ml,11,30.5,2023-05-01
Cotton Wicking,5,21.35,2023-05-02
Cotton Wicking,7,31.69,2023-05-02
Battery 18650,10,27.53,2023-05-02
Chargers,6,27.14,2023-05-02
Chargers,3,38.67,2023-05-02
Drip Tips,4,21.86,2023-05-02
Charger,1,20.39,2023-05-02
Tank Glass,8,20.76,2023-05-02
Drip Tips,3,21.36,2023-05-02
Drip Tips,3,23.07,2023-05-02
Replacement Coils,5,21.03,2023-05-02
Charger,2,15.84,2023-05-02
Batteries,11,68.57,2023-05-02
Replacement Coils,5,16.29,2023-05-02
Zero Nicotine 30ml,12,32.4,2023-05-02
Vape Mod XL,11,28.16,2023-05-02
Starter Kit,7,33.89,2023-05-02
Tanks,12,71.1,2023-05-02
Atomizers,14,59.0,2023-05-02
Vape Juice 30ml,31,23.58,2023-05-02
Pod Kit,25,53.69,2023-05-02
E-Liquid Premium,6,78.31,2023-05-02
E-Liquid Premium,7,51.0,2023-05-02
Nicotine Pods,23,50.29,2023-05-02
E-Liquid Premium,8,27.72,2023-05-02
Vape Juice 60ml,21,26.63,2023-05-02
Zero Nicotine 30ml,9,64.42,2023-05-03
Drip Tips,7,43.36,2023-05-03
Charger,9,19.27,2023-05-03
Chargers,13,47.87,2023-05-03
Battery 18650,9,12.82,2023-05-03
Batteries,8,37.26,2023-05-03
Batteries,8,25.33,2023-05-03
Cotton Wicking,14,43.54,2023-05-03
Replacement Coils,15,10.43,2023-05-03
Nicotine Pods,17,43.79,2023-05-03
Zero Nicotine 30ml,9,27.0,2023-05-03
E-Liquid Premium,23,49.77,2023-05-03
Vape Juice 60ml,24,25.58,2023-05-03
Vape Juice 30ml,25,41.53,2023-05-03
Atomizers,2,44.5,2023-05-03
Atomizers,4,49.59,2023-05-03
Atomizers,3,60.25,2023-05-03
Tanks,20,62.07,2023-05-03
Starter Kit,6,32.25,2023-05-03
Vape Mod XL,11,55.23,2023-05-03
Pod Kit,3,77.16,2023-05-03
Pod Kit,6,51.05,2023-05-03
Pod Kit,4,62.53,2023-05-03
Replacement Coils,4,31.71,2023-05-04
Replacement Coils,3,13.22,2023-05-04
Cotton Wicking,8,25.34,2023-05-04
Cotton Wicking,8,10.6,2023-05-04
Batteries,12,7.51,2023-05-04
Drip Tips,7,26.39,2023-05-04
Battery 18650,8,19.08,2023-05-04
Chargers,14,50.41,2023-05-04
Charger,7,30.38,2023-05-04
Tank Glass,11,26.05,2023-05-04
Replacement Coils,2,19.68,2023-05-04
Batteries,11,23.54,2023-05-04
Nicotine Pods,22,45.18,2023-05-04
E-Liquid Premium,14,51.56,2023-05-04
Vape Mod XL,10,71.66,2023-05-04
Pod Kit,23,50.72,2023-05-04
Zero Nicotine 30ml,16,33.57,2023-05-04
Starter Kit,4,39.4,2023-05-04
Starter Kit,6,25.51,2023-05-04
Tanks,3,56.93,2023-05-04
Tanks,6,61.68,2023-05-04
Atomizers,10,96.77,2023-05-04
Atomizers,9,70.9,2023-05-04
Vape Juice 30ml,36,62.87,2023-05-04
Vape Juice 60ml,28,36.48,2023-05-04
E-Liquid Premium,11,48.46,2023-05-04
Tanks,6,60.36,2023-05-04
Replacement Coils,21,19.33,2023-05-05
Zero Nicotine 30ml,8,43.34,2023-05-05
Nicotine Pods,32,52.57,2023-05-05
Cotton Wicking,9,44.81,2023-05-05
E-Liquid Premium,17,49.59,2023-05-05
Batteries,27,61.25,2023-05-05
Chargers,16,39.33,2023-05-05
Charger,4,12.52,2023-05-05
Charger,3,22.87,2023-05-05
Cotton Wicking,9,17.3,2023-05-05
Zero Nicotine 30ml,10,49.41,2023-05-05
Atomizers,4,50.57,2023-05-05
Vape Juice 60ml,27,34.54,2023-05-05
Atomizers,6,73.56,2023-05-05
Atomizers,4,43.99,2023-05-05
Tanks,12,36.8,2023-05-05
Tanks,9,72.89,2023-05-05
Starter Kit,4,47.22,2023-05-05
Starter Kit,6,29.52,2023-05-05
Pod Kit,20,55.2,2023-05-05
E-Liquid Premium,14,46.4,2023-05-05
Battery 18650,5,13.59,2023-05-06
Batteries,17,29.26,2023-05-06
Battery 18650,3,18.78,2023-05-06
Drip Tips,7,24.42,2023-05-06
Chargers,9,31.02,2023-05-06
Cotton Wicking,19,35.87,2023-05-06
Charger,10,14.29,2023-05-06
Tank Glass,1,18.4,2023-05-06
Tank Glass,5,30.98,2023-05-06
Tank Glass,1,16.18,2023-05-06
Chargers,6,5.0,2023-05-06
Nicotine Pods,27,45.49,2023-05-06
Battery 18650,4,29.61,2023-05-06
E-Liquid Premium,20,42.92,2023-05-06
Zero Nicotine 30ml,14,50.53,2023-05-06
Vape Mod XL,13,69.44,2023-05-06
Starter Kit,3,24.55,2023-05-06
Starter Kit,5,33.2,2023-05-06
Tanks,7,58.63,2023-05-06
Pod Kit,25,62.56,2023-05-06
Atomizers,17,16.78,2023-05-06
Vape Juice 30ml,16,29.81,2023-05-06
Vape Juice 30ml,16,17.84,2023-05-06
Vape Juice 60ml,18,37.21,2023-05-06
Tanks,5,65.95,2023-05-06
Nicotine Pods,7,21.65,2023-05-07
Tank Glass,2,13.97,2023-05-07
Charger,10,21.48,2023-05-07
Chargers,13,28.06,2023-05-07
Battery 18650,10,17.12,2023-05-07
Batteries,23,35.33,2023-05-07
Cotton Wicking,26,39.98,2023-05-07
Nicotine Pods,8,51.91,2023-05-07
Zero Nicotine 30ml,9,15.65,2023-05-07
Tank Glass,2,8.93,2023-05-07
E-Liquid Premium,33,29.53,2023-05-07
Vape Juice 60ml,17,35.39,2023-05-07
Vape Juice 30ml,37,49.31,2023-05-07
Atomizers,15,100.32,2023-05-07
Tanks,22,40.42,2023-05-07
Starter Kit,9,42.98,2023-05-07
Vape Mod XL,11,37.41,2023-05-07
Pod Kit,8,58.67,2023-05-07
Pod Kit,9,55.33,2023-05-07
Zero Nicotine 30ml,12,29.36,2023-05-07
Replacement Coils,12,14.12,2023-05-08
Cotton Wicking,18,5.0,2023-05-08
Batteries,16,61.1,2023-05-08
Drip Tips,7,25.35,2023-05-08
Charger,1,27.4,2023-05-08
Charger,1,26.31,2023-05-08
Tank Glass,11,16.24,2023-05-08
Chargers,9,78.56,2023-05-08
E-Liquid Premium,7,53.85,2023-05-08
Nicotine Pods,12,37.47,2023-05-08
E-Liquid Premium,10,43.45,2023-05-08
Vape Juice 60ml,8,33.68,2023-05-08
Vape Juice 60ml,9,39.18,2023-05-08
Vape Juice 30ml,16,42.9,2023-05-08
Atomizers,9,53.48,2023-05-08
Tanks,16,56.22,2023-05-08
Pod Kit,12,57.01,2023-05-08
Pod Kit,8,56.34,2023-05-08
E-Liquid Premium,10,59.71,2023-05-08
Cotton Wicking,17,51.16,2023-05-09
Batteries,7,38.97,2023-05-09
Batteries,6,22.44,2023-05-09
Battery 18650,5,23.66,2023-05-09
Battery 18650,6,14.68,2023-05-09
Drip Tips,4,35.44,2023-05-09
Chargers,6,36.59,2023-05-09
Tank Glass,9,14.27,2023-05-09
Drip Tips,3,31.01,2023-05-09
Drip Tips,2,31.17,2023-05-09
Replacement Coils,6,22.42,2023-05-09
Chargers,5,45.7,2023-05-09
Replacement Coils,5,23.36,2023-05-09
Pod Kit,11,61.89,2023-05-09
Zero Nicotine 30ml,13,13.42,2023-05-09
E-Liquid Premium,25,38.96,2023-05-09
Vape Juice 60ml,21,27.56,2023-05-09
Vape Juice 30ml,24,39.59,2023-05-09
Atomizers,4,30.19,2023-05-09
Atomizers,7,66.77,2023-05-09
Tanks,11,66.6,2023-05-09
Starter Kit,3,21.15,2023-05-09
Starter Kit,4,32.92,2023-05-09
Vape Mod XL,7,57.69,2023-05-09
Pod Kit,12,52.55,2023-05-09
Nicotine Pods,12,5.0,2023-05-09
Replacement Coils,10,24.1,2023-05-10
Cotton Wicking,13,59.81,2023-05-10
Batteries,5,33.41,2023-05-10
Batteries,7,35.13,2023-05-10
Drip Tips,6,35.51,2023-05-10
Chargers,7,25.11,2023-05-10
Charger,7,21.65,2023-05-10
Tank Glass,6,20.05,2023-05-10
Nicotine Pods,10,63.51,2023-05-10
Battery 18650,5,25.04,2023-05-10
Zero Nicotine 30ml,11,32.71,2023-05-10
Vape Juice 30ml,11,50.85,2023-05-10
Vape Juice 60ml,6,45.04,2023-05-10
Vape Juice 60ml,3,40.14,2023-05-10
Vape Juice 30ml,9,53.38,2023-05-10
Atomizers,9,50.65,2023-05-10
Starter Kit,7,37.8,2023-05-10
Vape Mod XL,2,51.94,2023-05-10
Vape Mod XL,5,63.99,2023-05-10
Pod Kit,5,41.78,2023-05-10
Pod Kit,4,65.45,2023-05-10
E-Liquid Premium,21,53.75,2023-05-10
Replacement Coils,3,5.87,2023-05-11
Cotton Wicking,2,65.18,2023-05-11
Cotton Wicking,5,14.21,2023-05-11
Cotton Wicking,4,8.45,2023-05-11
Batteries,7,37.63,2023-05-11
Charger,1,17.78,2023-05-11
Chargers,14,60.82,2023-05-11
Charger,1,21.27,2023-05-11
Drip Tips,5,57.95,2023-05-11
Drip Tips,2,22.96,2023-05-11
Replacement Coils,5,33.92,2023-05-11
Battery 18650,8,23.64,2023-05-11
Nicotine Pods,20,35.15,2023-05-11
Batteries,4,28.2,2023-05-11
E-Liquid Premium,23,40.7,2023-05-11
Pod Kit,19,52.9,2023-05-11
Vape Mod XL,2,57.14,2023-05-11
Zero Nicotine 30ml,15,35.52,2023-05-11
Starter Kit,7,45.2,2023-05-11
Tanks,12,55.17,2023-05-11
Vape Mod XL,3,51.98,2023-05-11
Vape Juice 30ml,10,46.28,2023-05-11
Vape Juice 30ml,9,59.43,2023-05-11
Vape Juice 30ml,10,42.28,2023-05-11
Vape Juice 60ml,8,34.83,2023-05-11
Vape Juice 60ml,8,47.73,2023-05-11
Atomizers,9,55.97,2023-05-11
Cotton Wicking,6,38.1,2023-05-12
Cotton Wicking,5,10.31,2023-05-12
Cotton Wicking,4,20.37,2023-05-12
Battery 18650,8,17.52,2023-05-12
Charger,3,19.79,2023-05-12
Charger,1,7.31,2023-05-12
Charger,3,24.77,2023-05-12
Drip Tips,10,24.38,2023-05-12
Replacement Coils,17,26.04,2023-05-12
Chargers,14,30.84,2023-05-12
Nicotine Pods,23,54.75,2023-05-12
Tank Glass,9,5.0,2023-05-12
E-Liquid Premium,31,56.18,2023-05-12
Starter Kit,3,23.92,2023-05-12
Starter Kit,3,31.84,2023-05-12
Starter Kit,1,23.95,2023-05-12
Tanks,17,68.0,2023-05-12
Vape Mod XL,9,64.19,2023-05-12
Atomizers,3,61.65,2023-05-12
Vape Juice 30ml,25,52.93,2023-05-12
Vape Juice 60ml,25,35.21,2023-05-12
Atomizers,6,64.91,2023-05-12
Zero Nicotine 30ml,16,46.0,2023-05-12
Drip Tips,6,43.32,2023-05-13
Zero Nicotine 30ml,15,30.84,2023-05-13
Drip Tips,5,40.16,2023-05-13
Tank Glass,10,17.33,2023-05-13
Charger,7,14.92,2023-05-13
Chargers,13,10.47,2023-05-13
Battery 18650,9,24.48,2023-05-13
Batteries,15,39.1,2023-05-13
Cotton Wicking,18,5.0,2023-05-13
Replacement Coils,11,33.78,2023-05-13
Nicotine Pods,23,57.4,2023-05-13
E-Liquid Premium,11,60.98,2023-05-13
Vape Juice 30ml,35,55.48,2023-05-13
Atomizers,9,70.69,2023-05-13
Atomizers,10,26.04,2023-05-13
Tanks,17,64.59,2023-05-13
Starter Kit,8,43.16,2023-05-13
Vape Mod XL,5,20.88,2023-05-13
Vape Mod XL,3,65.51,2023-05-13
Vape Mod XL,4,56.16,2023-05-13
Pod Kit,18,32.51,2023-05-13
E-Liquid Premium,15,66.28,2023-05-13
Cotton Wicking,10,68.78,2023-05-14
Cotton Wicking,7,47.58,2023-05-14
Batteries,10,43.64,2023-05-14
Batteries,9,12.58,2023-05-14
Drip Tips,8,21.43,2023-05-14
Charger,7,17.32,2023-05-14
Tank Glass,5,5.0,2023-05-14
Tank Glass,6,5.68,2023-05-14
Replacement Coils,16,29.05,2023-05-14
Battery 18650,8,32.88,2023-05-14
Nicotine Pods,24,47.66,2023-05-14
Pod Kit,24,62.19,2023-05-14
Zero Nicotine 30ml,7,47.52,2023-05-14
E-Liquid Premium,23,48.88,2023-05-14
Vape Juice 60ml,18,34.71,2023-05-14
Vape Juice 30ml,14,52.87,2023-05-14
Vape Juice 30ml,14,59.75,2023-05-14
Atomizers,13,87.77,2023-05-14
Tanks,12,57.88,2023-05-14
Starter Kit,7,38.59,2023-05-14
Vape Mod XL,9,46.88,2023-05-14
Zero Nicotine 30ml,11,47.11,2023-05-14
Nicotine Pods,3,91.18,2023-05-15
Replacement Coils,12,22.66,2023-05-15
Cotton Wicking,16,39.57,2023-05-15
Batteries,9,22.48,2023-05-15
Drip Tips,1,40.3,2023-05-15
Chargers,7,25.15,2023-05-15
Tank Glass,10,14.43,2023-05-15
Nicotine Pods,3,14.97,2023-05-15
Drip Tips,5,24.11,2023-05-15
Battery 18650,6,31.74,2023-05-15
Zero Nicotine 30ml,9,26.09,2023-05-15
Nicotine Pods,3,22.56,2023-05-15
E-Liquid Premium,5,50.68,2023-05-15
E-Liquid Premium,7,30.04,2023-05-15
Pod Kit,15,63.27,2023-05-15
Vape Mod XL,1,46.1,2023-05-15
Vape Mod XL,3,55.36,2023-05-15
Vape Mod XL,5,91.95,2023-05-15
Tanks,7,55.88,2023-05-15
Tanks,8,51.8,2023-05-15
Atomizers,10,47.13,2023-05-15
Vape Juice 60ml,20,38.58,2023-05-15
Starter Kit,7,27.41,2023-05-15
Chargers,3,25.56,2023-05-16
Batteries,6,45.84,2023-05-16
Batteries,6,10.94,2023-05-16
Battery 18650,5,19.62,2023-05-16
Chargers,6,44.0,2023-05-16
Charger,1,11.76,2023-05-16
Drip Tips,5,29.3,2023-05-16
Charger,2,23.63,2023-05-16
Tank Glass,2,20.56,2023-05-16
Tank Glass,6,8.34,2023-05-16
Drip Tips,1,25.68,2023-05-16
Cotton Wicking,1,5.0,2023-05-16
Charger,1,17.22,2023-05-16
Cotton Wicking,4,26.02,2023-05-16
Atomizers,7,72.83,2023-05-16
Nicotine Pods,8,12.09,2023-05-16
Pod Kit,5,59.06,2023-05-16
Pod Kit,8,45.59,2023-05-16
Vape Mod XL,6,25.04,2023-05-16
Tanks,8,60.46,2023-05-16
Tanks,6,54.23,2023-05-16
Cotton Wicking,3,20.03,2023-05-16
Vape Juice 60ml,14,28.16,2023-05-16
E-Liquid Premium,24,56.34,2023-05-16
Zero Nicotine 30ml,4,17.67,2023-05-16
Zero Nicotine 30ml,5,51.1,2023-05-16
Nicotine Pods,10,97.35,2023-05-16
Vape Juice 30ml,22,23.25,2023-05-16
Nicotine Pods,4,24.12,2023-05-17
Replacement Coils,10,19.82,2023-05-17
Cotton Wicking,5,36.98,2023-05-17
Cotton Wicking,9,36.14,2023-05-17
Batteries,6,56.78,2023-05-17
Batteries,4,34.75,2023-05-17
Charger,2,23.39,2023-05-17
Charger,1,19.36,2023-05-17
Charger,4,21.87,2023-05-17
Tank Glass,2,16.81,2023-05-17
Tank Glass,3,19.58,2023-05-17
Drip Tips,6,38.45,2023-05-17
Battery 18650,5,16.5,2023-05-17
Nicotine Pods,4,41.51,2023-05-17
Zero Nicotine 30ml,6,16.87,2023-05-17
Zero Nicotine 30ml,2,40.13,2023-05-17
Pod Kit,12,42.65,2023-05-17
Vape Mod XL,7,47.14,2023-05-17
Zero Nicotine 30ml,3,28.15,2023-05-17
Atomizers,1,31.36,2023-05-17
Atomizers,5,43.94,2023-05-17
Atomizers,4,42.75,2023-05-17
Tanks,9,58.98,2023-05-17
Vape Juice 30ml,8,47.91,2023-05-17
Vape Juice 30ml,7,34.54,2023-05-17
Vape Juice 60ml,16,39.16,2023-05-17
E-Liquid Premium,20,63.38,2023-05-17
Vape Juice 30ml,9,54.07,2023-05-17
Replacement Coils,4,18.98,2023-05-18
Tank Glass,7,7.86,2023-05-18
Charger,4,30.48,2023-05-18
Charger,5,19.05,2023-05-18
Chargers,13,49.54,2023-05-18
Battery 18650,11,25.8,2023-05-18
Batteries,10,79.28,2023-05-18
Replacement Coils,2,10.27,2023-05-18
Drip Tips,8,16.72,2023-05-18
Zero Nicotine 30ml,16,5.0,2023-05-18
E-Liquid Premium,28,43.62,2023-05-18
Vape Juice 60ml,13,27.83,2023-05-18
Atomizers,12,67.97,2023-05-18
Tanks,7,59.75,2023-05-18
Tanks,6,93.3,2023-05-18
Vape Mod XL,2,48.57,2023-05-18
Vape Mod XL,6,64.82,2023-05-18
Pod Kit,17,56.97,2023-05-18
Nicotine Pods,11,13.33,2023-05-18
Battery 18650,14,19.26,2023-05-19
Chargers,15,35.38,2023-05-19
Charger,6,23.44,2023-05-19
Charger,3,16.15,2023-05-19
Drip Tips,5,19.38,2023-05-19
Tank Glass,5,18.54,2023-05-19
Tank Glass,4,9.4,2023-05-19
Batteries,5,55.46,2023-05-19
Drip Tips,5,23.33,2023-05-19
Tank Glass,6,14.81,2023-05-19
Batteries,4,24.49,2023-05-19
Batteries,6,54.0,2023-05-19
Replacement Coils,10,19.58,2023-05-19
Cotton Wicking,15,16.31,2023-05-19
Pod Kit,27,59.59,2023-05-19
Vape Mod XL,6,36.37,2023-05-19
Vape Mod XL,4,60.32,2023-05-19
Starter Kit,7,19.86,2023-05-19
Vape Mod XL,3,44.43,2023-05-19
Vape Juice 60ml,27,48.79,2023-05-19
E-Liquid Premium,19,67.46,2023-05-19
Zero Nicotine 30ml,15,20.86,2023-05-19
Nicotine Pods,23,28.31,2023-05-19
Vape Juice 30ml,35,41.16,2023-05-19
Drip Tips,6,35.5,2023-05-20
Replacement Coils,6,27.27,2023-05-20
Replacement Coils,6,11.9,2023-05-20
Replacement Coils,4,11.27,2023-05-20
Cotton Wicking,16,40.78,2023-05-20
Batteries,5,61.43,2023-05-20
Charger,3,28.53,2023-05-20
Batteries,4,35.67,2023-05-20
Battery 18650,10,21.66,2023-05-20
Chargers,9,42.32,2023-05-20
Charger,5,25.44,2023-05-20
Tank Glass,13,15.46,2023-05-20
Nicotine Pods,10,40.07,2023-05-20
Batteries,2,28.75,2023-05-20
Nicotine Pods,8,66.25,2023-05-20
Atomizers,5,77.33,2023-05-20
Zero Nicotine 30ml,9,28.37,2023-05-20
Pod Kit,8,49.32,2023-05-20
Pod Kit,10,41.24,2023-05-20
Vape Mod XL,4,44.27,2023-05-20
Vape Mod XL,5,35.59,2023-05-20
Vape Mod XL,3,56.17,2023-05-20
Starter Kit,10,40.73,2023-05-20
Zero Nicotine 30ml,7,43.54,2023-05-20
Atomizers,6,60.02,2023-05-20
Vape Juice 30ml,15,38.78,2023-05-20
Vape Juice 30ml,13,58.01,2023-05-20
E-Liquid Premium,13,70.34,2023-05-20
E-Liquid Premium,15,48.56,2023-05-20
Tanks,14,60.6,2023-05-20
Nicotine Pods,23,39.87,2023-05-21
Replacement Coils,15,5.0,2023-05-21
Cotton Wicking,26,34.14,2023-05-21
Batteries,14,5.0,2023-05-21
Battery 18650,14,7.18,2023-05-21
Chargers,18,49.89,2023-05-21
Tank Glass,4,17.45,2023-05-21
Tank Glass,5,20.74,2023-05-21
Tank Glass,6,17.72,2023-05-21
Drip Tips,6,38.21,2023-05-21
Drip Tips,6,38.99,2023-05-21
Zero Nicotine 30ml,10,11.83,2023-05-21
Charger,11,17.85,2023-05-21
Zero Nicotine 30ml,7,67.1,2023-05-21
Vape Juice 60ml,24,22.45,2023-05-21
Vape Mod XL,3,60.11,2023-05-21
Pod Kit,22,62.74,2023-05-21
E-Liquid Premium,20,53.26,2023-05-21
Vape Mod XL,5,62.3,2023-05-21
Starter Kit,8,49.59,2023-05-21
Tanks,6,53.91,2023-05-21
Tanks,3,69.49,2023-05-21
Atomizers,2,41.28,2023-05-21
Atomizers,3,63.26,2023-05-21
Atomizers,2,36.04,2023-05-21
Vape Juice 30ml,19,45.46,2023-05-21
Vape Juice 30ml,18,38.74,2023-05-21
Tanks,3,57.61,2023-05-21
Cotton Wicking,11,56.61,2023-05-22
Replacement Coils,4,28.61,2023-05-22
Replacement Coils,4,34.13,2023-05-22
Batteries,9,59.93,2023-05-22
Replacement Coils,5,21.3,2023-05-22
Chargers,12,59.46,2023-05-22
Charger,5,18.63,2023-05-22
Tank Glass,7,9.61,2023-05-22
Drip Tips,8,25.43,2023-05-22
Battery 18650,10,15.22,2023-05-22
Nicotine Pods,19,25.05,2023-05-22
Vape Juice 30ml,24,42.47,2023-05-22
E-Liquid Premium,18,42.18,2023-05-22
Pod Kit,8,61.13,2023-05-22
Vape Mod XL,4,43.45,2023-05-22
Vape Mod XL,5,68.18,2023-05-22
Tanks,11,52.2,2023-05-22
Pod Kit,8,43.28,2023-05-22
Vape Juice 60ml,4,54.66,2023-05-22
Vape Juice 60ml,5,47.94,2023-05-22
Vape Juice 60ml,3,47.91,2023-05-22
Atomizers,12,63.72,2023-05-22
Zero Nicotine 30ml,12,31.54,2023-05-22
Drip Tips,1,22.58,2023-05-23
Replacement Coils,3,7.55,2023-05-23
Drip Tips,2,28.55,2023-05-23
Tank Glass,5,22.1,2023-05-23
Tank Glass,3,22.07,2023-05-23
Charger,8,23.64,2023-05-23
Chargers,12,31.25,2023-05-23
Battery 18650,9,19.53,2023-05-23
Batteries,16,28.13,2023-05-23
Replacement Coils,2,32.51,2023-05-23
Replacement Coils,1,12.06,2023-05-23
Nicotine Pods,20,60.01,2023-05-23
E-Liquid Premium,15,55.5,2023-05-23
Vape Juice 60ml,6,15.36,2023-05-23
Vape Juice 60ml,7,30.11,2023-05-23
Vape Juice 30ml,26,65.22,2023-05-23
Atomizers,10,54.66,2023-05-23
Starter Kit,7,16.65,2023-05-23
Vape Mod XL,10,60.94,2023-05-23
Pod Kit,8,43.09,2023-05-23
Pod Kit,7,49.01,2023-05-23
Zero Nicotine 30ml,13,33.24,2023-05-23
Drip Tips,5,37.66,2023-05-24
Battery 18650,3,11.03,2023-05-24
Battery 18650,2,20.42,2023-05-24
Chargers,4,41.2,2023-05-24
Drip Tips,5,35.83,2023-05-24
Charger,6,22.01,2023-05-24
Tank Glass,6,40.1,2023-05-24
Tank Glass,4,5.37,2023-05-24
Cotton Wicking,5,57.93,2023-05-24
Chargers,1,59.56,2023-05-24
Cotton Wicking,5,50.32,2023-05-24
Cotton Wicking,8,34.3,2023-05-24
Replacement Coils,3,26.89,2023-05-24
Replacement Coils,4,28.98,2023-05-24
Vape Mod XL,4,65.47,2023-05-24
Starter Kit,6,32.94,2023-05-24
Tanks,12,62.48,2023-05-24
Atomizers,12,53.59,2023-05-24
Vape Mod XL,1,57.44,2023-05-24
E-Liquid Premium,16,60.48,2023-05-24
Zero Nicotine 30ml,13,29.38,2023-05-24
Nicotine Pods,8,70.35,2023-05-24
Nicotine Pods,8,20.17,2023-05-24
Vape Juice 60ml,14,41.3,2023-05-24
Replacement Coils,6,24.96,2023-05-25
Drip Tips,5,44.58,2023-05-25
Drip Tips,2,29.95,2023-05-25
Chargers,17,29.97,2023-05-25
Battery 18650,9,17.92,2023-05-25
Batteries,12,35.22,2023-05-25
Cotton Wicking,9,53.19,2023-05-25
Cotton Wicking,9,26.62,2023-05-25
Replacement Coils,7,16.46,2023-05-25
Zero Nicotine 30ml,16,37.07,2023-05-25
Vape Juice 60ml,24,39.6,2023-05-25
Vape Juice 30ml,10,39.36,2023-05-25
Vape Juice 30ml,8,40.08,2023-05-25
Vape Juice 30ml,8,35.02,2023-05-25
Atomizers,17,29.09,2023-05-25
Tanks,16,70.33,2023-05-25
Starter Kit,7,40.4,2023-05-25
Vape Mod XL,9,36.81,2023-05-25
Pod Kit,26,47.55,2023-05-25
E-Liquid Premium,33,69.84,2023-05-25
Nicotine Pods,10,53.31,2023-05-26
Nicotine Pods,12,42.7,2023-05-26
Replacement Coils,13,20.97,2023-05-26
Cotton Wicking,11,40.16,2023-05-26
Chargers,3,30.7,2023-05-26
Batteries,26,31.25,2023-05-26
Chargers,5,32.33,2023-05-26
Chargers,7,34.45,2023-05-26
Cotton Wicking,14,51.8,2023-05-26
Zero Nicotine 30ml,17,25.75,2023-05-26
Charger,9,19.94,2023-05-26
Vape Juice 30ml,43,46.37,2023-05-26
Atomizers,9,68.88,2023-05-26
Atomizers,8,54.76,2023-05-26
Tanks,16,68.95,2023-05-26
Starter Kit,9,43.94,2023-05-26
Starter Kit,8,40.84,2023-05-26
Vape Mod XL,14,57.77,2023-05-26
Pod Kit,13,65.56,2023-05-26
Pod Kit,12,58.29,2023-05-26
E-Liquid Premium,34,60.75,2023-05-26
Nicotine Pods,15,67.93,2023-05-27
Nicotine Pods,16,56.75,2023-05-27
Replacement Coils,23,33.32,2023-05-27
Cotton Wicking,9,46.93,2023-05-27
Cotton Wicking,10,46.88,2023-05-27
Tank Glass,6,23.79,2023-05-27
Charger,9,18.85,2023-05-27
Tank Glass,6,19.88,2023-05-27
Zero Nicotine 30ml,12,13.59,2023-05-27
Drip Tips,9,35.12,2023-05-27
Batteries,17,75.7,2023-05-27
Zero Nicotine 30ml,12,32.77,2023-05-27
Chargers,13,46.24,2023-05-27
Vape Juice 60ml,20,38.13,2023-05-27
Vape Juice 60ml,19,36.76,2023-05-27
Vape Juice 30ml,23,53.34,2023-05-27
Vape Juice 30ml,22,32.94,2023-05-27
Atomizers,9,39.28,2023-05-27
Atomizers,9,70.51,2023-05-27
Tanks,20,67.16,2023-05-27
Starter Kit,14,43.52,2023-05-27
Vape Mod XL,3,59.4,2023-05-27
Vape Mod XL,7,65.56,2023-05-27
Pod Kit,25,45.99,2023-05-27
E-Liquid Premium,28,70.66,2023-05-27
Replacement Coils,9,18.59,2023-05-28
Cotton Wicking,19,39.65,2023-05-28
Batteries,23,52.66,2023-05-28
Battery 18650,5,18.48,2023-05-28
Drip Tips,13,31.19,2023-05-28
Charger,1,31.32,2023-05-28
Charger,5,10.25,2023-05-28
Tank Glass,18,14.2,2023-05-28
Replacement Coils,11,18.27,2023-05-28
Battery 18650,4,27.97,2023-05-28
Nicotine Pods,29,38.04,2023-05-28
Vape Juice 30ml,39,16.84,2023-05-28
E-Liquid Premium,41,56.59,2023-05-28
Vape Juice 60ml,33,41.53,2023-05-28
Atomizers,19,37.42,2023-05-28
Tanks,14,53.57,2023-05-28
Tanks,14,58.22,2023-05-28
Vape Mod XL,8,47.82,2023-05-28
Vape Mod XL,7,45.99,2023-05-28
Pod Kit,12,55.03,2023-05-28
Pod Kit,14,57.24,2023-05-28
Zero Nicotine 30ml,22,42.76,2023-05-28
Batteries,13,77.08,2023-05-29
Battery 18650,5,28.71,2023-05-29
Battery 18650,5,14.47,2023-05-29
Chargers,6,20.38,2023-05-29
Chargers,4,33.62,2023-05-29
Tanks,13,38.46,2023-05-29
Charger,2,26.15,2023-05-29
Tank Glass,12,10.46,2023-05-29
Drip Tips,3,33.32,2023-05-29
Drip Tips,1,34.77,2023-05-29
Cotton Wicking,7,52.72,2023-05-29
Charger,2,22.32,2023-05-29
Cotton Wicking,5,56.28,2023-05-29
Vape Mod XL,4,49.56,2023-05-29
Replacement Coils,11,27.04,2023-05-29
Nicotine Pods,23,51.21,2023-05-29
Zero Nicotine 30ml,16,24.08,2023-05-29
Vape Juice 60ml,18,37.1,2023-05-29
Atomizers,13,48.84,2023-05-29
Starter Kit,7,20.26,2023-05-29
Vape Mod XL,1,48.54,2023-05-29
Vape Mod XL,1,94.23,2023-05-29
Cotton Wicking,5,91.07,2023-05-29
Pod Kit,13,56.45,2023-05-29
Pod Kit,11,51.01,2023-05-29
Cotton Wicking,15,24.23,2023-05-30
Batteries,12,24.98,2023-05-30
Battery 18650,3,17.86,2023-05-30
Battery 18650,5,20.69,2023-05-30
Chargers,7,56.33,2023-05-30
Drip Tips,4,21.01,2023-05-30
Charger,4,23.47,2023-05-30
Charger,2,20.39,2023-05-30
Drip Tips,4,27.44,2023-05-30
Replacement Coils,13,14.48,2023-05-30
Chargers,4,5.0,2023-05-30
Nicotine Pods,13,40.89,2023-05-30
Nicotine Pods,13,45.19,2023-05-30
Zero Nicotine 30ml,20,25.51,2023-05-30
Starter Kit,10,29.44,2023-05-30
Tanks,12,50.92,2023-05-30
Atomizers,5,63.02,2023-05-30
Atomizers,7,77.32,2023-05-30
Pod Kit,23,46.0,2023-05-30
Vape Juice 60ml,18,42.12,2023-05-30
E-Liquid Premium,9,51.62,2023-05-30
E-Liquid Premium,7,22.08,2023-05-30
E-Liquid Premium,8,41.7,2023-05-30
Vape Juice 30ml,26,41.44,2023-05-30
Nicotine Pods,23,20.63,2023-05-31
Drip Tips,1,24.9,2023-05-31
Drip Tips,5,22.7,2023-05-31
Charger,6,23.7,2023-05-31
Charger,2,18.96,2023-05-31
Chargers,14,36.08,2023-05-31
Battery 18650,11,7.12,2023-05-31
Batteries,19,55.2,2023-05-31
Cotton Wicking,22,27.56,2023-05-31
Replacement Coils,16,23.95,2023-05-31
Zero Nicotine 30ml,7,47.4,2023-05-31
Zero Nicotine 30ml,5,21.62,2023-05-31
Zero Nicotine 30ml,4,18.96,2023-05-31
Pod Kit,21,23.29,2023-05-31
Vape Mod XL,5,71.32,2023-05-31
Vape Mod XL,5,41.36,2023-05-31
Starter Kit,4,35.55,2023-05-31
Tanks,19,53.33,2023-05-31
Starter Kit,5,45.46,2023-05-31
Vape Juice 60ml,22,37.05,2023-05-31
E-Liquid Premium,9,56.45,2023-05-31
E-Liquid Premium,10,69.81,2023-05-31
E-Liquid Premium,12,53.2,2023-05-31
Vape Juice 30ml,30,29.93,2023-05-31
Nicotine Pods,8,48.6,2023-06-01
Zero Nicotine 30ml,8,46.19,2023-06-01
Zero Nicotine 30ml,9,6.61,2023-06-01
Nicotine Pods,8,21.13,2023-06-01
Nicotine Pods,7,41.91,2023-06-01
E-Liquid Premium,16,55.75,2023-06-01
Battery 18650,13,26.61,2023-06-01
Chargers,23,39.54,2023-06-01
Charger,8,24.47,2023-06-01
Tank Glass,11,8.72,2023-06-01
E-Liquid Premium,14,66.37,2023-06-01
Cotton Wicking,18,34.44,2023-06-01
Drip Tips,12,35.9,2023-06-01
Atomizers,8,38.86,2023-06-01
Vape Juice 60ml,23,43.44,2023-06-01
Vape Juice 30ml,49,65.41,2023-06-01
Atomizers,5,85.78,2023-06-01
Tanks,7,65.41,2023-06-01
Tanks,9,72.91,2023-06-01
Tanks,9,70.3,2023-06-01
Starter Kit,6,34.03,2023-06-01
Starter Kit,4,49.1,2023-06-01
Vape Mod XL,14,48.82,2023-06-01
Pod Kit,21,39.2,2023-06-01
E-Liquid Premium,16,42.56,2023-06-01
Batteries,31,33.24,2023-06-02
Replacement Coils,21,15.39,2023-06-02
Cotton Wicking,15,28.71,2023-06-02
Cotton Wicking,17,47.9,2023-06-02
Battery 18650,6,8.62,2023-06-02
Nicotine Pods,24,58.41,2023-06-02
Chargers,24,22.76,2023-06-02
Tank Glass,9,11.81,2023-06-02
Tank Glass,10,19.8,2023-06-02
Drip Tips,12,9.55,2023-06-02
Battery 18650,7,28.72,2023-06-02
Zero Nicotine 30ml,23,42.21,2023-06-02
Charger,13,20.23,2023-06-02
Vape Juice 60ml,17,51.1,2023-06-02
Pod Kit,12,56.9,2023-06-02
Pod Kit,14,52.42,2023-06-02
E-Liquid Premium,56,49.71,2023-06-02
Vape Mod XL,23,53.0,2023-06-02
Starter Kit,10,37.74,2023-06-02
Pod Kit,14,48.2,2023-06-02
Atomizers,20,41.82,2023-06-02
Vape Juice 30ml,47,45.6,2023-06-02
Vape Juice 60ml,15,56.39,2023-06-02
Vape Juice 60ml,13,43.37,2023-06-02
Starter Kit,8,48.32,2023-06-02
Batteries,20,21.71,2023-06-03
Drip Tips,14,29.01,2023-06-03
Tank Glass,22,12.34,2023-06-03
Charger,6,22.35,2023-06-03
Charger,6,16.07,2023-06-03
Chargers,23,48.83,2023-06-03
Battery 18650,5,23.52,2023-06-03
Battery 18650,8,31.81,2023-06-03
Battery 18650,8,16.68,2023-06-03
Cotton Wicking,26,45.67,2023-06-03
Replacement Coils,10,27.76,2023-06-03
Zero Nicotine 30ml,14,44.6,2023-06-03
Zero Nicotine 30ml,13,47.93,2023-06-03
Vape Juice 60ml,41,28.09,2023-06-03
Vape Juice 30ml,38,25.87,2023-06-03
Atomizers,20,43.79,2023-06-03
Tanks,30,64.92,2023-06-03
Starter Kit,9,19.81,2023-06-03
Starter Kit,8,27.19,2023-06-03
Vape Mod XL,13,46.44,2023-06-03
Replacement Coils,13,35.18,2023-06-03
Nicotine Pods,12,73.7,2023-06-04
Replacement Coils,25,5.71,2023-06-04
Cotton Wicking,8,33.82,2023-06-04
Cotton Wicking,12,42.13,2023-06-04
Cotton Wicking,10,42.97,2023-06-04
Charger,7,17.46,2023-06-04
Battery 18650,19,15.18,2023-06-04
Chargers,26,26.64,2023-06-04
Charger,5,15.04,2023-06-04
Batteries,27,41.84,2023-06-04
Nicotine Pods,11,31.18,2023-06-04
Tank Glass,17,19.69,2023-06-04
Zero Nicotine 30ml,14,31.16,2023-06-04
Pod Kit,27,48.95,2023-06-04
Vape Mod XL,15,41.05,2023-06-04
Starter Kit,5,35.02,2023-06-04
Starter Kit,2,20.78,2023-06-04
Starter Kit,6,45.01,2023-06-04
Nicotine Pods,15,67.06,2023-06-04
Vape Juice 30ml,55,41.49,2023-06-04
Vape Juice 60ml,30,40.17,2023-06-04
E-Liquid Premium,47,43.04,2023-06-04
Zero Nicotine 30ml,10,14.33,2023-06-04
Atomizers,29,60.35,2023-06-04
Nicotine Pods,21,73.66,2023-06-05
Tank Glass,15,5.0,2023-06-05
Charger,8,22.95,2023-06-05
Chargers,7,13.76,2023-06-05
Chargers,5,28.63,2023-06-05
Battery 18650,11,14.0,2023-06-05
Batteries,10,39.83,2023-06-05
Batteries,9,5.0,2023-06-05
Cotton Wicking,17,78.64,2023-06-05
Replacement Coils,13,19.48,2023-06-05
Zero Nicotine 30ml,14,16.57,2023-06-05
Drip Tips,8,25.64,2023-06-05
E-Liquid Premium,17,56.35,2023-06-05
Pod Kit,30,49.97,2023-06-05
Vape Mod XL,12,51.38,2023-06-05
Tanks,11,64.16,2023-06-05
Tanks,14,63.36,2023-06-05
Zero Nicotine 30ml,14,33.08,2023-06-05
Vape Juice 30ml,30,47.47,2023-06-05
Vape Juice 60ml,8,35.2,2023-06-05
Vape Juice 60ml,9,19.81,2023-06-05
E-Liquid Premium,17,25.72,2023-06-05
Atomizers,17,65.81,2023-06-05
Cotton Wicking,7,49.05,2023-06-06
Tank Glass,7,9.07,2023-06-06
Tank Glass,4,5.0,2023-06-06
Charger,7,20.08,2023-06-06
Battery 18650,10,21.47,2023-06-06
Batteries,9,24.04,2023-06-06
Batteries,11,26.25,2023-06-06
Cotton Wicking,8,37.82,2023-06-06
Cotton Wicking,8,37.24,2023-06-06
Drip Tips,5,39.25,2023-06-06
Nicotine Pods,9,54.49,2023-06-06
Zero Nicotine 30ml,21,31.76,2023-06-06
E-Liquid Premium,14,53.54,2023-06-06
E-Liquid Premium,12,38.7,2023-06-06
Vape Juice 30ml,13,39.63,2023-06-06
Vape Juice 30ml,15,43.39,2023-06-06
Tanks,8,48.62,2023-06-06
Tanks,4,39.45,2023-06-06
Vape Mod XL,7,60.3,2023-06-06
Vape Mod XL,6,32.22,2023-06-06
Pod Kit,24,52.23,2023-06-06
Nicotine Pods,13,75.29,2023-06-06
Cotton Wicking,12,16.46,2023-06-07
Cotton Wicking,12,56.63,2023-06-07
Batteries,16,21.74,2023-06-07
Drip Tips,7,27.06,2023-06-07
Battery 18650,12,21.0,2023-06-07
Tank Glass,4,8.66,2023-06-07
Charger,4,20.5,2023-06-07
Charger,5,13.32,2023-06-07
Tank Glass,8,14.01,2023-06-07
Replacement Coils,16,28.67,2023-06-07
Chargers,15,85.28,2023-06-07
Zero Nicotine 30ml,5,18.02,2023-06-07
Vape Juice 30ml,8,47.39,2023-06-07
E-Liquid Premium,14,38.2,2023-06-07
Pod Kit,27,48.13,2023-06-07
Vape Mod XL,14,42.22,2023-06-07
Tanks,15,62.8,2023-06-07
Atomizers,12,52.54,2023-06-07
Zero Nicotine 30ml,4,27.71,2023-06-07
Vape Juice 30ml,12,22.13,2023-06-07
Vape Juice 60ml,11,40.31,2023-06-07
Vape Juice 60ml,11,25.76,2023-06-07
E-Liquid Premium,15,42.13,2023-06-07
Vape Juice 30ml,10,34.15,2023-06-07
Nicotine Pods,7,32.08,2023-06-08
Tank Glass,6,16.66,2023-06-08
Tank Glass,8,31.88,2023-06-08
Charger,5,13.84,2023-06-08
Charger,2,24.54,2023-06-08
Battery 18650,11,24.36,2023-06-08
Batteries,22,59.23,2023-06-08
Replacement Coils,14,24.9,2023-06-08
Nicotine Pods,7,66.49,2023-06-08
Nicotine Pods,6,49.19,2023-06-08
Zero Nicotine 30ml,15,12.79,2023-06-08
E-Liquid Premium,38,54.31,2023-06-08
Vape Juice 60ml,22,33.78,2023-06-08
Vape Juice 30ml,13,37.67,2023-06-08
Vape Juice 30ml,13,56.21,2023-06-08
Atomizers,19,87.05,2023-06-08
Tanks,7,49.76,2023-06-08
Tanks,6,80.39,2023-06-08
Tanks,7,48.38,2023-06-08
Starter Kit,11,38.35,2023-06-08
Vape Mod XL,13,62.73,2023-06-08
Pod Kit,30,46.8,2023-06-08
Replacement Coils,11,23.87,2023-06-09
Cotton Wicking,25,53.72,2023-06-09
Batteries,9,27.43,2023-06-09
Batteries,8,34.92,2023-06-09
Drip Tips,4,18.28,2023-06-09
Charger,7,17.34,2023-06-09
Tank Glass,10,23.45,2023-06-09
Drip Tips,6,18.16,2023-06-09
Nicotine Pods,22,27.54,2023-06-09
Charger,7,15.15,2023-06-09
Zero Nicotine 30ml,9,33.98,2023-06-09
Replacement Coils,12,24.27,2023-06-09
E-Liquid Premium,35,55.95,2023-06-09
Vape Juice 30ml,48,58.26,2023-06-09
Atomizers,22,64.49,2023-06-09
Tanks,7,47.6,2023-06-09
Tanks,8,82.23,2023-06-09
Tanks,8,64.59,2023-06-09
Starter Kit,9,19.7,2023-06-09
Vape Mod XL,16,54.61,2023-06-09
Pod Kit,17,54.79,2023-06-09
Pod Kit,15,46.16,2023-06-09
Zero Nicotine 30ml,10,25.43,2023-06-09
Replacement Coils,5,21.77,2023-06-10
Replacement Coils,8,12.34,2023-06-10
Cotton Wicking,21,52.66,2023-06-10
Batteries,13,35.7,2023-06-10
Batteries,12,24.62,2023-06-10
Tank Glass,7,10.12,2023-06-10
Battery 18650,7,18.69,2023-06-10
Chargers,20,70.47,2023-06-10
Charger,10,10.31,2023-06-10
Tank Glass,5,13.53,2023-06-10
Tank Glass,3,5.74,2023-06-10
Battery 18650,8,20.07,2023-06-10
Nicotine Pods,13,59.79,2023-06-10
Nicotine Pods,16,31.21,2023-06-10
E-Liquid Premium,25,47.28,2023-06-10
Zero Nicotine 30ml,20,36.59,2023-06-10
Pod Kit,17,57.83,2023-06-10
Pod Kit,17,60.22,2023-06-10
Vape Mod XL,15,44.22,2023-06-10
Tanks,24,85.7,2023-06-10
Starter Kit,13,20.92,2023-06-10
Atomizers,5,50.63,2023-06-10
Atomizers,6,63.34,2023-06-10
Vape Juice 30ml,30,23.39,2023-06-10
Vape Juice 60ml,15,28.06,2023-06-10
Vape Juice 60ml,15,43.7,2023-06-10
Atomizers,3,52.59,2023-06-10
Cotton Wicking,17,40.07,2023-06-11
Nicotine Pods,32,60.14,2023-06-11
Drip Tips,5,41.17,2023-06-11
Replacement Coils,9,35.36,2023-06-11
Batteries,15,30.48,2023-06-11
Zero Nicotine 30ml,12,26.97,2023-06-11
Chargers,8,55.44,2023-06-11
Chargers,11,28.52,2023-06-11
Charger,12,20.94,2023-06-11
Tank Glass,10,14.97,2023-06-11
Drip Tips,4,47.01,2023-06-11
Battery 18650,14,10.15,2023-06-11
Zero Nicotine 30ml,11,30.38,2023-06-11
Replacement Coils,9,29.98,2023-06-11
E-Liquid Premium,19,61.18,2023-06-11
E-Liquid Premium,21,43.63,2023-06-11
Pod Kit,24,40.33,2023-06-11
Vape Mod XL,11,63.37,2023-06-11
Starter Kit,3,35.06,2023-06-11
Tanks,26,44.06,2023-06-11
Starter Kit,6,51.5,2023-06-11
Vape Juice 30ml,15,46.99,2023-06-11
Vape Juice 30ml,13,52.74,2023-06-11
Vape Juice 60ml,9,35.17,2023-06-11
Vape Juice 60ml,8,40.95,2023-06-11
Vape Juice 60ml,8,48.6,2023-06-11
Atomizers,19,61.25,2023-06-11
Battery 18650,6,17.88,2023-06-12
Replacement Coils,7,19.43,2023-06-12
Cotton Wicking,12,12.87,2023-06-12
Cotton Wicking,11,29.44,2023-06-12
Batteries,15,30.6,2023-06-12
Battery 18650,7,18.99,2023-06-12
Tank Glass,5,8.41,2023-06-12
Charger,4,24.21,2023-06-12
Charger,3,14.94,2023-06-12
Tank Glass,1,15.49,2023-06-12
Tank Glass,4,5.0,2023-06-12
Drip Tips,9,48.7,2023-06-12
Chargers,11,5.0,2023-06-12
Replacement Coils,8,21.56,2023-06-12
Zero Nicotine 30ml,17,17.06,2023-06-12
E-Liquid Premium,10,36.95,2023-06-12
Nicotine Pods,20,34.3,2023-06-12
Vape Mod XL,10,40.01,2023-06-12
Starter Kit,5,56.82,2023-06-12
Starter Kit,5,56.55,2023-06-12
Tanks,12,76.2,2023-06-12
Pod Kit,19,62.19,2023-06-12
Vape Juice 30ml,13,46.64,2023-06-12
Vape Juice 30ml,11,55.35,2023-06-12
Vape Juice 60ml,22,24.47,2023-06-12
E-Liquid Premium,11,37.9,2023-06-12
E-Liquid Premium,8,47.52,2023-06-12
Atomizers,14,57.73,2023-06-12
Replacement Coils,5,19.25,2023-06-13
Cotton Wicking,8,30.65,2023-06-13
Cotton Wicking,8,31.75,2023-06-13
Batteries,10,9.61,2023-06-13
Chargers,6,41.3,2023-06-13
Chargers,7,21.21,2023-06-13
Charger,5,22.68,2023-06-13
Tank Glass,11,6.65,2023-06-13
Drip Tips,5,30.0,2023-06-13
Battery 18650,12,23.32,2023-06-13
Replacement Coils,2,27.89,2023-06-13
Nicotine Pods,9,5.0,2023-06-13
Nicotine Pods,9,73.79,2023-06-13
Pod Kit,11,58.11,2023-06-13
Pod Kit,12,52.84,2023-06-13
Starter Kit,8,43.91,2023-06-13
Tanks,13,70.53,2023-06-13
Nicotine Pods,7,64.2,2023-06-13
Vape Juice 30ml,28,45.05,2023-06-13
Vape Juice 60ml,22,33.12,2023-06-13
E-Liquid Premium,15,39.39,2023-06-13
E-Liquid Premium,12,68.16,2023-06-13
Atomizers,15,64.92,2023-06-13
Replacement Coils,7,18.2,2023-06-14
Replacement Coils,7,17.69,2023-06-14
Cotton Wicking,8,65.65,2023-06-14
Cotton Wicking,11,61.49,2023-06-14
Batteries,16,24.81,2023-06-14
Charger,8,11.63,2023-06-14
Chargers,15,35.94,2023-06-14
Tank Glass,5,5.0,2023-06-14
Tank Glass,7,8.03,2023-06-14
Replacement Coils,6,26.08,2023-06-14
Drip Tips,1,25.35,2023-06-14
Battery 18650,10,20.97,2023-06-14
Drip Tips,4,31.07,2023-06-14
Nicotine Pods,20,51.94,2023-06-14
E-Liquid Premium,12,68.72,2023-06-14
Zero Nicotine 30ml,19,40.48,2023-06-14
Pod Kit,13,41.94,2023-06-14
Vape Mod XL,7,43.21,2023-06-14
Starter Kit,9,42.41,2023-06-14
Tanks,16,65.97,2023-06-14
Pod Kit,12,54.6,2023-06-14
Atomizers,8,34.08,2023-06-14
Vape Juice 30ml,33,51.89,2023-06-14
Vape Juice 60ml,14,37.42,2023-06-14
Vape Juice 60ml,14,33.47,2023-06-14
E-Liquid Premium,16,50.1,2023-06-14
Atomizers,8,59.7,2023-06-14
Nicotine Pods,11,49.85,2023-06-15
Replacement Coils,14,14.63,2023-06-15
Cotton Wicking,25,26.7,2023-06-15
Batteries,5,47.09,2023-06-15
Battery 18650,8,25.48,2023-06-15
Batteries,5,69.44,2023-06-15
Chargers,11,58.83,2023-06-15
Charger,10,13.08,2023-06-15
Drip Tips,7,31.02,2023-06-15
Batteries,3,35.45,2023-06-15
Nicotine Pods,11,64.06,2023-06-15
Zero Nicotine 30ml,6,33.17,2023-06-15
E-Liquid Premium,34,36.25,2023-06-15
Zero Nicotine 30ml,5,5.0,2023-06-15
Vape Mod XL,12,40.15,2023-06-15
Starter Kit,11,21.06,2023-06-15
Atomizers,15,66.64,2023-06-15
Pod Kit,19,39.79,2023-06-15
Vape Juice 30ml,10,46.8,2023-06-15
Vape Juice 30ml,14,37.7,2023-06-15
Vape Juice 60ml,28,18.6,2023-06-15
Vape Juice 30ml,14,31.24,2023-06-15
Batteries,8,35.95,2023-06-16
Drip Tips,7,19.87,2023-06-16
Tank Glass,8,5.0,2023-06-16
Tank Glass,5,6.87,2023-06-16
Charger,8,23.22,2023-06-16
Battery 18650,9,16.14,2023-06-16
Batteries,10,29.81,2023-06-16
Nicotine Pods,20,44.27,2023-06-16
Cotton Wicking,29,33.73,2023-06-16
Vape Juice 60ml,36,49.27,2023-06-16
Vape Juice 30ml,37,59.31,2023-06-16
Atomizers,18,72.8,2023-06-16
Tanks,22,73.12,2023-06-16
Starter Kit,12,30.34,2023-06-16
Vape Mod XL,13,41.0,2023-06-16
Pod Kit,30,57.12,2023-06-16
Zero Nicotine 30ml,17,28.33,2023-06-16
Nicotine Pods,21,21.07,2023-06-17
Replacement Coils,14,14.67,2023-06-17
Cotton Wicking,5,59.26,2023-06-17
Cotton Wicking,6,44.11,2023-06-17
Cotton Wicking,5,35.12,2023-06-17
Tank Glass,11,6.17,2023-06-17
Battery 18650,13,13.22,2023-06-17
Chargers,11,34.83,2023-06-17
Chargers,11,40.74,2023-06-17
Drip Tips,9,43.95,2023-06-17
Batteries,18,33.99,2023-06-17
Zero Nicotine 30ml,10,26.88,2023-06-17
Tanks,21,65.19,2023-06-17
E-Liquid Premium,12,64.16,2023-06-17
Zero Nicotine 30ml,6,33.57,2023-06-17
Vape Mod XL,11,67.14,2023-06-17
Starter Kit,11,34.98,2023-06-17
Atomizers,13,59.85,2023-06-17
Pod Kit,21,52.27,2023-06-17
Vape Juice 60ml,11,26.13,2023-06-17
Vape Juice 60ml,7,44.37,2023-06-17
Vape Juice 60ml,11,32.11,2023-06-17
E-Liquid Premium,10,35.62,2023-06-17
Vape Juice 30ml,26,39.36,2023-06-17
Replacement Coils,10,5.0,2023-06-18
Drip Tips,11,33.11,2023-06-18
Tank Glass,11,26.18,2023-06-18
Chargers,12,56.46,2023-06-18
Battery 18650,10,12.22,2023-06-18
Battery 18650,7,18.52,2023-06-18
Batteries,6,46.32,2023-06-18
Batteries,7,33.86,2023-06-18
Cotton Wicking,17,48.44,2023-06-18
Replacement Coils,11,22.97,2023-06-18
Nicotine Pods,26,30.0,2023-06-18
Atomizers,16,60.8,2023-06-18
E-Liquid Premium,18,38.93,2023-06-18
Pod Kit,14,46.41,2023-06-18
Pod Kit,17,68.76,2023-06-18
Starter Kit,12,39.5,2023-06-18
Tanks,21,55.62,2023-06-18
Zero Nicotine 30ml,23,31.47,2023-06-18
Vape Juice 30ml,32,34.86,2023-06-18
Vape Juice 60ml,18,23.18,2023-06-18
Vape Juice 60ml,15,30.25,2023-06-18
E-Liquid Premium,16,45.8,2023-06-18
Nicotine Pods,22,62.81,2023-06-19
Replacement Coils,12,18.69,2023-06-19
Cotton Wicking,12,50.44,2023-06-19
Cotton Wicking,9,36.53,2023-06-19
Batteries,14,24.78,2023-06-19
Chargers,14,45.17,2023-06-19
Drip Tips,1,39.97,2023-06-19
Charger,9,23.93,2023-06-19
Tank Glass,4,25.08,2023-06-19
Zero Nicotine 30ml,7,34.7,2023-06-19
Drip Tips,5,23.33,2023-06-19
Battery 18650,12,11.0,2023-06-19
Tank Glass,7,35.09,2023-06-19
Zero Nicotine 30ml,6,23.54,2023-06-19
E-Liquid Premium,17,55.7,2023-06-19
Zero Nicotine 30ml,5,43.05,2023-06-19
Vape Mod XL,8,66.57,2023-06-19
Starter Kit,4,22.94,2023-06-19
Starter Kit,5,41.65,2023-06-19
Tanks,12,104.96,2023-06-19
Pod Kit,18,61.16,2023-06-19
Vape Juice 30ml,7,50.81,2023-06-19
Vape Juice 30ml,9,69.27,2023-06-19
Vape Juice 30ml,7,36.48,2023-06-19
Vape Juice 60ml,10,32.52,2023-06-19
Vape Juice 60ml,9,40.11,2023-06-19
Atomizers,10,69.18,2023-06-19
Nicotine Pods,9,55.16,2023-06-20
Nicotine Pods,7,51.65,2023-06-20
Replacement Coils,15,15.01,2023-06-20
Cotton Wicking,18,37.2,2023-06-20
Chargers,15,32.02,2023-06-20
Battery 18650,7,21.41,2023-06-20
Charger,7,25.51,2023-06-20
Tank Glass,12,15.4,2023-06-20
Zero Nicotine 30ml,17,20.08,2023-06-20
Batteries,15,5.0,2023-06-20
E-Liquid Premium,29,61.56,2023-06-20
Vape Mod XL,8,49.04,2023-06-20
Vape Juice 60ml,7,27.59,2023-06-20
Pod Kit,9,64.3,2023-06-20
Starter Kit,5,28.05,2023-06-20
Starter Kit,6,41.87,2023-06-20
Tanks,3,60.2,2023-06-20
Pod Kit,8,43.99,2023-06-20
Tanks,2,64.34,2023-06-20
Vape Juice 30ml,25,42.8,2023-06-20
Vape Juice 60ml,7,32.39,2023-06-20
Tanks,4,70.01,2023-06-20
Vape Juice 60ml,7,24.06,2023-06-20
Drip Tips,7,36.6,2023-06-21
Nicotine Pods,17,35.53,2023-06-21
Tank Glass,7,15.1,2023-06-21
Tank Glass,6,5.0,2023-06-21
Charger,7,18.33,2023-06-21
Chargers,11,16.05,2023-06-21
Battery 18650,12,11.87,2023-06-21
Batteries,4,53.65,2023-06-21
Batteries,4,31.1,2023-06-21
Cotton Wicking,19,24.02,2023-06-21
Replacement Coils,17,13.92,2023-06-21
Zero Nicotine 30ml,7,40.03,2023-06-21
E-Liquid Premium,25,49.99,2023-06-21
Zero Nicotine 30ml,9,54.79,2023-06-21
Pod Kit,15,57.35,2023-06-21
Vape Mod XL,8,49.18,2023-06-21
Starter Kit,10,16.88,2023-06-21
Atomizers,6,58.39,2023-06-21
Vape Mod XL,6,43.96,2023-06-21
Vape Juice 30ml,23,45.02,2023-06-21
Vape Juice 60ml,6,26.49,2023-06-21
Vape Juice 60ml,6,44.69,2023-06-21
Vape Juice 60ml,6,28.09,2023-06-21
Atomizers,4,64.49,2023-06-21
Replacement Coils,4,30.86,2023-06-22
Nicotine Pods,16,43.86,2023-06-22
Replacement Coils,5,30.65,2023-06-22
Replacement Coils,5,11.84,2023-06-22
Cotton Wicking,25,13.54,2023-06-22
Tank Glass,13,28.49,2023-06-22
Battery 18650,14,30.46,2023-06-22
Chargers,13,43.4,2023-06-22
Charger,6,24.76,2023-06-22
Charger,6,15.88,2023-06-22
Drip Tips,10,23.47,2023-06-22
Batteries,23,24.75,2023-06-22
Nicotine Pods,15,38.33,2023-06-22
Zero Nicotine 30ml,10,34.76,2023-06-22
Vape Juice 60ml,14,41.29,2023-06-22
Pod Kit,24,67.28,2023-06-22
Vape Mod XL,6,51.25,2023-06-22
Vape Mod XL,5,55.3,2023-06-22
Starter Kit,7,21.38,2023-06-22
Tanks,24,64.45,2023-06-22
Zero Nicotine 30ml,11,29.9,2023-06-22
Atomizers,8,50.63,2023-06-22
Vape Juice 30ml,10,31.31,2023-06-22
Vape Juice 30ml,10,22.63,2023-06-22
Vape Juice 60ml,12,21.88,2023-06-22
Atomizers,8,78.91,2023-06-22
Zero Nicotine 30ml,7,22.17,2023-06-23
Tank Glass,8,19.42,2023-06-23
Charger,12,18.69,2023-06-23
Batteries,17,25.48,2023-06-23
Cotton Wicking,8,42.35,2023-06-23
Cotton Wicking,8,37.89,2023-06-23
Replacement Coils,19,33.13,2023-06-23
Nicotine Pods,10,10.34,2023-06-23
Nicotine Pods,10,66.07,2023-06-23
Nicotine Pods,10,42.21,2023-06-23
Tank Glass,9,16.94,2023-06-23
Zero Nicotine 30ml,6,10.85,2023-06-23
E-Liquid Premium,38,60.71,2023-06-23
Vape Juice 60ml,25,19.91,2023-06-23
Atomizers,5,67.57,2023-06-23
Atomizers,6,69.78,2023-06-23
Atomizers,6,49.95,2023-06-23
Tanks,25,43.17,2023-06-23
Starter Kit,11,21.42,2023-06-23
Vape Mod XL,15,59.63,2023-06-23
Pod Kit,37,69.5,2023-06-23
Zero Nicotine 30ml,9,47.09,2023-06-23
Tank Glass,16,21.85,2023-06-24
Replacement Coils,6,33.97,2023-06-24
Replacement Coils,8,9.35,2023-06-24
Cotton Wicking,29,15.5,2023-06-24
Charger,11,11.92,2023-06-24
Batteries,12,46.29,2023-06-24
Battery 18650,16,17.73,2023-06-24
Chargers,23,25.59,2023-06-24
Replacement Coils,4,19.23,2023-06-24
Batteries,13,12.99,2023-06-24
Nicotine Pods,20,40.61,2023-06-24
Vape Juice 30ml,17,33.71,2023-06-24
E-Liquid Premium,40,57.64,2023-06-24
Pod Kit,28,50.38,2023-06-24
Vape Mod XL,7,69.41,2023-06-24
Vape Mod XL,8,75.95,2023-06-24
Starter Kit,5,36.82,2023-06-24
Zero Nicotine 30ml,24,24.7,2023-06-24
Tanks,24,65.52,2023-06-24
Atomizers,14,33.13,2023-06-24
Vape Juice 30ml,18,64.93,2023-06-24
Vape Juice 60ml,24,36.46,2023-06-24
Starter Kit,4,29.35,2023-06-24
Replacement Coils,12,32.26,2023-06-25
Drip Tips,10,12.71,2023-06-25
Tank Glass,7,24.81,2023-06-25
Tank Glass,9,11.52,2023-06-25
Charger,13,17.89,2023-06-25
Chargers,20,18.12,2023-06-25
Battery 18650,22,20.92,2023-06-25
Batteries,16,40.37,2023-06-25
Batteries,16,22.08,2023-06-25
Cotton Wicking,27,38.15,2023-06-25
Replacement Coils,12,16.8,2023-06-25
Nicotine Pods,33,66.79,2023-06-25
Zero Nicotine 30ml,35,25.23,2023-06-25
Vape Mod XL,5,43.14,2023-06-25
Tanks,20,65.44,2023-06-25
Atomizers,7,73.49,2023-06-25
Atomizers,10,54.08,2023-06-25
Vape Mod XL,8,68.43,2023-06-25
Vape Juice 60ml,42,43.45,2023-06-25
E-Liquid Premium,18,77.63,2023-06-25
E-Liquid Premium,17,30.48,2023-06-25
Vape Juice 30ml,34,36.4,2023-06-25
Nicotine Pods,26,15.38,2023-06-26
Tank Glass,13,12.33,2023-06-26
Charger,9,23.68,2023-06-26
Chargers,12,37.98,2023-06-26
Battery 18650,6,10.57,2023-06-26
Battery 18650,6,8.1,2023-06-26
Cotton Wicking,9,59.82,2023-06-26
Cotton Wicking,9,50.73,2023-06-26
Replacement Coils,20,24.34,2023-06-26
Zero Nicotine 30ml,6,6.61,2023-06-26
Zero Nicotine 30ml,6,24.21,2023-06-26
Zero Nicotine 30ml,9,17.03,2023-06-26
E-Liquid Premium,26,57.49,2023-06-26
Vape Juice 60ml,33,47.41,2023-06-26
Vape Juice 30ml,37,58.96,2023-06-26
Atomizers,15,71.28,2023-06-26
Tanks,20,53.03,2023-06-26
Starter Kit,4,13.73,2023-06-26
Starter Kit,6,30.32,2023-06-26
Vape Mod XL,14,42.38,2023-06-26
Pod Kit,11,68.24,2023-06-26
Pod Kit,9,78.38,2023-06-26
Zero Nicotine 30ml,3,42.55,2023-06-27
Zero Nicotine 30ml,6,22.05,2023-06-27
Nicotine Pods,26,34.16,2023-06-27
Replacement Coils,16,15.75,2023-06-27
Cotton Wicking,24,33.12,2023-06-27
E-Liquid Premium,27,47.77,2023-06-27
Battery 18650,13,21.76,2023-06-27
Chargers,20,34.0,2023-06-27
Tank Glass,13,19.3,2023-06-27
Zero Nicotine 30ml,3,35.65,2023-06-27
Batteries,23,86.16,2023-06-27
Drip Tips,10,58.42,2023-06-27
Atomizers,6,53.55,2023-06-27
Vape Juice 60ml,8,34.11,2023-06-27
Vape Juice 60ml,7,27.54,2023-06-27
Atomizers,8,57.48,2023-06-27
Tanks,12,47.38,2023-06-27
Tanks,12,63.74,2023-06-27
Starter Kit,2,35.72,2023-06-27
Starter Kit,1,28.56,2023-06-27
Starter Kit,1,36.4,2023-06-27
Vape Mod XL,12,32.51,2023-06-27
Vape Juice 60ml,9,30.4,2023-06-27
Battery 18650,10,18.07,2023-06-28
Batteries,10,5.0,2023-06-28
Batteries,9,37.02,2023-06-28
Battery 18650,6,29.66,2023-06-28
Cotton Wicking,27,10.71,2023-06-28
Charger,7,23.87,2023-06-28
Tank Glass,3,21.06,2023-06-28
Tank Glass,2,28.55,2023-06-28
Drip Tips,8,23.58,2023-06-28
Chargers,14,43.07,2023-06-28
Replacement Coils,13,19.79,2023-06-28
Tank Glass,2,15.51,2023-06-28
E-Liquid Premium,31,70.71,2023-06-28
Pod Kit,27,75.59,2023-06-28
Vape Mod XL,16,64.74,2023-06-28
Starter Kit,1,40.45,2023-06-28
Starter Kit,2,45.2,2023-06-28
Starter Kit,5,33.45,2023-06-28
Zero Nicotine 30ml,14,41.94,2023-06-28
Atomizers,14,60.96,2023-06-28
Vape Juice 30ml,12,41.29,2023-06-28
Vape Juice 30ml,13,55.73,2023-06-28
Vape Juice 30ml,11,49.11,2023-06-28
Tanks,14,65.38,2023-06-28
Cotton Wicking,14,10.7,2023-06-29
Drip Tips,9,40.1,2023-06-29
Tank Glass,13,24.91,2023-06-29
Charger,6,20.41,2023-06-29
Charger,8,12.55,2023-06-29
Chargers,8,22.16,2023-06-29
Chargers,6,31.59,2023-06-29
Battery 18650,11,20.25,2023-06-29
Batteries,24,41.98,2023-06-29
Cotton Wicking,13,6.5,2023-06-29
Replacement Coils,11,30.08,2023-06-29
Nicotine Pods,34,53.72,2023-06-29
Starter Kit,13,33.85,2023-06-29
Zero Nicotine 30ml,9,32.85,2023-06-29
Zero Nicotine 30ml,11,22.09,2023-06-29
Vape Juice 60ml,12,36.55,2023-06-29
Vape Juice 60ml,13,31.55,2023-06-29
Vape Juice 30ml,15,58.87,2023-06-29
Vape Juice 30ml,13,64.91,2023-06-29
Atomizers,10,79.74,2023-06-29
Atomizers,13,33.66,2023-06-29
Tanks,29,64.23,2023-06-29
Replacement Coils,12,23.11,2023-06-29
E-Liquid Premium,20,39.52,2023-06-30
Zero Nicotine 30ml,34,22.12,2023-06-30
Nicotine Pods,38,17.15,2023-06-30
Replacement Coils,30,22.09,2023-06-30
E-Liquid Premium,19,35.35,2023-06-30
Batteries,14,13.51,2023-06-30
Battery 18650,20,20.56,2023-06-30
Drip Tips,10,15.69,2023-06-30
Tank Glass,13,16.54,2023-06-30
Batteries,11,45.35,2023-06-30
E-Liquid Premium,17,43.92,2023-06-30
Charger,11,25.68,2023-06-30
Vape Juice 30ml,38,45.19,2023-06-30
Atomizers,20,62.33,2023-06-30
Tanks,9,63.89,2023-06-30
Tanks,7,72.07,2023-06-30
Tanks,7,44.07,2023-06-30
Starter Kit,5,56.23,2023-06-30
Starter Kit,5,42.63,2023-06-30
Starter Kit,5,21.98,2023-06-30
Vape Mod XL,18,42.84,2023-06-30
Pod Kit,34,43.18,2023-06-30
Vape Juice 60ml,41,51.82,2023-06-30
Nicotine Pods,31,50.95,2023-07-01
Replacement Coils,30,25.75,2023-07-01
Cotton Wicking,34,5.54,2023-07-01
Batteries,11,41.47,2023-07-01
Drip Tips,13,27.48,2023-07-01
Batteries,8,35.68,2023-07-01
Chargers,28,15.56,2023-07-01
Zero Nicotine 30ml,16,55.31,2023-07-01
Batteries,8,18.31,2023-07-01
Zero Nicotine 30ml,17,20.12,2023-07-01
Tank Glass,14,17.01,2023-07-01
Vape Juice 30ml,61,43.2,2023-07-01
Atomizers,21,50.95,2023-07-01
Tanks,22,82.02,2023-07-01
Starter Kit,4,48.07,2023-07-01
Starter Kit,3,29.16,2023-07-01
Starter Kit,2,27.3,2023-07-01
Vape Mod XL,7,46.9,2023-07-01
Vape Mod XL,6,76.79,2023-07-01
Vape Mod XL,8,51.13,2023-07-01
Pod Kit,25,73.06,2023-07-01
E-Liquid Premium,33,35.09,2023-07-01
Replacement Coils,10,37.02,2023-07-02
Replacement Coils,11,10.5,2023-07-02
Cotton Wicking,33,26.58,2023-07-02
Batteries,34,18.1,2023-07-02
Battery 18650,22,23.75,2023-07-02
Drip Tips,7,39.93,2023-07-02
Chargers,8,32.89,2023-07-02
Charger,14,21.27,2023-07-02
Tank Glass,23,20.03,2023-07-02
Nicotine Pods,20,38.47,2023-07-02
Drip Tips,3,21.97,2023-07-02
Chargers,10,25.26,2023-07-02
Nicotine Pods,21,19.95,2023-07-02
Vape Juice 30ml,54,19.32,2023-07-02
E-Liquid Premium,48,66.29,2023-07-02
Pod Kit,22,60.71,2023-07-02
Pod Kit,25,61.96,2023-07-02
Zero Nicotine 30ml,23,36.4,2023-07-02
Vape Mod XL,4,84.52,2023-07-02
Vape Mod XL,7,41.59,2023-07-02
Vape Mod XL,5,41.24,2023-07-02
Tanks,26,26.33,2023-07-02
Atomizers,12,46.44,2023-07-02
Atomizers,14,49.84,2023-07-02
Vape Juice 60ml,39,24.02,2023-07-02
Starter Kit,12,35.02,2023-07-02
Cotton Wicking,11,41.64,2023-07-03
Nicotine Pods,10,46.81,2023-07-03
Replacement Coils,12,19.39,2023-07-03
Cotton Wicking,10,69.98,2023-07-03
Batteries,18,52.72,2023-07-03
Nicotine Pods,11,79.04,2023-07-03
Charger,5,16.97,2023-07-03
Charger,5,14.92,2023-07-03
Tank Glass,15,23.96,2023-07-03
Drip Tips,5,29.17,2023-07-03
Chargers,19,25.71,2023-07-03
Zero Nicotine 30ml,7,23.35,2023-07-03
Drip Tips,2,21.75,2023-07-03
E-Liquid Premium,21,69.13,2023-07-03
Pod Kit,33,50.44,2023-07-03
Vape Mod XL,7,58.16,2023-07-03
Vape Mod XL,8,36.92,2023-07-03
Starter Kit,13,11.76,2023-07-03
Tanks,23,47.51,2023-07-03
Zero Nicotine 30ml,6,36.08,2023-07-03
Vape Juice 30ml,12,47.44,2023-07-03
Vape Juice 30ml,14,45.86,2023-07-03
Vape Juice 30ml,12,65.36,2023-07-03
Vape Juice 60ml,27,49.08,2023-07-03
E-Liquid Premium,17,44.85,2023-07-03
Atomizers,17,67.5,2023-07-03
Nicotine Pods,18,68.52,2023-07-04
Tank Glass,10,15.85,2023-07-04
Charger,7,30.8,2023-07-04
Chargers,19,43.41,2023-07-04
Batteries,16,44.09,2023-07-04
Cotton Wicking,10,15.42,2023-07-04
Cotton Wicking,7,46.18,2023-07-04
Cotton Wicking,10,19.81,2023-07-04
Replacement Coils,13,13.18,2023-07-04
Zero Nicotine 30ml,7,14.84,2023-07-04
Drip Tips,10,12.96,2023-07-04
Zero Nicotine 30ml,5,23.97,2023-07-04
Pod Kit,23,65.75,2023-07-04
Vape Mod XL,14,59.42,2023-07-04
Starter Kit,11,36.03,2023-07-04
Tanks,7,54.38,2023-07-04
Zero Nicotine 30ml,7,29.43,2023-07-04
Atomizers,12,57.96,2023-07-04
Vape Juice 30ml,26,46.46,2023-07-04
Vape Juice 60ml,35,40.15,2023-07-04
E-Liquid Premium,29,36.38,2023-07-04
Tanks,6,64.03,2023-07-04
Batteries,17,42.85,2023-07-05
Tank Glass,8,19.06,2023-07-05
Tank Glass,6,31.98,2023-07-05
Charger,4,12.42,2023-07-05
Charger,2,17.37,2023-07-05
Charger,1,20.38,2023-07-05
Chargers,9,53.88,2023-07-05
Chargers,7,38.84,2023-07-05
Battery 18650,13,21.51,2023-07-05
Drip Tips,11,15.57,2023-07-05
Zero Nicotine 30ml,16,33.89,2023-07-05
Vape Juice 60ml,28,38.39,2023-07-05
Vape Juice 30ml,20,46.85,2023-07-05
Vape Juice 30ml,22,36.18,2023-07-05
Atomizers,16,66.38,2023-07-05
Tanks,9,55.68,2023-07-05
Tanks,6,83.16,2023-07-05
Starter Kit,8,11.95,2023-07-05
Pod Kit,8,58.93,2023-07-05
Pod Kit,10,57.02,2023-07-05
Pod Kit,7,45.56,2023-07-05
E-Liquid Premium,31,51.29,2023-07-05
Cotton Wicking,11,51.56,2023-07-06
Batteries,18,22.78,2023-07-06
Battery 18650,10,25.23,2023-07-06
Chargers,14,54.41,2023-07-06
Charger,3,15.17,2023-07-06
Drip Tips,11,13.73,2023-07-06
Charger,6,19.31,2023-07-06
Tank Glass,9,10.28,2023-07-06
Tank Glass,6,13.3,2023-07-06
Cotton Wicking,12,67.42,2023-07-06
Charger,5,15.33,2023-07-06
Replacement Coils,17,31.76,2023-07-06
Starter Kit,8,32.49,2023-07-06
Zero Nicotine 30ml,24,18.96,2023-07-06
Pod Kit,24,61.86,2023-07-06
Vape Mod XL,14,80.16,2023-07-06
Starter Kit,6,39.05,2023-07-06
Tanks,9,62.98,2023-07-06
Nicotine Pods,27,60.26,2023-07-06
Atomizers,16,76.75,2023-07-06
Vape Juice 30ml,27,35.16,2023-07-06
Vape Juice 60ml,28,45.44,2023-07-06
E-Liquid Premium,23,54.2,2023-07-06
Tanks,10,63.39,2023-07-06
Nicotine Pods,23,66.35,2023-07-07
Replacement Coils,17,14.9,2023-07-07
Cotton Wicking,7,70.7,2023-07-07
Cotton Wicking,7,25.35,2023-07-07
Cotton Wicking,9,63.61,2023-07-07
Battery 18650,7,23.76,2023-07-07
Battery 18650,7,11.67,2023-07-07
Battery 18650,7,26.9,2023-07-07
Chargers,17,52.46,2023-07-07
Zero Nicotine 30ml,15,44.46,2023-07-07
Drip Tips,14,41.43,2023-07-07
Batteries,16,33.09,2023-07-07
Charger,13,23.63,2023-07-07
Zero Nicotine 30ml,15,36.55,2023-07-07
Vape Juice 30ml,20,58.62,2023-07-07
E-Liquid Premium,48,26.9,2023-07-07
Pod Kit,13,62.21,2023-07-07
Pod Kit,13,57.48,2023-07-07
Vape Mod XL,3,41.4,2023-07-07
Vape Mod XL,1,46.48,2023-07-07
Vape Mod XL,2,65.35,2023-07-07
Starter Kit,5,36.26,2023-07-07
Tanks,22,55.46,2023-07-07
Atomizers,6,79.04,2023-07-07
Atomizers,9,46.97,2023-07-07
Vape Juice 30ml,18,62.35,2023-07-07
Starter Kit,4,43.91,2023-07-07
Chargers,22,41.3,2023-07-08
Batteries,14,64.14,2023-07-08
Batteries,12,50.07,2023-07-08
Battery 18650,12,26.66,2023-07-08
Charger,4,17.89,2023-07-08
Cotton Wicking,7,19.47,2023-07-08
Tank Glass,5,23.21,2023-07-08
Tank Glass,8,8.7,2023-07-08
Tank Glass,8,7.18,2023-07-08
Drip Tips,10,33.76,2023-07-08
Charger,5,21.42,2023-07-08
Cotton Wicking,11,31.23,2023-07-08
Vape Mod XL,8,54.17,2023-07-08
Nicotine Pods,23,36.24,2023-07-08
Pod Kit,30,60.26,2023-07-08
Vape Mod XL,9,66.31,2023-07-08
Replacement Coils,17,23.11,2023-07-08
Tanks,14,83.08,2023-07-08
Atomizers,23,69.33,2023-07-08
Tanks,13,67.67,2023-07-08
Vape Juice 30ml,26,8.9,2023-07-08
Vape Juice 60ml,31,33.09,2023-07-08
Zero Nicotine 30ml,11,39.49,2023-07-08
Zero Nicotine 30ml,8,28.46,2023-07-08
Vape Juice 30ml,26,37.91,2023-07-08
Batteries,21,15.44,2023-07-09
Replacement Coils,7,14.57,2023-07-09
Replacement Coils,8,16.9,2023-07-09
Cotton Wicking,20,57.01,2023-07-09
Battery 18650,8,16.63,2023-07-09
Drip Tips,11,39.96,2023-07-09
Chargers,8,52.13,2023-07-09
Chargers,6,29.2,2023-07-09
Charger,14,28.3,2023-07-09
Tank Glass,13,10.7,2023-07-09
Replacement Coils,6,14.43,2023-07-09
Battery 18650,6,24.12,2023-07-09
Nicotine Pods,25,28.92,2023-07-09
Zero Nicotine 30ml,11,25.15,2023-07-09
Zero Nicotine 30ml,12,23.49,2023-07-09
Vape Mod XL,12,62.38,2023-07-09
Starter Kit,14,36.56,2023-07-09
Tanks,26,54.56,2023-07-09
Atomizers,4,71.93,2023-07-09
Atomizers,6,46.04,2023-07-09
Pod Kit,26,47.06,2023-07-09
Vape Juice 30ml,23,33.94,2023-07-09
Vape Juice 30ml,23,41.32,2023-07-09
Vape Juice 60ml,27,29.11,2023-07-09
E-Liquid Premium,15,40.82,2023-07-09
E-Liquid Premium,12,35.34,2023-07-09
Atomizers,4,34.3,2023-07-09
Drip Tips,6,50.22,2023-07-10
Cotton Wicking,7,5.0,2023-07-10
Batteries,11,37.26,2023-07-10
Battery 18650,3,24.02,2023-07-10
Battery 18650,4,22.26,2023-07-10
Chargers,3,5.0,2023-07-10
Chargers,5,55.67,2023-07-10
Charger,1,27.27,2023-07-10
Charger,2,21.61,2023-07-10
Tank Glass,9,18.77,2023-07-10
Cotton Wicking,7,17.69,2023-07-10
Chargers,3,56.33,2023-07-10
Cotton Wicking,6,47.83,2023-07-10
Zero Nicotine 30ml,8,37.15,2023-07-10
Nicotine Pods,9,39.48,2023-07-10
Starter Kit,9,51.83,2023-07-10
Tanks,17,58.87,2023-07-10
Atomizers,12,64.15,2023-07-10
Vape Juice 30ml,21,33.63,2023-07-10
Vape Juice 60ml,8,25.9,2023-07-10
Vape Mod XL,11,59.58,2023-07-10
E-Liquid Premium,14,60.32,2023-07-10
Vape Juice 60ml,8,46.54,2023-07-10
Nicotine Pods,8,58.05,2023-07-10
Replacement Coils,9,9.99,2023-07-10
E-Liquid Premium,14,52.04,2023-07-10
Zero Nicotine 30ml,11,54.36,2023-07-10
Cotton Wicking,12,39.38,2023-07-11
Drip Tips,6,26.98,2023-07-11
Tank Glass,11,17.25,2023-07-11
Charger,1,22.56,2023-07-11
Chargers,12,44.65,2023-07-11
Battery 18650,7,26.96,2023-07-11
Battery 18650,3,24.71,2023-07-11
Batteries,7,41.33,2023-07-11
Batteries,4,37.62,2023-07-11
Cotton Wicking,13,24.74,2023-07-11
Charger,3,15.47,2023-07-11
Replacement Coils,15,16.54,2023-07-11
Zero Nicotine 30ml,12,39.42,2023-07-11
Vape Juice 60ml,21,46.71,2023-07-11
Vape Juice 30ml,30,36.33,2023-07-11
Atomizers,6,95.46,2023-07-11
Atomizers,5,64.19,2023-07-11
Tanks,17,46.82,2023-07-11
Starter Kit,8,33.97,2023-07-11
Vape Mod XL,11,57.42,2023-07-11
Pod Kit,14,57.42,2023-07-11
Nicotine Pods,23,61.93,2023-07-11
Cotton Wicking,5,34.52,2023-07-12
Cotton Wicking,3,38.67,2023-07-12
Cotton Wicking,3,20.93,2023-07-12
Batteries,17,52.62,2023-07-12
Chargers,13,42.49,2023-07-12
Drip Tips,4,28.7,2023-07-12
Tank Glass,10,9.01,2023-07-12
Drip Tips,3,23.08,2023-07-12
Drip Tips,2,18.47,2023-07-12
Replacement Coils,14,26.65,2023-07-12
Charger,6,24.7,2023-07-12
Nicotine Pods,16,47.53,2023-07-12
Tanks,14,68.04,2023-07-12
E-Liquid Premium,19,62.0,2023-07-12
Vape Mod XL,12,33.4,2023-07-12
Starter Kit,2,28.51,2023-07-12
Starter Kit,4,12.09,2023-07-12
Zero Nicotine 30ml,16,18.85,2023-07-12
Atomizers,4,79.21,2023-07-12
Pod Kit,24,77.37,2023-07-12
Vape Juice 30ml,7,42.44,2023-07-12
Vape Juice 30ml,8,45.61,2023-07-12
Vape Juice 30ml,10,37.35,2023-07-12
Vape Juice 60ml,18,36.81,2023-07-12
Atomizers,5,70.04,2023-07-12
Replacement Coils,18,20.78,2023-07-13
Drip Tips,10,28.96,2023-07-13
Tank Glass,11,24.02,2023-07-13
Charger,6,16.73,2023-07-13
Chargers,15,17.15,2023-07-13
Battery 18650,8,20.82,2023-07-13
Batteries,14,14.02,2023-07-13
Cotton Wicking,7,44.89,2023-07-13
Cotton Wicking,6,33.49,2023-07-13
Cotton Wicking,5,21.39,2023-07-13
Zero Nicotine 30ml,21,12.17,2023-07-13
Vape Juice 60ml,11,23.78,2023-07-13
Pod Kit,13,59.7,2023-07-13
Vape Juice 30ml,38,62.74,2023-07-13
Atomizers,8,52.7,2023-07-13
Atomizers,4,60.9,2023-07-13
Atomizers,4,49.3,2023-07-13
Tanks,19,43.52,2023-07-13
Starter Kit,3,42.89,2023-07-13
Starter Kit,3,22.2,2023-07-13
Vape Mod XL,8,43.0,2023-07-13
Pod Kit,11,72.17,2023-07-13
Vape Juice 60ml,7,33.31,2023-07-13
Nicotine Pods,18,51.31,2023-07-14
Replacement Coils,13,20.72,2023-07-14
Cotton Wicking,18,34.35,2023-07-14
Batteries,20,49.12,2023-07-14
Zero Nicotine 30ml,8,25.0,2023-07-14
Tank Glass,4,29.53,2023-07-14
Tank Glass,3,12.98,2023-07-14
Drip Tips,11,24.71,2023-07-14
Charger,9,15.69,2023-07-14
Zero Nicotine 30ml,6,41.08,2023-07-14
Vape Juice 60ml,11,24.71,2023-07-14
Pod Kit,22,65.87,2023-07-14
Vape Mod XL,10,62.48,2023-07-14
Starter Kit,6,36.28,2023-07-14
Starter Kit,7,36.22,2023-07-14
Tanks,25,61.98,2023-07-14
E-Liquid Premium,42,65.57,2023-07-14
Vape Juice 30ml,31,31.61,2023-07-14
Vape Juice 60ml,11,41.79,2023-07-14
Vape Juice 60ml,11,36.12,2023-07-14
Atomizers,19,32.2,2023-07-14
Batteries,11,10.74,2023-07-15
Drip Tips,10,46.03,2023-07-15
Tank Glass,7,16.08,2023-07-15
Tank Glass,7,21.62,2023-07-15
Chargers,10,54.34,2023-07-15
Chargers,11,44.33,2023-07-15
Battery 18650,2,21.3,2023-07-15
Battery 18650,3,16.13,2023-07-15
Batteries,9,43.34,2023-07-15
Replacement Coils,6,30.68,2023-07-15
E-Liquid Premium,38,56.25,2023-07-15
Nicotine Pods,30,66.64,2023-07-15
Zero Nicotine 30ml,16,20.57,2023-07-15
Vape Juice 30ml,43,65.28,2023-07-15
Atomizers,8,48.77,2023-07-15
Atomizers,7,68.9,2023-07-15
Tanks,25,46.82,2023-07-15
Starter Kit,8,26.85,2023-07-15
Vape Mod XL,17,40.18,2023-07-15
Pod Kit,25,49.23,2023-07-15
Replacement Coils,8,5.23,2023-07-15
Cotton Wicking,28,27.93,2023-07-16
Nicotine Pods,27,60.74,2023-07-16
Replacement Coils,6,25.43,2023-07-16
Replacement Coils,7,24.85,2023-07-16
Battery 18650,17,15.02,2023-07-16
Zero Nicotine 30ml,17,27.44,2023-07-16
Chargers,11,52.52,2023-07-16
Charger,1,14.6,2023-07-16
Charger,1,31.02,2023-07-16
Tank Glass,13,14.17,2023-07-16
Drip Tips,6,18.97,2023-07-16
Chargers,9,44.29,2023-07-16
E-Liquid Premium,40,52.77,2023-07-16
Drip Tips,6,22.14,2023-07-16
Vape Juice 60ml,15,47.8,2023-07-16
Pod Kit,29,58.92,2023-07-16
Vape Mod XL,5,45.94,2023-07-16
Vape Mod XL,6,18.78,2023-07-16
Starter Kit,3,21.15,2023-07-16
Starter Kit,6,44.62,2023-07-16
Vape Juice 60ml,17,40.75,2023-07-16
Tanks,24,61.55,2023-07-16
Atomizers,9,32.35,2023-07-16
Atomizers,6,77.28,2023-07-16
Vape Juice 30ml,24,58.2,2023-07-16
Vape Juice 30ml,24,42.17,2023-07-16
Starter Kit,5,32.3,2023-07-16
Replacement Coils,11,30.23,2023-07-17
Cotton Wicking,16,29.95,2023-07-17
Batteries,14,27.68,2023-07-17
Battery 18650,11,16.64,2023-07-17
Chargers,5,57.19,2023-07-17
Charger,7,12.53,2023-07-17
Chargers,4,51.19,2023-07-17
Tank Glass,11,21.59,2023-07-17
Drip Tips,5,31.01,2023-07-17
Drip Tips,6,26.86,2023-07-17
Nicotine Pods,15,5.0,2023-07-17
Chargers,5,15.04,2023-07-17
Zero Nicotine 30ml,3,20.29,2023-07-17
E-Liquid Premium,11,42.57,2023-07-17
E-Liquid Premium,13,48.78,2023-07-17
Pod Kit,20,44.73,2023-07-17
Zero Nicotine 30ml,4,34.67,2023-07-17
Starter Kit,1,48.2,2023-07-17
Starter Kit,3,27.14,2023-07-17
Starter Kit,2,32.15,2023-07-17
Vape Mod XL,12,37.8,2023-07-17
Tanks,4,50.57,2023-07-17
Atomizers,11,36.92,2023-07-17
Vape Juice 30ml,28,43.83,2023-07-17
Vape Juice 60ml,25,40.64,2023-07-17
Tanks,5,72.81,2023-07-17
Nicotine Pods,5,37.4,2023-07-18
Drip Tips,6,31.72,2023-07-18
Chargers,10,24.28,2023-07-18
Battery 18650,9,19.72,2023-07-18
Batteries,11,35.13,2023-07-18
Cotton Wicking,16,42.23,2023-07-18
Replacement Coils,12,31.85,2023-07-18
Nicotine Pods,8,78.72,2023-07-18
Zero Nicotine 30ml,5,40.18,2023-07-18
Charger,7,28.47,2023-07-18
E-Liquid Premium,8,60.75,2023-07-18
E-Liquid Premium,7,61.36,2023-07-18
E-Liquid Premium,9,63.06,2023-07-18
Vape Juice 60ml,20,33.31,2023-07-18
Atomizers,14,74.15,2023-07-18
Tanks,16,77.15,2023-07-18
Starter Kit,9,35.98,2023-07-18
Vape Mod XL,9,23.02,2023-07-18
Zero Nicotine 30ml,4,31.77,2023-07-18
Batteries,8,37.03,2023-07-19
Battery 18650,10,14.5,2023-07-19
Chargers,7,30.74,2023-07-19
Chargers,5,20.57,2023-07-19
Drip Tips,3,33.22,2023-07-19
Charger,4,15.0,2023-07-19
Tank Glass,5,18.77,2023-07-19
Tank Glass,7,21.13,2023-07-19
Batteries,6,46.51,2023-07-19
Charger,1,9.58,2023-07-19
Cotton Wicking,13,47.74,2023-07-19
Drip Tips,5,39.38,2023-07-19
Replacement Coils,3,20.5,2023-07-19
Pod Kit,9,65.27,2023-07-19
Pod Kit,7,57.91,2023-07-19
Starter Kit,7,36.94,2023-07-19
Tanks,7,72.88,2023-07-19
Pod Kit,10,55.18,2023-07-19
Vape Juice 30ml,23,31.57,2023-07-19
Zero Nicotine 30ml,18,25.55,2023-07-19
Nicotine Pods,14,29.53,2023-07-19
Replacement Coils,6,15.13,2023-07-19
Tanks,5,56.12,2023-07-19
Replacement Coils,6,23.7,2023-07-19
Replacement Coils,8,27.85,2023-07-20
Charger,7,16.74,2023-07-20
Chargers,5,13.76,2023-07-20
Chargers,4,32.22,2023-07-20
Batteries,10,44.79,2023-07-20
Batteries,7,28.74,2023-07-20
Cotton Wicking,18,41.28,2023-07-20
Replacement Coils,9,26.5,2023-07-20
Nicotine Pods,21,37.71,2023-07-20
E-Liquid Premium,16,65.28,2023-07-20
E-Liquid Premium,17,41.7,2023-07-20
Vape Juice 30ml,31,41.61,2023-07-20
Atomizers,13,20.23,2023-07-20
Tanks,19,61.72,2023-07-20
Starter Kit,11,22.51,2023-07-20
Vape Mod XL,11,80.21,2023-07-20
Pod Kit,26,56.55,2023-07-20
Zero Nicotine 30ml,13,39.31,2023-07-20
Batteries,11,29.08,2023-07-21
Batteries,11,19.4,2023-07-21
Battery 18650,8,21.07,2023-07-21
Battery 18650,8,17.63,2023-07-21
Chargers,6,37.39,2023-07-21
Chargers,4,48.52,2023-07-21
Tank Glass,14,16.97,2023-07-21
Charger,8,11.72,2023-07-21
Charger,5,17.66,2023-07-21
Drip Tips,7,34.11,2023-07-21
Drip Tips,5,52.01,2023-07-21
Cotton Wicking,13,5.0,2023-07-21
Chargers,6,53.0,2023-07-21
Cotton Wicking,15,20.91,2023-07-21
Starter Kit,2,26.42,2023-07-21
Nicotine Pods,28,55.95,2023-07-21
Pod Kit,18,72.64,2023-07-21
Vape Mod XL,16,65.52,2023-07-21
Replacement Coils,19,18.0,2023-07-21
Starter Kit,5,25.13,2023-07-21
Starter Kit,1,45.37,2023-07-21
Pod Kit,18,50.79,2023-07-21
Atomizers,25,45.39,2023-07-21
Vape Juice 30ml,38,33.95,2023-07-21
Vape Juice 60ml,27,32.64,2023-07-21
E-Liquid Premium,32,52.42,2023-07-21
Zero Nicotine 30ml,19,22.36,2023-07-21
Tanks,19,49.92,2023-07-21
Nicotine Pods,24,34.0,2023-07-22
Replacement Coils,13,35.29,2023-07-22
Replacement Coils,12,19.26,2023-07-22
Batteries,7,21.51,2023-07-22
Batteries,8,48.93,2023-07-22
Tank Glass,9,22.5,2023-07-22
Charger,13,20.44,2023-07-22
Tank Glass,7,25.1,2023-07-22
Drip Tips,9,42.8,2023-07-22
Zero Nicotine 30ml,8,41.37,2023-07-22
Chargers,16,27.43,2023-07-22
Zero Nicotine 30ml,11,17.95,2023-07-22
E-Liquid Premium,35,38.81,2023-07-22
Starter Kit,3,22.79,2023-07-22
Vape Juice 60ml,16,30.19,2023-07-22
Vape Juice 60ml,16,40.5,2023-07-22
Vape Juice 30ml,9,40.02,2023-07-22
Vape Juice 30ml,12,37.55,2023-07-22
Vape Juice 30ml,13,54.93,2023-07-22
Atomizers,19,77.48,2023-07-22
Tanks,10,53.47,2023-07-22
Tanks,11,65.96,2023-07-22
Starter Kit,5,40.91,2023-07-22
Starter Kit,6,28.48,2023-07-22
Zero Nicotine 30ml,11,38.62,2023-07-22
Zero Nicotine 30ml,27,24.68,2023-07-23
Nicotine Pods,31,46.5,2023-07-23
Replacement Coils,15,11.65,2023-07-23
Cotton Wicking,23,34.83,2023-07-23
E-Liquid Premium,44,58.11,2023-07-23
Chargers,13,37.25,2023-07-23
Charger,4,14.25,2023-07-23
Charger,2,13.02,2023-07-23
Drip Tips,12,17.42,2023-07-23
Battery 18650,14,21.39,2023-07-23
Vape Juice 60ml,13,31.35,2023-07-23
Charger,2,15.9,2023-07-23
Vape Juice 30ml,36,33.0,2023-07-23
Vape Juice 60ml,12,29.68,2023-07-23
Vape Mod XL,14,10.16,2023-07-23
Starter Kit,2,23.56,2023-07-23
Starter Kit,3,29.79,2023-07-23
Pod Kit,28,51.5,2023-07-23
Tanks,9,94.33,2023-07-23
Tanks,9,70.66,2023-07-23
Atomizers,9,44.47,2023-07-23
Atomizers,12,61.53,2023-07-23
Starter Kit,5,42.46,2023-07-23
Drip Tips,8,28.0,2023-07-24
Zero Nicotine 30ml,22,30.6,2023-07-24
Tank Glass,12,26.3,2023-07-24
Chargers,7,37.09,2023-07-24
Chargers,7,46.57,2023-07-24
Battery 18650,8,22.65,2023-07-24
Cotton Wicking,22,36.82,2023-07-24
Replacement Coils,16,26.46,2023-07-24
Nicotine Pods,12,40.83,2023-07-24
Nicotine Pods,13,49.52,2023-07-24
E-Liquid Premium,30,41.7,2023-07-24
Charger,10,19.73,2023-07-24
Vape Juice 60ml,12,45.47,2023-07-24
Vape Mod XL,5,65.53,2023-07-24
Vape Mod XL,5,61.09,2023-07-24
Starter Kit,5,33.2,2023-07-24
Starter Kit,4,43.41,2023-07-24
Pod Kit,21,73.48,2023-07-24
Atomizers,10,56.86,2023-07-24
Atomizers,8,42.69,2023-07-24
Vape Juice 30ml,16,42.72,2023-07-24
Vape Juice 30ml,13,38.74,2023-07-24
Tanks,22,50.06,2023-07-24
Vape Juice 60ml,13,42.43,2023-07-24
Batteries,8,21.88,2023-07-25
Drip Tips,12,28.05,2023-07-25
Tank Glass,4,17.89,2023-07-25
Tank Glass,1,7.29,2023-07-25
Tank Glass,4,15.36,2023-07-25
Charger,7,14.71,2023-07-25
Charger,3,19.08,2023-07-25
Battery 18650,11,17.66,2023-07-25
Batteries,11,31.45,2023-07-25
Zero Nicotine 30ml,17,33.86,2023-07-25
Vape Juice 60ml,16,37.23,2023-07-25
Vape Juice 60ml,15,20.79,2023-07-25
Vape Juice 30ml,37,32.02,2023-07-25
Atomizers,21,64.56,2023-07-25
Tanks,17,50.97,2023-07-25
Starter Kit,12,41.61,2023-07-25
Pod Kit,15,48.58,2023-07-25
Pod Kit,14,44.82,2023-07-25
Nicotine Pods,24,18.69,2023-07-25
Replacement Coils,10,20.26,2023-07-26
Cotton Wicking,23,28.93,2023-07-26
Batteries,10,52.03,2023-07-26
Batteries,12,41.04,2023-07-26
Drip Tips,8,24.09,2023-07-26
Chargers,20,37.24,2023-07-26
Charger,6,27.41,2023-07-26
Charger,2,22.19,2023-07-26
Replacement Coils,9,24.08,2023-07-26
Battery 18650,16,24.29,2023-07-26
Nicotine Pods,7,47.34,2023-07-26
Vape Mod XL,4,51.32,2023-07-26
Nicotine Pods,9,21.72,2023-07-26
Zero Nicotine 30ml,17,39.79,2023-07-26
Vape Juice 60ml,16,25.64,2023-07-26
Vape Juice 60ml,14,28.54,2023-07-26
Vape Juice 30ml,18,51.52,2023-07-26
Vape Juice 30ml,21,35.8,2023-07-26
Starter Kit,9,25.36,2023-07-26
Vape Mod XL,6,56.54,2023-07-26
Nicotine Pods,6,60.59,2023-07-26
Pod Kit,26,47.2,2023-07-26
Batteries,5,60.06,2023-07-27
Batteries,8,20.39,2023-07-27
Battery 18650,6,17.0,2023-07-27
Battery 18650,8,18.57,2023-07-27
Chargers,8,49.36,2023-07-27
Drip Tips,4,31.21,2023-07-27
Charger,6,17.52,2023-07-27
Charger,3,15.45,2023-07-27
Tank Glass,12,5.0,2023-07-27
Batteries,8,87.54,2023-07-27
Drip Tips,2,10.02,2023-07-27
Chargers,6,22.72,2023-07-27
Replacement Coils,24,22.0,2023-07-27
Cotton Wicking,25,25.97,2023-07-27
Pod Kit,37,48.93,2023-07-27
Nicotine Pods,19,44.9,2023-07-27
Vape Mod XL,8,48.55,2023-07-27
Vape Mod XL,7,24.52,2023-07-27
Starter Kit,12,31.56,2023-07-27
Tanks,12,54.18,2023-07-27
Tanks,10,71.33,2023-07-27
Vape Juice 30ml,52,34.16,2023-07-27
Vape Juice 60ml,23,30.46,2023-07-27
E-Liquid Premium,47,47.33,2023-07-27
Zero Nicotine 30ml,23,47.35,2023-07-27
Nicotine Pods,15,46.88,2023-07-27
Atomizers,15,61.13,2023-07-27
Battery 18650,10,13.06,2023-07-28
Drip Tips,10,32.17,2023-07-28
Batteries,26,24.65,2023-07-28
Battery 18650,8,15.56,2023-07-28
Chargers,17,33.98,2023-07-28
Cotton Wicking,31,39.64,2023-07-28
Charger,5,16.71,2023-07-28
Charger,5,23.12,2023-07-28
Tank Glass,3,5.0,2023-07-28
Tank Glass,4,16.42,2023-07-28
Tank Glass,7,11.69,2023-07-28
Charger,5,25.57,2023-07-28
Replacement Coils,24,9.74,2023-07-28
E-Liquid Premium,19,48.79,2023-07-28
Nicotine Pods,13,87.74,2023-07-28
Vape Mod XL,8,55.41,2023-07-28
Vape Mod XL,8,30.33,2023-07-28
Starter Kit,7,34.66,2023-07-28
Starter Kit,8,53.54,2023-07-28
Tanks,26,45.38,2023-07-28
Pod Kit,46,53.52,2023-07-28
Vape Juice 30ml,56,37.64,2023-07-28
Vape Juice 60ml,46,27.8,2023-07-28
E-Liquid Premium,18,38.3,2023-07-28
Zero Nicotine 30ml,30,41.38,2023-07-28
Atomizers,25,54.65,2023-07-28
Nicotine Pods,15,71.97,2023-07-28
Battery 18650,5,14.84,2023-07-29
Drip Tips,13,38.05,2023-07-29
Tank Glass,11,13.55,2023-07-29
Tank Glass,13,5.0,2023-07-29
Charger,5,16.3,2023-07-29
Charger,7,14.34,2023-07-29
Chargers,12,57.85,2023-07-29
Chargers,11,61.99,2023-07-29
Battery 18650,5,15.05,2023-07-29
Battery 18650,4,20.44,2023-07-29
Cotton Wicking,38,29.17,2023-07-29
Nicotine Pods,27,5.23,2023-07-29
Vape Juice 60ml,22,42.65,2023-07-29
Vape Juice 60ml,21,20.99,2023-07-29
Vape Juice 30ml,50,46.01,2023-07-29
Atomizers,26,59.7,2023-07-29
Tanks,28,58.16,2023-07-29
Starter Kit,10,31.58,2023-07-29
Vape Mod XL,19,46.32,2023-07-29
Pod Kit,39,51.29,2023-07-29
Batteries,28,20.68,2023-07-29
Cotton Wicking,16,34.57,2023-07-30
Batteries,22,12.0,2023-07-30
Battery 18650,20,14.51,2023-07-30
Chargers,10,16.49,2023-07-30
Tank Glass,19,15.2,2023-07-30
Charger,6,16.63,2023-07-30
Charger,9,27.67,2023-07-30
Drip Tips,17,38.62,2023-07-30
Cotton Wicking,20,39.17,2023-07-30
Chargers,6,59.43,2023-07-30
Nicotine Pods,17,45.57,2023-07-30
Pod Kit,22,49.67,2023-07-30
Zero Nicotine 30ml,28,16.5,2023-07-30
Pod Kit,22,74.94,2023-07-30
Tanks,10,63.69,2023-07-30
Tanks,10,50.45,2023-07-30
Tanks,11,69.05,2023-07-30
Nicotine Pods,18,35.45,2023-07-30
Atomizers,8,72.64,2023-07-30
Vape Juice 30ml,51,47.45,2023-07-30
Vape Juice 60ml,42,27.18,2023-07-30
E-Liquid Premium,45,40.24,2023-07-30
Atomizers,8,46.03,2023-07-30
Nicotine Pods,27,66.45,2023-07-31
Cotton Wicking,23,40.17,2023-07-31
Battery 18650,5,21.03,2023-07-31
Battery 18650,6,14.99,2023-07-31
Chargers,17,25.59,2023-07-31
Tank Glass,4,9.41,2023-07-31
Zero Nicotine 30ml,19,34.03,2023-07-31
Tank Glass,7,19.86,2023-07-31
Tank Glass,3,10.81,2023-07-31
Drip Tips,9,35.45,2023-07-31
Charger,10,20.31,2023-07-31
E-Liquid Premium,42,43.15,2023-07-31
Replacement Coils,20,5.16,2023-07-31
Vape Juice 30ml,20,31.03,2023-07-31
Vape Juice 60ml,28,23.82,2023-07-31
Pod Kit,10,72.11,2023-07-31
Vape Mod XL,7,50.23,2023-07-31
Vape Mod XL,3,52.23,2023-07-31
Vape Mod XL,3,13.7,2023-07-31
Pod Kit,11,59.22,2023-07-31
Tanks,8,73.57,2023-07-31
Tanks,11,62.78,2023-07-31
Atomizers,15,64.9,2023-07-31
Vape Juice 30ml,21,31.47,2023-07-31
Starter Kit,7,32.34,2023-07-31
Nicotine Pods,27,63.99,2023-08-01
Drip Tips,1,40.05,2023-08-01
Drip Tips,1,11.1,2023-08-01
Charger,12,23.86,2023-08-01
Chargers,20,43.19,2023-08-01
Battery 18650,9,14.24,2023-08-01
Cotton Wicking,4,49.51,2023-08-01
Cotton Wicking,7,26.54,2023-08-01
Cotton Wicking,6,50.81,2023-08-01
Drip Tips,1,33.0,2023-08-01
Zero Nicotine 30ml,8,30.9,2023-08-01
Replacement Coils,18,42.66,2023-08-01
E-Liquid Premium,16,61.22,2023-08-01
Pod Kit,15,48.24,2023-08-01
Pod Kit,14,55.76,2023-08-01
Vape Mod XL,11,42.45,2023-08-01
Starter Kit,5,39.56,2023-08-01
Starter Kit,2,47.64,2023-08-01
Zero Nicotine 30ml,11,36.59,2023-08-01
Tanks,17,77.7,2023-08-01
Atomizers,15,60.06,2023-08-01
Vape Juice 60ml,36,30.24,2023-08-01
E-Liquid Premium,19,52.11,2023-08-01
Starter Kit,4,30.86,2023-08-01
Drip Tips,7,37.17,2023-08-02
Tank Glass,12,6.73,2023-08-02
Chargers,19,35.5,2023-08-02
Battery 18650,14,14.51,2023-08-02
Batteries,10,52.03,2023-08-02
Batteries,6,23.49,2023-08-02
Cotton Wicking,8,28.96,2023-08-02
Cotton Wicking,9,26.83,2023-08-02
Replacement Coils,16,12.08,2023-08-02
Nicotine Pods,14,24.17,2023-08-02
Cotton Wicking,7,56.13,2023-08-02
Nicotine Pods,16,62.68,2023-08-02
Zero Nicotine 30ml,9,25.89,2023-08-02
Pod Kit,23,61.54,2023-08-02
Vape Mod XL,4,30.22,2023-08-02
Vape Mod XL,6,33.36,2023-08-02
Starter Kit,8,48.11,2023-08-02
Vape Mod XL,3,78.08,2023-08-02
Atomizers,5,71.55,2023-08-02
Vape Juice 30ml,29,37.65,2023-08-02
Vape Juice 60ml,23,54.16,2023-08-02
Zero Nicotine 30ml,9,36.25,2023-08-02
Atomizers,7,49.73,2023-08-02
Cotton Wicking,6,10.8,2023-08-03
Replacement Coils,9,20.42,2023-08-03
Replacement Coils,11,13.87,2023-08-03
Cotton Wicking,6,13.99,2023-08-03
Cotton Wicking,6,31.29,2023-08-03
Nicotine Pods,21,69.59,2023-08-03
Battery 18650,18,23.75,2023-08-03
Charger,9,18.7,2023-08-03
Tank Glass,18,24.37,2023-08-03
Drip Tips,2,23.1,2023-08-03
Drip Tips,1,29.85,2023-08-03
Batteries,18,52.06,2023-08-03
Drip Tips,3,34.61,2023-08-03
Zero Nicotine 30ml,13,29.48,2023-08-03
E-Liquid Premium,34,46.78,2023-08-03
Zero Nicotine 30ml,12,26.0,2023-08-03
Pod Kit,11,43.13,2023-08-03
Starter Kit,4,32.1,2023-08-03
Starter Kit,4,23.25,2023-08-03
Tanks,7,58.92,2023-08-03
Pod Kit,8,49.89,2023-08-03
Tanks,10,66.47,2023-08-03
Atomizers,15,88.63,2023-08-03
Vape Juice 30ml,47,63.25,2023-08-03
Vape Juice 60ml,22,27.09,2023-08-03
Vape Juice 60ml,18,34.39,2023-08-03
Tanks,9,62.37,2023-08-03
Cotton Wicking,17,80.79,2023-08-04
Drip Tips,6,17.53,2023-08-04
Drip Tips,3,18.96,2023-08-04
Drip Tips,7,31.41,2023-08-04
Tank Glass,22,19.4,2023-08-04
Battery 18650,14,20.49,2023-08-04
Batteries,11,16.6,2023-08-04
Batteries,8,22.77,2023-08-04
Cotton Wicking,16,50.17,2023-08-04
E-Liquid Premium,43,56.0,2023-08-04
Vape Juice 60ml,48,30.49,2023-08-04
Vape Juice 30ml,41,39.12,2023-08-04
Atomizers,30,69.03,2023-08-04
Tanks,23,45.17,2023-08-04
Starter Kit,17,32.76,2023-08-04
Vape Mod XL,2,32.91,2023-08-04
Vape Mod XL,6,43.82,2023-08-04
Vape Mod XL,5,53.81,2023-08-04
Nicotine Pods,44,54.34,2023-08-04
Replacement Coils,6,5.0,2023-08-05
Replacement Coils,8,27.09,2023-08-05
Drip Tips,14,40.87,2023-08-05
Cotton Wicking,14,29.56,2023-08-05
Batteries,31,52.86,2023-08-05
Tank Glass,13,14.37,2023-08-05
Battery 18650,8,16.27,2023-08-05
Chargers,22,72.31,2023-08-05
Charger,16,16.33,2023-08-05
Battery 18650,7,10.85,2023-08-05
Replacement Coils,5,22.38,2023-08-05
Cotton Wicking,16,64.73,2023-08-05
Zero Nicotine 30ml,23,51.15,2023-08-05
Pod Kit,15,58.6,2023-08-05
Pod Kit,18,62.36,2023-08-05
Vape Mod XL,12,49.02,2023-08-05
Vape Mod XL,9,10.29,2023-08-05
Tanks,13,61.7,2023-08-05
Nicotine Pods,44,57.5,2023-08-05
Vape Juice 30ml,47,34.19,2023-08-05
Vape Juice 60ml,17,18.82,2023-08-05
Vape Juice 60ml,15,34.71,2023-08-05
E-Liquid Premium,46,51.75,2023-08-05
Tanks,14,45.57,2023-08-05
Replacement Coils,24,5.0,2023-08-06
Cotton Wicking,10,28.45,2023-08-06
Cotton Wicking,12,39.03,2023-08-06
Batteries,22,86.17,2023-08-06
Battery 18650,18,12.57,2023-08-06
Chargers,8,59.22,2023-08-06
Chargers,6,53.89,2023-08-06
Charger,1,19.69,2023-08-06
Charger,4,18.95,2023-08-06
Charger,3,15.82,2023-08-06
Nicotine Pods,16,55.05,2023-08-06
Drip Tips,14,5.12,2023-08-06
Chargers,5,43.71,2023-08-06
Tank Glass,14,16.91,2023-08-06
Zero Nicotine 30ml,22,35.88,2023-08-06
E-Liquid Premium,15,65.46,2023-08-06
Nicotine Pods,16,45.44,2023-08-06
Vape Mod XL,14,33.09,2023-08-06
Starter Kit,6,37.57,2023-08-06
Starter Kit,4,25.68,2023-08-06
Tanks,24,89.05,2023-08-06
Atomizers,15,63.28,2023-08-06
Pod Kit,26,37.75,2023-08-06
Vape Juice 30ml,17,51.07,2023-08-06
Vape Juice 60ml,18,35.67,2023-08-06
Vape Juice 60ml,16,40.23,2023-08-06
E-Liquid Premium,19,65.91,2023-08-06
E-Liquid Premium,15,42.27,2023-08-06
Vape Juice 30ml,21,48.89,2023-08-06
Cotton Wicking,20,35.32,2023-08-07
Batteries,18,56.8,2023-08-07
Battery 18650,10,16.0,2023-08-07
Chargers,12,39.43,2023-08-07
Tank Glass,11,11.55,2023-08-07
Charger,6,25.1,2023-08-07
Drip Tips,3,32.66,2023-08-07
Drip Tips,3,13.72,2023-08-07
Replacement Coils,17,11.17,2023-08-07
Charger,6,18.49,2023-08-07
Nicotine Pods,8,65.72,2023-08-07
Drip Tips,5,36.48,2023-08-07
Zero Nicotine 30ml,21,35.75,2023-08-07
Nicotine Pods,8,56.47,2023-08-07
Pod Kit,12,69.9,2023-08-07
Vape Mod XL,3,23.13,2023-08-07
Vape Mod XL,3,47.02,2023-08-07
Vape Mod XL,2,45.86,2023-08-07
Pod Kit,12,42.1,2023-08-07
Tanks,22,57.99,2023-08-07
Vape Juice 30ml,36,23.87,2023-08-07
Vape Juice 60ml,19,28.04,2023-08-07
E-Liquid Premium,35,55.37,2023-08-07
Starter Kit,11,41.63,2023-08-07
Replacement Coils,5,19.08,2023-08-08
Drip Tips,7,32.57,2023-08-08
Charger,4,19.18,2023-08-08
Charger,6,25.72,2023-08-08
Chargers,16,58.12,2023-08-08
Battery 18650,11,12.74,2023-08-08
Batteries,9,13.98,2023-08-08
Batteries,11,60.41,2023-08-08
Cotton Wicking,21,43.92,2023-08-08
Replacement Coils,7,27.37,2023-08-08
Nicotine Pods,7,59.58,2023-08-08
Nicotine Pods,5,101.63,2023-08-08
Zero Nicotine 30ml,20,32.13,2023-08-08
E-Liquid Premium,25,48.04,2023-08-08
Vape Juice 60ml,11,36.75,2023-08-08
Vape Juice 60ml,11,39.9,2023-08-08
Vape Juice 30ml,36,42.93,2023-08-08
Atomizers,14,32.53,2023-08-08
Starter Kit,10,47.84,2023-08-08
Vape Mod XL,2,61.15,2023-08-08
Vape Mod XL,4,80.56,2023-08-08
Vape Mod XL,5,27.22,2023-08-08
Pod Kit,16,54.27,2023-08-08
Batteries,16,63.2,2023-08-09
Battery 18650,1,25.69,2023-08-09
Battery 18650,3,24.31,2023-08-09
Battery 18650,5,16.38,2023-08-09
Chargers,11,66.34,2023-08-09
Drip Tips,5,36.78,2023-08-09
Charger,4,17.47,2023-08-09
Tank Glass,5,10.81,2023-08-09
Drip Tips,5,24.31,2023-08-09
Cotton Wicking,16,23.51,2023-08-09
Charger,5,25.58,2023-08-09
Nicotine Pods,22,61.42,2023-08-09
Tank Glass,5,12.8,2023-08-09
Zero Nicotine 30ml,10,42.58,2023-08-09
Pod Kit,29,73.1,2023-08-09
Vape Mod XL,8,81.35,2023-08-09
Vape Mod XL,6,65.71,2023-08-09
Starter Kit,9,21.91,2023-08-09
Tanks,18,56.38,2023-08-09
Zero Nicotine 30ml,8,20.46,2023-08-09
Atomizers,7,44.79,2023-08-09
Vape Juice 30ml,30,32.92,2023-08-09
Vape Juice 60ml,20,26.4,2023-08-09
E-Liquid Premium,25,48.53,2023-08-09
Atomizers,7,47.12,2023-08-09
Batteries,20,65.41,2023-08-10
Drip Tips,7,6.6,2023-08-10
Tank Glass,8,16.15,2023-08-10
Tank Glass,8,21.05,2023-08-10
Charger,9,20.03,2023-08-10
Chargers,16,15.43,2023-08-10
Battery 18650,13,20.96,2023-08-10
Cotton Wicking,18,46.88,2023-08-10
Replacement Coils,11,23.33,2023-08-10
Zero Nicotine 30ml,14,32.82,2023-08-10
Vape Juice 60ml,17,36.64,2023-08-10
Vape Juice 30ml,31,39.32,2023-08-10
Atomizers,16,84.29,2023-08-10
Tanks,23,69.57,2023-08-10
Starter Kit,7,31.13,2023-08-10
Vape Mod XL,11,49.8,2023-08-10
Pod Kit,27,39.34,2023-08-10
Nicotine Pods,18,49.2,2023-08-10
Cotton Wicking,14,65.93,2023-08-11
Batteries,11,9.53,2023-08-11
Batteries,11,38.79,2023-08-11
Battery 18650,7,22.46,2023-08-11
Battery 18650,4,20.05,2023-08-11
Battery 18650,7,21.87,2023-08-11
Tank Glass,5,34.2,2023-08-11
Charger,8,20.6,2023-08-11
Drip Tips,9,30.14,2023-08-11
Charger,5,22.68,2023-08-11
Tank Glass,5,5.0,2023-08-11
Chargers,21,62.23,2023-08-11
Cotton Wicking,13,55.09,2023-08-11
Tanks,9,69.71,2023-08-11
Nicotine Pods,19,32.83,2023-08-11
Replacement Coils,13,9.72,2023-08-11
Vape Mod XL,14,34.26,2023-08-11
Starter Kit,10,17.69,2023-08-11
Atomizers,12,56.22,2023-08-11
Atomizers,11,42.27,2023-08-11
Tanks,10,59.52,2023-08-11
Vape Juice 60ml,37,56.75,2023-08-11
E-Liquid Premium,14,43.92,2023-08-11
E-Liquid Premium,17,84.96,2023-08-11
Zero Nicotine 30ml,26,26.34,2023-08-11
Vape Juice 30ml,44,62.41,2023-08-11
Battery 18650,11,20.93,2023-08-12
Replacement Coils,19,19.87,2023-08-12
Batteries,9,22.58,2023-08-12
Batteries,10,5.0,2023-08-12
Chargers,18,43.54,2023-08-12
Nicotine Pods,8,21.11,2023-08-12
Tank Glass,4,10.04,2023-08-12
Tank Glass,2,10.8,2023-08-12
Tank Glass,5,5.0,2023-08-12
Drip Tips,12,32.89,2023-08-12
Charger,10,25.09,2023-08-12
Nicotine Pods,7,69.6,2023-08-12
Pod Kit,12,60.45,2023-08-12
Zero Nicotine 30ml,8,32.75,2023-08-12
Vape Mod XL,6,55.65,2023-08-12
Vape Mod XL,4,34.65,2023-08-12
Starter Kit,10,22.81,2023-08-12
Tanks,26,85.91,2023-08-12
Pod Kit,11,68.19,2023-08-12
Vape Juice 60ml,8,34.41,2023-08-12
Vape Juice 30ml,47,62.15,2023-08-12
E-Liquid Premium,46,40.56,2023-08-12
Zero Nicotine 30ml,8,31.01,2023-08-12
Vape Juice 60ml,6,39.11,2023-08-12
Vape Juice 60ml,8,45.3,2023-08-12
Charger,8,12.99,2023-08-13
Nicotine Pods,11,50.24,2023-08-13
Chargers,14,66.39,2023-08-13
Battery 18650,6,21.97,2023-08-13
Batteries,9,58.48,2023-08-13
Batteries,10,12.76,2023-08-13
Cotton Wicking,10,16.24,2023-08-13
Cotton Wicking,10,5.0,2023-08-13
Replacement Coils,9,26.85,2023-08-13
Replacement Coils,7,12.58,2023-08-13
Nicotine Pods,10,10.46,2023-08-13
Battery 18650,7,10.27,2023-08-13
Zero Nicotine 30ml,9,19.44,2023-08-13
E-Liquid Premium,39,43.99,2023-08-13
Vape Juice 60ml,15,36.05,2023-08-13
Vape Juice 60ml,15,44.96,2023-08-13
Vape Juice 30ml,18,27.83,2023-08-13
Vape Juice 30ml,15,46.78,2023-08-13
Atomizers,18,66.74,2023-08-13
Tanks,26,46.88,2023-08-13
Vape Mod XL,7,49.73,2023-08-13
Vape Mod XL,10,28.8,2023-08-13
Pod Kit,13,68.83,2023-08-13
Pod Kit,17,53.58,2023-08-13
Zero Nicotine 30ml,9,40.59,2023-08-13
Batteries,6,26.97,2023-08-14
Batteries,5,48.1,2023-08-14
Batteries,3,13.36,2023-08-14
Battery 18650,12,14.62,2023-08-14
Drip Tips,6,14.13,2023-08-14
Charger,5,23.46,2023-08-14
Charger,3,9.97,2023-08-14
Tank Glass,6,17.61,2023-08-14
Tank Glass,4,10.74,2023-08-14
Chargers,14,39.94,2023-08-14
Cotton Wicking,21,60.78,2023-08-14
Zero Nicotine 30ml,20,25.67,2023-08-14
E-Liquid Premium,10,54.56,2023-08-14
Pod Kit,6,45.07,2023-08-14
Pod Kit,8,48.86,2023-08-14
Vape Mod XL,12,63.34,2023-08-14
Starter Kit,6,26.16,2023-08-14
Replacement Coils,14,18.54,2023-08-14
Vape Juice 30ml,23,34.24,2023-08-14
Vape Juice 60ml,15,19.51,2023-08-14
E-Liquid Premium,8,57.41,2023-08-14
Tanks,16,66.34,2023-08-14
Drip Tips,6,40.45,2023-08-15
Nicotine Pods,9,21.86,2023-08-15
Tank Glass,3,15.38,2023-08-15
Charger,8,16.61,2023-08-15
Battery 18650,12,17.31,2023-08-15
Batteries,6,5.0,2023-08-15
Batteries,4,15.79,2023-08-15
Cotton Wicking,5,50.17,2023-08-15
Cotton Wicking,9,40.3,2023-08-15
Replacement Coils,13,25.95,2023-08-15
Tank Glass,6,13.63,2023-08-15
Nicotine Pods,10,37.42,2023-08-15
E-Liquid Premium,32,57.09,2023-08-15
Vape Juice 60ml,8,36.64,2023-08-15
Vape Juice 60ml,9,37.91,2023-08-15
Vape Juice 30ml,11,34.3,2023-08-15
Vape Juice 30ml,10,40.12,2023-08-15
Atomizers,14,38.32,2023-08-15
Tanks,9,83.65,2023-08-15
Tanks,9,67.65,2023-08-15
Starter Kit,10,44.53,2023-08-15
Vape Mod XL,12,70.56,2023-08-15
Pod Kit,17,48.01,2023-08-15
Zero Nicotine 30ml,16,23.4,2023-08-15
Batteries,8,20.59,2023-08-16
Battery 18650,9,17.28,2023-08-16
Chargers,10,28.79,2023-08-16
Chargers,10,26.02,2023-08-16
Batteries,8,17.44,2023-08-16
Tank Glass,8,5.0,2023-08-16
Drip Tips,2,33.89,2023-08-16
Drip Tips,4,29.3,2023-08-16
Drip Tips,5,23.27,2023-08-16
Charger,7,20.34,2023-08-16
Cotton Wicking,15,39.53,2023-08-16
E-Liquid Premium,16,52.71,2023-08-16
Zero Nicotine 30ml,18,37.85,2023-08-16
Vape Mod XL,9,61.36,2023-08-16
Starter Kit,10,38.3,2023-08-16
Tanks,13,76.99,2023-08-16
Atomizers,5,56.12,2023-08-16
Pod Kit,19,71.43,2023-08-16
Vape Juice 30ml,32,51.67,2023-08-16
Vape Juice 60ml,27,47.77,2023-08-16
E-Liquid Premium,16,26.2,2023-08-16
Nicotine Pods,19,57.12,2023-08-16
Atomizers,3,60.78,2023-08-16
Nicotine Pods,9,36.85,2023-08-17
Drip Tips,1,23.87,2023-08-17
Drip Tips,2,34.46,2023-08-17
Tank Glass,12,10.68,2023-08-17
Charger,9,14.18,2023-08-17
Batteries,16,22.8,2023-08-17
Cotton Wicking,15,37.01,2023-08-17
Replacement Coils,4,9.79,2023-08-17
Replacement Coils,4,18.75,2023-08-17
Replacement Coils,5,30.16,2023-08-17
Nicotine Pods,11,50.22,2023-08-17
Zero Nicotine 30ml,10,23.57,2023-08-17
Pod Kit,24,43.47,2023-08-17
Zero Nicotine 30ml,10,31.73,2023-08-17
Vape Mod XL,5,63.64,2023-08-17
Vape Mod XL,7,28.15,2023-08-17
Atomizers,7,77.91,2023-08-17
Atomizers,6,49.17,2023-08-17
Tanks,19,69.22,2023-08-17
Vape Juice 30ml,18,51.61,2023-08-17
Vape Juice 60ml,30,28.95,2023-08-17
E-Liquid Premium,15,43.36,2023-08-17
E-Liquid Premium,18,50.61,2023-08-17
Vape Juice 30ml,19,30.37,2023-08-17
Battery 18650,8,18.31,2023-08-18
Cotton Wicking,12,62.74,2023-08-18
Cotton Wicking,12,57.55,2023-08-18
Batteries,15,31.89,2023-08-18
Battery 18650,9,14.27,2023-08-18
Replacement Coils,18,11.32,2023-08-18
Charger,9,23.4,2023-08-18
Tank Glass,15,22.26,2023-08-18
Drip Tips,6,45.02,2023-08-18
Drip Tips,2,25.49,2023-08-18
Chargers,16,33.86,2023-08-18
Nicotine Pods,29,59.82,2023-08-18
E-Liquid Premium,19,64.55,2023-08-18
E-Liquid Premium,19,73.86,2023-08-18
Pod Kit,22,59.31,2023-08-18
Vape Mod XL,6,49.38,2023-08-18
Vape Mod XL,5,80.82,2023-08-18
Starter Kit,11,46.9,2023-08-18
Tanks,19,66.84,2023-08-18
Vape Mod XL,5,44.55,2023-08-18
Atomizers,10,19.95,2023-08-18
Vape Juice 30ml,49,49.7,2023-08-18
Vape Juice 60ml,38,31.88,2023-08-18
Atomizers,10,74.46,2023-08-18
Zero Nicotine 30ml,20,46.17,2023-08-18
Replacement Coils,10,18.37,2023-08-19
Drip Tips,12,48.4,2023-08-19
Tank Glass,11,21.81,2023-08-19
Charger,10,17.23,2023-08-19
Chargers,16,53.35,2023-08-19
Battery 18650,14,8.98,2023-08-19
Batteries,12,52.13,2023-08-19
Batteries,9,34.54,2023-08-19
Cotton Wicking,22,32.83,2023-08-19
Replacement Coils,6,29.91,2023-08-19
Nicotine Pods,19,60.0,2023-08-19
E-Liquid Premium,31,38.36,2023-08-19
Vape Juice 60ml,34,22.61,2023-08-19
Vape Juice 30ml,32,53.87,2023-08-19
Atomizers,10,68.52,2023-08-19
Atomizers,11,62.35,2023-08-19
Starter Kit,14,60.22,2023-08-19
Vape Mod XL,5,48.02,2023-08-19
Vape Mod XL,6,53.0,2023-08-19
Zero Nicotine 30ml,17,21.57,2023-08-19
Nicotine Pods,25,39.69,2023-08-20
Replacement Coils,21,14.52,2023-08-20
Cotton Wicking,13,16.51,2023-08-20
Cotton Wicking,15,27.17,2023-08-20
Batteries,26,64.36,2023-08-20
Charger,3,26.85,2023-08-20
Battery 18650,7,24.36,2023-08-20
Chargers,14,58.48,2023-08-20
Tank Glass,16,22.98,2023-08-20
Zero Nicotine 30ml,7,40.52,2023-08-20
Battery 18650,9,20.2,2023-08-20
Zero Nicotine 30ml,10,45.39,2023-08-20
Charger,5,13.35,2023-08-20
Vape Juice 60ml,33,44.8,2023-08-20
E-Liquid Premium,26,57.91,2023-08-20
Pod Kit,10,49.52,2023-08-20
Pod Kit,12,39.07,2023-08-20
Vape Mod XL,6,40.42,2023-08-20
Tanks,17,52.77,2023-08-20
Vape Mod XL,9,36.92,2023-08-20
Atomizers,3,42.45,2023-08-20
Atomizers,6,44.07,2023-08-20
Vape Juice 30ml,23,38.24,2023-08-20
Vape Juice 30ml,23,41.57,2023-08-20
Atomizers,4,45.65,2023-08-20
Batteries,9,55.0,2023-08-21
Zero Nicotine 30ml,7,39.31,2023-08-21
Nicotine Pods,15,30.31,2023-08-21
Replacement Coils,18,15.96,2023-08-21
Batteries,6,38.96,2023-08-21
Battery 18650,12,22.63,2023-08-21
Drip Tips,4,10.7,2023-08-21
Charger,9,14.76,2023-08-21
Tank Glass,14,11.86,2023-08-21
Drip Tips,4,22.87,2023-08-21
Drip Tips,3,11.25,2023-08-21
Zero Nicotine 30ml,8,5.0,2023-08-21
Chargers,16,50.19,2023-08-21
E-Liquid Premium,16,28.49,2023-08-21
E-Liquid Premium,18,42.4,2023-08-21
Vape Juice 60ml,13,51.45,2023-08-21
Pod Kit,7,55.66,2023-08-21
Vape Mod XL,5,50.77,2023-08-21
Vape Mod XL,4,37.82,2023-08-21
Vape Mod XL,6,42.0,2023-08-21
Starter Kit,7,20.34,2023-08-21
Pod Kit,8,36.96,2023-08-21
Tanks,8,68.48,2023-08-21
Atomizers,5,28.53,2023-08-21
Atomizers,3,59.35,2023-08-21
Vape Juice 30ml,38,36.22,2023-08-21
Vape Juice 60ml,11,46.92,2023-08-21
Tanks,10,60.27,2023-08-21
Batteries,18,28.76,2023-08-22
Chargers,2,39.47,2023-08-22
Chargers,2,48.29,2023-08-22
Drip Tips,1,23.11,2023-08-22
Tank Glass,6,15.34,2023-08-22
Charger,3,17.29,2023-08-22
Tank Glass,3,11.1,2023-08-22
Drip Tips,1,5.45,2023-08-22
Cotton Wicking,18,5.0,2023-08-22
Charger,2,9.78,2023-08-22
Replacement Coils,10,15.47,2023-08-22
Chargers,4,56.95,2023-08-22
E-Liquid Premium,18,59.89,2023-08-22
Zero Nicotine 30ml,19,5.0,2023-08-22
Vape Mod XL,10,44.69,2023-08-22
Starter Kit,5,36.21,2023-08-22
Starter Kit,4,19.4,2023-08-22
Atomizers,5,44.41,2023-08-22
Pod Kit,26,60.64,2023-08-22
Vape Juice 30ml,31,59.47,2023-08-22
Vape Juice 60ml,13,34.42,2023-08-22
Vape Juice 60ml,12,33.79,2023-08-22
E-Liquid Premium,14,48.69,2023-08-22
Atomizers,5,61.71,2023-08-22
Nicotine Pods,24,53.51,2023-08-23
Drip Tips,9,20.69,2023-08-23
Charger,5,18.64,2023-08-23
Charger,4,17.52,2023-08-23
Chargers,16,75.35,2023-08-23
Battery 18650,11,11.22,2023-08-23
Batteries,21,74.24,2023-08-23
Cotton Wicking,24,56.77,2023-08-23
Replacement Coils,14,19.48,2023-08-23
Zero Nicotine 30ml,20,35.91,2023-08-23
Tank Glass,11,23.88,2023-08-23
Vape Juice 30ml,18,43.32,2023-08-23
Pod Kit,9,60.22,2023-08-23
Pod Kit,7,53.58,2023-08-23
Pod Kit,5,52.76,2023-08-23
Vape Mod XL,9,37.08,2023-08-23
E-Liquid Premium,22,28.64,2023-08-23
Starter Kit,4,21.09,2023-08-23
Tanks,17,83.23,2023-08-23
Vape Juice 30ml,19,53.2,2023-08-23
Starter Kit,5,42.07,2023-08-23
Cotton Wicking,11,34.07,2023-08-24
Tank Glass,2,5.0,2023-08-24
Tank Glass,3,8.86,2023-08-24
Charger,10,22.31,2023-08-24
Chargers,10,82.29,2023-08-24
Chargers,10,35.42,2023-08-24
Battery 18650,15,10.95,2023-08-24
Batteries,8,13.44,2023-08-24
Batteries,8,25.12,2023-08-24
Drip Tips,11,25.41,2023-08-24
Replacement Coils,14,14.85,2023-08-24
Nicotine Pods,28,52.47,2023-08-24
Zero Nicotine 30ml,15,23.61,2023-08-24
E-Liquid Premium,14,53.67,2023-08-24
E-Liquid Premium,18,43.82,2023-08-24
Vape Juice 60ml,28,33.55,2023-08-24
Vape Juice 30ml,39,41.66,2023-08-24
Atomizers,17,44.26,2023-08-24
Tanks,15,41.0,2023-08-24
Pod Kit,21,53.54,2023-08-24
Cotton Wicking,11,48.24,2023-08-24
Replacement Coils,25,18.3,2023-08-25
Cotton Wicking,24,18.45,2023-08-25
Batteries,16,32.95,2023-08-25
Zero Nicotine 30ml,25,19.3,2023-08-25
Battery 18650,14,27.84,2023-08-25
Drip Tips,9,23.35,2023-08-25
Charger,14,15.08,2023-08-25
Batteries,15,7.9,2023-08-25
E-Liquid Premium,48,22.37,2023-08-25
Chargers,16,34.62,2023-08-25
Vape Juice 60ml,19,40.41,2023-08-25
Atomizers,19,64.67,2023-08-25
Tanks,12,58.14,2023-08-25
Tanks,13,71.42,2023-08-25
Starter Kit,7,48.45,2023-08-25
Starter Kit,8,21.36,2023-08-25
Vape Mod XL,21,40.71,2023-08-25
Pod Kit,12,48.59,2023-08-25
Pod Kit,13,68.67,2023-08-25
Vape Juice 60ml,19,33.98,2023-08-25
Replacement Coils,10,13.02,2023-08-26
Cotton Wicking,38,13.65,2023-08-26
Batteries,13,5.0,2023-08-26
Batteries,16,34.97,2023-08-26
Battery 18650,13,15.89,2023-08-26
Tank Glass,14,10.62,2023-08-26
Chargers,5,45.22,2023-08-26
Chargers,7,25.6,2023-08-26
Charger,11,14.1,2023-08-26
Replacement Coils,11,12.94,2023-08-26
Drip Tips,15,32.37,2023-08-26
Chargers,8,31.76,2023-08-26
Replacement Coils,9,5.0,2023-08-26
Nicotine Pods,30,49.15,2023-08-26
Zero Nicotine 30ml,9,33.58,2023-08-26
Pod Kit,27,59.78,2023-08-26
Vape Mod XL,12,61.42,2023-08-26
Starter Kit,7,19.56,2023-08-26
Starter Kit,9,27.94,2023-08-26
Tanks,37,70.18,2023-08-26
Vape Mod XL,11,52.78,2023-08-26
Vape Juice 30ml,67,63.56,2023-08-26
Vape Juice 60ml,18,41.79,2023-08-26
Vape Juice 60ml,15,37.66,2023-08-26
E-Liquid Premium,48,64.31,2023-08-26
Zero Nicotine 30ml,12,18.77,2023-08-26
Atomizers,19,58.28,2023-08-26
Replacement Coils,12,11.6,2023-08-27
Cotton Wicking,36,45.04,2023-08-27
Batteries,20,46.18,2023-08-27
Battery 18650,14,17.95,2023-08-27
Tank Glass,24,26.45,2023-08-27
Charger,13,19.29,2023-08-27
Drip Tips,5,30.1,2023-08-27
Drip Tips,9,37.05,2023-08-27
Nicotine Pods,26,46.44,2023-08-27
Chargers,23,53.08,2023-08-27
Zero Nicotine 30ml,19,20.01,2023-08-27
Replacement Coils,12,24.14,2023-08-27
E-Liquid Premium,47,33.52,2023-08-27
Vape Juice 60ml,49,19.05,2023-08-27
Vape Juice 30ml,56,30.16,2023-08-27
Atomizers,26,51.55,2023-08-27
Tanks,34,61.36,2023-08-27
Starter Kit,19,44.39,2023-08-27
Vape Mod XL,14,56.78,2023-08-27
Pod Kit,13,55.75,2023-08-27
Pod Kit,16,53.39,2023-08-27
Pod Kit,13,58.96,2023-08-27
Zero Nicotine 30ml,17,16.57,2023-08-27
Replacement Coils,8,5.67,2023-08-28
Cotton Wicking,24,20.84,2023-08-28
Batteries,12,24.89,2023-08-28
Batteries,10,65.36,2023-08-28
Battery 18650,15,26.46,2023-08-28
Drip Tips,6,33.19,2023-08-28
Charger,3,15.68,2023-08-28
Charger,6,19.73,2023-08-28
Tank Glass,9,9.49,2023-08-28
Tank Glass,6,6.53,2023-08-28
Drip Tips,4,12.12,2023-08-28
Chargers,13,33.82,2023-08-28
Nicotine Pods,22,68.37,2023-08-28
Replacement Coils,12,15.49,2023-08-28
E-Liquid Premium,10,32.59,2023-08-28
Zero Nicotine 30ml,25,42.56,2023-08-28
Pod Kit,26,63.65,2023-08-28
Vape Mod XL,6,52.33,2023-08-28
Vape Mod XL,4,67.06,2023-08-28
Starter Kit,6,34.22,2023-08-28
Tanks,15,43.3,2023-08-28
Starter Kit,8,37.85,2023-08-28
Vape Juice 30ml,9,47.99,2023-08-28
Vape Juice 30ml,8,46.32,2023-08-28
Vape Juice 30ml,10,40.47,2023-08-28
Vape Juice 60ml,28,27.6,2023-08-28
E-Liquid Premium,13,49.52,2023-08-28
Atomizers,12,29.62,2023-08-28
Batteries,20,53.84,2023-08-29
Replacement Coils,4,12.36,2023-08-29
Replacement Coils,5,24.99,2023-08-29
Replacement Coils,5,37.38,2023-08-29
Cotton Wicking,19,32.87,2023-08-29
Battery 18650,13,31.54,2023-08-29
Nicotine Pods,8,33.08,2023-08-29
Charger,1,28.0,2023-08-29
Charger,4,29.6,2023-08-29
Charger,4,21.96,2023-08-29
Tank Glass,11,16.84,2023-08-29
Drip Tips,9,21.29,2023-08-29
Chargers,13,27.63,2023-08-29
Nicotine Pods,8,28.46,2023-08-29
Nicotine Pods,6,56.5,2023-08-29
E-Liquid Premium,38,57.49,2023-08-29
Pod Kit,16,55.09,2023-08-29
Zero Nicotine 30ml,15,30.18,2023-08-29
Vape Mod XL,4,57.45,2023-08-29
Vape Mod XL,7,70.34,2023-08-29
Vape Mod XL,7,58.51,2023-08-29
Starter Kit,8,24.35,2023-08-29
Tanks,16,63.68,2023-08-29
Pod Kit,16,51.34,2023-08-29
Atomizers,4,66.37,2023-08-29
Atomizers,2,59.93,2023-08-29
Vape Juice 30ml,35,39.82,2023-08-29
Vape Juice 60ml,19,43.13,2023-08-29
Vape Juice 60ml,20,39.04,2023-08-29
Atomizers,2,58.1,2023-08-29
Replacement Coils,15,15.03,2023-08-30
Cotton Wicking,12,49.22,2023-08-30
Cotton Wicking,11,45.54,2023-08-30
Battery 18650,15,21.76,2023-08-30
Chargers,16,40.95,2023-08-30
Tank Glass,4,20.07,2023-08-30
Charger,6,17.67,2023-08-30
Tank Glass,4,21.32,2023-08-30
Drip Tips,3,33.94,2023-08-30
Drip Tips,1,22.94,2023-08-30
Drip Tips,2,13.86,2023-08-30
Charger,5,24.21,2023-08-30
Nicotine Pods,25,43.0,2023-08-30
E-Liquid Premium,23,48.03,2023-08-30
E-Liquid Premium,21,37.29,2023-08-30
Zero Nicotine 30ml,27,11.51,2023-08-30
Pod Kit,14,28.02,2023-08-30
Pod Kit,13,57.9,2023-08-30
Vape Mod XL,10,51.4,2023-08-30
Tanks,27,63.07,2023-08-30
Starter Kit,9,38.71,2023-08-30
Vape Juice 30ml,15,52.72,2023-08-30
Vape Juice 30ml,14,57.53,2023-08-30
Vape Juice 60ml,11,52.6,2023-08-30
Vape Juice 60ml,8,40.2,2023-08-30
Vape Juice 60ml,8,47.47,2023-08-30
Atomizers,17,64.34,2023-08-30
Cotton Wicking,12,39.62,2023-08-31
Nicotine Pods,27,58.79,2023-08-31
Replacement Coils,14,17.71,2023-08-31
Cotton Wicking,9,18.65,2023-08-31
Batteries,18,59.72,2023-08-31
Tank Glass,17,8.88,2023-08-31
Battery 18650,6,17.74,2023-08-31
Chargers,12,77.35,2023-08-31
Chargers,12,32.55,2023-08-31
Charger,11,22.11,2023-08-31
Battery 18650,6,16.15,2023-08-31
Zero Nicotine 30ml,26,8.05,2023-08-31
Vape Juice 60ml,20,35.29,2023-08-31
Vape Juice 60ml,18,41.49,2023-08-31
Vape Juice 30ml,41,40.88,2023-08-31
Atomizers,9,61.0,2023-08-31
Atomizers,10,36.4,2023-08-31
Atomizers,6,62.78,2023-08-31
Tanks,24,75.87,2023-08-31
Vape Mod XL,7,20.18,2023-08-31
Vape Mod XL,8,28.07,2023-08-31
Pod Kit,14,45.92,2023-08-31
Pod Kit,13,62.26,2023-08-31
E-Liquid Premium,35,58.4,2023-08-31
Batteries,11,72.92,2023-09-01
Batteries,7,28.61,2023-09-01
Batteries,10,82.13,2023-09-01
Battery 18650,11,25.56,2023-09-01
Battery 18650,9,14.49,2023-09-01
Drip Tips,4,33.2,2023-09-01
Charger,9,24.58,2023-09-01
Tank Glass,3,20.89,2023-09-01
Tank Glass,6,15.01,2023-09-01
Drip Tips,5,12.87,2023-09-01
Drip Tips,6,35.11,2023-09-01
Chargers,18,35.68,2023-09-01
Cotton Wicking,10,30.75,2023-09-01
Cotton Wicking,11,28.15,2023-09-01
Replacement Coils,12,22.2,2023-09-01
Replacement Coils,11,23.91,2023-09-01
Vape Mod XL,16,72.53,2023-09-01
Starter Kit,3,41.05,2023-09-01
Starter Kit,6,43.9,2023-09-01
Vape Juice 30ml,31,63.4,2023-09-01
Atomizers,17,64.81,2023-09-01
E-Liquid Premium,7,51.99,2023-09-01
E-Liquid Premium,9,52.99,2023-09-01
E-Liquid Premium,9,56.42,2023-09-01
Zero Nicotine 30ml,28,28.23,2023-09-01
Nicotine Pods,36,33.99,2023-09-01
Vape Juice 60ml,37,51.11,2023-09-01
Batteries,4,57.45,2023-09-02
Replacement Coils,16,27.21,2023-09-02
Cotton Wicking,26,39.95,2023-09-02
Batteries,7,13.45,2023-09-02
Batteries,7,15.93,2023-09-02
Nicotine Pods,24,54.33,2023-09-02
Drip Tips,4,5.0,2023-09-02
Chargers,9,50.78,2023-09-02
Charger,10,21.78,2023-09-02
Tank Glass,11,5.0,2023-09-02
Drip Tips,7,19.81,2023-09-02
Battery 18650,14,18.05,2023-09-02
Zero Nicotine 30ml,13,23.71,2023-09-02
Chargers,7,53.88,2023-09-02
E-Liquid Premium,16,62.37,2023-09-02
Pod Kit,11,67.52,2023-09-02
Pod Kit,11,61.56,2023-09-02
Vape Mod XL,18,57.6,2023-09-02
Starter Kit,13,27.76,2023-09-02
Tanks,13,65.78,2023-09-02
Zero Nicotine 30ml,14,16.08,2023-09-02
Atomizers,18,40.09,2023-09-02
Vape Juice 30ml,19,50.99,2023-09-02
Vape Juice 30ml,23,42.88,2023-09-02
Vape Juice 60ml,31,36.02,2023-09-02
E-Liquid Premium,17,49.45,2023-09-02
Tanks,14,77.2,2023-09-02
Cotton Wicking,9,47.3,2023-09-03
Cotton Wicking,6,69.22,2023-09-03
Cotton Wicking,6,41.99,2023-09-03
Batteries,27,35.54,2023-09-03
Battery 18650,3,22.5,2023-09-03
Chargers,10,58.4,2023-09-03
Chargers,12,45.94,2023-09-03
Charger,9,19.5,2023-09-03
Tank Glass,11,5.0,2023-09-03
Drip Tips,12,45.04,2023-09-03
Replacement Coils,7,12.07,2023-09-03
Battery 18650,7,9.63,2023-09-03
Replacement Coils,6,15.28,2023-09-03
Nicotine Pods,37,45.83,2023-09-03
Zero Nicotine 30ml,10,31.97,2023-09-03
Pod Kit,19,50.25,2023-09-03
Vape Mod XL,12,70.3,2023-09-03
Starter Kit,12,49.81,2023-09-03
Tanks,18,44.16,2023-09-03
Atomizers,22,68.98,2023-09-03
Pod Kit,16,53.49,2023-09-03
Vape Juice 60ml,12,45.6,2023-09-03
E-Liquid Premium,25,47.85,2023-09-03
E-Liquid Premium,25,36.88,2023-09-03
Zero Nicotine 30ml,7,27.46,2023-09-03
Vape Juice 60ml,12,27.26,2023-09-03
Batteries,20,44.36,2023-09-04
Battery 18650,2,23.21,2023-09-04
Battery 18650,3,11.03,2023-09-04
Chargers,7,31.98,2023-09-04
Chargers,4,47.81,2023-09-04
Charger,6,17.28,2023-09-04
Charger,2,18.91,2023-09-04
Tank Glass,9,21.1,2023-09-04
Drip Tips,7,36.02,2023-09-04
Cotton Wicking,17,48.14,2023-09-04
Chargers,7,36.54,2023-09-04
Replacement Coils,16,21.4,2023-09-04
Nicotine Pods,18,50.46,2023-09-04
Starter Kit,5,20.26,2023-09-04
E-Liquid Premium,11,44.22,2023-09-04
E-Liquid Premium,9,34.47,2023-09-04
Vape Juice 60ml,25,35.63,2023-09-04
Vape Juice 30ml,32,43.96,2023-09-04
Atomizers,6,41.44,2023-09-04
Atomizers,5,69.51,2023-09-04
Atomizers,5,49.81,2023-09-04
Tanks,14,60.76,2023-09-04
Starter Kit,6,18.18,2023-09-04
Vape Mod XL,9,31.35,2023-09-04
Pod Kit,25,64.56,2023-09-04
E-Liquid Premium,10,48.41,2023-09-04
Cotton Wicking,19,21.37,2023-09-05
Replacement Coils,13,16.13,2023-09-05
Vape Juice 60ml,9,32.91,2023-09-05
Nicotine Pods,5,58.69,2023-09-05
Batteries,6,36.4,2023-09-05
Nicotine Pods,8,31.43,2023-09-05
Batteries,7,80.04,2023-09-05
Tank Glass,4,22.58,2023-09-05
Battery 18650,3,15.44,2023-09-05
Battery 18650,3,22.77,2023-09-05
Chargers,16,23.3,2023-09-05
Charger,8,20.85,2023-09-05
Tank Glass,3,5.0,2023-09-05
Battery 18650,2,21.99,2023-09-05
Nicotine Pods,5,8.04,2023-09-05
Vape Juice 30ml,18,47.64,2023-09-05
E-Liquid Premium,32,54.62,2023-09-05
Pod Kit,9,38.82,2023-09-05
Pod Kit,11,60.88,2023-09-05
Vape Mod XL,4,36.0,2023-09-05
Vape Mod XL,5,44.4,2023-09-05
Starter Kit,4,32.15,2023-09-05
Zero Nicotine 30ml,22,25.03,2023-09-05
Starter Kit,5,37.76,2023-09-05
Atomizers,7,45.48,2023-09-05
Atomizers,4,47.41,2023-09-05
Atomizers,7,37.51,2023-09-05
Vape Juice 30ml,20,39.86,2023-09-05
Vape Juice 60ml,12,35.11,2023-09-05
Tanks,17,57.69,2023-09-05
Replacement Coils,5,13.53,2023-09-06
Nicotine Pods,19,51.54,2023-09-06
Replacement Coils,5,20.87,2023-09-06
Cotton Wicking,16,29.97,2023-09-06
Zero Nicotine 30ml,5,17.1,2023-09-06
Chargers,11,23.9,2023-09-06
Tank Glass,5,32.15,2023-09-06
Tank Glass,7,17.83,2023-09-06
Drip Tips,3,23.81,2023-09-06
Drip Tips,3,33.67,2023-09-06
Zero Nicotine 30ml,6,40.21,2023-09-06
Battery 18650,9,21.37,2023-09-06
Vape Juice 60ml,8,18.89,2023-09-06
Vape Juice 60ml,8,25.44,2023-09-06
Vape Juice 60ml,8,38.91,2023-09-06
Vape Juice 30ml,30,40.52,2023-09-06
Tanks,1,87.56,2023-09-06
Tanks,4,52.89,2023-09-06
Tanks,3,57.63,2023-09-06
Pod Kit,5,25.33,2023-09-06
Pod Kit,8,60.56,2023-09-06
Pod Kit,4,72.43,2023-09-06
E-Liquid Premium,21,43.87,2023-09-06
Cotton Wicking,14,19.71,2023-09-07
Batteries,4,27.76,2023-09-07
Batteries,4,5.0,2023-09-07
Batteries,3,51.93,2023-09-07
Battery 18650,1,11.94,2023-09-07
Drip Tips,9,35.41,2023-09-07
Battery 18650,2,19.34,2023-09-07
Chargers,14,58.73,2023-09-07
Charger,9,29.04,2023-09-07
Tank Glass,11,13.63,2023-09-07
Replacement Coils,10,12.22,2023-09-07
Battery 18650,1,18.31,2023-09-07
Nicotine Pods,19,45.88,2023-09-07
Zero Nicotine 30ml,15,26.77,2023-09-07
E-Liquid Premium,9,60.94,2023-09-07
Vape Mod XL,3,44.11,2023-09-07
Vape Mod XL,6,65.97,2023-09-07
Vape Mod XL,5,40.2,2023-09-07
Starter Kit,9,33.53,2023-09-07
Tanks,4,41.75,2023-09-07
Pod Kit,18,47.51,2023-09-07
Atomizers,8,42.58,2023-09-07
Atomizers,10,44.44,2023-09-07
Vape Juice 30ml,22,31.31,2023-09-07
E-Liquid Premium,11,58.73,2023-09-07
Tanks,8,75.35,2023-09-07
E-Liquid Premium,31,47.05,2023-09-08
Tank Glass,15,21.33,2023-09-08
Charger,10,15.1,2023-09-08
Chargers,15,22.3,2023-09-08
Battery 18650,11,20.88,2023-09-08
Batteries,14,5.0,2023-09-08
Batteries,14,35.86,2023-09-08
Replacement Coils,3,30.0,2023-09-08
Replacement Coils,6,13.08,2023-09-08
Nicotine Pods,25,10.43,2023-09-08
Vape Juice 60ml,12,21.19,2023-09-08
Drip Tips,8,20.18,2023-09-08
Vape Juice 30ml,30,60.0,2023-09-08
Pod Kit,13,59.24,2023-09-08
Pod Kit,15,62.49,2023-09-08
Vape Mod XL,6,45.38,2023-09-08
Vape Mod XL,7,59.05,2023-09-08
Vape Juice 60ml,10,51.44,2023-09-08
Tanks,7,35.36,2023-09-08
Tanks,7,47.88,2023-09-08
Atomizers,7,59.76,2023-09-08
Atomizers,11,73.06,2023-09-08
Starter Kit,7,28.56,2023-09-08
Replacement Coils,19,29.81,2023-09-09
Drip Tips,3,30.18,2023-09-09
Drip Tips,1,25.05,2023-09-09
Tank Glass,10,18.4,2023-09-09
Charger,1,25.42,2023-09-09
Charger,2,26.9,2023-09-09
Charger,4,19.72,2023-09-09
Chargers,18,60.49,2023-09-09
Battery 18650,9,19.85,2023-09-09
Cotton Wicking,21,61.68,2023-09-09
Nicotine Pods,11,53.81,2023-09-09
Nicotine Pods,10,50.02,2023-09-09
Zero Nicotine 30ml,14,27.22,2023-09-09
E-Liquid Premium,14,42.8,2023-09-09
E-Liquid Premium,15,52.92,2023-09-09
Vape Juice 60ml,12,32.34,2023-09-09
Vape Juice 60ml,15,39.48,2023-09-09
Vape Juice 30ml,26,39.92,2023-09-09
Atomizers,12,48.47,2023-09-09
Tanks,17,58.73,2023-09-09
Starter Kit,11,15.52,2023-09-09
Pod Kit,28,71.35,2023-09-09
Nicotine Pods,17,40.49,2023-09-10
Replacement Coils,7,17.78,2023-09-10
Replacement Coils,8,17.95,2023-09-10
Cotton Wicking,22,5.0,2023-09-10
Tank Glass,8,15.84,2023-09-10
Chargers,17,27.09,2023-09-10
Charger,8,9.82,2023-09-10
Drip Tips,9,31.66,2023-09-10
Zero Nicotine 30ml,10,21.43,2023-09-10
Batteries,20,42.06,2023-09-10
Zero Nicotine 30ml,10,34.21,2023-09-10
Vape Mod XL,9,54.39,2023-09-10
Vape Juice 60ml,5,35.52,2023-09-10
E-Liquid Premium,24,64.93,2023-09-10
Pod Kit,23,52.12,2023-09-10
Starter Kit,4,7.1,2023-09-10
Tanks,21,44.7,2023-09-10
Starter Kit,4,26.54,2023-09-10
Atomizers,10,37.7,2023-09-10
Vape Juice 30ml,34,53.02,2023-09-10
Vape Juice 60ml,7,50.6,2023-09-10
Vape Juice 60ml,8,23.09,2023-09-10
Atomizers,10,74.15,2023-09-10
Battery 18650,10,13.81,2023-09-11
Replacement Coils,5,19.49,2023-09-11
Replacement Coils,6,22.88,2023-09-11
Cotton Wicking,15,19.0,2023-09-11
Batteries,15,43.13,2023-09-11
Chargers,5,34.04,2023-09-11
Tank Glass,2,11.88,2023-09-11
Drip Tips,5,32.14,2023-09-11
Charger,5,15.28,2023-09-11
Tank Glass,2,12.78,2023-09-11
Tank Glass,4,29.91,2023-09-11
Replacement Coils,5,21.02,2023-09-11
Chargers,8,51.94,2023-09-11
Nicotine Pods,6,43.1,2023-09-11
Starter Kit,8,40.86,2023-09-11
E-Liquid Premium,7,51.59,2023-09-11
Nicotine Pods,8,41.45,2023-09-11
Pod Kit,7,55.03,2023-09-11
Vape Mod XL,4,47.66,2023-09-11
Vape Mod XL,5,30.2,2023-09-11
Tanks,12,74.39,2023-09-11
Pod Kit,8,56.08,2023-09-11
Atomizers,7,70.84,2023-09-11
Vape Juice 30ml,19,46.0,2023-09-11
Vape Juice 60ml,19,27.2,2023-09-11
E-Liquid Premium,8,51.43,2023-09-11
E-Liquid Premium,8,52.82,2023-09-11
Atomizers,7,60.32,2023-09-11
Cotton Wicking,14,42.15,2023-09-12
Batteries,5,17.23,2023-09-12
Batteries,9,42.42,2023-09-12
Battery 18650,6,21.47,2023-09-12
Tank Glass,10,19.61,2023-09-12
Charger,5,23.08,2023-09-12
Drip Tips,3,17.34,2023-09-12
Drip Tips,5,21.27,2023-09-12
Replacement Coils,5,11.93,2023-09-12
Chargers,9,53.35,2023-09-12
Replacement Coils,3,15.59,2023-09-12
Nicotine Pods,13,38.31,2023-09-12
Zero Nicotine 30ml,9,23.17,2023-09-12
E-Liquid Premium,15,55.59,2023-09-12
Vape Juice 60ml,12,28.33,2023-09-12
Vape Juice 30ml,6,44.51,2023-09-12
Vape Juice 30ml,6,51.73,2023-09-12
Atomizers,7,31.07,2023-09-12
Atomizers,3,78.68,2023-09-12
Tanks,6,55.61,2023-09-12
Tanks,5,52.88,2023-09-12
Starter Kit,6,44.33,2023-09-12
Pod Kit,15,57.68,2023-09-12
Replacement Coils,1,17.68,2023-09-13
Cotton Wicking,10,53.91,2023-09-13
Batteries,13,47.82,2023-09-13
Chargers,1,25.48,2023-09-13
Chargers,4,39.57,2023-09-13
Drip Tips,6,25.3,2023-09-13
Charger,5,20.15,2023-09-13
Charger,2,15.18,2023-09-13
Tank Glass,4,23.98,2023-09-13
Tank Glass,1,10.15,2023-09-13
Replacement Coils,5,17.85,2023-09-13
Chargers,1,58.2,2023-09-13
Nicotine Pods,9,48.01,2023-09-13
Nicotine Pods,9,49.07,2023-09-13
Zero Nicotine 30ml,10,58.88,2023-09-13
Pod Kit,7,55.49,2023-09-13
Starter Kit,1,46.79,2023-09-13
Starter Kit,3,27.1,2023-09-13
Tanks,11,48.89,2023-09-13
Atomizers,10,30.06,2023-09-13
Pod Kit,8,65.68,2023-09-13
Vape Juice 30ml,10,53.88,2023-09-13
Vape Juice 60ml,10,30.92,2023-09-13
Vape Juice 60ml,11,35.75,2023-09-13
E-Liquid Premium,27,47.88,2023-09-13
Vape Juice 30ml,11,50.38,2023-09-13
Replacement Coils,14,30.05,2023-09-14
Cotton Wicking,18,56.9,2023-09-14
Battery 18650,12,10.19,2023-09-14
Chargers,3,41.4,2023-09-14
Chargers,6,53.07,2023-09-14
Tank Glass,2,22.2,2023-09-14
Tank Glass,2,26.68,2023-09-14
Drip Tips,5,36.74,2023-09-14
Drip Tips,5,30.21,2023-09-14
Nicotine Pods,22,82.93,2023-09-14
Charger,6,21.02,2023-09-14
Zero Nicotine 30ml,13,25.12,2023-09-14
E-Liquid Premium,28,50.15,2023-09-14
Vape Juice 60ml,26,35.2,2023-09-14
Vape Juice 30ml,32,58.58,2023-09-14
Atomizers,11,39.62,2023-09-14
Tanks,10,83.68,2023-09-14
Tanks,9,49.84,2023-09-14
Starter Kit,1,44.01,2023-09-14
Starter Kit,4,36.39,2023-09-14
Starter Kit,4,34.41,2023-09-14
Vape Mod XL,6,52.55,2023-09-14
Vape Mod XL,3,28.24,2023-09-14
Pod Kit,23,40.33,2023-09-14
Cotton Wicking,7,34.41,2023-09-15
Batteries,8,42.82,2023-09-15
Batteries,6,30.85,2023-09-15
Batteries,6,37.31,2023-09-15
Battery 18650,10,13.61,2023-09-15
Drip Tips,10,17.99,2023-09-15
Charger,7,21.61,2023-09-15
Tank Glass,5,24.64,2023-09-15
Tank Glass,4,5.0,2023-09-15
Replacement Coils,13,20.69,2023-09-15
Chargers,13,54.39,2023-09-15
Nicotine Pods,20,64.91,2023-09-15
Cotton Wicking,5,55.39,2023-09-15
E-Liquid Premium,38,55.49,2023-09-15
Pod Kit,20,52.6,2023-09-15
Zero Nicotine 30ml,17,7.17,2023-09-15
Vape Mod XL,7,59.18,2023-09-15
Starter Kit,12,49.43,2023-09-15
Tanks,21,44.8,2023-09-15
Vape Mod XL,4,74.67,2023-09-15
Atomizers,5,41.28,2023-09-15
Atomizers,6,64.13,2023-09-15
Vape Juice 30ml,40,44.53,2023-09-15
Vape Juice 60ml,30,46.39,2023-09-15
Atomizers,7,24.69,2023-09-15
Drip Tips,6,23.28,2023-09-16
Tank Glass,10,21.71,2023-09-16
Chargers,4,62.4,2023-09-16
Chargers,6,29.47,2023-09-16
Chargers,3,68.58,2023-09-16
Battery 18650,14,21.23,2023-09-16
Batteries,17,68.82,2023-09-16
Cotton Wicking,25,5.0,2023-09-16
Replacement Coils,5,15.45,2023-09-16
Replacement Coils,5,23.7,2023-09-16
Replacement Coils,5,11.61,2023-09-16
E-Liquid Premium,17,45.68,2023-09-16
Zero Nicotine 30ml,22,43.73,2023-09-16
Pod Kit,26,53.68,2023-09-16
Starter Kit,11,45.9,2023-09-16
Tanks,22,68.77,2023-09-16
Vape Mod XL,11,64.69,2023-09-16
Vape Juice 30ml,16,60.17,2023-09-16
Vape Juice 60ml,16,36.98,2023-09-16
Vape Juice 60ml,14,27.93,2023-09-16
E-Liquid Premium,17,48.08,2023-09-16
Vape Juice 30ml,18,38.72,2023-09-16
Batteries,5,8.96,2023-09-17
Replacement Coils,5,26.83,2023-09-17
Cotton Wicking,19,22.83,2023-09-17
Batteries,5,28.78,2023-09-17
Batteries,5,30.5,2023-09-17
Battery 18650,9,17.74,2023-09-17
Tank Glass,4,12.3,2023-09-17
Chargers,2,50.47,2023-09-17
Chargers,5,40.25,2023-09-17
Charger,8,21.73,2023-09-17
Tank Glass,3,9.93,2023-09-17
Tank Glass,2,5.0,2023-09-17
Drip Tips,8,34.51,2023-09-17
Chargers,1,61.68,2023-09-17
Nicotine Pods,10,46.89,2023-09-17
Replacement Coils,7,26.15,2023-09-17
Zero Nicotine 30ml,15,22.74,2023-09-17
Nicotine Pods,11,30.76,2023-09-17
Pod Kit,15,69.33,2023-09-17
Vape Mod XL,5,34.39,2023-09-17
Vape Mod XL,6,41.88,2023-09-17
Starter Kit,3,20.6,2023-09-17
Starter Kit,1,26.0,2023-09-17
Starter Kit,1,35.23,2023-09-17
Pod Kit,13,65.27,2023-09-17
Tanks,12,45.42,2023-09-17
Atomizers,15,71.44,2023-09-17
Vape Juice 30ml,27,53.53,2023-09-17
Vape Juice 60ml,11,12.85,2023-09-17
Vape Juice 60ml,15,17.22,2023-09-17
E-Liquid Premium,23,67.13,2023-09-17
Tanks,9,60.02,2023-09-17
Batteries,5,21.98,2023-09-18
Batteries,6,14.43,2023-09-18
Battery 18650,1,26.27,2023-09-18
Battery 18650,5,7.03,2023-09-18
Battery 18650,2,9.37,2023-09-18
Tank Glass,3,29.34,2023-09-18
Charger,6,19.8,2023-09-18
Tank Glass,3,23.09,2023-09-18
Drip Tips,4,19.15,2023-09-18
Drip Tips,1,34.56,2023-09-18
Cotton Wicking,15,37.47,2023-09-18
Chargers,8,40.85,2023-09-18
Nicotine Pods,9,22.87,2023-09-18
E-Liquid Premium,14,58.35,2023-09-18
Zero Nicotine 30ml,13,39.07,2023-09-18
Nicotine Pods,7,38.39,2023-09-18
Pod Kit,20,80.14,2023-09-18
Vape Mod XL,10,68.11,2023-09-18
Starter Kit,5,33.58,2023-09-18
Tanks,16,59.27,2023-09-18
Starter Kit,6,33.26,2023-09-18
Atomizers,5,46.5,2023-09-18
Vape Juice 30ml,16,49.01,2023-09-18
Vape Juice 60ml,14,29.43,2023-09-18
E-Liquid Premium,15,56.96,2023-09-18
Atomizers,2,53.74,2023-09-18
Nicotine Pods,8,35.33,2023-09-19
Zero Nicotine 30ml,5,56.22,2023-09-19
Zero Nicotine 30ml,6,18.29,2023-09-19
Nicotine Pods,6,46.5,2023-09-19
Cotton Wicking,18,21.77,2023-09-19
Zero Nicotine 30ml,4,12.35,2023-09-19
Chargers,7,67.89,2023-09-19
Charger,7,15.94,2023-09-19
Drip Tips,4,36.5,2023-09-19
Drip Tips,3,26.49,2023-09-19
Batteries,11,5.15,2023-09-19
E-Liquid Premium,10,55.98,2023-09-19
Vape Juice 60ml,9,38.3,2023-09-19
Vape Mod XL,3,52.34,2023-09-19
Vape Juice 60ml,8,33.1,2023-09-19
Vape Juice 30ml,20,35.9,2023-09-19
Atomizers,10,49.05,2023-09-19
Tanks,14,50.82,2023-09-19
Starter Kit,4,40.11,2023-09-19
Starter Kit,2,30.16,2023-09-19
Vape Mod XL,4,51.91,2023-09-19
Vape Mod XL,3,69.07,2023-09-19
E-Liquid Premium,10,41.26,2023-09-19
Pod Kit,17,50.88,2023-09-19
Batteries,15,50.29,2023-09-20
Battery 18650,8,11.43,2023-09-20
Chargers,11,21.19,2023-09-20
Cotton Wicking,15,13.33,2023-09-20
Charger,2,22.71,2023-09-20
Tank Glass,10,22.76,2023-09-20
Drip Tips,7,20.01,2023-09-20
Charger,4,16.21,2023-09-20
Nicotine Pods,11,61.77,2023-09-20
Vape Juice 60ml,18,42.93,2023-09-20
Zero Nicotine 30ml,15,31.85,2023-09-20
E-Liquid Premium,22,32.85,2023-09-20
Vape Juice 30ml,16,53.63,2023-09-20
Atomizers,4,64.41,2023-09-20
Atomizers,4,47.62,2023-09-20
Tanks,4,67.39,2023-09-20
Tanks,6,53.82,2023-09-20
Vape Mod XL,8,46.05,2023-09-20
Nicotine Pods,9,54.38,2023-09-20
Cotton Wicking,3,46.47,2023-09-21
Nicotine Pods,6,75.92,2023-09-21
Nicotine Pods,10,91.46,2023-09-21
Replacement Coils,15,24.73,2023-09-21
Cotton Wicking,5,27.53,2023-09-21
Cotton Wicking,3,81.22,2023-09-21
Zero Nicotine 30ml,6,25.81,2023-09-21
Batteries,7,32.31,2023-09-21
Battery 18650,11,20.95,2023-09-21
Chargers,10,7.81,2023-09-21
Charger,4,13.07,2023-09-21
Charger,3,24.98,2023-09-21
Drip Tips,6,26.17,2023-09-21
Zero Nicotine 30ml,6,14.43,2023-09-21
Batteries,5,45.52,2023-09-21
Zero Nicotine 30ml,3,27.16,2023-09-21
E-Liquid Premium,11,21.24,2023-09-21
E-Liquid Premium,11,42.24,2023-09-21
Pod Kit,9,46.52,2023-09-21
Vape Mod XL,5,52.09,2023-09-21
Vape Mod XL,6,74.89,2023-09-21
Starter Kit,9,50.96,2023-09-21
Tanks,6,43.84,2023-09-21
Tanks,4,44.42,2023-09-21
Pod Kit,11,55.57,2023-09-21
Atomizers,5,52.63,2023-09-21
Atomizers,7,73.35,2023-09-21
Vape Juice 30ml,5,49.22,2023-09-21
Vape Juice 30ml,9,54.37,2023-09-21
Vape Juice 30ml,8,55.59,2023-09-21
Vape Juice 60ml,16,39.23,2023-09-21
Tanks,4,66.91,2023-09-21
Batteries,25,41.31,2023-09-22
Battery 18650,10,19.57,2023-09-22
Chargers,3,74.12,2023-09-22
Chargers,3,26.34,2023-09-22
Chargers,5,36.01,2023-09-22
Drip Tips,2,9.94,2023-09-22
Tank Glass,6,13.22,2023-09-22
Drip Tips,1,40.12,2023-09-22
Drip Tips,5,27.33,2023-09-22
Cotton Wicking,26,26.46,2023-09-22
Tank Glass,6,14.07,2023-09-22
Replacement Coils,17,8.82,2023-09-22
Vape Juice 30ml,30,26.89,2023-09-22
Zero Nicotine 30ml,6,14.81,2023-09-22
Zero Nicotine 30ml,9,9.96,2023-09-22
Zero Nicotine 30ml,6,18.62,2023-09-22
E-Liquid Premium,26,41.69,2023-09-22
Vape Juice 60ml,32,23.67,2023-09-22
Atomizers,8,48.95,2023-09-22
Atomizers,5,64.08,2023-09-22
Tanks,19,60.6,2023-09-22
Starter Kit,13,49.57,2023-09-22
Vape Mod XL,11,36.14,2023-09-22
Pod Kit,25,58.52,2023-09-22
Nicotine Pods,30,80.33,2023-09-22
Battery 18650,5,22.32,2023-09-23
Cotton Wicking,26,33.6,2023-09-23
Battery 18650,7,17.96,2023-09-23
Chargers,10,44.53,2023-09-23
Replacement Coils,17,12.47,2023-09-23
Charger,8,29.66,2023-09-23
Tank Glass,9,20.11,2023-09-23
Drip Tips,8,29.43,2023-09-23
Chargers,10,49.67,2023-09-23
Nicotine Pods,7,47.94,2023-09-23
E-Liquid Premium,20,46.3,2023-09-23
Zero Nicotine 30ml,15,34.18,2023-09-23
E-Liquid Premium,20,34.5,2023-09-23
Nicotine Pods,11,54.1,2023-09-23
Vape Juice 60ml,26,20.16,2023-09-23
Atomizers,11,64.24,2023-09-23
Atomizers,12,43.49,2023-09-23
Tanks,24,37.88,2023-09-23
Starter Kit,7,23.83,2023-09-23
Vape Mod XL,10,51.79,2023-09-23
Pod Kit,21,42.67,2023-09-23
Cotton Wicking,28,38.46,2023-09-24
Batteries,6,68.68,2023-09-24
Batteries,6,5.0,2023-09-24
Batteries,5,50.35,2023-09-24
Battery 18650,10,16.01,2023-09-24
Drip Tips,3,41.45,2023-09-24
Charger,9,16.82,2023-09-24
Tank Glass,10,9.34,2023-09-24
Drip Tips,3,28.13,2023-09-24
Replacement Coils,21,41.09,2023-09-24
Drip Tips,1,18.38,2023-09-24
Chargers,12,38.92,2023-09-24
Nicotine Pods,8,23.88,2023-09-24
Nicotine Pods,9,28.44,2023-09-24
Pod Kit,13,50.84,2023-09-24
Nicotine Pods,11,53.46,2023-09-24
Pod Kit,12,73.9,2023-09-24
Vape Mod XL,14,57.01,2023-09-24
Starter Kit,11,18.33,2023-09-24
Atomizers,12,61.43,2023-09-24
Tanks,24,43.01,2023-09-24
Vape Juice 30ml,13,43.18,2023-09-24
Vape Juice 60ml,16,32.72,2023-09-24
Vape Juice 60ml,15,37.14,2023-09-24
E-Liquid Premium,38,61.72,2023-09-24
Zero Nicotine 30ml,20,5.82,2023-09-24
Vape Juice 30ml,13,47.43,2023-09-24
Cotton Wicking,11,42.12,2023-09-25
Nicotine Pods,19,40.99,2023-09-25
Drip Tips,2,30.3,2023-09-25
Cotton Wicking,10,27.59,2023-09-25
Batteries,19,37.05,2023-09-25
Zero Nicotine 30ml,10,25.34,2023-09-25
Chargers,17,39.32,2023-09-25
Charger,6,18.81,2023-09-25
Tank Glass,13,11.65,2023-09-25
Drip Tips,6,27.26,2023-09-25
Battery 18650,13,17.28,2023-09-25
Zero Nicotine 30ml,8,33.44,2023-09-25
Atomizers,11,71.72,2023-09-25
Vape Juice 60ml,23,21.89,2023-09-25
Vape Juice 30ml,23,38.81,2023-09-25
Tanks,18,61.04,2023-09-25
Starter Kit,11,41.77,2023-09-25
Vape Mod XL,2,42.51,2023-09-25
Vape Mod XL,3,45.61,2023-09-25
Vape Mod XL,1,60.71,2023-09-25
Pod Kit,8,44.93,2023-09-25
Pod Kit,4,68.06,2023-09-25
Pod Kit,6,52.69,2023-09-25
E-Liquid Premium,31,32.64,2023-09-25
Batteries,8,57.77,2023-09-26
Batteries,9,74.46,2023-09-26
Battery 18650,4,17.3,2023-09-26
Battery 18650,5,5.0,2023-09-26
Tank Glass,11,22.41,2023-09-26
Chargers,4,42.49,2023-09-26
Charger,3,23.89,2023-09-26
Charger,1,14.61,2023-09-26
Cotton Wicking,14,5.1,2023-09-26
Drip Tips,7,18.79,2023-09-26
Chargers,7,43.48,2023-09-26
Replacement Coils,11,19.22,2023-09-26
Zero Nicotine 30ml,6,27.44,2023-09-26
Nicotine Pods,8,30.58,2023-09-26
Pod Kit,26,45.56,2023-09-26
Starter Kit,1,26.07,2023-09-26
Nicotine Pods,8,40.5,2023-09-26
Starter Kit,1,41.28,2023-09-26
Vape Juice 30ml,9,43.65,2023-09-26
Starter Kit,2,25.16,2023-09-26
Vape Juice 60ml,29,24.67,2023-09-26
E-Liquid Premium,14,25.33,2023-09-26
E-Liquid Premium,17,45.21,2023-09-26
Zero Nicotine 30ml,5,39.07,2023-09-26
Vape Juice 30ml,9,31.63,2023-09-26
Batteries,8,44.13,2023-09-27
Replacement Coils,6,11.02,2023-09-27
Cotton Wicking,10,41.32,2023-09-27
Cotton Wicking,13,33.92,2023-09-27
Batteries,7,56.62,2023-09-27
Battery 18650,4,19.61,2023-09-27
Replacement Coils,5,33.08,2023-09-27
Chargers,7,78.05,2023-09-27
Chargers,8,41.35,2023-09-27
Charger,4,23.01,2023-09-27
Tank Glass,4,5.0,2023-09-27
Tank Glass,6,5.0,2023-09-27
Drip Tips,6,28.47,2023-09-27
Battery 18650,3,21.23,2023-09-27
Nicotine Pods,5,42.36,2023-09-27
Charger,6,22.46,2023-09-27
Zero Nicotine 30ml,2,37.25,2023-09-27
Pod Kit,13,54.75,2023-09-27
Pod Kit,11,71.66,2023-09-27
Nicotine Pods,7,85.6,2023-09-27
Starter Kit,8,33.31,2023-09-27
Tanks,19,69.54,2023-09-27
Atomizers,8,70.62,2023-09-27
Vape Mod XL,11,46.15,2023-09-27
Vape Juice 30ml,39,50.32,2023-09-27
Vape Juice 60ml,10,42.79,2023-09-27
Vape Juice 60ml,12,27.74,2023-09-27
E-Liquid Premium,22,14.42,2023-09-27
Zero Nicotine 30ml,4,17.02,2023-09-27
Zero Nicotine 30ml,3,43.63,2023-09-27
Atomizers,9,61.13,2023-09-27
Replacement Coils,18,18.42,2023-09-28
Cotton Wicking,24,35.78,2023-09-28
Batteries,21,29.13,2023-09-28
Battery 18650,5,17.89,2023-09-28
Tank Glass,15,21.9,2023-09-28
Chargers,17,15.26,2023-09-28
Charger,9,25.8,2023-09-28
Drip Tips,8,27.24,2023-09-28
Nicotine Pods,30,34.63,2023-09-28
Battery 18650,6,16.96,2023-09-28
Zero Nicotine 30ml,9,41.35,2023-09-28
E-Liquid Premium,29,51.98,2023-09-28
Vape Mod XL,16,52.61,2023-09-28
Vape Juice 60ml,21,46.12,2023-09-28
Vape Juice 30ml,38,45.91,2023-09-28
Atomizers,19,41.7,2023-09-28
Tanks,24,72.76,2023-09-28
Starter Kit,3,46.38,2023-09-28
Starter Kit,3,45.77,2023-09-28
Starter Kit,1,36.65,2023-09-28
Pod Kit,15,48.33,2023-09-28
Pod Kit,12,68.03,2023-09-28
Zero Nicotine 30ml,10,10.77,2023-09-28
Cotton Wicking,11,38.75,2023-09-29
Cotton Wicking,11,28.65,2023-09-29
Nicotine Pods,30,50.0,2023-09-29
Cotton Wicking,10,36.4,2023-09-29
Replacement Coils,21,32.1,2023-09-29
Batteries,15,51.08,2023-09-29
Drip Tips,13,39.34,2023-09-29
Chargers,8,16.34,2023-09-29
Chargers,8,30.09,2023-09-29
Charger,14,28.38,2023-09-29
Tank Glass,13,24.02,2023-09-29
Batteries,16,28.33,2023-09-29
Zero Nicotine 30ml,22,42.24,2023-09-29
E-Liquid Premium,13,46.74,2023-09-29
Pod Kit,37,71.68,2023-09-29
Vape Mod XL,8,89.16,2023-09-29
Vape Mod XL,8,53.23,2023-09-29
Starter Kit,2,23.05,2023-09-29
Starter Kit,2,48.36,2023-09-29
Starter Kit,4,33.19,2023-09-29
E-Liquid Premium,14,58.92,2023-09-29
Atomizers,11,56.83,2023-09-29
Atomizers,8,40.01,2023-09-29
Vape Juice 30ml,16,41.67,2023-09-29
Vape Juice 30ml,18,34.49,2023-09-29
Tanks,20,53.08,2023-09-29
Nicotine Pods,10,49.62,2023-09-30
Nicotine Pods,13,21.49,2023-09-30
Replacement Coils,20,35.01,2023-09-30
Cotton Wicking,13,39.54,2023-09-30
Cotton Wicking,14,21.73,2023-09-30
Charger,2,20.45,2023-09-30
Charger,4,17.21,2023-09-30
Charger,2,21.5,2023-09-30
Tank Glass,15,28.45,2023-09-30
Zero Nicotine 30ml,23,41.32,2023-09-30
Battery 18650,16,17.93,2023-09-30
E-Liquid Premium,20,52.05,2023-09-30
Atomizers,7,87.18,2023-09-30
Vape Juice 60ml,29,45.04,2023-09-30
Vape Juice 30ml,52,53.42,2023-09-30
Atomizers,6,49.67,2023-09-30
Tanks,6,66.97,2023-09-30
Tanks,8,56.69,2023-09-30
Tanks,5,41.54,2023-09-30
Starter Kit,8,16.42,2023-09-30
Starter Kit,6,30.3,2023-09-30
Pod Kit,13,48.8,2023-09-30
Pod Kit,14,54.45,2023-09-30
E-Liquid Premium,19,65.5,2023-09-30
Chargers,8,48.6,2023-10-01
Batteries,20,14.63,2023-10-01
Battery 18650,5,18.46,2023-10-01
Battery 18650,4,17.28,2023-10-01
Chargers,10,36.3,2023-10-01
Cotton Wicking,9,26.5,2023-10-01
Charger,4,22.4,2023-10-01
Charger,4,26.6,2023-10-01
Tank Glass,14,12.57,2023-10-01
Drip Tips,11,27.26,2023-10-01
Charger,2,19.3,2023-10-01
Replacement Coils,20,13.26,2023-10-01
Cotton Wicking,11,43.49,2023-10-01
Nicotine Pods,30,64.35,2023-10-01
Vape Mod XL,7,34.23,2023-10-01
Vape Mod XL,6,39.16,2023-10-01
Vape Mod XL,6,31.34,2023-10-01
Starter Kit,12,43.58,2023-10-01
Tanks,26,47.83,2023-10-01
Pod Kit,27,65.38,2023-10-01
Vape Juice 30ml,44,37.4,2023-10-01
Vape Juice 60ml,25,31.57,2023-10-01
E-Liquid Premium,25,35.18,2023-10-01
E-Liquid Premium,22,54.83,2023-10-01
Atomizers,21,58.99,2023-10-01
Replacement Coils,13,18.85,2023-10-02
Cotton Wicking,17,23.46,2023-10-02
Batteries,6,39.61,2023-10-02
Batteries,7,33.42,2023-10-02
Batteries,3,46.13,2023-10-02
Charger,3,22.27,2023-10-02
Tank Glass,6,22.27,2023-10-02
Tank Glass,3,19.82,2023-10-02
Drip Tips,10,27.94,2023-10-02
Nicotine Pods,23,24.72,2023-10-02
Charger,5,31.84,2023-10-02
Zero Nicotine 30ml,5,22.37,2023-10-02
Zero Nicotine 30ml,5,41.94,2023-10-02
Starter Kit,3,39.08,2023-10-02
E-Liquid Premium,18,72.29,2023-10-02
Vape Juice 60ml,26,24.32,2023-10-02
Vape Juice 30ml,33,44.85,2023-10-02
Atomizers,4,65.23,2023-10-02
Atomizers,5,78.67,2023-10-02
Tanks,6,49.82,2023-10-02
Tanks,6,57.55,2023-10-02
Starter Kit,3,28.56,2023-10-02
Vape Mod XL,11,41.59,2023-10-02
Pod Kit,10,69.6,2023-10-02
Pod Kit,11,46.02,2023-10-02
E-Liquid Premium,16,56.47,2023-10-02
Cotton Wicking,12,71.59,2023-10-03
Replacement Coils,11,14.29,2023-10-03
Zero Nicotine 30ml,6,25.57,2023-10-03
Cotton Wicking,9,38.71,2023-10-03
Nicotine Pods,18,22.07,2023-10-03
Batteries,15,13.42,2023-10-03
Drip Tips,8,22.31,2023-10-03
Chargers,9,28.43,2023-10-03
Chargers,6,28.62,2023-10-03
Charger,1,22.93,2023-10-03
Charger,2,16.8,2023-10-03
Tank Glass,13,7.57,2023-10-03
Battery 18650,12,26.73,2023-10-03
Zero Nicotine 30ml,8,43.48,2023-10-03
E-Liquid Premium,12,46.79,2023-10-03
E-Liquid Premium,9,40.04,2023-10-03
Zero Nicotine 30ml,7,24.49,2023-10-03
Pod Kit,27,56.76,2023-10-03
Vape Mod XL,12,60.9,2023-10-03
Starter Kit,10,27.63,2023-10-03
Tanks,9,56.23,2023-10-03
Tanks,5,49.51,2023-10-03
Atomizers,18,55.45,2023-10-03
Vape Juice 30ml,37,36.77,2023-10-03
Vape Juice 60ml,18,36.07,2023-10-03
E-Liquid Premium,11,64.22,2023-10-03
Tanks,5,69.43,2023-10-03
Batteries,10,20.44,2023-10-04
Cotton Wicking,11,55.12,2023-10-04
Cotton Wicking,11,25.93,2023-10-04
Batteries,9,39.51,2023-10-04
Battery 18650,13,16.91,2023-10-04
Tank Glass,11,6.98,2023-10-04
Chargers,8,38.47,2023-10-04
Charger,3,24.27,2023-10-04
Charger,4,9.85,2023-10-04
Replacement Coils,5,23.11,2023-10-04
Drip Tips,9,24.5,2023-10-04
Chargers,9,50.67,2023-10-04
Replacement Coils,5,20.14,2023-10-04
Vape Juice 30ml,18,62.43,2023-10-04
E-Liquid Premium,34,46.72,2023-10-04
Pod Kit,6,49.7,2023-10-04
Pod Kit,10,49.39,2023-10-04
Vape Mod XL,4,63.47,2023-10-04
Zero Nicotine 30ml,14,39.46,2023-10-04
Vape Mod XL,2,63.35,2023-10-04
Vape Mod XL,5,78.25,2023-10-04
Tanks,19,65.27,2023-10-04
Atomizers,10,56.58,2023-10-04
Vape Juice 30ml,20,44.83,2023-10-04
Vape Juice 60ml,8,21.51,2023-10-04
Vape Juice 60ml,7,44.47,2023-10-04
Starter Kit,9,26.03,2023-10-04
Cotton Wicking,7,39.54,2023-10-05
Nicotine Pods,31,27.31,2023-10-05
Replacement Coils,11,10.84,2023-10-05
Cotton Wicking,9,40.18,2023-10-05
Zero Nicotine 30ml,22,43.72,2023-10-05
Battery 18650,10,33.0,2023-10-05
Charger,9,30.61,2023-10-05
Drip Tips,9,28.82,2023-10-05
Tank Glass,8,24.76,2023-10-05
Batteries,15,41.58,2023-10-05
E-Liquid Premium,8,41.97,2023-10-05
Tank Glass,9,10.28,2023-10-05
E-Liquid Premium,7,40.19,2023-10-05
Pod Kit,24,72.74,2023-10-05
Vape Mod XL,10,41.53,2023-10-05
Starter Kit,12,27.31,2023-10-05
Tanks,22,61.18,2023-10-05
E-Liquid Premium,10,55.08,2023-10-05
Atomizers,5,38.51,2023-10-05
Vape Juice 30ml,26,35.61,2023-10-05
Vape Juice 60ml,9,25.01,2023-10-05
Vape Juice 60ml,12,28.22,2023-10-05
Atomizers,9,54.05,2023-10-05
Replacement Coils,11,25.2,2023-10-06
Drip Tips,11,33.01,2023-10-06
Tank Glass,10,22.65,2023-10-06
Charger,7,29.9,2023-10-06
Chargers,19,23.45,2023-10-06
Battery 18650,9,12.96,2023-10-06
Battery 18650,9,16.23,2023-10-06
Batteries,20,25.31,2023-10-06
Cotton Wicking,26,60.9,2023-10-06
Nicotine Pods,11,14.72,2023-10-06
Replacement Coils,12,8.07,2023-10-06
Zero Nicotine 30ml,14,35.14,2023-10-06
E-Liquid Premium,24,43.03,2023-10-06
Vape Juice 60ml,36,33.2,2023-10-06
Vape Juice 30ml,32,49.82,2023-10-06
Atomizers,12,45.12,2023-10-06
Tanks,20,75.46,2023-10-06
Starter Kit,11,44.57,2023-10-06
Vape Mod XL,12,59.54,2023-10-06
Pod Kit,23,39.75,2023-10-06
Nicotine Pods,9,53.11,2023-10-06
Nicotine Pods,11,58.78,2023-10-07
Replacement Coils,6,22.82,2023-10-07
Replacement Coils,6,19.07,2023-10-07
Cotton Wicking,6,47.85,2023-10-07
Cotton Wicking,7,5.94,2023-10-07
Cotton Wicking,4,25.97,2023-10-07
Tank Glass,9,23.86,2023-10-07
Battery 18650,6,20.19,2023-10-07
Battery 18650,5,23.92,2023-10-07
Chargers,11,20.34,2023-10-07
Charger,7,13.25,2023-10-07
Drip Tips,2,38.21,2023-10-07
Batteries,17,46.05,2023-10-07
Nicotine Pods,10,70.8,2023-10-07
Drip Tips,5,24.49,2023-10-07
Zero Nicotine 30ml,11,36.15,2023-10-07
Pod Kit,19,54.49,2023-10-07
Vape Mod XL,3,33.11,2023-10-07
Vape Mod XL,5,99.14,2023-10-07
Vape Mod XL,3,37.95,2023-10-07
Tanks,18,49.06,2023-10-07
Atomizers,6,69.95,2023-10-07
Starter Kit,13,24.95,2023-10-07
Vape Juice 30ml,19,35.8,2023-10-07
Vape Juice 30ml,16,54.1,2023-10-07
Vape Juice 60ml,32,37.86,2023-10-07
E-Liquid Premium,14,46.24,2023-10-07
E-Liquid Premium,17,55.75,2023-10-07
Atomizers,6,32.17,2023-10-07
Zero Nicotine 30ml,12,42.54,2023-10-07
Replacement Coils,11,22.17,2023-10-08
Zero Nicotine 30ml,6,16.85,2023-10-08
Nicotine Pods,9,39.56,2023-10-08
Nicotine Pods,9,23.45,2023-10-08
Replacement Coils,11,24.95,2023-10-08
Drip Tips,4,8.88,2023-10-08
Battery 18650,12,25.27,2023-10-08
Charger,12,9.4,2023-10-08
Drip Tips,2,26.08,2023-10-08
Drip Tips,1,42.19,2023-10-08
Zero Nicotine 30ml,6,40.94,2023-10-08
Cotton Wicking,22,7.91,2023-10-08
Zero Nicotine 30ml,8,18.81,2023-10-08
Batteries,15,23.03,2023-10-08
Vape Juice 60ml,31,35.62,2023-10-08
Pod Kit,9,66.03,2023-10-08
Pod Kit,9,47.35,2023-10-08
Vape Mod XL,10,59.45,2023-10-08
Starter Kit,5,41.31,2023-10-08
Starter Kit,4,33.63,2023-10-08
Pod Kit,6,75.61,2023-10-08
Tanks,13,65.08,2023-10-08
Atomizers,19,61.13,2023-10-08
Vape Juice 30ml,15,26.3,2023-10-08
Vape Juice 30ml,15,66.86,2023-10-08
Tanks,15,52.42,2023-10-08
E-Liquid Premium,25,54.64,2023-10-08
Zero Nicotine 30ml,11,33.52,2023-10-09
Drip Tips,6,20.21,2023-10-09
Drip Tips,4,24.71,2023-10-09
Tank Glass,9,10.15,2023-10-09
Charger,6,21.43,2023-10-09
Chargers,9,23.73,2023-10-09
Battery 18650,9,21.43,2023-10-09
Batteries,15,49.87,2023-10-09
Cotton Wicking,20,34.39,2023-10-09
Replacement Coils,9,24.6,2023-10-09
E-Liquid Premium,15,38.36,2023-10-09
Vape Juice 60ml,19,22.96,2023-10-09
Atomizers,4,45.22,2023-10-09
Atomizers,4,61.62,2023-10-09
Tanks,18,49.61,2023-10-09
Starter Kit,3,35.73,2023-10-09
Starter Kit,4,50.11,2023-10-09
Vape Mod XL,6,43.79,2023-10-09
Pod Kit,10,53.7,2023-10-09
Pod Kit,7,37.74,2023-10-09
E-Liquid Premium,14,57.09,2023-10-09
Replacement Coils,2,19.65,2023-10-10
Replacement Coils,4,26.0,2023-10-10
Battery 18650,8,26.94,2023-10-10
Chargers,8,78.18,2023-10-10
Tank Glass,6,5.76,2023-10-10
Charger,5,15.77,2023-10-10
Tank Glass,6,7.48,2023-10-10
Drip Tips,7,22.38,2023-10-10
Nicotine Pods,11,65.03,2023-10-10
Chargers,7,35.04,2023-10-10
Zero Nicotine 30ml,13,6.34,2023-10-10
Vape Mod XL,10,47.05,2023-10-10
Vape Juice 60ml,14,54.45,2023-10-10
Pod Kit,15,55.58,2023-10-10
Starter Kit,1,57.76,2023-10-10
Starter Kit,3,29.02,2023-10-10
Starter Kit,1,46.15,2023-10-10
E-Liquid Premium,25,34.17,2023-10-10
Tanks,5,54.38,2023-10-10
Atomizers,12,69.13,2023-10-10
Vape Juice 30ml,29,39.8,2023-10-10
Tanks,5,57.96,2023-10-10
Drip Tips,7,23.08,2023-10-11
Tank Glass,8,5.0,2023-10-11
Charger,4,23.42,2023-10-11
Chargers,9,45.84,2023-10-11
Battery 18650,10,20.48,2023-10-11
Batteries,9,14.12,2023-10-11
Cotton Wicking,11,39.71,2023-10-11
Replacement Coils,2,14.54,2023-10-11
Replacement Coils,3,9.66,2023-10-11
Nicotine Pods,6,48.27,2023-10-11
Nicotine Pods,6,21.75,2023-10-11
E-Liquid Premium,4,54.41,2023-10-11
Nicotine Pods,5,49.26,2023-10-11
E-Liquid Premium,8,61.58,2023-10-11
E-Liquid Premium,5,46.53,2023-10-11
Pod Kit,22,51.39,2023-10-11
Vape Mod XL,5,46.98,2023-10-11
Vape Mod XL,2,56.59,2023-10-11
Starter Kit,3,24.16,2023-10-11
Starter Kit,4,28.53,2023-10-11
Zero Nicotine 30ml,15,33.62,2023-10-11
Tanks,15,63.09,2023-10-11
Atomizers,9,51.33,2023-10-11
Vape Juice 30ml,18,53.3,2023-10-11
Vape Juice 60ml,8,44.91,2023-10-11
Vape Juice 60ml,6,33.68,2023-10-11
Starter Kit,4,40.56,2023-10-11
Nicotine Pods,9,66.71,2023-10-12
Nicotine Pods,12,27.56,2023-10-12
Replacement Coils,9,20.6,2023-10-12
Replacement Coils,9,10.36,2023-10-12
Cotton Wicking,20,35.69,2023-10-12
Battery 18650,5,20.54,2023-10-12
Battery 18650,7,26.8,2023-10-12
Chargers,9,46.81,2023-10-12
Tank Glass,2,12.11,2023-10-12
Tank Glass,6,8.95,2023-10-12
Zero Nicotine 30ml,7,18.95,2023-10-12
Batteries,18,5.0,2023-10-12
Drip Tips,5,28.17,2023-10-12
Zero Nicotine 30ml,6,40.66,2023-10-12
E-Liquid Premium,8,31.47,2023-10-12
E-Liquid Premium,9,48.13,2023-10-12
Pod Kit,7,68.52,2023-10-12
Pod Kit,8,51.52,2023-10-12
Vape Mod XL,10,52.68,2023-10-12
Starter Kit,3,31.13,2023-10-12
Starter Kit,4,43.37,2023-10-12
Tanks,7,57.97,2023-10-12
Atomizers,11,55.86,2023-10-12
Vape Juice 60ml,10,36.36,2023-10-12
Vape Juice 60ml,10,45.93,2023-10-12
E-Liquid Premium,8,41.82,2023-10-12
Tanks,5,62.19,2023-10-12
Batteries,15,34.17,2023-10-13
Replacement Coils,16,38.45,2023-10-13
Cotton Wicking,9,31.16,2023-10-13
Cotton Wicking,12,49.41,2023-10-13
Battery 18650,12,15.68,2023-10-13
Drip Tips,1,42.88,2023-10-13
Charger,7,19.53,2023-10-13
Tank Glass,5,7.83,2023-10-13
Tank Glass,7,9.65,2023-10-13
Drip Tips,1,16.82,2023-10-13
Drip Tips,3,30.82,2023-10-13
Chargers,18,38.78,2023-10-13
Zero Nicotine 30ml,6,8.78,2023-10-13
E-Liquid Premium,17,39.97,2023-10-13
E-Liquid Premium,20,45.42,2023-10-13
Zero Nicotine 30ml,7,26.83,2023-10-13
Vape Mod XL,11,67.38,2023-10-13
Starter Kit,5,18.36,2023-10-13
Starter Kit,3,29.47,2023-10-13
Tanks,6,59.13,2023-10-13
Pod Kit,19,60.97,2023-10-13
Tanks,4,70.37,2023-10-13
Atomizers,12,41.94,2023-10-13
Vape Juice 30ml,19,26.93,2023-10-13
Vape Juice 30ml,17,47.87,2023-10-13
Vape Juice 60ml,18,17.32,2023-10-13
Tanks,3,70.81,2023-10-13
E-Liquid Premium,13,28.77,2023-10-14
Tank Glass,7,15.28,2023-10-14
Charger,3,16.49,2023-10-14
Charger,4,17.08,2023-10-14
Battery 18650,14,18.99,2023-10-14
Batteries,18,43.49,2023-10-14
Cotton Wicking,16,5.0,2023-10-14
Tank Glass,6,9.1,2023-10-14
Zero Nicotine 30ml,8,36.61,2023-10-14
E-Liquid Premium,11,28.29,2023-10-14
Zero Nicotine 30ml,10,37.01,2023-10-14
Vape Juice 60ml,7,26.26,2023-10-14
Vape Juice 60ml,9,17.3,2023-10-14
Vape Juice 60ml,11,44.75,2023-10-14
Vape Juice 30ml,35,44.12,2023-10-14
Atomizers,17,63.03,2023-10-14
Tanks,17,56.92,2023-10-14
Starter Kit,11,34.79,2023-10-14
Vape Mod XL,4,54.7,2023-10-14
Vape Mod XL,4,37.18,2023-10-14
Pod Kit,27,63.22,2023-10-14
E-Liquid Premium,12,41.21,2023-10-14
Batteries,22,59.99,2023-10-15
Battery 18650,4,19.86,2023-10-15
Battery 18650,6,21.65,2023-10-15
Chargers,18,39.72,2023-10-15
Charger,4,21.93,2023-10-15
Drip Tips,6,33.59,2023-10-15
Tank Glass,2,35.7,2023-10-15
Tank Glass,3,13.67,2023-10-15
Tank Glass,4,9.44,2023-10-15
Cotton Wicking,5,48.44,2023-10-15
Charger,3,10.25,2023-10-15
Replacement Coils,9,27.89,2023-10-15
Cotton Wicking,5,49.65,2023-10-15
Nicotine Pods,18,28.94,2023-10-15
Replacement Coils,9,12.18,2023-10-15
Pod Kit,8,53.88,2023-10-15
Pod Kit,5,57.73,2023-10-15
Pod Kit,6,58.45,2023-10-15
Starter Kit,4,22.16,2023-10-15
Tanks,9,40.05,2023-10-15
Starter Kit,8,36.68,2023-10-15
Vape Juice 30ml,23,48.88,2023-10-15
Vape Juice 60ml,24,29.15,2023-10-15
E-Liquid Premium,31,53.02,2023-10-15
Zero Nicotine 30ml,13,37.02,2023-10-15
Tanks,9,67.14,2023-10-15
Battery 18650,5,16.72,2023-10-16
Replacement Coils,11,14.08,2023-10-16
Cotton Wicking,6,20.92,2023-10-16
Cotton Wicking,4,19.28,2023-10-16
Cotton Wicking,5,21.96,2023-10-16
Batteries,10,20.47,2023-10-16
Battery 18650,4,19.52,2023-10-16
Drip Tips,5,24.15,2023-10-16
Chargers,9,20.08,2023-10-16
Charger,1,19.94,2023-10-16
Charger,3,24.99,2023-10-16
Tank Glass,7,20.1,2023-10-16
Drip Tips,2,22.71,2023-10-16
Nicotine Pods,6,81.34,2023-10-16
Battery 18650,3,19.86,2023-10-16
Nicotine Pods,3,43.97,2023-10-16
E-Liquid Premium,26,34.4,2023-10-16
Zero Nicotine 30ml,15,30.15,2023-10-16
Nicotine Pods,2,13.63,2023-10-16
Pod Kit,16,51.18,2023-10-16
Starter Kit,2,37.32,2023-10-16
Starter Kit,4,30.95,2023-10-16
Tanks,4,53.88,2023-10-16
Tanks,5,81.52,2023-10-16
Atomizers,10,10.29,2023-10-16
Vape Mod XL,6,53.04,2023-10-16
Vape Juice 30ml,8,42.55,2023-10-16
Vape Juice 30ml,6,39.66,2023-10-16
Vape Juice 60ml,9,50.76,2023-10-16
Vape Juice 60ml,9,34.83,2023-10-16
Vape Juice 60ml,8,18.69,2023-10-16
Vape Juice 30ml,8,35.87,2023-10-16
Cotton Wicking,11,5.0,2023-10-17
Drip Tips,5,12.17,2023-10-17
Batteries,3,36.57,2023-10-17
Batteries,3,43.47,2023-10-17
Batteries,6,46.74,2023-10-17
Chargers,5,48.53,2023-10-17
Battery 18650,5,23.36,2023-10-17
Chargers,4,25.25,2023-10-17
Charger,7,15.68,2023-10-17
Replacement Coils,8,15.85,2023-10-17
Battery 18650,4,17.8,2023-10-17
Nicotine Pods,12,20.95,2023-10-17
Vape Juice 30ml,20,44.52,2023-10-17
Zero Nicotine 30ml,4,40.69,2023-10-17
Pod Kit,8,64.15,2023-10-17
Zero Nicotine 30ml,8,46.1,2023-10-17
Vape Mod XL,8,54.19,2023-10-17
Tanks,6,40.91,2023-10-17
Tanks,4,49.37,2023-10-17
Pod Kit,12,52.25,2023-10-17
Atomizers,6,69.9,2023-10-17
Atomizers,5,51.41,2023-10-17
Vape Juice 60ml,19,38.28,2023-10-17
E-Liquid Premium,26,70.78,2023-10-17
Tanks,6,32.39,2023-10-17
Nicotine Pods,12,11.08,2023-10-18
Charger,7,17.67,2023-10-18
Battery 18650,6,18.34,2023-10-18
Batteries,10,46.33,2023-10-18
Replacement Coils,6,16.87,2023-10-18
Replacement Coils,7,28.3,2023-10-18
Zero Nicotine 30ml,14,48.25,2023-10-18
Tank Glass,8,20.23,2023-10-18
E-Liquid Premium,13,39.96,2023-10-18
Vape Juice 30ml,22,46.71,2023-10-18
Atomizers,12,89.76,2023-10-18
Tanks,13,61.71,2023-10-18
Starter Kit,9,43.64,2023-10-18
Pod Kit,13,69.96,2023-10-18
E-Liquid Premium,15,48.77,2023-10-18
Nicotine Pods,7,39.4,2023-10-19
Replacement Coils,13,25.49,2023-10-19
Cotton Wicking,19,23.93,2023-10-19
Batteries,18,51.33,2023-10-19
Charger,7,17.74,2023-10-19
Chargers,6,36.05,2023-10-19
Zero Nicotine 30ml,17,22.28,2023-10-19
Tank Glass,7,15.8,2023-10-19
Chargers,4,61.27,2023-10-19
E-Liquid Premium,23,42.88,2023-10-19
Nicotine Pods,9,62.85,2023-10-19
Vape Juice 30ml,10,36.18,2023-10-19
Vape Juice 30ml,11,52.94,2023-10-19
Atomizers,14,58.15,2023-10-19
Tanks,16,56.76,2023-10-19
Starter Kit,4,33.0,2023-10-19
Starter Kit,1,37.37,2023-10-19
Vape Mod XL,12,80.38,2023-10-19
Pod Kit,10,65.67,2023-10-19
Pod Kit,10,74.48,2023-10-19
Vape Juice 60ml,23,39.71,2023-10-19
Zero Nicotine 30ml,18,21.64,2023-10-20
Nicotine Pods,17,65.7,2023-10-20
Replacement Coils,11,24.92,2023-10-20
Cotton Wicking,6,27.04,2023-10-20
Cotton Wicking,6,56.22,2023-10-20
Tank Glass,14,5.0,2023-10-20
Battery 18650,9,15.24,2023-10-20
Chargers,13,48.79,2023-10-20
Charger,7,21.58,2023-10-20
Drip Tips,7,35.38,2023-10-20
E-Liquid Premium,16,39.6,2023-10-20
Cotton Wicking,7,31.95,2023-10-20
E-Liquid Premium,19,48.7,2023-10-20
Tanks,20,52.55,2023-10-20
Vape Juice 60ml,10,34.04,2023-10-20
Vape Juice 60ml,10,23.73,2023-10-20
Pod Kit,9,56.23,2023-10-20
Vape Mod XL,4,44.21,2023-10-20
Vape Mod XL,4,56.93,2023-10-20
Atomizers,9,52.23,2023-10-20
Pod Kit,13,55.37,2023-10-20
Vape Juice 30ml,12,47.88,2023-10-20
Vape Juice 30ml,14,44.1,2023-10-20
Vape Juice 30ml,13,60.36,2023-10-20
Vape Juice 60ml,9,15.4,2023-10-20
Atomizers,9,70.29,2023-10-20
Batteries,5,25.43,2023-10-21
Batteries,5,28.66,2023-10-21
Battery 18650,6,12.65,2023-10-21
Battery 18650,7,26.0,2023-10-21
Charger,5,24.8,2023-10-21
Drip Tips,5,18.86,2023-10-21
Charger,3,27.09,2023-10-21
Tank Glass,8,9.82,2023-10-21
Tank Glass,7,17.36,2023-10-21
Drip Tips,5,53.15,2023-10-21
Charger,2,24.18,2023-10-21
Batteries,8,54.12,2023-10-21
Tanks,9,81.41,2023-10-21
Replacement Coils,18,32.36,2023-10-21
Nicotine Pods,13,17.61,2023-10-21
Nicotine Pods,11,41.85,2023-10-21
Zero Nicotine 30ml,26,24.49,2023-10-21
E-Liquid Premium,36,39.97,2023-10-21
Vape Juice 30ml,26,42.12,2023-10-21
Tanks,8,51.53,2023-10-21
Starter Kit,8,40.58,2023-10-21
Vape Mod XL,13,43.04,2023-10-21
Pod Kit,30,73.2,2023-10-21
Cotton Wicking,17,66.26,2023-10-21
Cotton Wicking,18,29.58,2023-10-22
Batteries,20,60.09,2023-10-22
Battery 18650,3,21.15,2023-10-22
Battery 18650,3,18.75,2023-10-22
Tank Glass,6,23.05,2023-10-22
Chargers,14,25.05,2023-10-22
Charger,12,20.78,2023-10-22
Tank Glass,9,23.35,2023-10-22
Replacement Coils,7,18.4,2023-10-22
Battery 18650,5,16.34,2023-10-22
Nicotine Pods,30,60.0,2023-10-22
Replacement Coils,6,25.7,2023-10-22
Vape Juice 60ml,9,22.76,2023-10-22
E-Liquid Premium,37,65.16,2023-10-22
Pod Kit,13,63.17,2023-10-22
Vape Mod XL,16,83.53,2023-10-22
Starter Kit,10,31.87,2023-10-22
Pod Kit,9,55.18,2023-10-22
Atomizers,12,58.62,2023-10-22
Vape Juice 30ml,23,25.67,2023-10-22
Vape Juice 30ml,21,42.82,2023-10-22
Vape Juice 60ml,8,34.3,2023-10-22
Tanks,22,69.0,2023-10-22
Battery 18650,2,16.26,2023-10-23
Batteries,5,33.82,2023-10-23
Batteries,4,6.62,2023-10-23
Batteries,2,19.43,2023-10-23
Battery 18650,2,20.84,2023-10-23
Battery 18650,3,20.74,2023-10-23
Tank Glass,3,5.0,2023-10-23
Charger,3,25.98,2023-10-23
Charger,1,26.27,2023-10-23
Charger,1,24.48,2023-10-23
Tank Glass,4,19.07,2023-10-23
Drip Tips,6,38.46,2023-10-23
Cotton Wicking,18,52.51,2023-10-23
Chargers,11,41.75,2023-10-23
Replacement Coils,5,26.61,2023-10-23
Atomizers,6,92.55,2023-10-23
Nicotine Pods,6,97.42,2023-10-23
Pod Kit,8,53.23,2023-10-23
Pod Kit,8,48.27,2023-10-23
Vape Mod XL,11,43.85,2023-10-23
Starter Kit,6,32.09,2023-10-23
Tanks,2,50.93,2023-10-23
Tanks,1,66.41,2023-10-23
Tanks,3,50.65,2023-10-23
Replacement Coils,6,22.77,2023-10-23
Atomizers,3,37.15,2023-10-23
Vape Juice 30ml,21,47.32,2023-10-23
Vape Juice 60ml,20,43.88,2023-10-23
E-Liquid Premium,19,44.73,2023-10-23
Zero Nicotine 30ml,15,49.63,2023-10-23
Nicotine Pods,7,70.18,2023-10-23
Cotton Wicking,9,27.84,2023-10-24
Cotton Wicking,6,39.42,2023-10-24
Batteries,13,33.91,2023-10-24
Battery 18650,6,22.46,2023-10-24
Chargers,6,31.73,2023-10-24
Tank Glass,5,18.23,2023-10-24
Chargers,5,41.27,2023-10-24
Nicotine Pods,9,43.27,2023-10-24
Tank Glass,3,20.44,2023-10-24
Drip Tips,5,22.78,2023-10-24
Chargers,2,22.9,2023-10-24
Nicotine Pods,7,71.14,2023-10-24
Replacement Coils,13,14.58,2023-10-24
E-Liquid Premium,10,34.9,2023-10-24
Zero Nicotine 30ml,17,10.59,2023-10-24
Vape Mod XL,1,51.74,2023-10-24
Vape Mod XL,1,58.39,2023-10-24
Starter Kit,8,32.18,2023-10-24
Tanks,7,39.79,2023-10-24
Tanks,7,62.18,2023-10-24
Pod Kit,22,45.75,2023-10-24
Vape Juice 30ml,30,64.32,2023-10-24
Vape Juice 60ml,15,21.67,2023-10-24
E-Liquid Premium,10,62.27,2023-10-24
E-Liquid Premium,8,81.54,2023-10-24
Atomizers,11,36.48,2023-10-24
Replacement Coils,5,25.78,2023-10-25
Replacement Coils,8,10.17,2023-10-25
Cotton Wicking,7,51.49,2023-10-25
Cotton Wicking,8,15.48,2023-10-25
Batteries,12,58.91,2023-10-25
Charger,4,17.43,2023-10-25
Charger,5,21.76,2023-10-25
Tank Glass,8,18.73,2023-10-25
Drip Tips,6,26.65,2023-10-25
Nicotine Pods,27,75.71,2023-10-25
Chargers,15,15.02,2023-10-25
Zero Nicotine 30ml,15,19.92,2023-10-25
Atomizers,8,44.41,2023-10-25
Vape Juice 60ml,8,35.36,2023-10-25
Vape Mod XL,6,41.51,2023-10-25
Starter Kit,3,32.98,2023-10-25
Starter Kit,2,49.04,2023-10-25
Starter Kit,3,28.38,2023-10-25
Tanks,22,65.19,2023-10-25
Vape Mod XL,4,47.35,2023-10-25
Atomizers,6,81.57,2023-10-25
Vape Juice 30ml,36,49.14,2023-10-25
Vape Juice 60ml,8,34.89,2023-10-25
Atomizers,4,63.45,2023-10-25
E-Liquid Premium,29,81.19,2023-10-25
Tank Glass,11,8.24,2023-10-26
Nicotine Pods,4,34.06,2023-10-26
Charger,10,25.78,2023-10-26
Battery 18650,15,16.02,2023-10-26
Batteries,8,32.95,2023-10-26
Batteries,9,33.81,2023-10-26
Cotton Wicking,20,42.99,2023-10-26
Replacement Coils,14,16.68,2023-10-26
Nicotine Pods,7,32.12,2023-10-26
Nicotine Pods,6,46.72,2023-10-26
Zero Nicotine 30ml,19,24.5,2023-10-26
E-Liquid Premium,17,24.76,2023-10-26
Vape Juice 60ml,14,27.93,2023-10-26
Vape Juice 60ml,16,44.62,2023-10-26
Vape Juice 30ml,28,45.99,2023-10-26
Atomizers,16,29.65,2023-10-26
Tanks,15,39.04,2023-10-26
Vape Mod XL,6,29.63,2023-10-26
Vape Mod XL,6,37.66,2023-10-26
Pod Kit,33,66.73,2023-10-26
E-Liquid Premium,18,42.91,2023-10-26
Replacement Coils,11,16.72,2023-10-27
Cotton Wicking,12,20.43,2023-10-27
Cotton Wicking,11,17.12,2023-10-27
Batteries,11,22.9,2023-10-27
Batteries,8,5.0,2023-10-27
Charger,13,23.01,2023-10-27
Battery 18650,4,16.05,2023-10-27
Battery 18650,5,15.71,2023-10-27
Chargers,17,34.6,2023-10-27
Tank Glass,16,11.83,2023-10-27
Replacement Coils,9,5.0,2023-10-27
Battery 18650,4,25.17,2023-10-27
Drip Tips,13,49.7,2023-10-27
Nicotine Pods,32,48.92,2023-10-27
Zero Nicotine 30ml,6,33.33,2023-10-27
Vape Mod XL,8,39.88,2023-10-27
Vape Mod XL,7,31.26,2023-10-27
Starter Kit,13,23.92,2023-10-27
Tanks,17,67.93,2023-10-27
Atomizers,13,73.32,2023-10-27
Pod Kit,39,58.26,2023-10-27
Vape Juice 30ml,44,51.17,2023-10-27
Atomizers,13,33.52,2023-10-27
Zero Nicotine 30ml,8,41.05,2023-10-27
Zero Nicotine 30ml,9,26.34,2023-10-27
Vape Juice 60ml,11,25.88,2023-10-27
Vape Juice 60ml,13,24.78,2023-10-27
E-Liquid Premium,44,42.33,2023-10-27
Nicotine Pods,9,88.22,2023-10-28
Drip Tips,5,12.47,2023-10-28
Drip Tips,4,28.55,2023-10-28
Charger,8,17.72,2023-10-28
Chargers,14,37.07,2023-10-28
Battery 18650,19,19.36,2023-10-28
Batteries,23,17.23,2023-10-28
Cotton Wicking,19,45.7,2023-10-28
Replacement Coils,17,38.43,2023-10-28
Nicotine Pods,13,27.15,2023-10-28
Tank Glass,11,19.92,2023-10-28
Zero Nicotine 30ml,31,9.48,2023-10-28
E-Liquid Premium,25,57.52,2023-10-28
Vape Juice 60ml,38,47.7,2023-10-28
Vape Juice 30ml,37,45.08,2023-10-28
Atomizers,15,62.15,2023-10-28
Tanks,21,51.88,2023-10-28
Starter Kit,16,43.87,2023-10-28
Vape Mod XL,7,24.85,2023-10-28
Vape Mod XL,9,37.15,2023-10-28
Pod Kit,27,54.33,2023-10-28
E-Liquid Premium,26,44.42,2023-10-28
Replacement Coils,20,16.82,2023-10-29
Cotton Wicking,15,75.24,2023-10-29
Cotton Wicking,11,49.88,2023-10-29
Batteries,24,44.32,2023-10-29
Battery 18650,11,19.86,2023-10-29
Chargers,16,43.77,2023-10-29
Tank Glass,4,9.57,2023-10-29
Charger,7,20.42,2023-10-29
Tank Glass,4,19.35,2023-10-29
Tank Glass,4,18.74,2023-10-29
Drip Tips,4,28.98,2023-10-29
Drip Tips,6,36.76,2023-10-29
Charger,5,15.23,2023-10-29
Zero Nicotine 30ml,17,26.3,2023-10-29
Nicotine Pods,37,62.69,2023-10-29
E-Liquid Premium,14,47.09,2023-10-29
E-Liquid Premium,14,54.38,2023-10-29
Pod Kit,36,50.24,2023-10-29
Vape Mod XL,17,66.98,2023-10-29
Starter Kit,6,32.67,2023-10-29
Tanks,20,80.2,2023-10-29
Atomizers,7,50.5,2023-10-29
Starter Kit,4,28.37,2023-10-29
Vape Juice 30ml,23,47.36,2023-10-29
Vape Juice 30ml,19,45.29,2023-10-29
Vape Juice 60ml,21,39.44,2023-10-29
Vape Juice 60ml,21,23.16,2023-10-29
E-Liquid Premium,13,37.42,2023-10-29
Atomizers,10,77.52,2023-10-29
Replacement Coils,7,26.63,2023-10-30
Nicotine Pods,6,20.12,2023-10-30
Nicotine Pods,4,55.98,2023-10-30
Replacement Coils,8,29.14,2023-10-30
Cotton Wicking,18,26.5,2023-10-30
Drip Tips,8,28.77,2023-10-30
Battery 18650,8,5.58,2023-10-30
Battery 18650,8,15.73,2023-10-30
Chargers,17,19.48,2023-10-30
Charger,6,20.43,2023-10-30
Tank Glass,9,26.24,2023-10-30
Nicotine Pods,6,50.17,2023-10-30
Batteries,21,53.33,2023-10-30
Zero Nicotine 30ml,21,29.06,2023-10-30
Vape Juice 30ml,26,50.3,2023-10-30
Vape Juice 60ml,23,30.1,2023-10-30
E-Liquid Premium,30,43.14,2023-10-30
Pod Kit,12,70.08,2023-10-30
Vape Mod XL,5,69.29,2023-10-30
Vape Mod XL,7,37.63,2023-10-30
Starter Kit,5,38.59,2023-10-30
Pod Kit,11,47.25,2023-10-30
Tanks,5,51.51,2023-10-30
Tanks,5,59.83,2023-10-30
Tanks,5,45.49,2023-10-30
Atomizers,4,38.23,2023-10-30
Atomizers,5,72.76,2023-10-30
Starter Kit,3,30.73,2023-10-30
Replacement Coils,5,27.42,2023-10-31
Tank Glass,12,14.46,2023-10-31
Charger,10,19.59,2023-10-31
Chargers,14,48.24,2023-10-31
Batteries,6,28.27,2023-10-31
Batteries,6,33.97,2023-10-31
Batteries,5,42.37,2023-10-31
Drip Tips,9,20.91,2023-10-31
Cotton Wicking,22,50.14,2023-10-31
Replacement Coils,5,21.7,2023-10-31
Vape Juice 60ml,16,26.11,2023-10-31
Zero Nicotine 30ml,17,22.74,2023-10-31
E-Liquid Premium,34,40.82,2023-10-31
Vape Juice 60ml,13,37.79,2023-10-31
Atomizers,12,64.11,2023-10-31
Vape Mod XL,3,69.32,2023-10-31
Vape Mod XL,4,43.26,2023-10-31
Vape Mod XL,4,72.02,2023-10-31
Pod Kit,12,59.14,2023-10-31
Pod Kit,10,74.72,2023-10-31
Nicotine Pods,22,48.53,2023-10-31
Batteries,23,25.65,2023-11-01
Battery 18650,17,18.94,2023-11-01
Chargers,6,51.91,2023-11-01
Chargers,7,42.61,2023-11-01
Drip Tips,7,25.88,2023-11-01
Charger,10,29.42,2023-11-01
Tank Glass,3,10.68,2023-11-01
Tank Glass,7,26.9,2023-11-01
Cotton Wicking,10,5.0,2023-11-01
Chargers,9,71.24,2023-11-01
Cotton Wicking,6,36.81,2023-11-01
Cotton Wicking,6,75.57,2023-11-01
Nicotine Pods,33,44.91,2023-11-01
Replacement Coils,17,20.49,2023-11-01
Pod Kit,38,54.25,2023-11-01
Vape Mod XL,7,47.98,2023-11-01
Vape Mod XL,7,26.96,2023-11-01
Vape Juice 30ml,19,69.41,2023-11-01
Atomizers,18,67.84,2023-11-01
Vape Juice 30ml,16,51.38,2023-11-01
E-Liquid Premium,26,49.11,2023-11-01
E-Liquid Premium,26,50.92,2023-11-01
Zero Nicotine 30ml,24,44.23,2023-11-01
Vape Juice 30ml,17,25.18,2023-11-01
Batteries,9,25.4,2023-11-02
Replacement Coils,19,20.09,2023-11-02
Cotton Wicking,38,44.22,2023-11-02
Batteries,8,10.57,2023-11-02
Battery 18650,20,18.11,2023-11-02
Drip Tips,14,43.27,2023-11-02
Chargers,13,43.97,2023-11-02
Charger,5,19.27,2023-11-02
Charger,6,20.0,2023-11-02
Tank Glass,13,26.83,2023-11-02
Nicotine Pods,12,65.49,2023-11-02
Chargers,9,45.09,2023-11-02
Nicotine Pods,12,87.89,2023-11-02
E-Liquid Premium,54,33.28,2023-11-02
Vape Mod XL,7,50.51,2023-11-02
Pod Kit,34,50.53,2023-11-02
Vape Mod XL,7,51.65,2023-11-02
Starter Kit,4,45.06,2023-11-02
Starter Kit,6,40.26,2023-11-02
Starter Kit,6,38.89,2023-11-02
Zero Nicotine 30ml,21,40.3,2023-11-02
Atomizers,13,64.85,2023-11-02
Atomizers,9,58.55,2023-11-02
Vape Juice 30ml,20,34.88,2023-11-02
Vape Juice 30ml,20,63.98,2023-11-02
Tanks,21,68.3,2023-11-02
Batteries,30,20.29,2023-11-03
Drip Tips,17,24.89,2023-11-03
Tank Glass,7,15.54,2023-11-03
Tank Glass,10,5.0,2023-11-03
Charger,5,12.98,2023-11-03
Charger,4,26.35,2023-11-03
Charger,4,13.61,2023-11-03
Chargers,18,45.27,2023-11-03
Battery 18650,25,15.14,2023-11-03
Replacement Coils,19,22.69,2023-11-03
E-Liquid Premium,34,29.3,2023-11-03
Zero Nicotine 30ml,26,51.32,2023-11-03
E-Liquid Premium,32,52.83,2023-11-03
Vape Juice 60ml,45,35.02,2023-11-03
Atomizers,34,54.44,2023-11-03
Tanks,31,20.03,2023-11-03
Starter Kit,6,46.64,2023-11-03
Starter Kit,7,33.55,2023-11-03
Pod Kit,50,54.36,2023-11-03
Cotton Wicking,31,14.33,2023-11-03
Battery 18650,23,37.51,2023-11-04
Cotton Wicking,14,36.1,2023-11-04
Cotton Wicking,14,44.23,2023-11-04
Batteries,25,41.8,2023-11-04
Chargers,12,56.46,2023-11-04
Replacement Coils,31,34.97,2023-11-04
Charger,7,14.41,2023-11-04
Charger,7,18.86,2023-11-04
Tank Glass,14,30.44,2023-11-04
Drip Tips,12,34.93,2023-11-04
Chargers,11,60.9,2023-11-04
Nicotine Pods,38,95.77,2023-11-04
Cotton Wicking,15,60.13,2023-11-04
E-Liquid Premium,42,29.81,2023-11-04
Pod Kit,24,59.76,2023-11-04
Pod Kit,28,62.71,2023-11-04
Vape Mod XL,7,30.16,2023-11-04
Vape Mod XL,8,73.07,2023-11-04
Tanks,28,51.81,2023-11-04
Zero Nicotine 30ml,37,22.58,2023-11-04
Vape Juice 30ml,31,40.54,2023-11-04
Vape Juice 30ml,34,43.88,2023-11-04
Atomizers,25,52.23,2023-11-04
Vape Juice 60ml,19,34.54,2023-11-04
Vape Juice 60ml,17,46.38,2023-11-04
Replacement Coils,34,24.05,2023-11-05
Cotton Wicking,20,30.31,2023-11-05
Cotton Wicking,21,30.84,2023-11-05
Battery 18650,12,22.65,2023-11-05
Battery 18650,11,22.68,2023-11-05
Charger,17,29.22,2023-11-05
Nicotine Pods,10,18.11,2023-11-05
Tank Glass,6,18.09,2023-11-05
Tank Glass,6,9.59,2023-11-05
Tank Glass,5,12.22,2023-11-05
Drip Tips,12,31.17,2023-11-05
Chargers,21,36.48,2023-11-05
Nicotine Pods,9,47.3,2023-11-05
Nicotine Pods,8,29.56,2023-11-05
E-Liquid Premium,58,39.38,2023-11-05
Vape Mod XL,27,71.02,2023-11-05
Starter Kit,4,35.46,2023-11-05
Starter Kit,6,12.96,2023-11-05
Starter Kit,6,46.54,2023-11-05
Tanks,40,81.16,2023-11-05
Pod Kit,46,51.96,2023-11-05
Atomizers,15,50.51,2023-11-05
Atomizers,11,59.34,2023-11-05
Vape Juice 60ml,41,46.64,2023-11-05
Zero Nicotine 30ml,29,26.89,2023-11-05
Vape Juice 30ml,23,44.76,2023-11-05
Vape Juice 30ml,26,49.68,2023-11-05
Vape Juice 30ml,22,29.9,2023-11-05
Nicotine Pods,28,33.08,2023-11-06
Drip Tips,3,38.11,2023-11-06
Drip Tips,2,12.96,2023-11-06
Tank Glass,6,24.89,2023-11-06
Charger,7,27.47,2023-11-06
Chargers,7,65.48,2023-11-06
Chargers,6,59.42,2023-11-06
Batteries,14,45.49,2023-11-06
Cotton Wicking,17,35.26,2023-11-06
Replacement Coils,17,13.19,2023-11-06
Tank Glass,8,17.64,2023-11-06
E-Liquid Premium,27,40.28,2023-11-06
Vape Juice 60ml,34,34.67,2023-11-06
Vape Juice 30ml,14,32.39,2023-11-06
Vape Juice 30ml,12,37.35,2023-11-06
Atomizers,13,66.52,2023-11-06
Tanks,14,69.06,2023-11-06
Starter Kit,13,54.02,2023-11-06
Vape Mod XL,15,21.9,2023-11-06
Pod Kit,8,49.9,2023-11-06
Pod Kit,8,62.7,2023-11-06
Pod Kit,12,66.24,2023-11-06
Zero Nicotine 30ml,19,28.86,2023-11-06
Zero Nicotine 30ml,6,8.36,2023-11-07
Replacement Coils,20,20.01,2023-11-07
Cotton Wicking,18,16.23,2023-11-07
Batteries,9,19.85,2023-11-07
Batteries,5,5.49,2023-11-07
Tank Glass,7,12.64,2023-11-07
Chargers,19,31.87,2023-11-07
Charger,9,21.18,2023-11-07
Tank Glass,5,23.0,2023-11-07
Drip Tips,11,49.51,2023-11-07
Battery 18650,12,24.83,2023-11-07
Zero Nicotine 30ml,5,35.52,2023-11-07
Zero Nicotine 30ml,9,29.6,2023-11-07
E-Liquid Premium,13,61.73,2023-11-07
E-Liquid Premium,11,61.67,2023-11-07
Pod Kit,23,45.18,2023-11-07
Vape Mod XL,9,44.71,2023-11-07
Starter Kit,3,18.03,2023-11-07
Starter Kit,2,34.63,2023-11-07
Starter Kit,3,27.12,2023-11-07
Atomizers,20,33.35,2023-11-07
Vape Juice 30ml,15,30.55,2023-11-07
Vape Juice 30ml,15,23.78,2023-11-07
Vape Juice 60ml,29,44.04,2023-11-07
Tanks,20,42.29,2023-11-07
Batteries,5,39.49,2023-11-08
Replacement Coils,8,30.32,2023-11-08
Cotton Wicking,11,46.51,2023-11-08
Cotton Wicking,15,32.14,2023-11-08
Batteries,6,21.5,2023-11-08
Drip Tips,6,9.0,2023-11-08
Battery 18650,5,24.62,2023-11-08
Chargers,7,57.74,2023-11-08
Chargers,8,17.57,2023-11-08
Charger,9,14.31,2023-11-08
Replacement Coils,6,30.96,2023-11-08
Battery 18650,6,10.36,2023-11-08
Nicotine Pods,29,38.53,2023-11-08
Drip Tips,6,38.02,2023-11-08
E-Liquid Premium,13,49.19,2023-11-08
Zero Nicotine 30ml,24,37.52,2023-11-08
Vape Mod XL,4,18.68,2023-11-08
Vape Mod XL,2,38.98,2023-11-08
Vape Mod XL,4,55.01,2023-11-08
Starter Kit,8,27.09,2023-11-08
Pod Kit,32,54.14,2023-11-08
Atomizers,10,48.03,2023-11-08
Atomizers,6,47.77,2023-11-08
Vape Juice 30ml,26,25.35,2023-11-08
Vape Juice 60ml,34,26.82,2023-11-08
E-Liquid Premium,14,61.92,2023-11-08
Tanks,24,48.59,2023-11-08
Battery 18650,11,21.83,2023-11-09
Chargers,6,45.43,2023-11-09
Chargers,6,69.07,2023-11-09
Chargers,6,37.13,2023-11-09
Tank Glass,7,28.55,2023-11-09
Charger,3,20.73,2023-11-09
Tank Glass,5,17.1,2023-11-09
Drip Tips,9,22.26,2023-11-09
Batteries,9,35.31,2023-11-09
Charger,4,15.8,2023-11-09
Batteries,9,57.82,2023-11-09
Replacement Coils,21,32.9,2023-11-09
Nicotine Pods,11,18.54,2023-11-09
Nicotine Pods,14,50.61,2023-11-09
Zero Nicotine 30ml,28,18.29,2023-11-09
E-Liquid Premium,42,43.96,2023-11-09
Vape Juice 60ml,28,32.37,2023-11-09
Vape Juice 30ml,40,38.74,2023-11-09
Atomizers,21,38.77,2023-11-09
Starter Kit,9,25.67,2023-11-09
Vape Mod XL,15,43.26,2023-11-09
Pod Kit,22,56.5,2023-11-09
Chargers,3,9.82,2023-11-10
Chargers,6,52.17,2023-11-10
Charger,3,23.2,2023-11-10
Charger,4,20.47,2023-11-10
Tank Glass,5,15.67,2023-11-10
Drip Tips,3,28.43,2023-11-10
Tank Glass,3,5.0,2023-11-10
Drip Tips,1,24.87,2023-11-10
Drip Tips,2,42.44,2023-11-10
Battery 18650,15,29.09,2023-11-10
Tank Glass,4,27.97,2023-11-10
Cotton Wicking,20,26.18,2023-11-10
Chargers,2,24.37,2023-11-10
Zero Nicotine 30ml,11,32.25,2023-11-10
Pod Kit,42,46.46,2023-11-10
Vape Mod XL,13,50.94,2023-11-10
Starter Kit,12,34.44,2023-11-10
Tanks,21,85.27,2023-11-10
Atomizers,25,66.17,2023-11-10
Nicotine Pods,21,20.66,2023-11-10
Vape Juice 30ml,30,39.25,2023-11-10
Vape Juice 60ml,42,26.48,2023-11-10
E-Liquid Premium,55,27.48,2023-11-10
Zero Nicotine 30ml,10,39.51,2023-11-10
Vape Juice 30ml,27,59.96,2023-11-10
Nicotine Pods,17,101.34,2023-11-11
Nicotine Pods,14,46.64,2023-11-11
Replacement Coils,15,24.97,2023-11-11
Cotton Wicking,15,45.1,2023-11-11
Cotton Wicking,11,31.18,2023-11-11
Batteries,28,49.35,2023-11-11
Chargers,14,27.14,2023-11-11
Charger,1,17.75,2023-11-11
Charger,2,16.86,2023-11-11
Charger,3,13.27,2023-11-11
Zero Nicotine 30ml,18,45.15,2023-11-11
Drip Tips,10,29.66,2023-11-11
Battery 18650,17,16.44,2023-11-11
Tank Glass,19,20.7,2023-11-11
Zero Nicotine 30ml,18,30.88,2023-11-11
Vape Juice 60ml,25,26.07,2023-11-11
E-Liquid Premium,55,26.93,2023-11-11
Pod Kit,20,41.81,2023-11-11
Vape Mod XL,5,55.87,2023-11-11
Vape Mod XL,3,82.67,2023-11-11
Vape Mod XL,2,49.76,2023-11-11
Starter Kit,6,34.3,2023-11-11
Pod Kit,18,43.31,2023-11-11
Starter Kit,5,39.28,2023-11-11
Tanks,27,83.38,2023-11-11
Atomizers,7,40.87,2023-11-11
Atomizers,5,65.58,2023-11-11
Atomizers,6,60.96,2023-11-11
Starter Kit,4,31.07,2023-11-11
Replacement Coils,9,17.35,2023-11-12
Replacement Coils,9,23.83,2023-11-12
Cotton Wicking,30,44.82,2023-11-12
Batteries,12,37.76,2023-11-12
Batteries,8,40.91,2023-11-12
Chargers,14,12.62,2023-11-12
Drip Tips,10,28.17,2023-11-12
Charger,13,17.17,2023-11-12
Tank Glass,16,12.3,2023-11-12
Nicotine Pods,35,42.87,2023-11-12
Battery 18650,9,15.84,2023-11-12
Zero Nicotine 30ml,5,33.38,2023-11-12
Battery 18650,10,19.67,2023-11-12
Zero Nicotine 30ml,7,43.67,2023-11-12
Pod Kit,26,57.27,2023-11-12
Vape Mod XL,14,32.44,2023-11-12
Starter Kit,7,38.76,2023-11-12
Starter Kit,3,32.11,2023-11-12
Tanks,21,81.27,2023-11-12
Zero Nicotine 30ml,5,25.4,2023-11-12
Vape Juice 30ml,24,48.31,2023-11-12
Vape Juice 30ml,21,48.57,2023-11-12
Vape Juice 60ml,19,24.99,2023-11-12
Vape Juice 60ml,16,37.3,2023-11-12
E-Liquid Premium,41,65.91,2023-11-12
Atomizers,24,76.96,2023-11-12
Replacement Coils,4,19.23,2023-11-13
Replacement Coils,8,19.92,2023-11-13
Cotton Wicking,14,25.46,2023-11-13
Batteries,12,53.58,2023-11-13
Battery 18650,11,22.33,2023-11-13
Charger,8,12.92,2023-11-13
Chargers,6,41.0,2023-11-13
Tank Glass,14,10.6,2023-11-13
Drip Tips,9,20.39,2023-11-13
Nicotine Pods,8,13.05,2023-11-13
Chargers,7,32.91,2023-11-13
Nicotine Pods,8,37.54,2023-11-13
Zero Nicotine 30ml,23,11.32,2023-11-13
Pod Kit,20,65.16,2023-11-13
Vape Juice 60ml,10,42.95,2023-11-13
Vape Juice 60ml,14,37.69,2023-11-13
Vape Juice 30ml,12,48.27,2023-11-13
Vape Juice 30ml,14,38.43,2023-11-13
Atomizers,14,69.18,2023-11-13
Tanks,18,46.66,2023-11-13
Starter Kit,5,35.69,2023-11-13
Starter Kit,1,22.29,2023-11-13
Starter Kit,4,36.02,2023-11-13
Nicotine Pods,7,51.0,2023-11-13
E-Liquid Premium,11,66.35,2023-11-14
Replacement Coils,15,14.34,2023-11-14
Cotton Wicking,11,30.82,2023-11-14
Cotton Wicking,9,16.48,2023-11-14
E-Liquid Premium,12,32.24,2023-11-14
Battery 18650,8,20.64,2023-11-14
Chargers,11,23.92,2023-11-14
Charger,7,16.02,2023-11-14
Drip Tips,10,22.24,2023-11-14
Batteries,13,41.91,2023-11-14
Vape Juice 60ml,7,38.28,2023-11-14
Tank Glass,14,5.0,2023-11-14
Vape Juice 60ml,9,33.84,2023-11-14
Vape Juice 60ml,9,35.71,2023-11-14
Pod Kit,11,43.1,2023-11-14
Vape Mod XL,3,60.78,2023-11-14
Vape Mod XL,6,63.88,2023-11-14
Starter Kit,7,42.17,2023-11-14
Pod Kit,11,53.79,2023-11-14
Tanks,9,59.86,2023-11-14
Atomizers,8,62.06,2023-11-14
Atomizers,6,58.01,2023-11-14
Vape Juice 30ml,39,9.76,2023-11-14
Tanks,7,85.97,2023-11-14
Battery 18650,4,17.75,2023-11-15
Drip Tips,9,33.1,2023-11-15
Tank Glass,6,10.5,2023-11-15
Tank Glass,3,28.89,2023-11-15
Tank Glass,6,29.23,2023-11-15
Charger,5,9.89,2023-11-15
Charger,2,14.01,2023-11-15
Chargers,15,23.8,2023-11-15
Battery 18650,2,20.92,2023-11-15
Batteries,12,42.77,2023-11-15
E-Liquid Premium,40,57.61,2023-11-15
Vape Juice 60ml,22,12.63,2023-11-15
Vape Juice 30ml,29,38.54,2023-11-15
Atomizers,18,67.99,2023-11-15
Tanks,19,70.13,2023-11-15
Starter Kit,10,40.69,2023-11-15
Vape Mod XL,11,21.28,2023-11-15
Pod Kit,7,49.72,2023-11-15
Pod Kit,9,40.41,2023-11-15
Pod Kit,10,68.38,2023-11-15
Replacement Coils,15,14.68,2023-11-15
Nicotine Pods,32,5.0,2023-11-16
Replacement Coils,15,33.52,2023-11-16
Cotton Wicking,10,42.19,2023-11-16
Cotton Wicking,9,66.77,2023-11-16
Batteries,17,55.29,2023-11-16
Tank Glass,5,25.64,2023-11-16
Charger,7,26.12,2023-11-16
Tank Glass,4,14.09,2023-11-16
Drip Tips,7,42.37,2023-11-16
Chargers,17,22.42,2023-11-16
Zero Nicotine 30ml,21,40.16,2023-11-16
Vape Mod XL,4,50.07,2023-11-16
Vape Juice 30ml,23,39.97,2023-11-16
Vape Juice 30ml,26,51.76,2023-11-16
Atomizers,6,94.88,2023-11-16
Atomizers,7,45.64,2023-11-16
Atomizers,7,58.72,2023-11-16
Tanks,20,76.41,2023-11-16
Vape Mod XL,4,51.19,2023-11-16
Vape Mod XL,1,12.83,2023-11-16
Pod Kit,26,59.88,2023-11-16
E-Liquid Premium,42,48.4,2023-11-16
Nicotine Pods,7,61.73,2023-11-17
Replacement Coils,7,23.6,2023-11-17
Replacement Coils,9,20.1,2023-11-17
Batteries,8,5.0,2023-11-17
Batteries,10,67.41,2023-11-17
Battery 18650,7,11.56,2023-11-17
Tank Glass,15,20.75,2023-11-17
Battery 18650,4,21.52,2023-11-17
Chargers,17,59.38,2023-11-17
Charger,12,25.17,2023-11-17
Drip Tips,4,43.28,2023-11-17
Drip Tips,3,38.43,2023-11-17
Nicotine Pods,6,5.0,2023-11-17
Battery 18650,6,23.25,2023-11-17
Nicotine Pods,9,43.02,2023-11-17
Vape Juice 60ml,16,40.54,2023-11-17
Zero Nicotine 30ml,11,18.87,2023-11-17
Pod Kit,15,70.42,2023-11-17
Pod Kit,15,71.19,2023-11-17
Starter Kit,3,34.85,2023-11-17
Starter Kit,6,16.72,2023-11-17
Starter Kit,3,46.98,2023-11-17
Tanks,9,54.09,2023-11-17
Vape Mod XL,12,35.26,2023-11-17
Atomizers,3,64.74,2023-11-17
Atomizers,3,77.9,2023-11-17
Atomizers,3,58.93,2023-11-17
Vape Juice 60ml,14,45.81,2023-11-17
Zero Nicotine 30ml,11,14.11,2023-11-17
E-Liquid Premium,42,32.44,2023-11-17
Tanks,12,39.1,2023-11-17
Replacement Coils,17,21.31,2023-11-18
Cotton Wicking,20,73.72,2023-11-18
Batteries,29,5.0,2023-11-18
Chargers,18,34.75,2023-11-18
Drip Tips,5,31.04,2023-11-18
Tank Glass,11,24.18,2023-11-18
Drip Tips,9,22.25,2023-11-18
Nicotine Pods,10,28.76,2023-11-18
Charger,11,24.64,2023-11-18
Nicotine Pods,10,26.47,2023-11-18
Vape Juice 60ml,13,42.31,2023-11-18
Zero Nicotine 30ml,7,13.37,2023-11-18
Vape Juice 60ml,15,14.81,2023-11-18
Vape Juice 30ml,26,44.1,2023-11-18
Vape Juice 30ml,24,40.51,2023-11-18
Tanks,30,78.37,2023-11-18
Starter Kit,6,36.26,2023-11-18
Starter Kit,6,38.48,2023-11-18
Vape Mod XL,16,50.77,2023-11-18
Pod Kit,28,66.86,2023-11-18
Zero Nicotine 30ml,11,32.65,2023-11-18
Nicotine Pods,29,49.4,2023-11-19
Replacement Coils,7,13.7,2023-11-19
Replacement Coils,10,26.02,2023-11-19
Cotton Wicking,22,47.62,2023-11-19
Batteries,7,33.58,2023-11-19
Tank Glass,16,5.0,2023-11-19
Batteries,8,19.81,2023-11-19
Chargers,16,17.62,2023-11-19
Charger,11,24.55,2023-11-19
Zero Nicotine 30ml,16,24.32,2023-11-19
Batteries,7,20.45,2023-11-19
Zero Nicotine 30ml,12,42.88,2023-11-19
E-Liquid Premium,17,69.98,2023-11-19
E-Liquid Premium,16,49.06,2023-11-19
Vape Mod XL,5,53.08,2023-11-19
Vape Mod XL,5,53.22,2023-11-19
Starter Kit,15,36.13,2023-11-19
Tanks,23,76.54,2023-11-19
Pod Kit,27,52.49,2023-11-19
Atomizers,12,45.87,2023-11-19
Vape Juice 30ml,16,45.07,2023-11-19
Vape Juice 30ml,16,37.08,2023-11-19
Vape Juice 60ml,25,34.85,2023-11-19
Atomizers,10,44.91,2023-11-19
Cotton Wicking,20,27.12,2023-11-20
Drip Tips,9,27.31,2023-11-20
Tank Glass,9,33.3,2023-11-20
Charger,6,24.15,2023-11-20
Charger,5,10.89,2023-11-20
Chargers,3,60.26,2023-11-20
Chargers,4,45.62,2023-11-20
Battery 18650,11,20.55,2023-11-20
Batteries,5,48.86,2023-11-20
Batteries,7,39.85,2023-11-20
Replacement Coils,8,16.75,2023-11-20
Replacement Coils,6,18.63,2023-11-20
Pod Kit,18,54.31,2023-11-20
Nicotine Pods,28,30.92,2023-11-20
Vape Mod XL,10,50.26,2023-11-20
Starter Kit,7,15.67,2023-11-20
Atomizers,16,72.42,2023-11-20
Vape Juice 30ml,26,60.15,2023-11-20
Tanks,22,46.52,2023-11-20
Vape Juice 60ml,12,45.92,2023-11-20
Vape Juice 60ml,11,53.54,2023-11-20
E-Liquid Premium,30,37.37,2023-11-20
Zero Nicotine 30ml,20,43.39,2023-11-20
Vape Juice 60ml,11,20.36,2023-11-20
Chargers,4,42.88,2023-11-21
Cotton Wicking,8,27.14,2023-11-21
Cotton Wicking,8,5.0,2023-11-21
Battery 18650,13,22.48,2023-11-21
Chargers,8,32.45,2023-11-21
Cotton Wicking,9,47.19,2023-11-21
Charger,4,20.77,2023-11-21
Charger,1,22.87,2023-11-21
Tank Glass,9,24.31,2023-11-21
Drip Tips,9,31.23,2023-11-21
Charger,4,21.31,2023-11-21
Replacement Coils,18,28.67,2023-11-21
Batteries,20,6.89,2023-11-21
Zero Nicotine 30ml,13,34.55,2023-11-21
Pod Kit,34,56.24,2023-11-21
Vape Mod XL,13,35.95,2023-11-21
Starter Kit,8,33.57,2023-11-21
Tanks,16,43.07,2023-11-21
Atomizers,10,51.85,2023-11-21
Atomizers,9,74.52,2023-11-21
Nicotine Pods,26,34.28,2023-11-21
Vape Juice 30ml,19,27.01,2023-11-21
Vape Juice 60ml,31,27.29,2023-11-21
E-Liquid Premium,41,60.17,2023-11-21
Zero Nicotine 30ml,12,18.33,2023-11-21
Vape Juice 30ml,21,52.4,2023-11-21
Nicotine Pods,31,47.58,2023-11-22
Cotton Wicking,8,28.81,2023-11-22
Cotton Wicking,7,25.71,2023-11-22
Batteries,20,59.72,2023-11-22
Battery 18650,9,28.4,2023-11-22
Charger,11,13.47,2023-11-22
Zero Nicotine 30ml,3,20.58,2023-11-22
Tank Glass,3,26.25,2023-11-22
Tank Glass,6,8.36,2023-11-22
Tank Glass,3,14.1,2023-11-22
Drip Tips,7,26.53,2023-11-22
Chargers,14,73.6,2023-11-22
Zero Nicotine 30ml,3,20.15,2023-11-22
Replacement Coils,18,27.11,2023-11-22
E-Liquid Premium,30,62.2,2023-11-22
Pod Kit,7,49.26,2023-11-22
Pod Kit,7,31.12,2023-11-22
Vape Mod XL,10,49.51,2023-11-22
Starter Kit,8,27.18,2023-11-22
Starter Kit,4,53.07,2023-11-22
Tanks,14,75.65,2023-11-22
Zero Nicotine 30ml,5,49.07,2023-11-22
Atomizers,8,64.05,2023-11-22
Vape Juice 30ml,21,60.32,2023-11-22
Vape Juice 30ml,21,48.87,2023-11-22
Vape Juice 60ml,16,36.02,2023-11-22
Vape Juice 60ml,17,29.02,2023-11-22
Atomizers,10,50.95,2023-11-22
Zero Nicotine 30ml,5,47.23,2023-11-23
Zero Nicotine 30ml,6,40.57,2023-11-23
Nicotine Pods,11,49.46,2023-11-23
Nicotine Pods,13,47.14,2023-11-23
Replacement Coils,21,21.61,2023-11-23
Battery 18650,14,15.11,2023-11-23
Batteries,22,69.31,2023-11-23
Chargers,13,31.11,2023-11-23
Charger,10,19.91,2023-11-23
Tank Glass,15,19.22,2023-11-23
Zero Nicotine 30ml,5,43.75,2023-11-23
Cotton Wicking,27,5.0,2023-11-23
Drip Tips,11,45.76,2023-11-23
E-Liquid Premium,15,45.0,2023-11-23
E-Liquid Premium,14,70.23,2023-11-23
E-Liquid Premium,13,70.74,2023-11-23
Vape Mod XL,17,28.05,2023-11-23
Starter Kit,12,36.47,2023-11-23
Tanks,20,41.82,2023-11-23
Atomizers,19,51.95,2023-11-23
Pod Kit,30,59.18,2023-11-23
Vape Juice 30ml,17,41.86,2023-11-23
Vape Juice 30ml,15,41.26,2023-11-23
Vape Juice 60ml,9,52.88,2023-11-23
Vape Juice 60ml,10,34.34,2023-11-23
Vape Juice 60ml,12,41.84,2023-11-23
Vape Juice 30ml,17,45.76,2023-11-23
Nicotine Pods,37,37.89,2023-11-24
Replacement Coils,29,26.44,2023-11-24
Cotton Wicking,13,55.19,2023-11-24
Cotton Wicking,12,13.38,2023-11-24
Chargers,25,35.48,2023-11-24
Battery 18650,13,15.82,2023-11-24
Charger,9,15.15,2023-11-24
Tank Glass,21,5.0,2023-11-24
Drip Tips,13,39.56,2023-11-24
Batteries,27,41.99,2023-11-24
Zero Nicotine 30ml,5,30.16,2023-11-24
Zero Nicotine 30ml,8,55.14,2023-11-24
E-Liquid Premium,40,57.82,2023-11-24
Zero Nicotine 30ml,6,41.1,2023-11-24
Pod Kit,42,57.22,2023-11-24
Vape Mod XL,7,49.9,2023-11-24
Starter Kit,6,38.99,2023-11-24
Vape Mod XL,7,37.09,2023-11-24
Tanks,25,63.83,2023-11-24
Atomizers,20,53.31,2023-11-24
Vape Juice 30ml,41,31.99,2023-11-24
Vape Juice 60ml,38,40.32,2023-11-24
Starter Kit,4,19.11,2023-11-24
Batteries,29,32.5,2023-11-25
Nicotine Pods,17,29.6,2023-11-25
Replacement Coils,9,23.53,2023-11-25
Replacement Coils,9,13.67,2023-11-25
Cotton Wicking,22,32.76,2023-11-25
Cotton Wicking,20,5.0,2023-11-25
Battery 18650,25,18.25,2023-11-25
Drip Tips,7,39.44,2023-11-25
Charger,9,15.64,2023-11-25
Tank Glass,10,10.86,2023-11-25
Tank Glass,13,11.94,2023-11-25
Drip Tips,3,30.18,2023-11-25
Drip Tips,7,15.65,2023-11-25
Nicotine Pods,18,80.66,2023-11-25
Charger,6,32.77,2023-11-25
Nicotine Pods,16,78.35,2023-11-25
Zero Nicotine 30ml,16,35.3,2023-11-25
Zero Nicotine 30ml,15,33.72,2023-11-25
Pod Kit,25,52.2,2023-11-25
Pod Kit,23,61.83,2023-11-25
Vape Mod XL,12,52.9,2023-11-25
Starter Kit,4,31.91,2023-11-25
Starter Kit,8,43.81,2023-11-25
Tanks,15,62.52,2023-11-25
Vape Mod XL,12,43.16,2023-11-25
Atomizers,8,61.86,2023-11-25
Atomizers,9,53.14,2023-11-25
Vape Juice 30ml,70,46.78,2023-11-25
Vape Juice 60ml,26,43.19,2023-11-25
Vape Juice 60ml,25,50.95,2023-11-25
E-Liquid Premium,65,52.97,2023-11-25
Tanks,15,45.25,2023-11-25
Cotton Wicking,18,43.28,2023-11-26
Cotton Wicking,18,58.26,2023-11-26
Batteries,35,65.35,2023-11-26
Battery 18650,23,7.73,2023-11-26
Tank Glass,10,5.0,2023-11-26
Charger,5,22.14,2023-11-26
Charger,6,14.65,2023-11-26
Tank Glass,13,17.16,2023-11-26
Replacement Coils,29,28.86,2023-11-26
Chargers,32,44.64,2023-11-26
Nicotine Pods,50,40.69,2023-11-26
E-Liquid Premium,41,31.92,2023-11-26
Vape Mod XL,18,39.67,2023-11-26
Vape Juice 60ml,43,29.33,2023-11-26
Vape Juice 30ml,38,26.36,2023-11-26
Vape Juice 30ml,39,39.27,2023-11-26
Atomizers,7,60.84,2023-11-26
Atomizers,8,78.43,2023-11-26
Atomizers,10,65.32,2023-11-26
Tanks,30,66.94,2023-11-26
Pod Kit,20,45.58,2023-11-26
Pod Kit,16,61.58,2023-11-26
Zero Nicotine 30ml,33,20.89,2023-11-26
Batteries,3,83.45,2023-11-27
Cotton Wicking,9,34.02,2023-11-27
Replacement Coils,17,11.54,2023-11-27
Batteries,4,24.81,2023-11-27
Cotton Wicking,8,9.56,2023-11-27
Batteries,7,43.44,2023-11-27
Tank Glass,5,5.0,2023-11-27
Chargers,14,56.44,2023-11-27
Charger,12,21.49,2023-11-27
Tank Glass,2,16.0,2023-11-27
Tank Glass,6,26.82,2023-11-27
Battery 18650,16,18.26,2023-11-27
Nicotine Pods,8,34.97,2023-11-27
E-Liquid Premium,37,41.3,2023-11-27
Zero Nicotine 30ml,19,39.7,2023-11-27
Pod Kit,12,60.73,2023-11-27
Pod Kit,13,66.17,2023-11-27
Vape Mod XL,19,21.39,2023-11-27
Starter Kit,6,25.83,2023-11-27
Starter Kit,5,46.48,2023-11-27
Pod Kit,12,55.31,2023-11-27
Atomizers,7,43.84,2023-11-27
Atomizers,6,44.77,2023-11-27
Vape Juice 60ml,42,51.38,2023-11-27
Nicotine Pods,11,53.33,2023-11-27
Vape Juice 30ml,25,27.0,2023-11-27
Vape Juice 30ml,28,58.13,2023-11-27
Nicotine Pods,29,39.4,2023-11-28
Tank Glass,15,5.85,2023-11-28
Charger,12,18.37,2023-11-28
Chargers,16,46.34,2023-11-28
Batteries,13,12.33,2023-11-28
Batteries,15,58.5,2023-11-28
Cotton Wicking,15,36.74,2023-11-28
Cotton Wicking,13,42.22,2023-11-28
Replacement Coils,9,25.26,2023-11-28
Replacement Coils,9,5.0,2023-11-28
Battery 18650,12,20.71,2023-11-28
Zero Nicotine 30ml,21,26.22,2023-11-28
Vape Juice 60ml,19,8.47,2023-11-28
Vape Juice 60ml,22,30.44,2023-11-28
Vape Juice 30ml,38,49.17,2023-11-28
Tanks,21,50.35,2023-11-28
Starter Kit,14,51.9,2023-11-28
Vape Mod XL,4,55.49,2023-11-28
Vape Mod XL,6,65.73,2023-11-28
Vape Mod XL,5,28.14,2023-11-28
Pod Kit,37,51.27,2023-11-28
E-Liquid Premium,46,53.39,2023-11-28
Replacement Coils,6,18.12,2023-11-29
Cotton Wicking,11,42.93,2023-11-29
Cotton Wicking,15,15.14,2023-11-29
Batteries,29,14.24,2023-11-29
Battery 18650,8,18.48,2023-11-29
Tank Glass,15,5.0,2023-11-29
Chargers,22,46.65,2023-11-29
Charger,8,15.12,2023-11-29
Charger,5,20.85,2023-11-29
Drip Tips,13,41.39,2023-11-29
Replacement Coils,7,18.47,2023-11-29
Battery 18650,8,23.85,2023-11-29
Nicotine Pods,18,43.23,2023-11-29
Nicotine Pods,18,34.6,2023-11-29
Zero Nicotine 30ml,31,43.59,2023-11-29
Pod Kit,37,45.05,2023-11-29
Vape Mod XL,10,46.96,2023-11-29
Vape Mod XL,7,70.22,2023-11-29
Starter Kit,7,14.93,2023-11-29
Starter Kit,3,34.22,2023-11-29
Starter Kit,3,40.36,2023-11-29
Tanks,8,70.22,2023-11-29
Atomizers,16,28.43,2023-11-29
Vape Juice 30ml,41,37.87,2023-11-29
Vape Juice 60ml,29,23.61,2023-11-29
E-Liquid Premium,43,55.56,2023-11-29
Tanks,9,61.93,2023-11-29
Chargers,9,55.06,2023-11-30
Batteries,26,54.14,2023-11-30
Battery 18650,10,16.4,2023-11-30
Battery 18650,10,14.88,2023-11-30
Chargers,8,54.64,2023-11-30
Chargers,9,25.36,2023-11-30
Replacement Coils,12,17.61,2023-11-30
Charger,1,23.61,2023-11-30
Charger,1,28.41,2023-11-30
Tank Glass,11,16.52,2023-11-30
Tank Glass,8,19.52,2023-11-30
Cotton Wicking,26,7.04,2023-11-30
Charger,3,10.97,2023-11-30
Drip Tips,11,32.66,2023-11-30
Zero Nicotine 30ml,13,35.43,2023-11-30
Nicotine Pods,32,71.82,2023-11-30
Pod Kit,45,40.96,2023-11-30
Vape Mod XL,21,41.61,2023-11-30
Starter Kit,5,33.83,2023-11-30
Replacement Coils,15,33.16,2023-11-30
Tanks,34,51.86,2023-11-30
Starter Kit,6,44.97,2023-11-30
Vape Juice 30ml,27,48.93,2023-11-30
Vape Juice 30ml,25,58.67,2023-11-30
E-Liquid Premium,62,45.27,2023-11-30
Zero Nicotine 30ml,11,15.13,2023-11-30
Atomizers,27,61.2,2023-11-30
Charger,5,20.64,2023-12-01
Batteries,22,51.96,2023-12-01
Battery 18650,23,18.09,2023-12-01
Chargers,32,53.75,2023-12-01
Charger,8,14.3,2023-12-01
Zero Nicotine 30ml,15,23.44,2023-12-01
Tank Glass,10,30.06,2023-12-01
Drip Tips,5,30.49,2023-12-01
Drip Tips,4,36.1,2023-12-01
Drip Tips,3,43.52,2023-12-01
Batteries,19,50.98,2023-12-01
Tank Glass,9,22.37,2023-12-01
Cotton Wicking,46,19.13,2023-12-01
Vape Juice 60ml,58,55.86,2023-12-01
Nicotine Pods,35,86.05,2023-12-01
Replacement Coils,19,35.24,2023-12-01
Vape Mod XL,8,31.73,2023-12-01
Vape Mod XL,11,47.23,2023-12-01
Starter Kit,17,34.17,2023-12-01
Tanks,41,57.07,2023-12-01
Pod Kit,33,38.22,2023-12-01
E-Liquid Premium,36,48.12,2023-12-01
E-Liquid Premium,34,30.54,2023-12-01
Zero Nicotine 30ml,14,41.16,2023-12-01
Vape Juice 30ml,45,21.02,2023-12-01
Drip Tips,17,8.71,2023-12-02
Nicotine Pods,14,26.08,2023-12-02
Tank Glass,23,31.11,2023-12-02
Chargers,12,45.84,2023-12-02
Chargers,12,25.42,2023-12-02
Battery 18650,23,20.39,2023-12-02
Batteries,26,17.84,2023-12-02
Cotton Wicking,40,14.28,2023-12-02
Replacement Coils,32,26.03,2023-12-02
Nicotine Pods,15,52.91,2023-12-02
Nicotine Pods,14,16.51,2023-12-02
Vape Juice 30ml,62,49.7,2023-12-02
E-Liquid Premium,63,37.92,2023-12-02
Pod Kit,32,69.72,2023-12-02
Zero Nicotine 30ml,28,38.55,2023-12-02
Starter Kit,9,31.47,2023-12-02
Starter Kit,8,19.21,2023-12-02
Vape Mod XL,24,56.18,2023-12-02
Tanks,9,64.33,2023-12-02
Tanks,8,42.8,2023-12-02
Atomizers,30,43.14,2023-12-02
Vape Juice 60ml,42,40.8,2023-12-02
Tanks,8,82.6,2023-12-02
Cotton Wicking,14,27.37,2023-12-03
Zero Nicotine 30ml,10,39.36,2023-12-03
Nicotine Pods,37,19.31,2023-12-03
Replacement Coils,23,18.57,2023-12-03
Cotton Wicking,12,44.21,2023-12-03
Batteries,33,19.9,2023-12-03
Zero Nicotine 30ml,8,29.08,2023-12-03
Chargers,31,44.38,2023-12-03
Charger,16,9.69,2023-12-03
Tank Glass,11,14.42,2023-12-03
Tank Glass,8,23.6,2023-12-03
Drip Tips,12,26.52,2023-12-03
Battery 18650,21,14.36,2023-12-03
Zero Nicotine 30ml,6,37.94,2023-12-03
Cotton Wicking,14,48.09,2023-12-03
E-Liquid Premium,25,51.68,2023-12-03
Pod Kit,21,53.01,2023-12-03
Vape Mod XL,17,42.27,2023-12-03
Starter Kit,17,32.81,2023-12-03
Tanks,12,57.53,2023-12-03
Tanks,8,47.0,2023-12-03
Tanks,10,58.51,2023-12-03
Pod Kit,19,38.89,2023-12-03
Atomizers,14,45.67,2023-12-03
Atomizers,10,48.06,2023-12-03
Vape Juice 30ml,53,39.07,2023-12-03
Vape Juice 60ml,18,27.13,2023-12-03
Vape Juice 60ml,19,36.83,2023-12-03
E-Liquid Premium,22,24.05,2023-12-03
Nicotine Pods,21,37.5,2023-12-04
Replacement Coils,23,23.83,2023-12-04
Cotton Wicking,26,11.49,2023-12-04
Batteries,24,5.0,2023-12-04
Battery 18650,4,19.65,2023-12-04
Chargers,6,41.75,2023-12-04
Chargers,5,34.61,2023-12-04
Charger,11,24.84,2023-12-04
Tank Glass,17,7.6,2023-12-04
Drip Tips,11,27.22,2023-12-04
Zero Nicotine 30ml,8,20.87,2023-12-04
Battery 18650,3,22.37,2023-12-04
Zero Nicotine 30ml,7,13.89,2023-12-04
E-Liquid Premium,36,61.59,2023-12-04
Pod Kit,13,39.61,2023-12-04
Vape Juice 60ml,34,48.8,2023-12-04
Vape Juice 30ml,32,61.08,2023-12-04
Atomizers,13,57.42,2023-12-04
Atomizers,13,69.74,2023-12-04
Tanks,13,58.98,2023-12-04
Tanks,12,60.47,2023-12-04
Starter Kit,14,35.29,2023-12-04
Vape Mod XL,10,63.71,2023-12-04
Vape Mod XL,11,46.0,2023-12-04
Pod Kit,12,62.67,2023-12-04
Zero Nicotine 30ml,9,74.44,2023-12-04
Replacement Coils,14,14.71,2023-12-05
Cotton Wicking,13,10.94,2023-12-05
Cotton Wicking,10,19.41,2023-12-05
Battery 18650,6,25.85,2023-12-05
Replacement Coils,14,27.2,2023-12-05
Charger,9,20.22,2023-12-05
Tank Glass,8,11.09,2023-12-05
Tank Glass,7,17.46,2023-12-05
Drip Tips,9,5.0,2023-12-05
Battery 18650,9,15.8,2023-12-05
Nicotine Pods,35,18.9,2023-12-05
E-Liquid Premium,30,74.28,2023-12-05
Zero Nicotine 30ml,20,24.07,2023-12-05
Vape Juice 60ml,31,33.84,2023-12-05
Vape Juice 30ml,16,33.55,2023-12-05
Vape Juice 30ml,15,23.81,2023-12-05
Vape Juice 30ml,17,37.56,2023-12-05
Atomizers,18,68.01,2023-12-05
Tanks,25,46.78,2023-12-05
Starter Kit,15,30.68,2023-12-05
Vape Mod XL,18,52.66,2023-12-05
Pod Kit,35,42.86,2023-12-05
Zero Nicotine 30ml,5,36.14,2023-12-06
Nicotine Pods,25,65.35,2023-12-06
Replacement Coils,13,20.18,2023-12-06
Cotton Wicking,4,55.63,2023-12-06
Cotton Wicking,6,80.82,2023-12-06
Cotton Wicking,7,33.69,2023-12-06
Zero Nicotine 30ml,6,26.5,2023-12-06
Battery 18650,10,21.54,2023-12-06
Chargers,10,46.32,2023-12-06
Chargers,9,17.73,2023-12-06
Zero Nicotine 30ml,8,26.39,2023-12-06
Tank Glass,5,5.0,2023-12-06
Batteries,15,5.07,2023-12-06
Tank Glass,6,16.01,2023-12-06
Vape Juice 60ml,18,37.23,2023-12-06
E-Liquid Premium,13,44.4,2023-12-06
Vape Juice 60ml,17,54.99,2023-12-06
Vape Juice 30ml,15,67.71,2023-12-06
Vape Juice 30ml,15,69.71,2023-12-06
Atomizers,7,45.21,2023-12-06
Atomizers,8,29.8,2023-12-06
Tanks,21,53.73,2023-12-06
Starter Kit,9,23.7,2023-12-06
Vape Mod XL,15,22.86,2023-12-06
Pod Kit,14,56.14,2023-12-06
Pod Kit,16,51.94,2023-12-06
E-Liquid Premium,14,57.76,2023-12-06
Batteries,12,7.95,2023-12-07
Replacement Coils,9,20.74,2023-12-07
Cotton Wicking,23,27.32,2023-12-07
Batteries,12,43.15,2023-12-07
Replacement Coils,10,24.23,2023-12-07
Chargers,23,33.11,2023-12-07
Charger,10,14.17,2023-12-07
Tank Glass,15,5.0,2023-12-07
Drip Tips,11,36.28,2023-12-07
Battery 18650,10,27.84,2023-12-07
Nicotine Pods,31,34.19,2023-12-07
Zero Nicotine 30ml,17,41.03,2023-12-07
E-Liquid Premium,46,42.64,2023-12-07
Vape Juice 60ml,38,25.9,2023-12-07
Vape Juice 30ml,15,34.75,2023-12-07
Vape Juice 30ml,16,58.17,2023-12-07
Atomizers,22,77.01,2023-12-07
Tanks,30,60.67,2023-12-07
Starter Kit,9,53.37,2023-12-07
Starter Kit,7,22.2,2023-12-07
Vape Mod XL,6,45.88,2023-12-07
Vape Mod XL,10,66.22,2023-12-07
Pod Kit,33,73.66,2023-12-07
Cotton Wicking,38,33.46,2023-12-08
Batteries,22,21.34,2023-12-08
Battery 18650,7,20.99,2023-12-08
Battery 18650,7,5.33,2023-12-08
Chargers,10,43.38,2023-12-08
Drip Tips,8,29.56,2023-12-08
Charger,16,28.96,2023-12-08
Tank Glass,9,37.99,2023-12-08
Tank Glass,9,17.09,2023-12-08
Drip Tips,9,21.31,2023-12-08
Replacement Coils,25,30.2,2023-12-08
Chargers,6,49.02,2023-12-08
Nicotine Pods,20,83.97,2023-12-08
Nicotine Pods,19,49.27,2023-12-08
Zero Nicotine 30ml,29,37.49,2023-12-08
Pod Kit,19,43.29,2023-12-08
Vape Mod XL,20,63.68,2023-12-08
Starter Kit,7,25.56,2023-12-08
Starter Kit,7,57.36,2023-12-08
Tanks,31,72.01,2023-12-08
Pod Kit,19,43.3,2023-12-08
Atomizers,13,52.96,2023-12-08
Vape Juice 30ml,16,36.29,2023-12-08
Vape Juice 30ml,20,37.61,2023-12-08
Vape Juice 60ml,33,27.03,2023-12-08
E-Liquid Premium,54,37.37,2023-12-08
Atomizers,16,46.51,2023-12-08
Cotton Wicking,10,49.64,2023-12-09
Cotton Wicking,13,64.63,2023-12-09
Cotton Wicking,9,48.39,2023-12-09
Batteries,29,5.0,2023-12-09
Battery 18650,17,15.01,2023-12-09
Charger,6,19.46,2023-12-09
Charger,9,12.32,2023-12-09
Tank Glass,21,13.24,2023-12-09
Drip Tips,9,33.81,2023-12-09
Replacement Coils,13,27.62,2023-12-09
Chargers,26,40.31,2023-12-09
Replacement Coils,12,16.75,2023-12-09
Nicotine Pods,35,24.45,2023-12-09
Zero Nicotine 30ml,22,12.22,2023-12-09
Pod Kit,33,58.07,2023-12-09
Vape Mod XL,14,39.61,2023-12-09
Tanks,21,64.62,2023-12-09
Atomizers,25,43.61,2023-12-09
Starter Kit,15,36.06,2023-12-09
Vape Juice 30ml,19,57.0,2023-12-09
Vape Juice 30ml,18,46.93,2023-12-09
Vape Juice 60ml,35,34.64,2023-12-09
E-Liquid Premium,46,55.17,2023-12-09
Vape Juice 30ml,19,41.84,2023-12-09
Batteries,12,14.31,2023-12-10
Replacement Coils,13,14.96,2023-12-10
Cotton Wicking,11,29.59,2023-12-10
Cotton Wicking,10,80.89,2023-12-10
Batteries,10,52.69,2023-12-10
Battery 18650,17,22.54,2023-12-10
Tank Glass,11,22.41,2023-12-10
Charger,1,21.36,2023-12-10
Charger,3,21.81,2023-12-10
Charger,3,29.88,2023-12-10
Replacement Coils,10,27.13,2023-12-10
Drip Tips,9,41.21,2023-12-10
Chargers,23,61.97,2023-12-10
Nicotine Pods,18,5.0,2023-12-10
Zero Nicotine 30ml,8,36.45,2023-12-10
Pod Kit,9,41.93,2023-12-10
Pod Kit,10,70.74,2023-12-10
Pod Kit,9,63.49,2023-12-10
Nicotine Pods,19,50.25,2023-12-10
Vape Mod XL,9,46.92,2023-12-10
Vape Mod XL,6,28.82,2023-12-10
Atomizers,22,51.77,2023-12-10
Tanks,24,60.65,2023-12-10
Vape Juice 60ml,11,29.03,2023-12-10
Vape Juice 60ml,12,33.43,2023-12-10
E-Liquid Premium,41,36.75,2023-12-10
Zero Nicotine 30ml,11,27.32,2023-12-10
Zero Nicotine 30ml,9,18.17,2023-12-10
Vape Juice 30ml,58,57.85,2023-12-10
Nicotine Pods,12,16.54,2023-12-11
Nicotine Pods,14,60.59,2023-12-11
Replacement Coils,12,17.58,2023-12-11
Zero Nicotine 30ml,23,55.4,2023-12-11
Batteries,16,24.56,2023-12-11
Battery 18650,8,22.36,2023-12-11
Chargers,15,5.05,2023-12-11
Cotton Wicking,15,29.29,2023-12-11
E-Liquid Premium,34,60.54,2023-12-11
Tank Glass,13,17.91,2023-12-11
Vape Juice 30ml,13,72.53,2023-12-11
Pod Kit,9,54.31,2023-12-11
Pod Kit,9,59.44,2023-12-11
Vape Mod XL,10,73.7,2023-12-11
Tanks,6,41.85,2023-12-11
Vape Juice 60ml,23,35.71,2023-12-11
Tanks,5,59.33,2023-12-11
Atomizers,17,35.2,2023-12-11
Vape Juice 30ml,14,18.36,2023-12-11
Tanks,4,51.51,2023-12-11
Replacement Coils,9,11.94,2023-12-12
Drip Tips,7,22.8,2023-12-12
Tank Glass,11,26.3,2023-12-12
Charger,7,12.68,2023-12-12
Chargers,13,41.56,2023-12-12
Battery 18650,10,21.69,2023-12-12
Batteries,14,5.0,2023-12-12
Cotton Wicking,23,23.22,2023-12-12
Replacement Coils,10,6.74,2023-12-12
Nicotine Pods,17,24.13,2023-12-12
Zero Nicotine 30ml,16,21.85,2023-12-12
E-Liquid Premium,40,56.05,2023-12-12
Vape Juice 60ml,27,28.12,2023-12-12
Vape Juice 30ml,27,21.72,2023-12-12
Atomizers,14,31.17,2023-12-12
Tanks,13,64.81,2023-12-12
Starter Kit,5,17.98,2023-12-12
Starter Kit,2,24.29,2023-12-12
Vape Mod XL,9,44.17,2023-12-12
Pod Kit,8,63.35,2023-12-12
Pod Kit,10,54.6,2023-12-12
Replacement Coils,13,16.13,2023-12-13
Cotton Wicking,6,41.36,2023-12-13
Cotton Wicking,5,30.41,2023-12-13
Batteries,10,33.31,2023-12-13
Drip Tips,3,13.83,2023-12-13
Battery 18650,13,21.14,2023-12-13
Tank Glass,8,15.37,2023-12-13
Drip Tips,6,38.67,2023-12-13
Nicotine Pods,9,51.16,2023-12-13
Batteries,8,12.98,2023-12-13
Nicotine Pods,9,24.99,2023-12-13
Vape Mod XL,12,36.99,2023-12-13
E-Liquid Premium,32,44.29,2023-12-13
Vape Juice 60ml,30,40.37,2023-12-13
Vape Juice 30ml,8,32.78,2023-12-13
Vape Juice 30ml,8,24.66,2023-12-13
Vape Juice 30ml,10,55.05,2023-12-13
Atomizers,4,71.06,2023-12-13
Atomizers,7,42.02,2023-12-13
Tanks,19,42.74,2023-12-13
Starter Kit,12,20.69,2023-12-13
Zero Nicotine 30ml,23,5.0,2023-12-13
Nicotine Pods,9,38.14,2023-12-14
Replacement Coils,15,26.66,2023-12-14
Cotton Wicking,28,45.28,2023-12-14
Battery 18650,10,22.72,2023-12-14
Nicotine Pods,9,57.62,2023-12-14
Chargers,5,50.39,2023-12-14
Charger,9,20.29,2023-12-14
Tank Glass,14,15.34,2023-12-14
Chargers,6,29.47,2023-12-14
Nicotine Pods,7,16.32,2023-12-14
Tanks,8,69.95,2023-12-14
E-Liquid Premium,19,45.29,2023-12-14
Pod Kit,26,72.49,2023-12-14
Vape Mod XL,8,28.89,2023-12-14
Vape Mod XL,7,41.9,2023-12-14
Tanks,6,35.27,2023-12-14
E-Liquid Premium,19,36.69,2023-12-14
Atomizers,20,27.38,2023-12-14
Vape Juice 30ml,16,42.9,2023-12-14
Vape Juice 30ml,17,38.94,2023-12-14
Tanks,7,61.05,2023-12-14
Drip Tips,8,30.42,2023-12-15
E-Liquid Premium,21,32.81,2023-12-15
E-Liquid Premium,20,61.82,2023-12-15
Zero Nicotine 30ml,27,5.0,2023-12-15
Nicotine Pods,27,58.73,2023-12-15
Replacement Coils,7,18.89,2023-12-15
Batteries,31,41.36,2023-12-15
Cotton Wicking,30,46.72,2023-12-15
Chargers,19,48.5,2023-12-15
Charger,13,17.03,2023-12-15
Vape Juice 60ml,11,34.87,2023-12-15
Tank Glass,7,14.32,2023-12-15
Replacement Coils,6,15.91,2023-12-15
Tank Glass,8,5.25,2023-12-15
Vape Juice 60ml,10,44.42,2023-12-15
Vape Juice 30ml,23,54.59,2023-12-15
Vape Juice 60ml,13,20.98,2023-12-15
Pod Kit,11,61.21,2023-12-15
Pod Kit,10,41.52,2023-12-15
Vape Mod XL,3,40.94,2023-12-15
Vape Mod XL,6,45.83,2023-12-15
Vape Mod XL,6,63.58,2023-12-15
Pod Kit,12,55.29,2023-12-15
Starter Kit,3,30.36,2023-12-15
Atomizers,6,67.8,2023-12-15
Atomizers,5,43.1,2023-12-15
Atomizers,7,56.68,2023-12-15
Vape Juice 30ml,21,30.48,2023-12-15
Starter Kit,4,34.68,2023-12-15
Replacement Coils,25,25.32,2023-12-16
Drip Tips,4,34.97,2023-12-16
Cotton Wicking,35,31.44,2023-12-16
Battery 18650,15,20.23,2023-12-16
Tank Glass,9,5.0,2023-12-16
Charger,14,20.1,2023-12-16
Tank Glass,9,13.54,2023-12-16
Drip Tips,6,38.2,2023-12-16
Nicotine Pods,23,66.74,2023-12-16
Chargers,17,34.78,2023-12-16
Zero Nicotine 30ml,12,53.1,2023-12-16
Vape Juice 30ml,17,41.21,2023-12-16
E-Liquid Premium,50,56.08,2023-12-16
Vape Juice 60ml,36,26.87,2023-12-16
Vape Juice 30ml,18,46.44,2023-12-16
Atomizers,6,66.02,2023-12-16
Atomizers,4,47.3,2023-12-16
Atomizers,4,53.19,2023-12-16
Tanks,29,55.0,2023-12-16
Starter Kit,7,33.73,2023-12-16
Starter Kit,5,17.89,2023-12-16
Zero Nicotine 30ml,10,33.83,2023-12-16
Batteries,15,24.37,2023-12-17
Batteries,17,45.32,2023-12-17
Battery 18650,3,32.0,2023-12-17
Battery 18650,6,31.16,2023-12-17
Battery 18650,4,19.57,2023-12-17
Drip Tips,9,37.29,2023-12-17
Charger,3,24.28,2023-12-17
Tank Glass,10,5.0,2023-12-17
Tank Glass,7,5.0,2023-12-17
Cotton Wicking,24,16.8,2023-12-17
Charger,4,20.0,2023-12-17
Replacement Coils,22,17.34,2023-12-17
Nicotine Pods,33,36.5,2023-12-17
Pod Kit,27,43.67,2023-12-17
Zero Nicotine 30ml,22,39.23,2023-12-17
Vape Mod XL,15,47.9,2023-12-17
Starter Kit,16,43.62,2023-12-17
Tanks,8,43.29,2023-12-17
Atomizers,9,40.33,2023-12-17
Tanks,10,74.14,2023-12-17
Atomizers,10,75.06,2023-12-17
Vape Juice 30ml,46,62.49,2023-12-17
Vape Juice 60ml,32,19.3,2023-12-17
E-Liquid Premium,17,74.02,2023-12-17
E-Liquid Premium,17,48.0,2023-12-17
Atomizers,8,40.68,2023-12-17
Cotton Wicking,5,37.26,2023-12-18
Nicotine Pods,22,60.79,2023-12-18
Replacement Coils,11,25.82,2023-12-18
Drip Tips,4,27.28,2023-12-18
Cotton Wicking,7,24.54,2023-12-18
E-Liquid Premium,7,80.01,2023-12-18
Battery 18650,13,16.41,2023-12-18
Chargers,12,15.99,2023-12-18
Tank Glass,9,16.86,2023-12-18
Drip Tips,5,5.0,2023-12-18
Batteries,21,29.5,2023-12-18
E-Liquid Premium,8,58.12,2023-12-18
Cotton Wicking,8,86.14,2023-12-18
Vape Juice 60ml,9,50.34,2023-12-18
E-Liquid Premium,7,66.17,2023-12-18
Pod Kit,22,70.66,2023-12-18
Vape Mod XL,8,29.09,2023-12-18
Starter Kit,6,29.78,2023-12-18
Tanks,7,52.6,2023-12-18
Starter Kit,6,26.32,2023-12-18
Atomizers,17,80.45,2023-12-18
Vape Juice 30ml,32,40.27,2023-12-18
Vape Juice 60ml,7,32.43,2023-12-18
Vape Juice 60ml,7,47.54,2023-12-18
Tanks,8,66.24,2023-12-18
Batteries,19,18.94,2023-12-19
Zero Nicotine 30ml,11,35.82,2023-12-19
Nicotine Pods,25,37.89,2023-12-19
Replacement Coils,16,17.61,2023-12-19
Cotton Wicking,25,40.27,2023-12-19
Battery 18650,4,17.83,2023-12-19
Drip Tips,3,56.54,2023-12-19
Charger,6,26.79,2023-12-19
Tank Glass,6,5.0,2023-12-19
Tank Glass,4,16.83,2023-12-19
Drip Tips,1,19.25,2023-12-19
Drip Tips,4,21.03,2023-12-19
Battery 18650,2,22.91,2023-12-19
E-Liquid Premium,33,51.41,2023-12-19
Zero Nicotine 30ml,12,31.45,2023-12-19
Vape Juice 60ml,12,23.22,2023-12-19
Vape Juice 60ml,13,16.28,2023-12-19
Pod Kit,8,31.31,2023-12-19
Pod Kit,11,53.61,2023-12-19
Pod Kit,8,52.98,2023-12-19
Starter Kit,3,43.85,2023-12-19
Starter Kit,3,34.85,2023-12-19
Vape Mod XL,14,55.79,2023-12-19
Tanks,6,49.42,2023-12-19
Tanks,5,70.67,2023-12-19
Atomizers,19,58.82,2023-12-19
Vape Juice 30ml,8,39.32,2023-12-19
Vape Juice 30ml,11,50.13,2023-12-19
Vape Juice 30ml,10,49.87,2023-12-19
Tanks,8,52.62,2023-12-19
Chargers,6,52.28,2023-12-20
Batteries,10,27.43,2023-12-20
Batteries,7,32.61,2023-12-20
Battery 18650,4,18.71,2023-12-20
Battery 18650,7,15.29,2023-12-20
Chargers,10,23.86,2023-12-20
Cotton Wicking,10,16.96,2023-12-20
Charger,3,13.65,2023-12-20
Charger,4,14.36,2023-12-20
Tank Glass,13,6.45,2023-12-20
Drip Tips,1,24.69,2023-12-20
Drip Tips,1,23.75,2023-12-20
Drip Tips,1,23.35,2023-12-20
Charger,5,23.64,2023-12-20
Replacement Coils,15,26.98,2023-12-20
Cotton Wicking,7,26.9,2023-12-20
Pod Kit,21,59.57,2023-12-20
Vape Mod XL,4,65.55,2023-12-20
Vape Mod XL,4,41.49,2023-12-20
Starter Kit,7,28.05,2023-12-20
Atomizers,13,23.88,2023-12-20
Vape Juice 30ml,40,52.03,2023-12-20
Vape Juice 60ml,12,56.76,2023-12-20
Tanks,23,56.77,2023-12-20
E-Liquid Premium,32,64.01,2023-12-20
Zero Nicotine 30ml,8,27.53,2023-12-20
Zero Nicotine 30ml,9,27.69,2023-12-20
Nicotine Pods,7,81.61,2023-12-20
Nicotine Pods,11,41.77,2023-12-20
Vape Juice 60ml,15,46.49,2023-12-20
Nicotine Pods,8,58.18,2023-12-20
Battery 18650,11,17.85,2023-12-21
Replacement Coils,20,26.91,2023-12-21
Cotton Wicking,14,28.26,2023-12-21
Cotton Wicking,15,46.05,2023-12-21
Batteries,10,17.1,2023-12-21
Batteries,11,62.25,2023-12-21
Chargers,16,33.1,2023-12-21
Charger,5,23.29,2023-12-21
Tank Glass,8,8.12,2023-12-21
Tank Glass,8,6.68,2023-12-21
Drip Tips,12,16.08,2023-12-21
Nicotine Pods,24,78.42,2023-12-21
Charger,1,16.63,2023-12-21
E-Liquid Premium,10,68.38,2023-12-21
Vape Juice 30ml,18,43.59,2023-12-21
E-Liquid Premium,12,39.66,2023-12-21
Pod Kit,11,72.2,2023-12-21
Pod Kit,15,40.93,2023-12-21
E-Liquid Premium,11,43.99,2023-12-21
Starter Kit,5,34.7,2023-12-21
Starter Kit,5,44.02,2023-12-21
Tanks,27,73.46,2023-12-21
Vape Mod XL,12,64.37,2023-12-21
Atomizers,6,54.0,2023-12-21
Atomizers,5,56.51,2023-12-21
Vape Juice 30ml,15,49.69,2023-12-21
Vape Juice 30ml,18,51.89,2023-12-21
Vape Juice 60ml,24,53.55,2023-12-21
Atomizers,7,53.29,2023-12-21
Nicotine Pods,32,21.1,2023-12-22
Drip Tips,9,12.91,2023-12-22
Tank Glass,21,5.0,2023-12-22
Charger,15,20.39,2023-12-22
Chargers,26,29.58,2023-12-22
Cotton Wicking,15,55.01,2023-12-22
Cotton Wicking,14,59.16,2023-12-22
Replacement Coils,29,23.16,2023-12-22
Zero Nicotine 30ml,13,42.8,2023-12-22
Zero Nicotine 30ml,9,36.92,2023-12-22
Vape Juice 60ml,47,47.88,2023-12-22
Vape Juice 30ml,20,50.7,2023-12-22
Vape Juice 30ml,17,54.96,2023-12-22
Tanks,29,48.8,2023-12-22
Starter Kit,7,41.75,2023-12-22
Starter Kit,7,55.94,2023-12-22
Vape Mod XL,16,40.92,2023-12-22
Pod Kit,42,50.2,2023-12-22
Zero Nicotine 30ml,11,29.92,2023-12-22
Drip Tips,4,13.94,2023-12-23
Cotton Wicking,17,19.76,2023-12-23
Cotton Wicking,16,27.75,2023-12-23
Batteries,14,27.85,2023-12-23
Batteries,15,5.0,2023-12-23
Battery 18650,19,21.19,2023-12-23
Tank Glass,11,5.66,2023-12-23
Charger,6,17.96,2023-12-23
Charger,3,17.57,2023-12-23
Tank Glass,9,5.0,2023-12-23
Replacement Coils,30,36.22,2023-12-23
Drip Tips,4,30.68,2023-12-23
Chargers,28,14.78,2023-12-23
Nicotine Pods,42,44.62,2023-12-23
Drip Tips,4,27.34,2023-12-23
Zero Nicotine 30ml,9,23.02,2023-12-23
Zero Nicotine 30ml,5,22.99,2023-12-23
Pod Kit,18,52.39,2023-12-23
Pod Kit,16,61.08,2023-12-23
Vape Mod XL,9,40.17,2023-12-23
Starter Kit,7,46.89,2023-12-23
Starter Kit,10,43.56,2023-12-23
Vape Mod XL,10,49.03,2023-12-23
Vape Juice 30ml,28,49.56,2023-12-23
Vape Juice 30ml,28,65.38,2023-12-23
Vape Juice 60ml,41,40.93,2023-12-23
E-Liquid Premium,65,56.58,2023-12-23
Zero Nicotine 30ml,7,23.09,2023-12-23
Tanks,33,49.95,2023-12-23
Battery 18650,3,24.44,2023-12-24
Batteries,11,51.66,2023-12-24
Batteries,13,19.65,2023-12-24
Battery 18650,4,16.6,2023-12-24
Battery 18650,4,18.56,2023-12-24
Chargers,21,22.52,2023-12-24
Cotton Wicking,24,19.17,2023-12-24
Tank Glass,8,26.36,2023-12-24
Tank Glass,10,25.66,2023-12-24
Drip Tips,1,36.39,2023-12-24
Drip Tips,5,29.58,2023-12-24
Drip Tips,1,34.59,2023-12-24
Charger,11,16.62,2023-12-24
Replacement Coils,22,24.26,2023-12-24
Pod Kit,17,53.74,2023-12-24
Nicotine Pods,15,41.1,2023-12-24
Nicotine Pods,15,72.04,2023-12-24
Vape Mod XL,14,71.03,2023-12-24
Starter Kit,6,9.0,2023-12-24
Starter Kit,5,53.1,2023-12-24
Tanks,12,87.21,2023-12-24
Pod Kit,20,66.34,2023-12-24
Atomizers,11,56.58,2023-12-24
Tanks,12,56.61,2023-12-24
E-Liquid Premium,45,51.25,2023-12-24
Zero Nicotine 30ml,26,25.12,2023-12-24
Atomizers,10,73.22,2023-12-24
Vape Juice 30ml,56,48.64,2023-12-24
Drip Tips,2,35.6,2023-12-25
Replacement Coils,18,29.8,2023-12-25
Drip Tips,2,25.19,2023-12-25
Tank Glass,5,20.09,2023-12-25
Chargers,7,44.19,2023-12-25
Chargers,7,21.92,2023-12-25
Chargers,6,59.29,2023-12-25
Battery 18650,11,24.34,2023-12-25
Battery 18650,8,26.62,2023-12-25
Batteries,15,49.87,2023-12-25
Batteries,15,53.72,2023-12-25
Nicotine Pods,12,39.52,2023-12-25
Tank Glass,3,18.82,2023-12-25
Zero Nicotine 30ml,20,35.29,2023-12-25
Nicotine Pods,13,44.37,2023-12-25
Pod Kit,29,57.3,2023-12-25
Vape Mod XL,15,43.18,2023-12-25
Starter Kit,5,45.15,2023-12-25
Starter Kit,5,39.57,2023-12-25
Starter Kit,6,24.95,2023-12-25
Vape Juice 30ml,19,53.07,2023-12-25
Vape Juice 30ml,20,62.73,2023-12-25
Vape Juice 60ml,12,18.85,2023-12-25
Vape Juice 60ml,14,40.86,2023-12-25
Vape Juice 60ml,11,38.37,2023-12-25
Tanks,27,44.51,2023-12-25
Battery 18650,4,24.35,2023-12-26
Cotton Wicking,27,57.17,2023-12-26
Batteries,27,65.93,2023-12-26
Battery 18650,6,16.16,2023-12-26
Battery 18650,6,21.7,2023-12-26
Tank Glass,16,5.0,2023-12-26
Chargers,10,32.85,2023-12-26
Charger,1,28.86,2023-12-26
Charger,3,26.09,2023-12-26
Charger,4,21.49,2023-12-26
Replacement Coils,12,30.69,2023-12-26
Chargers,8,32.63,2023-12-26
Replacement Coils,10,31.22,2023-12-26
E-Liquid Premium,53,28.17,2023-12-26
Nicotine Pods,12,92.86,2023-12-26
Pod Kit,41,56.34,2023-12-26
Tanks,11,64.97,2023-12-26
Nicotine Pods,10,46.6,2023-12-26
Tanks,11,61.21,2023-12-26
Atomizers,24,68.42,2023-12-26
Tanks,7,64.78,2023-12-26
Vape Juice 30ml,9,51.33,2023-12-26
Vape Juice 30ml,10,36.23,2023-12-26
Vape Juice 60ml,40,41.23,2023-12-26
Zero Nicotine 30ml,29,27.7,2023-12-26
Nicotine Pods,11,44.11,2023-12-26
Vape Juice 30ml,12,46.43,2023-12-26
Replacement Coils,6,16.65,2023-12-27
Batteries,27,18.32,2023-12-27
Replacement Coils,6,16.91,2023-12-27
Cotton Wicking,14,46.78,2023-12-27
Cotton Wicking,17,31.74,2023-12-27
Battery 18650,18,23.43,2023-12-27
Tank Glass,14,21.38,2023-12-27
Charger,4,12.43,2023-12-27
Charger,6,18.79,2023-12-27
Drip Tips,5,49.2,2023-12-27
Drip Tips,7,26.71,2023-12-27
Replacement Coils,9,9.8,2023-12-27
Chargers,10,26.85,2023-12-27
Nicotine Pods,12,36.99,2023-12-27
Chargers,12,61.41,2023-12-27
Nicotine Pods,10,50.97,2023-12-27
Vape Mod XL,2,62.66,2023-12-27
Nicotine Pods,9,40.77,2023-12-27
Vape Mod XL,5,45.34,2023-12-27
Starter Kit,16,49.0,2023-12-27
Tanks,14,44.74,2023-12-27
Pod Kit,22,56.12,2023-12-27
Vape Mod XL,4,51.56,2023-12-27
Atomizers,15,53.85,2023-12-27
Vape Juice 30ml,56,36.44,2023-12-27
Vape Juice 60ml,26,31.86,2023-12-27
E-Liquid Premium,48,44.55,2023-12-27
Zero Nicotine 30ml,13,32.82,2023-12-27
Zero Nicotine 30ml,11,15.24,2023-12-27
Tanks,16,51.74,2023-12-27
Nicotine Pods,18,41.92,2023-12-28
Replacement Coils,23,22.31,2023-12-28
Cotton Wicking,8,38.34,2023-12-28
Cotton Wicking,12,41.1,2023-12-28
Cotton Wicking,10,9.62,2023-12-28
Battery 18650,20,25.39,2023-12-28
Batteries,15,17.38,2023-12-28
Charger,13,20.46,2023-12-28
Tank Glass,16,10.87,2023-12-28
Nicotine Pods,17,50.14,2023-12-28
Batteries,16,20.62,2023-12-28
Zero Nicotine 30ml,11,33.57,2023-12-28
E-Liquid Premium,60,25.62,2023-12-28
Zero Nicotine 30ml,12,18.57,2023-12-28
Zero Nicotine 30ml,14,49.47,2023-12-28
Vape Mod XL,7,38.4,2023-12-28
Starter Kit,18,59.51,2023-12-28
Tanks,29,66.76,2023-12-28
Atomizers,16,72.57,2023-12-28
Vape Mod XL,6,50.79,2023-12-28
Vape Juice 30ml,66,51.07,2023-12-28
Vape Juice 60ml,20,32.35,2023-12-28
Vape Juice 60ml,19,37.53,2023-12-28
Atomizers,14,48.06,2023-12-28
Cotton Wicking,17,39.09,2023-12-29
Drip Tips,7,37.67,2023-12-29
Drip Tips,4,10.11,2023-12-29
Tank Glass,22,6.15,2023-12-29
Charger,5,16.43,2023-12-29
Charger,4,19.75,2023-12-29
Chargers,19,24.09,2023-12-29
Battery 18650,20,20.64,2023-12-29
Batteries,40,13.77,2023-12-29
Cotton Wicking,18,5.9,2023-12-29
Replacement Coils,28,5.0,2023-12-29
Vape Juice 60ml,59,26.8,2023-12-29
E-Liquid Premium,29,61.37,2023-12-29
Zero Nicotine 30ml,28,17.63,2023-12-29
Starter Kit,12,31.75,2023-12-29
Starter Kit,10,52.67,2023-12-29
Tanks,20,54.86,2023-12-29
Vape Mod XL,22,53.87,2023-12-29
Atomizers,23,67.23,2023-12-29
Vape Juice 30ml,51,39.38,2023-12-29
E-Liquid Premium,28,40.82,2023-12-29
Tanks,22,67.81,2023-12-29
Tank Glass,22,5.49,2023-12-30
Charger,18,18.96,2023-12-30
Chargers,14,22.93,2023-12-30
Chargers,17,49.69,2023-12-30
Battery 18650,21,22.89,2023-12-30
Batteries,30,45.99,2023-12-30
Cotton Wicking,42,65.74,2023-12-30
Replacement Coils,24,10.38,2023-12-30
Nicotine Pods,11,78.24,2023-12-30
Nicotine Pods,10,54.34,2023-12-30
Nicotine Pods,9,69.07,2023-12-30
Vape Juice 60ml,54,36.28,2023-12-30
Vape Juice 30ml,23,32.22,2023-12-30
Vape Juice 30ml,23,51.16,2023-12-30
Atomizers,9,52.03,2023-12-30
Atomizers,11,33.13,2023-12-30
Tanks,29,53.87,2023-12-30
Starter Kit,22,23.56,2023-12-30
Vape Mod XL,15,55.68,2023-12-30
Pod Kit,33,42.66,2023-12-30
E-Liquid Premium,62,24.31,2023-12-30
Cotton Wicking,13,30.5,2023-12-31
Cotton Wicking,16,43.35,2023-12-31
Batteries,27,44.09,2023-12-31
Battery 18650,17,10.74,2023-12-31
Chargers,9,68.98,2023-12-31
Drip Tips,6,42.39,2023-12-31
Drip Tips,4,26.15,2023-12-31
Tank Glass,20,18.68,2023-12-31
Drip Tips,6,37.85,2023-12-31
Replacement Coils,30,29.44,2023-12-31
Chargers,13,5.0,2023-12-31
Nicotine Pods,35,38.9,2023-12-31
Charger,18,9.02,2023-12-31
Zero Nicotine 30ml,13,33.26,2023-12-31
Pod Kit,34,53.98,2023-12-31
Vape Mod XL,21,76.3,2023-12-31
Starter Kit,19,34.39,2023-12-31
Tanks,20,77.74,2023-12-31
Tanks,20,46.5,2023-12-31
Zero Nicotine 30ml,14,36.91,2023-12-31
Vape Juice 30ml,36,59.11,2023-12-31
Vape Juice 30ml,33,48.38,2023-12-31
Vape Juice 60ml,35,13.78,2023-12-31
E-Liquid Premium,71,38.72,2023-12-31
Atomizers,33,63.79,2023-12-31
Cotton Wicking,8,62.99,2024-01-01
Drip Tips,1,35.69,2024-01-01
Drip Tips,1,35.64,2024-01-01
Tank Glass,12,28.29,2024-01-01
Charger,3,18.55,2024-01-01
Charger,4,20.4,2024-01-01
Chargers,10,58.05,2024-01-01
Batteries,9,11.99,2024-01-01
Batteries,8,25.76,2024-01-01
Cotton Wicking,9,40.23,2024-01-01
Replacement Coils,9,27.73,2024-01-01
Drip Tips,2,39.67,2024-01-01
Zero Nicotine 30ml,19,48.17,2024-01-01
Vape Mod XL,4,47.34,2024-01-01
Vape Mod XL,5,52.71,2024-01-01
Tanks,11,53.24,2024-01-01
Atomizers,13,19.66,2024-01-01
Nicotine Pods,22,66.98,2024-01-01
Vape Juice 30ml,13,53.29,2024-01-01
Vape Juice 60ml,16,35.55,2024-01-01
E-Liquid Premium,13,45.25,2024-01-01
E-Liquid Premium,14,47.15,2024-01-01
Vape Juice 30ml,13,59.86,2024-01-01
Replacement Coils,11,15.3,2024-01-02
Tank Glass,3,11.01,2024-01-02
Tank Glass,7,17.64,2024-01-02
Chargers,10,49.97,2024-01-02
Battery 18650,7,19.27,2024-01-02
Batteries,4,60.15,2024-01-02
Batteries,5,17.32,2024-01-02
Cotton Wicking,18,45.82,2024-01-02
Drip Tips,6,38.68,2024-01-02
Nicotine Pods,22,48.84,2024-01-02
E-Liquid Premium,10,60.91,2024-01-02
Vape Juice 30ml,20,24.04,2024-01-02
Atomizers,13,57.46,2024-01-02
Tanks,3,46.71,2024-01-02
Tanks,7,69.54,2024-01-02
Tanks,7,73.05,2024-01-02
Vape Mod XL,7,47.49,2024-01-02
Pod Kit,8,60.36,2024-01-02
Pod Kit,10,33.72,2024-01-02
E-Liquid Premium,12,58.5,2024-01-02
Replacement Coils,11,23.44,2024-01-03
Cotton Wicking,20,5.0,2024-01-03
Batteries,14,61.53,2024-01-03
Battery 18650,1,16.26,2024-01-03
Battery 18650,5,20.13,2024-01-03
Drip Tips,1,41.36,2024-01-03
Charger,5,22.36,2024-01-03
Tank Glass,7,18.34,2024-01-03
Drip Tips,2,5.48,2024-01-03
Nicotine Pods,7,49.85,2024-01-03
Chargers,11,58.51,2024-01-03
Nicotine Pods,6,48.9,2024-01-03
Pod Kit,8,37.43,2024-01-03
Vape Juice 30ml,21,52.93,2024-01-03
Atomizers,15,25.28,2024-01-03
Tanks,4,65.71,2024-01-03
Tanks,6,50.39,2024-01-03
Tanks,5,53.84,2024-01-03
Starter Kit,1,49.09,2024-01-03
Starter Kit,2,49.87,2024-01-03
Vape Mod XL,6,51.85,2024-01-03
Vape Mod XL,6,45.88,2024-01-03
Pod Kit,6,53.91,2024-01-03
Pod Kit,9,60.79,2024-01-03
Zero Nicotine 30ml,16,32.81,2024-01-03
Nicotine Pods,24,57.85,2024-01-04
Replacement Coils,18,19.93,2024-01-04
Cotton Wicking,24,97.31,2024-01-04
Batteries,13,11.01,2024-01-04
Drip Tips,4,26.95,2024-01-04
Chargers,10,11.94,2024-01-04
Charger,10,11.23,2024-01-04
Tank Glass,10,10.41,2024-01-04
Drip Tips,1,16.58,2024-01-04
E-Liquid Premium,28,55.15,2024-01-04
Battery 18650,10,26.64,2024-01-04
Vape Juice 60ml,16,43.38,2024-01-04
Atomizers,4,43.0,2024-01-04
Vape Juice 30ml,29,61.89,2024-01-04
Pod Kit,9,52.4,2024-01-04
Pod Kit,7,71.55,2024-01-04
Vape Juice 60ml,17,42.04,2024-01-04
Vape Mod XL,13,37.53,2024-01-04
Starter Kit,7,37.01,2024-01-04
Pod Kit,10,54.62,2024-01-04
Tanks,5,31.35,2024-01-04
Tanks,8,77.27,2024-01-04
Atomizers,2,40.52,2024-01-04
Atomizers,3,35.1,2024-01-04
Tanks,8,52.04,2024-01-04
Cotton Wicking,9,63.54,2024-01-05
Battery 18650,5,13.95,2024-01-05
Batteries,8,41.88,2024-01-05
Batteries,9,47.47,2024-01-05
Batteries,6,41.28,2024-01-05
Battery 18650,4,12.88,2024-01-05
Drip Tips,9,32.59,2024-01-05
Chargers,8,59.28,2024-01-05
Chargers,10,21.48,2024-01-05
Tank Glass,3,14.37,2024-01-05
Tank Glass,5,5.0,2024-01-05
Cotton Wicking,9,51.56,2024-01-05
Battery 18650,6,18.51,2024-01-05
Cotton Wicking,10,45.11,2024-01-05
Charger,11,30.75,2024-01-05
Replacement Coils,6,13.85,2024-01-05
Pod Kit,29,68.51,2024-01-05
Starter Kit,10,27.83,2024-01-05
Replacement Coils,6,18.63,2024-01-05
Tanks,21,37.64,2024-01-05
Atomizers,13,31.18,2024-01-05
Vape Juice 30ml,47,42.09,2024-01-05
Vape Mod XL,14,71.2,2024-01-05
Vape Juice 60ml,14,19.97,2024-01-05
E-Liquid Premium,45,42.7,2024-01-05
Nicotine Pods,11,36.17,2024-01-05
Nicotine Pods,11,39.95,2024-01-05
Replacement Coils,5,29.45,2024-01-05
Vape Juice 60ml,14,31.34,2024-01-05
Replacement Coils,4,40.1,2024-01-06
Battery 18650,4,19.98,2024-01-06
Battery 18650,4,29.68,2024-01-06
Chargers,4,42.77,2024-01-06
Chargers,4,51.37,2024-01-06
Charger,1,21.3,2024-01-06
Charger,1,13.79,2024-01-06
Tank Glass,12,14.01,2024-01-06
Drip Tips,6,25.36,2024-01-06
Replacement Coils,7,33.72,2024-01-06
Charger,2,16.83,2024-01-06
Replacement Coils,8,24.22,2024-01-06
Nicotine Pods,8,40.5,2024-01-06
Zero Nicotine 30ml,14,53.48,2024-01-06
Vape Juice 60ml,9,41.64,2024-01-06
Vape Juice 60ml,11,38.6,2024-01-06
Vape Juice 60ml,8,47.03,2024-01-06
Atomizers,16,68.34,2024-01-06
Tanks,11,57.92,2024-01-06
Tanks,11,62.81,2024-01-06
Starter Kit,8,37.8,2024-01-06
Vape Mod XL,8,60.03,2024-01-06
Pod Kit,31,49.01,2024-01-06
Nicotine Pods,10,5.0,2024-01-06
Battery 18650,5,21.1,2024-01-07
Battery 18650,5,25.52,2024-01-07
Chargers,5,18.3,2024-01-07
Chargers,1,34.83,2024-01-07
Chargers,1,67.15,2024-01-07
Drip Tips,5,16.57,2024-01-07
Tank Glass,3,8.19,2024-01-07
Tank Glass,5,8.13,2024-01-07
Tank Glass,3,18.1,2024-01-07
Drip Tips,2,32.43,2024-01-07
Charger,6,7.54,2024-01-07
Batteries,12,25.85,2024-01-07
Batteries,10,60.62,2024-01-07
Cotton Wicking,16,36.24,2024-01-07
Replacement Coils,17,26.43,2024-01-07
Nicotine Pods,23,29.29,2024-01-07
Zero Nicotine 30ml,20,5.0,2024-01-07
E-Liquid Premium,32,26.25,2024-01-07
Vape Juice 60ml,21,43.4,2024-01-07
Vape Juice 30ml,16,41.54,2024-01-07
Vape Juice 30ml,15,58.88,2024-01-07
Atomizers,16,56.9,2024-01-07
Tanks,15,74.16,2024-01-07
Pod Kit,19,46.0,2024-01-07
Zero Nicotine 30ml,7,21.43,2024-01-08
Nicotine Pods,13,53.14,2024-01-08
Replacement Coils,4,12.8,2024-01-08
Replacement Coils,3,26.48,2024-01-08
Cotton Wicking,16,33.8,2024-01-08
Drip Tips,7,31.89,2024-01-08
Battery 18650,8,22.54,2024-01-08
Chargers,8,22.16,2024-01-08
Charger,7,24.29,2024-01-08
Zero Nicotine 30ml,7,36.85,2024-01-08
Batteries,16,52.55,2024-01-08
E-Liquid Premium,6,21.13,2024-01-08
E-Liquid Premium,6,60.55,2024-01-08
Vape Juice 60ml,14,13.64,2024-01-08
Pod Kit,8,55.92,2024-01-08
Vape Mod XL,8,30.57,2024-01-08
Starter Kit,3,47.4,2024-01-08
Starter Kit,2,32.39,2024-01-08
Tanks,12,45.11,2024-01-08
Pod Kit,10,84.27,2024-01-08
Atomizers,5,41.54,2024-01-08
Vape Juice 30ml,6,44.71,2024-01-08
Vape Juice 30ml,6,18.64,2024-01-08
Vape Juice 30ml,7,47.54,2024-01-08
Atomizers,5,21.3,2024-01-08
Cotton Wicking,16,5.0,2024-01-09
Battery 18650,6,20.69,2024-01-09
Chargers,11,60.09,2024-01-09
Charger,3,19.23,2024-01-09
Charger,1,24.64,2024-01-09
Tank Glass,7,11.2,2024-01-09
Drip Tips,1,21.93,2024-01-09
Drip Tips,1,14.07,2024-01-09
Drip Tips,2,32.72,2024-01-09
Replacement Coils,3,19.5,2024-01-09
Charger,1,18.31,2024-01-09
Replacement Coils,4,20.65,2024-01-09
Batteries,10,8.36,2024-01-09
Zero Nicotine 30ml,9,30.8,2024-01-09
Pod Kit,21,43.93,2024-01-09
Vape Mod XL,10,48.52,2024-01-09
Starter Kit,3,40.02,2024-01-09
Starter Kit,1,33.16,2024-01-09
Tanks,5,76.9,2024-01-09
Nicotine Pods,15,37.85,2024-01-09
Atomizers,11,71.64,2024-01-09
Vape Juice 60ml,11,25.32,2024-01-09
Vape Juice 60ml,9,32.46,2024-01-09
E-Liquid Premium,18,35.3,2024-01-09
Tanks,7,45.56,2024-01-09
Nicotine Pods,5,29.11,2024-01-10
Replacement Coils,5,6.94,2024-01-10
Replacement Coils,6,34.68,2024-01-10
Cotton Wicking,6,45.08,2024-01-10
Cotton Wicking,7,59.17,2024-01-10
Cotton Wicking,4,52.1,2024-01-10
Battery 18650,2,19.15,2024-01-10
Battery 18650,2,28.12,2024-01-10
Battery 18650,1,19.9,2024-01-10
Chargers,7,10.22,2024-01-10
Nicotine Pods,7,50.39,2024-01-10
Tank Glass,6,28.27,2024-01-10
Drip Tips,5,25.56,2024-01-10
Batteries,13,73.34,2024-01-10
Charger,5,20.54,2024-01-10
Zero Nicotine 30ml,11,19.64,2024-01-10
E-Liquid Premium,9,45.38,2024-01-10
E-Liquid Premium,5,63.9,2024-01-10
Pod Kit,3,58.8,2024-01-10
Pod Kit,3,53.79,2024-01-10
Vape Mod XL,4,68.65,2024-01-10
Vape Mod XL,3,67.85,2024-01-10
Starter Kit,1,37.06,2024-01-10
Pod Kit,5,55.33,2024-01-10
Tanks,5,46.78,2024-01-10
Tanks,5,49.89,2024-01-10
Atomizers,8,70.3,2024-01-10
Vape Juice 30ml,27,45.65,2024-01-10
Vape Juice 60ml,13,22.45,2024-01-10
Starter Kit,2,34.7,2024-01-10
Cotton Wicking,8,5.0,2024-01-11
Cotton Wicking,7,40.31,2024-01-11
Batteries,10,22.99,2024-01-11
Battery 18650,6,18.46,2024-01-11
Battery 18650,6,19.16,2024-01-11
Tank Glass,2,7.25,2024-01-11
Tank Glass,1,11.42,2024-01-11
Drip Tips,2,38.62,2024-01-11
Drip Tips,1,38.18,2024-01-11
Drip Tips,3,15.72,2024-01-11
Charger,7,20.49,2024-01-11
Replacement Coils,11,21.67,2024-01-11
E-Liquid Premium,25,38.38,2024-01-11
Zero Nicotine 30ml,14,50.83,2024-01-11
Pod Kit,16,44.89,2024-01-11
Vape Mod XL,6,40.38,2024-01-11
Starter Kit,1,19.53,2024-01-11
Starter Kit,3,12.17,2024-01-11
Starter Kit,1,38.8,2024-01-11
Nicotine Pods,21,87.65,2024-01-11
Tanks,6,76.9,2024-01-11
Atomizers,13,54.76,2024-01-11
Vape Juice 30ml,21,38.1,2024-01-11
Vape Juice 60ml,22,36.94,2024-01-11
Tanks,5,68.82,2024-01-11
Cotton Wicking,3,36.55,2024-01-12
Tank Glass,12,24.6,2024-01-12
Charger,7,11.64,2024-01-12
Chargers,12,63.41,2024-01-12
Battery 18650,3,27.43,2024-01-12
Battery 18650,2,18.73,2024-01-12
Battery 18650,3,16.96,2024-01-12
Batteries,13,35.17,2024-01-12
Cotton Wicking,6,14.56,2024-01-12
Cotton Wicking,3,32.24,2024-01-12
Drip Tips,6,36.09,2024-01-12
Replacement Coils,16,28.43,2024-01-12
Zero Nicotine 30ml,8,21.43,2024-01-12
Nicotine Pods,15,48.63,2024-01-12
Pod Kit,26,45.2,2024-01-12
Vape Mod XL,11,39.09,2024-01-12
Atomizers,8,54.69,2024-01-12
Atomizers,8,74.96,2024-01-12
Tanks,15,53.07,2024-01-12
Vape Juice 30ml,16,46.88,2024-01-12
Vape Juice 60ml,25,30.62,2024-01-12
E-Liquid Premium,35,47.46,2024-01-12
Zero Nicotine 30ml,5,45.42,2024-01-12
Vape Juice 30ml,14,40.95,2024-01-12
Drip Tips,2,43.16,2024-01-13
Nicotine Pods,4,19.51,2024-01-13
Nicotine Pods,6,39.67,2024-01-13
Nicotine Pods,6,59.5,2024-01-13
Replacement Coils,14,20.58,2024-01-13
Cotton Wicking,4,11.68,2024-01-13
Drip Tips,1,14.81,2024-01-13
Battery 18650,3,21.15,2024-01-13
Battery 18650,2,14.76,2024-01-13
Chargers,12,38.07,2024-01-13
Tank Glass,8,15.66,2024-01-13
Zero Nicotine 30ml,16,26.36,2024-01-13
Batteries,14,33.47,2024-01-13
E-Liquid Premium,13,51.16,2024-01-13
Cotton Wicking,6,32.46,2024-01-13
Vape Juice 60ml,7,38.67,2024-01-13
E-Liquid Premium,15,62.79,2024-01-13
Pod Kit,7,48.93,2024-01-13
Vape Mod XL,13,65.28,2024-01-13
Starter Kit,2,7.25,2024-01-13
Starter Kit,4,34.85,2024-01-13
Starter Kit,2,21.34,2024-01-13
Pod Kit,7,50.01,2024-01-13
Tanks,8,53.78,2024-01-13
Atomizers,10,49.34,2024-01-13
Vape Juice 30ml,38,53.56,2024-01-13
Vape Juice 60ml,7,44.12,2024-01-13
Vape Juice 60ml,6,28.52,2024-01-13
Tanks,10,48.41,2024-01-13
Replacement Coils,17,12.2,2024-01-14
Cotton Wicking,11,5.0,2024-01-14
Cotton Wicking,8,44.78,2024-01-14
Batteries,16,44.86,2024-01-14
Battery 18650,7,5.0,2024-01-14
Charger,8,17.0,2024-01-14
Chargers,8,36.67,2024-01-14
Tank Glass,11,18.24,2024-01-14
Drip Tips,5,26.04,2024-01-14
Nicotine Pods,21,34.72,2024-01-14
Chargers,6,16.61,2024-01-14
Zero Nicotine 30ml,8,34.74,2024-01-14
E-Liquid Premium,10,59.92,2024-01-14
E-Liquid Premium,13,51.38,2024-01-14
Zero Nicotine 30ml,7,26.36,2024-01-14
Vape Mod XL,13,57.65,2024-01-14
Starter Kit,6,39.55,2024-01-14
Tanks,6,51.59,2024-01-14
Tanks,8,26.49,2024-01-14
Pod Kit,19,51.7,2024-01-14
Atomizers,12,48.76,2024-01-14
Vape Juice 30ml,38,30.62,2024-01-14
Vape Juice 60ml,30,46.67,2024-01-14
Tanks,4,58.42,2024-01-14
E-Liquid Premium,12,35.64,2024-01-15
Drip Tips,5,23.63,2024-01-15
Tank Glass,7,8.81,2024-01-15
Charger,1,23.47,2024-01-15
Charger,4,17.29,2024-01-15
Battery 18650,8,14.89,2024-01-15
Batteries,9,31.35,2024-01-15
Nicotine Pods,18,10.07,2024-01-15
Zero Nicotine 30ml,14,35.61,2024-01-15
E-Liquid Premium,10,52.72,2024-01-15
Replacement Coils,8,21.52,2024-01-15
Vape Juice 60ml,12,28.05,2024-01-15
Pod Kit,9,55.72,2024-01-15
Vape Mod XL,7,51.34,2024-01-15
Starter Kit,3,31.76,2024-01-15
Starter Kit,1,31.4,2024-01-15
Pod Kit,6,61.26,2024-01-15
Vape Juice 60ml,10,37.8,2024-01-15
Atomizers,6,68.33,2024-01-15
Atomizers,4,25.83,2024-01-15
Tanks,9,75.23,2024-01-15
Replacement Coils,11,28.62,2024-01-16
Tank Glass,6,21.05,2024-01-16
Chargers,6,50.98,2024-01-16
Chargers,5,34.37,2024-01-16
Battery 18650,9,20.04,2024-01-16
Batteries,13,5.0,2024-01-16
Cotton Wicking,11,17.86,2024-01-16
Nicotine Pods,13,17.6,2024-01-16
Drip Tips,4,29.47,2024-01-16
E-Liquid Premium,11,38.58,2024-01-16
Pod Kit,19,49.87,2024-01-16
Vape Mod XL,7,64.87,2024-01-16
Starter Kit,8,51.92,2024-01-16
E-Liquid Premium,14,35.45,2024-01-16
Atomizers,11,38.94,2024-01-16
Vape Juice 30ml,16,43.02,2024-01-16
Vape Juice 60ml,17,36.56,2024-01-16
Tanks,8,56.77,2024-01-16
Cotton Wicking,12,63.05,2024-01-17
Tank Glass,6,10.07,2024-01-17
Charger,6,23.29,2024-01-17
Chargers,3,27.75,2024-01-17
Chargers,1,40.21,2024-01-17
Battery 18650,7,21.13,2024-01-17
Batteries,12,41.93,2024-01-17
Drip Tips,4,20.4,2024-01-17
Replacement Coils,8,29.95,2024-01-17
Zero Nicotine 30ml,13,29.72,2024-01-17
E-Liquid Premium,19,54.37,2024-01-17
Vape Juice 30ml,22,57.44,2024-01-17
Atomizers,8,66.79,2024-01-17
Tanks,6,72.48,2024-01-17
Tanks,3,58.8,2024-01-17
Vape Mod XL,6,46.46,2024-01-17
Pod Kit,18,73.52,2024-01-17
Nicotine Pods,13,15.15,2024-01-17
Cotton Wicking,19,34.46,2024-01-18
Tank Glass,3,12.94,2024-01-18
Batteries,5,62.07,2024-01-18
Battery 18650,6,16.91,2024-01-18
Tank Glass,3,12.38,2024-01-18
Chargers,12,51.95,2024-01-18
Charger,5,28.77,2024-01-18
Replacement Coils,8,29.76,2024-01-18
Battery 18650,5,15.47,2024-01-18
Nicotine Pods,16,81.07,2024-01-18
Batteries,8,43.38,2024-01-18
E-Liquid Premium,17,38.78,2024-01-18
Vape Juice 60ml,20,46.38,2024-01-18
Vape Juice 30ml,12,44.31,2024-01-18
Vape Juice 30ml,16,40.65,2024-01-18
Atomizers,13,61.51,2024-01-18
Tanks,11,56.78,2024-01-18
Vape Mod XL,6,49.62,2024-01-18
Vape Mod XL,6,85.52,2024-01-18
Pod Kit,21,60.1,2024-01-18
Zero Nicotine 30ml,12,29.31,2024-01-18
Cotton Wicking,7,19.4,2024-01-19
Cotton Wicking,8,24.79,2024-01-19
Batteries,8,55.4,2024-01-19
Batteries,7,31.05,2024-01-19
Battery 18650,5,13.25,2024-01-19
Tank Glass,10,18.43,2024-01-19
Battery 18650,3,7.86,2024-01-19
Chargers,9,65.09,2024-01-19
Charger,8,29.66,2024-01-19
Replacement Coils,11,17.6,2024-01-19
Drip Tips,6,40.84,2024-01-19
Battery 18650,2,13.07,2024-01-19
Nicotine Pods,8,32.3,2024-01-19
Nicotine Pods,7,66.15,2024-01-19
Nicotine Pods,10,69.25,2024-01-19
Pod Kit,21,58.19,2024-01-19
Starter Kit,7,48.2,2024-01-19
Tanks,5,69.48,2024-01-19
Tanks,5,49.45,2024-01-19
Vape Juice 30ml,9,25.55,2024-01-19
Vape Mod XL,8,45.24,2024-01-19
Vape Juice 60ml,20,35.3,2024-01-19
E-Liquid Premium,13,42.68,2024-01-19
E-Liquid Premium,15,52.58,2024-01-19
Zero Nicotine 30ml,17,28.79,2024-01-19
Vape Juice 30ml,12,52.31,2024-01-19
Batteries,6,30.69,2024-01-20
Drip Tips,2,23.01,2024-01-20
Tank Glass,10,6.37,2024-01-20
Charger,9,17.92,2024-01-20
Chargers,5,19.92,2024-01-20
Chargers,7,24.01,2024-01-20
Battery 18650,12,19.33,2024-01-20
Batteries,6,26.63,2024-01-20
Cotton Wicking,16,35.76,2024-01-20
Drip Tips,3,18.48,2024-01-20
Nicotine Pods,17,36.3,2024-01-20
Vape Juice 60ml,22,34.03,2024-01-20
Vape Juice 30ml,16,52.47,2024-01-20
Vape Juice 30ml,15,31.56,2024-01-20
Atomizers,15,63.91,2024-01-20
Tanks,14,67.98,2024-01-20
Starter Kit,11,39.2,2024-01-20
Vape Mod XL,5,35.42,2024-01-20
Vape Mod XL,7,57.65,2024-01-20
Replacement Coils,15,23.1,2024-01-20
Nicotine Pods,14,54.04,2024-01-21
Cotton Wicking,20,40.78,2024-01-21
Batteries,20,17.08,2024-01-21
Battery 18650,9,17.25,2024-01-21
Chargers,4,73.61,2024-01-21
Tank Glass,3,5.88,2024-01-21
Chargers,6,42.71,2024-01-21
Tank Glass,7,30.32,2024-01-21
Nicotine Pods,15,5.0,2024-01-21
Drip Tips,9,21.45,2024-01-21
Chargers,5,37.4,2024-01-21
E-Liquid Premium,37,33.13,2024-01-21
Charger,8,16.6,2024-01-21
Vape Juice 30ml,35,34.21,2024-01-21
Vape Juice 60ml,32,23.14,2024-01-21
Pod Kit,26,64.06,2024-01-21
Vape Mod XL,10,60.55,2024-01-21
Starter Kit,4,30.23,2024-01-21
Starter Kit,4,33.42,2024-01-21
Starter Kit,4,31.23,2024-01-21
Tanks,6,49.12,2024-01-21
Tanks,6,73.99,2024-01-21
Atomizers,4,53.5,2024-01-21
Atomizers,6,41.59,2024-01-21
Atomizers,5,45.52,2024-01-21
Tanks,6,55.33,2024-01-21
Batteries,9,76.06,2024-01-22
Replacement Coils,7,31.81,2024-01-22
Cotton Wicking,7,28.58,2024-01-22
Cotton Wicking,4,11.05,2024-01-22
Battery 18650,2,9.65,2024-01-22
Tank Glass,2,23.03,2024-01-22
Chargers,7,20.61,2024-01-22
Charger,2,19.36,2024-01-22
Charger,2,11.99,2024-01-22
Tank Glass,5,9.1,2024-01-22
Replacement Coils,3,22.09,2024-01-22
Battery 18650,6,21.89,2024-01-22
Nicotine Pods,14,43.52,2024-01-22
Vape Juice 60ml,10,38.41,2024-01-22
Zero Nicotine 30ml,1,11.68,2024-01-22
Zero Nicotine 30ml,4,27.96,2024-01-22
E-Liquid Premium,19,39.52,2024-01-22
Vape Juice 60ml,10,22.55,2024-01-22
Vape Juice 30ml,25,33.53,2024-01-22
Atomizers,10,49.19,2024-01-22
Tanks,16,67.06,2024-01-22
Starter Kit,7,44.36,2024-01-22
Vape Mod XL,6,50.67,2024-01-22
Pod Kit,8,55.4,2024-01-22
Pod Kit,11,60.42,2024-01-22
Zero Nicotine 30ml,4,17.35,2024-01-22
Battery 18650,1,19.72,2024-01-23
Cotton Wicking,6,55.68,2024-01-23
Batteries,16,65.54,2024-01-23
Battery 18650,4,15.18,2024-01-23
Cotton Wicking,5,11.73,2024-01-23
Chargers,11,44.64,2024-01-23
Charger,6,17.89,2024-01-23
Tank Glass,7,15.07,2024-01-23
Drip Tips,2,21.35,2024-01-23
Battery 18650,3,23.51,2024-01-23
Replacement Coils,11,7.12,2024-01-23
Drip Tips,3,18.13,2024-01-23
Zero Nicotine 30ml,7,41.77,2024-01-23
Pod Kit,18,66.39,2024-01-23
Nicotine Pods,11,81.96,2024-01-23
Vape Mod XL,8,82.06,2024-01-23
Starter Kit,6,24.65,2024-01-23
Tanks,13,65.37,2024-01-23
Starter Kit,5,24.82,2024-01-23
Atomizers,4,61.7,2024-01-23
Vape Juice 60ml,20,39.84,2024-01-23
E-Liquid Premium,28,51.74,2024-01-23
Zero Nicotine 30ml,8,36.71,2024-01-23
Atomizers,4,58.13,2024-01-23
Battery 18650,5,24.79,2024-01-24
Batteries,5,22.06,2024-01-24
Batteries,2,32.29,2024-01-24
Batteries,1,50.02,2024-01-24
Battery 18650,2,23.65,2024-01-24
Chargers,9,50.19,2024-01-24
Drip Tips,1,26.21,2024-01-24
Tank Glass,1,19.67,2024-01-24
Tank Glass,2,17.21,2024-01-24
Tank Glass,4,17.57,2024-01-24
Drip Tips,1,15.69,2024-01-24
Cotton Wicking,13,20.53,2024-01-24
Drip Tips,1,28.77,2024-01-24
Charger,6,25.26,2024-01-24
Replacement Coils,3,17.34,2024-01-24
Replacement Coils,3,16.4,2024-01-24
Replacement Coils,5,12.66,2024-01-24
Pod Kit,5,48.88,2024-01-24
Pod Kit,7,40.86,2024-01-24
Starter Kit,2,25.22,2024-01-24
Starter Kit,3,31.59,2024-01-24
Tanks,14,40.25,2024-01-24
Atomizers,8,37.57,2024-01-24
Pod Kit,6,55.06,2024-01-24
Vape Juice 30ml,17,20.07,2024-01-24
Vape Juice 60ml,16,28.07,2024-01-24
E-Liquid Premium,24,33.13,2024-01-24
Zero Nicotine 30ml,16,22.82,2024-01-24
Nicotine Pods,17,13.91,2024-01-24
Vape Juice 30ml,16,36.64,2024-01-24
Replacement Coils,10,29.9,2024-01-25
Cotton Wicking,14,5.7,2024-01-25
Batteries,18,37.08,2024-01-25
Battery 18650,10,24.3,2024-01-25
Tank Glass,10,23.15,2024-01-25
Charger,8,14.45,2024-01-25
Drip Tips,5,29.18,2024-01-25
Drip Tips,3,24.94,2024-01-25
Nicotine Pods,9,36.05,2024-01-25
Chargers,15,19.14,2024-01-25
Nicotine Pods,8,58.26,2024-01-25
E-Liquid Premium,13,51.6,2024-01-25
Zero Nicotine 30ml,23,29.25,2024-01-25
E-Liquid Premium,12,46.28,2024-01-25
Vape Juice 60ml,24,22.79,2024-01-25
Vape Juice 30ml,13,50.33,2024-01-25
Vape Juice 30ml,14,64.18,2024-01-25
Atomizers,14,59.58,2024-01-25
Tanks,11,69.48,2024-01-25
Tanks,13,66.78,2024-01-25
Vape Mod XL,12,47.99,2024-01-25
Pod Kit,26,71.96,2024-01-25
Replacement Coils,5,16.54,2024-01-26
Replacement Coils,8,17.33,2024-01-26
Replacement Coils,9,22.58,2024-01-26
Cotton Wicking,26,61.99,2024-01-26
Batteries,6,15.8,2024-01-26
Zero Nicotine 30ml,12,46.88,2024-01-26
Batteries,6,15.09,2024-01-26
Chargers,13,18.83,2024-01-26
Charger,11,22.86,2024-01-26
Zero Nicotine 30ml,13,27.29,2024-01-26
Drip Tips,7,49.19,2024-01-26
Batteries,6,48.45,2024-01-26
Tank Glass,10,18.25,2024-01-26
Vape Juice 30ml,21,48.42,2024-01-26
E-Liquid Premium,17,48.39,2024-01-26
Pod Kit,9,62.23,2024-01-26
Pod Kit,8,43.82,2024-01-26
Pod Kit,9,80.47,2024-01-26
Vape Mod XL,6,40.68,2024-01-26
E-Liquid Premium,15,37.15,2024-01-26
Starter Kit,5,39.59,2024-01-26
Vape Mod XL,5,44.84,2024-01-26
Tanks,26,73.25,2024-01-26
Atomizers,22,15.55,2024-01-26
Vape Juice 30ml,21,47.71,2024-01-26
Vape Juice 60ml,33,42.45,2024-01-26
Starter Kit,6,47.45,2024-01-26
Batteries,9,35.85,2024-01-27
Cotton Wicking,14,33.6,2024-01-27
Cotton Wicking,13,36.14,2024-01-27
Batteries,7,10.97,2024-01-27
Batteries,5,26.45,2024-01-27
Replacement Coils,18,21.37,2024-01-27
Chargers,21,60.03,2024-01-27
Charger,12,20.63,2024-01-27
Tank Glass,8,11.1,2024-01-27
Tank Glass,5,21.3,2024-01-27
Drip Tips,10,10.65,2024-01-27
Battery 18650,13,19.01,2024-01-27
Nicotine Pods,23,11.59,2024-01-27
Vape Juice 30ml,22,33.22,2024-01-27
Zero Nicotine 30ml,10,49.98,2024-01-27
Pod Kit,11,57.77,2024-01-27
Vape Mod XL,16,38.92,2024-01-27
Starter Kit,12,12.87,2024-01-27
Tanks,11,72.99,2024-01-27
Tanks,11,62.74,2024-01-27
Pod Kit,10,55.48,2024-01-27
Zero Nicotine 30ml,8,12.37,2024-01-27
Vape Juice 30ml,23,45.11,2024-01-27
Vape Juice 60ml,31,32.92,2024-01-27
E-Liquid Premium,36,43.33,2024-01-27
Atomizers,17,92.64,2024-01-27
Nicotine Pods,8,34.17,2024-01-28
Replacement Coils,22,20.71,2024-01-28
Cotton Wicking,29,19.95,2024-01-28
Batteries,19,22.01,2024-01-28
Battery 18650,13,20.33,2024-01-28
Charger,8,17.5,2024-01-28
Tank Glass,5,7.96,2024-01-28
Tank Glass,7,12.2,2024-01-28
Drip Tips,8,52.48,2024-01-28
Nicotine Pods,7,31.28,2024-01-28
Chargers,14,61.16,2024-01-28
Nicotine Pods,7,46.82,2024-01-28
Zero Nicotine 30ml,11,41.95,2024-01-28
Zero Nicotine 30ml,15,15.95,2024-01-28
Pod Kit,32,38.07,2024-01-28
Vape Mod XL,10,54.56,2024-01-28
Vape Mod XL,7,44.35,2024-01-28
Tanks,12,60.95,2024-01-28
Tanks,12,56.46,2024-01-28
Starter Kit,14,30.36,2024-01-28
Vape Juice 60ml,13,41.2,2024-01-28
Vape Juice 60ml,17,28.22,2024-01-28
E-Liquid Premium,17,48.0,2024-01-28
E-Liquid Premium,19,73.49,2024-01-28
Vape Juice 30ml,48,17.13,2024-01-28
Cotton Wicking,8,43.51,2024-01-29
Cotton Wicking,8,29.82,2024-01-29
Cotton Wicking,7,26.02,2024-01-29
Drip Tips,8,35.15,2024-01-29
Batteries,17,59.23,2024-01-29
Tank Glass,7,5.56,2024-01-29
Chargers,15,45.03,2024-01-29
Charger,1,15.43,2024-01-29
Charger,4,12.37,2024-01-29
Tank Glass,7,10.02,2024-01-29
Replacement Coils,5,24.25,2024-01-29
Battery 18650,7,18.04,2024-01-29
Replacement Coils,5,28.02,2024-01-29
Vape Juice 60ml,9,40.35,2024-01-29
Nicotine Pods,16,47.94,2024-01-29
Vape Mod XL,8,43.82,2024-01-29
Starter Kit,4,19.11,2024-01-29
Starter Kit,3,33.39,2024-01-29
Tanks,20,43.31,2024-01-29
Pod Kit,19,40.65,2024-01-29
Vape Juice 30ml,21,49.26,2024-01-29
Vape Juice 60ml,9,33.77,2024-01-29
E-Liquid Premium,35,54.1,2024-01-29
Zero Nicotine 30ml,15,30.83,2024-01-29
Atomizers,14,48.36,2024-01-29
Replacement Coils,4,23.92,2024-01-29
Zero Nicotine 30ml,17,7.08,2024-01-30
Drip Tips,8,40.4,2024-01-30
Tank Glass,8,18.11,2024-01-30
Charger,6,16.24,2024-01-30
Chargers,14,51.77,2024-01-30
Battery 18650,7,7.12,2024-01-30
Cotton Wicking,8,60.86,2024-01-30
Cotton Wicking,8,47.88,2024-01-30
Nicotine Pods,25,73.84,2024-01-30
E-Liquid Premium,29,45.39,2024-01-30
Vape Juice 30ml,14,35.94,2024-01-30
Vape Juice 30ml,17,57.91,2024-01-30
Atomizers,10,63.49,2024-01-30
Tanks,17,41.44,2024-01-30
Starter Kit,8,40.23,2024-01-30
Vape Mod XL,9,55.16,2024-01-30
Pod Kit,23,57.78,2024-01-30
Vape Juice 60ml,23,44.28,2024-01-30
Replacement Coils,5,21.71,2024-01-31
Batteries,5,41.37,2024-01-31
Batteries,4,25.86,2024-01-31
Batteries,2,7.09,2024-01-31
Tank Glass,12,10.76,2024-01-31
Battery 18650,6,15.08,2024-01-31
Charger,5,23.97,2024-01-31
Drip Tips,5,29.99,2024-01-31
Replacement Coils,3,13.49,2024-01-31
Battery 18650,6,19.6,2024-01-31
Nicotine Pods,20,38.83,2024-01-31
Chargers,9,51.39,2024-01-31
E-Liquid Premium,14,48.58,2024-01-31
Pod Kit,16,48.42,2024-01-31
Starter Kit,2,32.8,2024-01-31
Zero Nicotine 30ml,18,35.96,2024-01-31
Starter Kit,3,31.42,2024-01-31
Atomizers,14,44.7,2024-01-31
Vape Mod XL,12,61.55,2024-01-31
Vape Juice 60ml,4,48.52,2024-01-31
Vape Juice 60ml,4,51.32,2024-01-31
Vape Juice 60ml,4,28.74,2024-01-31
E-Liquid Premium,15,62.82,2024-01-31
Vape Juice 30ml,23,49.65,2024-01-31
Cotton Wicking,24,26.15,2024-02-01
Drip Tips,7,28.32,2024-02-01
Drip Tips,7,13.22,2024-02-01
Tank Glass,5,10.9,2024-02-01
Tank Glass,9,17.21,2024-02-01
Charger,11,18.4,2024-02-01
Chargers,20,31.06,2024-02-01
Battery 18650,16,21.44,2024-02-01
Batteries,28,51.11,2024-02-01
Replacement Coils,15,16.45,2024-02-01
Zero Nicotine 30ml,9,22.87,2024-02-01
Zero Nicotine 30ml,11,34.3,2024-02-01
Vape Juice 60ml,34,37.76,2024-02-01
Vape Juice 30ml,27,37.55,2024-02-01
Vape Juice 30ml,26,33.84,2024-02-01
Atomizers,24,52.61,2024-02-01
Starter Kit,16,41.96,2024-02-01
Vape Mod XL,11,31.47,2024-02-01
Pod Kit,23,50.48,2024-02-01
Nicotine Pods,23,50.07,2024-02-01
Nicotine Pods,25,45.74,2024-02-02
Nicotine Pods,22,28.39,2024-02-02
Replacement Coils,19,24.29,2024-02-02
Cotton Wicking,33,41.96,2024-02-02
Drip Tips,9,24.05,2024-02-02
Chargers,22,55.22,2024-02-02
Charger,13,19.82,2024-02-02
Tank Glass,20,21.23,2024-02-02
Batteries,36,41.4,2024-02-02
Zero Nicotine 30ml,16,22.24,2024-02-02
Pod Kit,43,50.3,2024-02-02
E-Liquid Premium,26,40.7,2024-02-02
E-Liquid Premium,26,21.47,2024-02-02
Vape Juice 30ml,27,55.25,2024-02-02
Vape Juice 30ml,25,43.65,2024-02-02
Atomizers,23,44.37,2024-02-02
Starter Kit,13,20.4,2024-02-02
Vape Mod XL,9,16.82,2024-02-02
Vape Mod XL,10,50.58,2024-02-02
Zero Nicotine 30ml,19,33.98,2024-02-02
Replacement Coils,9,36.16,2024-02-03
Replacement Coils,11,20.44,2024-02-03
Cotton Wicking,29,5.0,2024-02-03
Batteries,7,7.98,2024-02-03
Batteries,8,52.03,2024-02-03
Drip Tips,5,26.26,2024-02-03
Chargers,29,34.48,2024-02-03
Charger,14,22.12,2024-02-03
Tank Glass,19,21.58,2024-02-03
Drip Tips,8,10.46,2024-02-03
Nicotine Pods,22,91.98,2024-02-03
Batteries,9,50.11,2024-02-03
Nicotine Pods,22,36.95,2024-02-03
Atomizers,9,60.92,2024-02-03
E-Liquid Premium,18,53.51,2024-02-03
Vape Mod XL,18,26.87,2024-02-03
Starter Kit,8,37.64,2024-02-03
Starter Kit,8,48.77,2024-02-03
Atomizers,7,33.35,2024-02-03
Pod Kit,43,57.86,2024-02-03
Zero Nicotine 30ml,30,27.32,2024-02-03
Vape Juice 60ml,22,51.73,2024-02-03
Vape Juice 60ml,21,41.5,2024-02-03
E-Liquid Premium,19,50.0,2024-02-03
E-Liquid Premium,18,50.02,2024-02-03
Vape Juice 30ml,58,56.36,2024-02-03
Batteries,16,40.91,2024-02-04
Battery 18650,14,19.5,2024-02-04
Chargers,23,21.69,2024-02-04
Charger,4,9.58,2024-02-04
Drip Tips,7,25.47,2024-02-04
Charger,4,13.22,2024-02-04
Tank Glass,9,20.57,2024-02-04
Drip Tips,3,27.73,2024-02-04
Batteries,13,64.04,2024-02-04
Charger,3,20.79,2024-02-04
Tank Glass,10,19.58,2024-02-04
Cotton Wicking,36,30.37,2024-02-04
Replacement Coils,10,32.28,2024-02-04
Replacement Coils,7,20.22,2024-02-04
Pod Kit,39,56.24,2024-02-04
Vape Mod XL,6,54.41,2024-02-04
Starter Kit,14,54.24,2024-02-04
Tanks,22,50.32,2024-02-04
Vape Mod XL,7,31.9,2024-02-04
Vape Juice 60ml,40,54.46,2024-02-04
Zero Nicotine 30ml,37,51.42,2024-02-04
Nicotine Pods,35,43.09,2024-02-04
Replacement Coils,10,15.29,2024-02-04
Vape Juice 30ml,55,44.87,2024-02-04
Chargers,13,41.77,2024-02-05
Batteries,6,36.08,2024-02-05
Batteries,7,29.41,2024-02-05
Batteries,4,57.79,2024-02-05
Battery 18650,12,23.09,2024-02-05
Charger,4,12.14,2024-02-05
Drip Tips,1,26.85,2024-02-05
Charger,5,14.85,2024-02-05
Tank Glass,4,31.41,2024-02-05
Tank Glass,7,6.14,2024-02-05
Drip Tips,1,20.46,2024-02-05
Cotton Wicking,17,45.36,2024-02-05
Drip Tips,4,32.38,2024-02-05
Replacement Coils,19,28.81,2024-02-05
Vape Juice 30ml,15,38.91,2024-02-05
Nicotine Pods,8,45.0,2024-02-05
Pod Kit,33,64.96,2024-02-05
Vape Mod XL,8,52.79,2024-02-05
Vape Mod XL,7,81.93,2024-02-05
Starter Kit,9,37.94,2024-02-05
Tanks,20,61.5,2024-02-05
Nicotine Pods,8,78.34,2024-02-05
Vape Juice 60ml,8,33.8,2024-02-05
Vape Juice 60ml,8,41.74,2024-02-05
Vape Juice 60ml,9,49.87,2024-02-05
E-Liquid Premium,37,45.98,2024-02-05
Nicotine Pods,4,22.89,2024-02-05
Vape Juice 30ml,13,43.42,2024-02-05
Cotton Wicking,18,12.17,2024-02-06
Batteries,14,31.05,2024-02-06
Battery 18650,4,13.43,2024-02-06
Battery 18650,5,21.0,2024-02-06
Battery 18650,6,29.31,2024-02-06
Tank Glass,3,11.22,2024-02-06
Charger,6,13.66,2024-02-06
Tank Glass,4,7.05,2024-02-06
Drip Tips,2,53.04,2024-02-06
Drip Tips,6,32.36,2024-02-06
Replacement Coils,10,21.49,2024-02-06
Chargers,12,50.81,2024-02-06
Nicotine Pods,21,58.11,2024-02-06
Zero Nicotine 30ml,8,24.96,2024-02-06
Zero Nicotine 30ml,8,23.79,2024-02-06
Pod Kit,10,44.47,2024-02-06
Pod Kit,9,58.04,2024-02-06
Vape Mod XL,8,62.05,2024-02-06
Starter Kit,3,9.18,2024-02-06
Tanks,15,47.08,2024-02-06
Starter Kit,5,38.61,2024-02-06
Atomizers,3,43.3,2024-02-06
Atomizers,6,75.45,2024-02-06
Vape Juice 60ml,21,31.59,2024-02-06
E-Liquid Premium,33,72.82,2024-02-06
Atomizers,2,29.28,2024-02-06
Batteries,18,52.53,2024-02-07
Replacement Coils,6,11.77,2024-02-07
Drip Tips,1,16.82,2024-02-07
Cotton Wicking,22,29.43,2024-02-07
Battery 18650,8,17.42,2024-02-07
Drip Tips,3,33.6,2024-02-07
Chargers,8,39.1,2024-02-07
Charger,3,22.38,2024-02-07
Charger,4,15.4,2024-02-07
Tank Glass,11,13.12,2024-02-07
Replacement Coils,5,8.84,2024-02-07
Chargers,7,45.38,2024-02-07
Nicotine Pods,9,21.71,2024-02-07
Vape Juice 60ml,12,36.47,2024-02-07
Zero Nicotine 30ml,5,43.32,2024-02-07
Vape Mod XL,10,50.5,2024-02-07
Starter Kit,2,29.31,2024-02-07
Starter Kit,5,49.98,2024-02-07
Tanks,23,61.96,2024-02-07
Atomizers,8,63.79,2024-02-07
Pod Kit,24,60.82,2024-02-07
Vape Juice 30ml,36,27.4,2024-02-07
Vape Juice 60ml,13,46.21,2024-02-07
E-Liquid Premium,40,48.88,2024-02-07
Zero Nicotine 30ml,6,31.26,2024-02-07
Atomizers,5,61.78,2024-02-07
Nicotine Pods,10,44.47,2024-02-07
Replacement Coils,13,25.74,2024-02-08
Drip Tips,7,45.08,2024-02-08
Charger,5,24.6,2024-02-08
Charger,4,17.0,2024-02-08
Chargers,10,42.17,2024-02-08
Chargers,10,30.78,2024-02-08
Battery 18650,15,27.93,2024-02-08
Batteries,23,29.58,2024-02-08
Cotton Wicking,8,5.0,2024-02-08
Cotton Wicking,9,46.38,2024-02-08
Zero Nicotine 30ml,15,5.0,2024-02-08
E-Liquid Premium,44,39.23,2024-02-08
Vape Juice 60ml,21,17.19,2024-02-08
Vape Juice 30ml,22,48.88,2024-02-08
Vape Juice 30ml,18,40.1,2024-02-08
Atomizers,14,46.72,2024-02-08
Tanks,23,45.59,2024-02-08
Starter Kit,8,53.54,2024-02-08
Vape Mod XL,9,60.3,2024-02-08
Pod Kit,31,55.09,2024-02-08
Nicotine Pods,25,43.29,2024-02-08
Batteries,19,49.96,2024-02-09
Battery 18650,6,20.38,2024-02-09
Battery 18650,7,18.16,2024-02-09
Chargers,5,40.91,2024-02-09
Drip Tips,9,25.96,2024-02-09
Charger,9,18.09,2024-02-09
Tank Glass,4,34.3,2024-02-09
Tank Glass,6,19.34,2024-02-09
Cotton Wicking,18,23.29,2024-02-09
Chargers,6,34.72,2024-02-09
Cotton Wicking,16,48.02,2024-02-09
Chargers,3,32.61,2024-02-09
Replacement Coils,10,11.17,2024-02-09
Vape Mod XL,7,48.37,2024-02-09
Vape Mod XL,10,64.73,2024-02-09
Starter Kit,14,29.91,2024-02-09
Tanks,27,63.99,2024-02-09
Atomizers,19,64.21,2024-02-09
Pod Kit,28,63.76,2024-02-09
Vape Juice 30ml,52,34.14,2024-02-09
E-Liquid Premium,34,41.36,2024-02-09
Nicotine Pods,24,37.68,2024-02-09
Replacement Coils,8,13.16,2024-02-09
Replacement Coils,9,16.33,2024-02-09
Nicotine Pods,26,59.86,2024-02-10
Replacement Coils,15,5.0,2024-02-10
Cotton Wicking,21,14.71,2024-02-10
Batteries,9,5.0,2024-02-10
Batteries,8,40.44,2024-02-10
Chargers,16,18.33,2024-02-10
Charger,8,15.82,2024-02-10
Drip Tips,6,42.07,2024-02-10
Drip Tips,7,24.65,2024-02-10
Zero Nicotine 30ml,12,41.26,2024-02-10
Batteries,8,49.98,2024-02-10
Zero Nicotine 30ml,13,51.71,2024-02-10
E-Liquid Premium,22,37.22,2024-02-10
Vape Mod XL,7,35.57,2024-02-10
Vape Juice 60ml,11,25.35,2024-02-10
Vape Juice 60ml,15,34.21,2024-02-10
Vape Juice 60ml,15,24.97,2024-02-10
Vape Juice 30ml,43,43.78,2024-02-10
Atomizers,17,72.47,2024-02-10
Tanks,7,55.72,2024-02-10
Tanks,11,75.01,2024-02-10
Starter Kit,15,36.73,2024-02-10
Vape Mod XL,6,55.06,2024-02-10
E-Liquid Premium,22,56.36,2024-02-10
Nicotine Pods,14,55.76,2024-02-11
Cotton Wicking,17,39.56,2024-02-11
Batteries,11,17.55,2024-02-11
Batteries,13,30.35,2024-02-11
Nicotine Pods,14,25.35,2024-02-11
Chargers,21,45.67,2024-02-11
Tank Glass,15,19.7,2024-02-11
Drip Tips,12,34.83,2024-02-11
Battery 18650,13,15.61,2024-02-11
Zero Nicotine 30ml,13,28.08,2024-02-11
Replacement Coils,16,5.71,2024-02-11
E-Liquid Premium,25,55.54,2024-02-11
E-Liquid Premium,26,48.69,2024-02-11
Vape Juice 60ml,32,29.63,2024-02-11
Vape Juice 30ml,49,48.37,2024-02-11
Tanks,9,44.77,2024-02-11
Tanks,10,71.52,2024-02-11
Starter Kit,10,40.29,2024-02-11
Vape Mod XL,7,56.97,2024-02-11
Vape Mod XL,8,58.24,2024-02-11
Zero Nicotine 30ml,14,33.6,2024-02-11
Cotton Wicking,9,37.59,2024-02-12
Cotton Wicking,8,62.98,2024-02-12
Batteries,4,28.75,2024-02-12
Batteries,5,5.0,2024-02-12
Battery 18650,12,14.61,2024-02-12
Chargers,12,53.05,2024-02-12
Tank Glass,2,21.74,2024-02-12
Charger,3,11.84,2024-02-12
Charger,4,19.95,2024-02-12
Tank Glass,4,28.64,2024-02-12
Tank Glass,5,14.89,2024-02-12
Drip Tips,9,27.7,2024-02-12
Charger,2,22.22,2024-02-12
Nicotine Pods,20,15.75,2024-02-12
Replacement Coils,15,24.18,2024-02-12
E-Liquid Premium,29,36.17,2024-02-12
Zero Nicotine 30ml,14,17.55,2024-02-12
Pod Kit,10,53.94,2024-02-12
Pod Kit,10,62.18,2024-02-12
Vape Mod XL,7,74.18,2024-02-12
Starter Kit,8,45.87,2024-02-12
Tanks,9,74.15,2024-02-12
Vape Mod XL,7,49.24,2024-02-12
Atomizers,16,47.96,2024-02-12
Vape Juice 30ml,21,70.17,2024-02-12
Vape Juice 30ml,21,44.41,2024-02-12
Vape Juice 60ml,12,43.12,2024-02-12
Vape Juice 60ml,14,30.74,2024-02-12
Tanks,7,63.27,2024-02-12
Battery 18650,3,18.04,2024-02-13
Cotton Wicking,7,40.62,2024-02-13
Batteries,4,10.78,2024-02-13
Batteries,5,6.53,2024-02-13
Battery 18650,6,22.34,2024-02-13
Cotton Wicking,7,82.35,2024-02-13
Chargers,6,12.81,2024-02-13
Charger,5,18.96,2024-02-13
Tank Glass,10,5.0,2024-02-13
Drip Tips,3,37.88,2024-02-13
Drip Tips,3,8.87,2024-02-13
Chargers,6,53.09,2024-02-13
Replacement Coils,16,26.77,2024-02-13
Chargers,5,55.58,2024-02-13
Nicotine Pods,7,51.05,2024-02-13
Pod Kit,24,76.91,2024-02-13
Starter Kit,8,41.63,2024-02-13
Tanks,11,60.91,2024-02-13
Nicotine Pods,8,36.9,2024-02-13
Tanks,9,44.87,2024-02-13
Vape Mod XL,12,60.62,2024-02-13
Vape Juice 60ml,20,38.35,2024-02-13
E-Liquid Premium,14,63.28,2024-02-13
E-Liquid Premium,14,40.75,2024-02-13
Zero Nicotine 30ml,7,31.73,2024-02-13
Zero Nicotine 30ml,8,47.19,2024-02-13
Atomizers,9,63.36,2024-02-13
Cotton Wicking,6,27.26,2024-02-14
Batteries,14,17.08,2024-02-14
Battery 18650,7,18.68,2024-02-14
Battery 18650,6,21.91,2024-02-14
Charger,5,21.7,2024-02-14
Chargers,5,30.34,2024-02-14
Tank Glass,9,5.58,2024-02-14
Drip Tips,6,15.61,2024-02-14
Cotton Wicking,7,28.65,2024-02-14
Chargers,6,29.22,2024-02-14
Cotton Wicking,7,47.19,2024-02-14
Replacement Coils,16,12.59,2024-02-14
Starter Kit,4,15.73,2024-02-14
Nicotine Pods,10,14.1,2024-02-14
Zero Nicotine 30ml,15,17.77,2024-02-14
E-Liquid Premium,35,41.81,2024-02-14
Vape Juice 60ml,25,22.76,2024-02-14
Vape Juice 30ml,37,40.65,2024-02-14
Atomizers,12,66.24,2024-02-14
Tanks,18,58.74,2024-02-14
Starter Kit,4,47.59,2024-02-14
Vape Mod XL,9,50.04,2024-02-14
Pod Kit,23,58.69,2024-02-14
Nicotine Pods,11,27.05,2024-02-14
Replacement Coils,9,18.62,2024-02-15
Replacement Coils,9,22.08,2024-02-15
Nicotine Pods,9,24.12,2024-02-15
Cotton Wicking,9,48.86,2024-02-15
Nicotine Pods,13,32.71,2024-02-15
Cotton Wicking,8,38.93,2024-02-15
Tank Glass,4,6.81,2024-02-15
Battery 18650,2,22.65,2024-02-15
Chargers,6,31.02,2024-02-15
Chargers,7,28.61,2024-02-15
Charger,7,11.95,2024-02-15
Tank Glass,4,11.67,2024-02-15
Drip Tips,7,30.0,2024-02-15
Zero Nicotine 30ml,8,17.48,2024-02-15
Battery 18650,4,20.55,2024-02-15
Zero Nicotine 30ml,4,24.17,2024-02-15
Zero Nicotine 30ml,6,37.02,2024-02-15
Pod Kit,7,54.29,2024-02-15
Pod Kit,8,52.33,2024-02-15
Starter Kit,1,43.98,2024-02-15
Starter Kit,1,42.3,2024-02-15
Starter Kit,4,54.25,2024-02-15
Pod Kit,9,51.03,2024-02-15
Tanks,8,67.21,2024-02-15
Atomizers,13,47.98,2024-02-15
Vape Juice 30ml,39,38.77,2024-02-15
Vape Juice 60ml,25,41.04,2024-02-15
E-Liquid Premium,24,62.74,2024-02-15
Tanks,9,65.62,2024-02-15
Batteries,7,23.92,2024-02-16
Drip Tips,10,25.41,2024-02-16
Tank Glass,11,25.05,2024-02-16
Charger,8,19.36,2024-02-16
Chargers,7,49.74,2024-02-16
Chargers,6,51.03,2024-02-16
Battery 18650,4,19.75,2024-02-16
Battery 18650,5,16.39,2024-02-16
Batteries,10,19.34,2024-02-16
Replacement Coils,13,20.94,2024-02-16
Charger,6,16.95,2024-02-16
E-Liquid Premium,47,51.42,2024-02-16
Pod Kit,36,56.8,2024-02-16
Starter Kit,12,28.43,2024-02-16
Tanks,9,74.95,2024-02-16
Tanks,7,39.12,2024-02-16
Nicotine Pods,33,46.97,2024-02-16
Atomizers,19,44.02,2024-02-16
Vape Juice 30ml,51,47.48,2024-02-16
Vape Juice 60ml,36,28.02,2024-02-16
Tanks,9,57.53,2024-02-16
Replacement Coils,10,26.89,2024-02-17
Drip Tips,3,24.69,2024-02-17
Drip Tips,5,29.2,2024-02-17
Tank Glass,17,8.41,2024-02-17
Charger,9,19.6,2024-02-17
Battery 18650,14,29.47,2024-02-17
Batteries,9,59.76,2024-02-17
Batteries,9,33.96,2024-02-17
Cotton Wicking,25,31.8,2024-02-17
Drip Tips,2,15.1,2024-02-17
Replacement Coils,8,21.9,2024-02-17
Nicotine Pods,12,27.5,2024-02-17
E-Liquid Premium,22,65.7,2024-02-17
E-Liquid Premium,23,45.39,2024-02-17
Vape Juice 30ml,54,40.11,2024-02-17
Atomizers,18,47.38,2024-02-17
Tanks,24,60.11,2024-02-17
Vape Mod XL,17,84.25,2024-02-17
Pod Kit,16,57.48,2024-02-17
Pod Kit,19,60.93,2024-02-17
Nicotine Pods,11,26.75,2024-02-17
Battery 18650,5,18.14,2024-02-18
Battery 18650,8,24.2,2024-02-18
Chargers,20,43.53,2024-02-18
Drip Tips,7,21.73,2024-02-18
Batteries,25,59.93,2024-02-18
Charger,8,26.98,2024-02-18
Tank Glass,5,5.0,2024-02-18
Tank Glass,4,15.3,2024-02-18
Charger,5,19.3,2024-02-18
Cotton Wicking,28,56.19,2024-02-18
Starter Kit,3,45.59,2024-02-18
Zero Nicotine 30ml,18,31.84,2024-02-18
Pod Kit,16,48.67,2024-02-18
Pod Kit,17,54.69,2024-02-18
Vape Mod XL,16,45.21,2024-02-18
Starter Kit,5,17.59,2024-02-18
Nicotine Pods,22,60.56,2024-02-18
Vape Juice 30ml,16,46.68,2024-02-18
Vape Juice 30ml,15,52.29,2024-02-18
Vape Juice 60ml,29,23.14,2024-02-18
Atomizers,13,54.97,2024-02-18
Nicotine Pods,9,53.76,2024-02-19
Drip Tips,7,46.25,2024-02-19
Tank Glass,9,18.33,2024-02-19
Charger,6,18.02,2024-02-19
Chargers,10,36.98,2024-02-19
Batteries,13,43.89,2024-02-19
Cotton Wicking,13,44.65,2024-02-19
Replacement Coils,10,19.84,2024-02-19
Nicotine Pods,10,34.12,2024-02-19
Zero Nicotine 30ml,13,5.0,2024-02-19
E-Liquid Premium,10,37.2,2024-02-19
Vape Juice 60ml,21,55.46,2024-02-19
Vape Juice 30ml,26,34.64,2024-02-19
Atomizers,6,42.5,2024-02-19
Atomizers,8,68.7,2024-02-19
Tanks,9,71.97,2024-02-19
Tanks,5,73.2,2024-02-19
Starter Kit,3,40.79,2024-02-19
Starter Kit,5,37.41,2024-02-19
Vape Mod XL,12,62.85,2024-02-19
Pod Kit,20,43.53,2024-02-19
E-Liquid Premium,12,34.78,2024-02-19
Replacement Coils,11,9.2,2024-02-20
Cotton Wicking,21,22.14,2024-02-20
Batteries,18,37.41,2024-02-20
Battery 18650,11,23.01,2024-02-20
Chargers,2,47.07,2024-02-20
Drip Tips,8,27.66,2024-02-20
Chargers,3,26.88,2024-02-20
Charger,3,20.14,2024-02-20
Charger,5,19.42,2024-02-20
Tank Glass,12,19.26,2024-02-20
Chargers,5,16.59,2024-02-20
Zero Nicotine 30ml,19,41.31,2024-02-20
Nicotine Pods,21,53.89,2024-02-20
Vape Juice 60ml,27,32.55,2024-02-20
E-Liquid Premium,23,60.41,2024-02-20
Pod Kit,11,71.36,2024-02-20
Vape Mod XL,11,40.87,2024-02-20
Starter Kit,1,33.81,2024-02-20
Starter Kit,1,46.56,2024-02-20
Starter Kit,5,41.72,2024-02-20
Pod Kit,8,61.35,2024-02-20
Tanks,6,41.41,2024-02-20
Atomizers,3,80.37,2024-02-20
Atomizers,3,62.99,2024-02-20
Atomizers,3,60.43,2024-02-20
Tanks,6,46.15,2024-02-20
Nicotine Pods,11,91.72,2024-02-21
Replacement Coils,17,16.66,2024-02-21
Cotton Wicking,21,38.32,2024-02-21
Batteries,15,11.85,2024-02-21
Battery 18650,8,23.17,2024-02-21
Charger,5,26.68,2024-02-21
Chargers,10,24.93,2024-02-21
Charger,3,20.34,2024-02-21
Charger,5,22.37,2024-02-21
Tank Glass,10,10.83,2024-02-21
Drip Tips,10,21.42,2024-02-21
Chargers,9,47.66,2024-02-21
Nicotine Pods,10,55.46,2024-02-21
Zero Nicotine 30ml,8,50.46,2024-02-21
E-Liquid Premium,16,40.03,2024-02-21
Zero Nicotine 30ml,6,25.08,2024-02-21
Vape Mod XL,12,65.62,2024-02-21
Starter Kit,1,37.59,2024-02-21
Starter Kit,2,50.89,2024-02-21
Starter Kit,1,23.44,2024-02-21
Pod Kit,31,59.49,2024-02-21
Vape Juice 30ml,12,51.59,2024-02-21
Vape Juice 30ml,13,35.21,2024-02-21
Vape Juice 60ml,25,20.58,2024-02-21
E-Liquid Premium,16,33.53,2024-02-21
Atomizers,16,44.99,2024-02-21
Batteries,8,19.22,2024-02-22
Charger,4,16.49,2024-02-22
Charger,4,22.78,2024-02-22
Drip Tips,7,35.74,2024-02-22
Chargers,4,42.25,2024-02-22
Chargers,5,61.17,2024-02-22
Battery 18650,11,24.42,2024-02-22
Batteries,7,63.92,2024-02-22
Batteries,6,34.17,2024-02-22
Cotton Wicking,16,14.79,2024-02-22
Chargers,6,33.73,2024-02-22
Replacement Coils,7,13.9,2024-02-22
Cotton Wicking,15,32.79,2024-02-22
Starter Kit,4,23.91,2024-02-22
Starter Kit,2,15.62,2024-02-22
Tanks,20,59.17,2024-02-22
Vape Mod XL,16,49.57,2024-02-22
Vape Juice 30ml,36,24.99,2024-02-22
E-Liquid Premium,44,46.81,2024-02-22
Zero Nicotine 30ml,18,37.77,2024-02-22
Replacement Coils,6,15.87,2024-02-22
Atomizers,13,58.73,2024-02-22
Battery 18650,8,20.02,2024-02-23
Tank Glass,4,8.01,2024-02-23
Tank Glass,5,12.07,2024-02-23
Tank Glass,2,12.53,2024-02-23
Charger,5,11.64,2024-02-23
Charger,2,19.79,2024-02-23
Chargers,14,25.68,2024-02-23
Battery 18650,7,10.42,2024-02-23
Cotton Wicking,22,26.79,2024-02-23
Replacement Coils,23,19.05,2024-02-23
Zero Nicotine 30ml,13,27.2,2024-02-23
Vape Juice 60ml,41,21.88,2024-02-23
Vape Juice 30ml,21,37.03,2024-02-23
Vape Juice 30ml,18,54.14,2024-02-23
Atomizers,20,51.87,2024-02-23
Tanks,29,31.97,2024-02-23
Starter Kit,16,26.88,2024-02-23
Vape Mod XL,15,34.76,2024-02-23
Pod Kit,42,55.4,2024-02-23
Zero Nicotine 30ml,16,16.06,2024-02-23
Nicotine Pods,14,76.63,2024-02-24
Nicotine Pods,13,66.55,2024-02-24
Cotton Wicking,15,39.88,2024-02-24
Cotton Wicking,16,37.3,2024-02-24
Batteries,8,40.68,2024-02-24
Drip Tips,3,42.42,2024-02-24
Chargers,8,32.77,2024-02-24
Chargers,9,42.08,2024-02-24
Tank Glass,6,12.67,2024-02-24
Tank Glass,5,21.25,2024-02-24
Batteries,12,23.77,2024-02-24
Zero Nicotine 30ml,31,42.96,2024-02-24
Drip Tips,2,31.69,2024-02-24
Vape Juice 60ml,20,40.16,2024-02-24
Vape Juice 60ml,18,39.03,2024-02-24
Vape Mod XL,13,45.87,2024-02-24
Starter Kit,7,31.0,2024-02-24
Starter Kit,7,22.66,2024-02-24
Tanks,11,61.65,2024-02-24
Pod Kit,26,63.06,2024-02-24
Atomizers,2,49.81,2024-02-24
Atomizers,5,86.11,2024-02-24
Atomizers,2,46.71,2024-02-24
Vape Juice 30ml,44,44.47,2024-02-24
Tanks,12,44.24,2024-02-24
Replacement Coils,12,25.68,2024-02-25
Tank Glass,22,5.0,2024-02-25
Charger,5,19.59,2024-02-25
Charger,8,21.07,2024-02-25
Chargers,10,57.55,2024-02-25
Chargers,13,46.2,2024-02-25
Batteries,26,24.17,2024-02-25
Cotton Wicking,35,32.08,2024-02-25
Replacement Coils,16,32.24,2024-02-25
Nicotine Pods,18,33.05,2024-02-25
Nicotine Pods,22,36.64,2024-02-25
Zero Nicotine 30ml,39,32.1,2024-02-25
E-Liquid Premium,63,48.58,2024-02-25
Vape Juice 30ml,47,55.81,2024-02-25
Atomizers,20,43.25,2024-02-25
Tanks,18,55.93,2024-02-25
Tanks,17,65.58,2024-02-25
Starter Kit,16,39.57,2024-02-25
Vape Mod XL,16,72.46,2024-02-25
Pod Kit,31,59.57,2024-02-25
Replacement Coils,19,18.57,2024-02-26
Batteries,7,51.54,2024-02-26
Batteries,9,24.99,2024-02-26
Batteries,10,5.0,2024-02-26
Chargers,15,80.06,2024-02-26
Drip Tips,3,31.68,2024-02-26
Charger,5,15.52,2024-02-26
Tank Glass,9,16.56,2024-02-26
Zero Nicotine 30ml,13,31.82,2024-02-26
Drip Tips,7,25.55,2024-02-26
Charger,1,15.99,2024-02-26
Zero Nicotine 30ml,15,34.77,2024-02-26
Pod Kit,19,59.68,2024-02-26
Vape Juice 60ml,7,47.65,2024-02-26
Vape Juice 60ml,7,28.33,2024-02-26
Vape Juice 60ml,8,26.66,2024-02-26
Vape Juice 30ml,16,46.33,2024-02-26
Vape Juice 30ml,15,55.3,2024-02-26
Atomizers,17,57.59,2024-02-26
Tanks,28,76.72,2024-02-26
Starter Kit,9,45.7,2024-02-26
Vape Mod XL,16,32.49,2024-02-26
Pod Kit,19,37.47,2024-02-26
E-Liquid Premium,40,60.51,2024-02-26
Replacement Coils,17,14.85,2024-02-27
Cotton Wicking,14,48.18,2024-02-27
Cotton Wicking,11,56.9,2024-02-27
Drip Tips,12,32.1,2024-02-27
Zero Nicotine 30ml,22,21.71,2024-02-27
Charger,5,15.85,2024-02-27
Charger,6,24.25,2024-02-27
Tank Glass,5,17.85,2024-02-27
Tank Glass,4,24.04,2024-02-27
Chargers,20,24.96,2024-02-27
E-Liquid Premium,34,32.47,2024-02-27
Battery 18650,10,10.05,2024-02-27
Vape Juice 60ml,10,37.38,2024-02-27
Vape Juice 60ml,12,44.7,2024-02-27
Vape Mod XL,7,48.07,2024-02-27
Vape Mod XL,5,63.63,2024-02-27
Starter Kit,11,56.35,2024-02-27
Pod Kit,24,70.25,2024-02-27
Tanks,8,69.48,2024-02-27
Atomizers,16,61.55,2024-02-27
Vape Juice 30ml,40,41.05,2024-02-27
Vape Juice 60ml,8,49.19,2024-02-27
Tanks,10,55.62,2024-02-27
Nicotine Pods,6,73.61,2024-02-28
Tank Glass,10,28.0,2024-02-28
Charger,10,10.62,2024-02-28
Chargers,9,27.68,2024-02-28
Chargers,6,19.8,2024-02-28
Battery 18650,10,19.27,2024-02-28
Batteries,20,58.97,2024-02-28
Cotton Wicking,27,25.11,2024-02-28
Nicotine Pods,5,5.0,2024-02-28
Nicotine Pods,5,17.03,2024-02-28
Zero Nicotine 30ml,21,22.74,2024-02-28
E-Liquid Premium,39,65.73,2024-02-28
Vape Juice 30ml,38,46.74,2024-02-28
Atomizers,21,70.21,2024-02-28
Tanks,25,73.99,2024-02-28
Starter Kit,15,31.65,2024-02-28
Vape Mod XL,9,51.9,2024-02-28
Pod Kit,21,59.33,2024-02-28
Cotton Wicking,26,28.16,2024-02-29
Chargers,2,60.57,2024-02-29
Chargers,2,52.3,2024-02-29
Chargers,3,36.32,2024-02-29
Drip Tips,3,53.09,2024-02-29
Charger,4,25.37,2024-02-29
Tank Glass,19,10.18,2024-02-29
Replacement Coils,24,26.41,2024-02-29
Drip Tips,3,40.37,2024-02-29
Charger,3,27.41,2024-02-29
Zero Nicotine 30ml,9,28.78,2024-02-29
Battery 18650,11,18.41,2024-02-29
E-Liquid Premium,22,39.19,2024-02-29
Zero Nicotine 30ml,9,27.59,2024-02-29
Vape Mod XL,12,42.84,2024-02-29
Tanks,28,33.32,2024-02-29
Atomizers,14,74.28,2024-02-29
Atomizers,13,53.64,2024-02-29
Pod Kit,41,50.75,2024-02-29
Vape Juice 30ml,27,54.85,2024-02-29
Vape Juice 60ml,22,36.6,2024-02-29
Vape Juice 60ml,22,40.35,2024-02-29
E-Liquid Premium,19,56.8,2024-02-29
Vape Juice 30ml,26,37.62,2024-02-29
Drip Tips,16,40.7,2024-03-01
Tank Glass,13,12.93,2024-03-01
Battery 18650,16,23.8,2024-03-01
Batteries,15,24.52,2024-03-01
Batteries,12,16.02,2024-03-01
Cotton Wicking,15,41.9,2024-03-01
Cotton Wicking,17,52.71,2024-03-01
Replacement Coils,27,28.38,2024-03-01
Nicotine Pods,24,19.07,2024-03-01
Nicotine Pods,21,5.0,2024-03-01
Zero Nicotine 30ml,13,28.07,2024-03-01
Zero Nicotine 30ml,13,32.32,2024-03-01
E-Liquid Premium,34,66.64,2024-03-01
Zero Nicotine 30ml,9,51.89,2024-03-01
Pod Kit,51,40.3,2024-03-01
Vape Mod XL,9,9.06,2024-03-01
Starter Kit,13,51.22,2024-03-01
Vape Mod XL,6,56.08,2024-03-01
Atomizers,20,30.18,2024-03-01
Vape Juice 30ml,71,32.73,2024-03-01
Vape Juice 60ml,48,35.53,2024-03-01
E-Liquid Premium,32,57.62,2024-03-01
Tanks,24,62.23,2024-03-01
Replacement Coils,8,12.25,2024-03-02
Nicotine Pods,20,44.88,2024-03-02
Nicotine Pods,18,62.03,2024-03-02
Replacement Coils,9,16.67,2024-03-02
Replacement Coils,8,23.43,2024-03-02
Cotton Wicking,41,6.8,2024-03-02
Charger,11,14.22,2024-03-02
Batteries,6,60.29,2024-03-02
Batteries,6,10.08,2024-03-02
Chargers,25,42.64,2024-03-02
Tank Glass,15,20.1,2024-03-02
Zero Nicotine 30ml,11,11.56,2024-03-02
Batteries,9,40.71,2024-03-02
Zero Nicotine 30ml,11,37.0,2024-03-02
Drip Tips,16,21.92,2024-03-02
E-Liquid Premium,32,43.93,2024-03-02
E-Liquid Premium,30,30.94,2024-03-02
Pod Kit,18,50.18,2024-03-02
Pod Kit,18,53.18,2024-03-02
Vape Mod XL,15,47.75,2024-03-02
Starter Kit,17,40.02,2024-03-02
Tanks,11,53.41,2024-03-02
Pod Kit,15,39.84,2024-03-02
Atomizers,9,51.25,2024-03-02
Atomizers,8,66.17,2024-03-02
Atomizers,11,33.41,2024-03-02
Vape Juice 30ml,62,46.27,2024-03-02
Vape Juice 60ml,22,19.81,2024-03-02
Vape Juice 60ml,20,34.96,2024-03-02
Tanks,8,50.99,2024-03-02
Replacement Coils,8,14.5,2024-03-03
Drip Tips,7,41.15,2024-03-03
Tank Glass,19,24.5,2024-03-03
Chargers,20,57.61,2024-03-03
Battery 18650,10,22.77,2024-03-03
Battery 18650,8,25.48,2024-03-03
Cotton Wicking,29,40.41,2024-03-03
Replacement Coils,11,6.57,2024-03-03
Replacement Coils,10,27.06,2024-03-03
Drip Tips,5,23.28,2024-03-03
Zero Nicotine 30ml,23,19.73,2024-03-03
E-Liquid Premium,65,43.39,2024-03-03
Vape Juice 60ml,41,27.51,2024-03-03
Vape Juice 30ml,62,36.1,2024-03-03
Atomizers,17,33.11,2024-03-03
Tanks,29,54.22,2024-03-03
Starter Kit,14,44.11,2024-03-03
Vape Mod XL,17,44.34,2024-03-03
Pod Kit,46,67.42,2024-03-03
Nicotine Pods,42,60.23,2024-03-03
Battery 18650,4,13.14,2024-03-04
Battery 18650,7,13.93,2024-03-04
Chargers,5,28.44,2024-03-04
Chargers,7,15.43,2024-03-04
Drip Tips,5,25.73,2024-03-04
Charger,8,16.37,2024-03-04
Tank Glass,10,8.99,2024-03-04
Drip Tips,7,33.53,2024-03-04
Chargers,5,41.26,2024-03-04
Cotton Wicking,28,58.02,2024-03-04
Batteries,23,62.87,2024-03-04
Zero Nicotine 30ml,26,16.99,2024-03-04
E-Liquid Premium,19,54.68,2024-03-04
E-Liquid Premium,19,59.7,2024-03-04
Atomizers,20,62.18,2024-03-04
Tanks,16,63.34,2024-03-04
Starter Kit,13,38.81,2024-03-04
Vape Mod XL,5,6.69,2024-03-04
Vape Mod XL,7,48.61,2024-03-04
Pod Kit,26,59.6,2024-03-04
Replacement Coils,19,21.73,2024-03-04
Cotton Wicking,8,45.51,2024-03-05
Cotton Wicking,9,27.77,2024-03-05
Cotton Wicking,11,41.04,2024-03-05
Batteries,11,74.23,2024-03-05
Batteries,8,5.0,2024-03-05
Charger,9,12.57,2024-03-05
Drip Tips,11,29.15,2024-03-05
Chargers,9,39.95,2024-03-05
Chargers,12,58.15,2024-03-05
Tank Glass,14,14.09,2024-03-05
Nicotine Pods,8,10.34,2024-03-05
Battery 18650,11,26.27,2024-03-05
Nicotine Pods,8,60.45,2024-03-05
Tanks,27,71.47,2024-03-05
Zero Nicotine 30ml,22,33.99,2024-03-05
Pod Kit,11,56.26,2024-03-05
Pod Kit,12,63.79,2024-03-05
Vape Mod XL,15,62.25,2024-03-05
Starter Kit,8,29.9,2024-03-05
Atomizers,10,54.58,2024-03-05
Nicotine Pods,12,20.16,2024-03-05
Vape Juice 30ml,39,37.3,2024-03-05
Vape Juice 60ml,27,34.22,2024-03-05
E-Liquid Premium,23,40.42,2024-03-05
E-Liquid Premium,22,42.39,2024-03-05
Atomizers,10,53.67,2024-03-05
Nicotine Pods,22,47.44,2024-03-06
Replacement Coils,14,22.62,2024-03-06
Cotton Wicking,19,48.11,2024-03-06
Batteries,8,48.46,2024-03-06
Batteries,8,26.83,2024-03-06
Batteries,7,76.56,2024-03-06
Chargers,16,49.25,2024-03-06
Charger,7,24.13,2024-03-06
Tank Glass,11,5.01,2024-03-06
Drip Tips,1,21.97,2024-03-06
Zero Nicotine 30ml,11,34.35,2024-03-06
Drip Tips,4,28.4,2024-03-06
Battery 18650,11,22.68,2024-03-06
Drip Tips,1,29.19,2024-03-06
E-Liquid Premium,36,66.37,2024-03-06
Vape Juice 60ml,7,36.63,2024-03-06
Pod Kit,15,56.24,2024-03-06
Zero Nicotine 30ml,12,39.43,2024-03-06
Vape Mod XL,4,42.5,2024-03-06
Vape Mod XL,3,39.26,2024-03-06
Vape Mod XL,4,58.3,2024-03-06
Starter Kit,5,51.85,2024-03-06
Pod Kit,14,50.48,2024-03-06
Atomizers,15,73.53,2024-03-06
Vape Juice 30ml,9,35.82,2024-03-06
Vape Juice 30ml,13,47.68,2024-03-06
Vape Juice 30ml,11,56.24,2024-03-06
Vape Juice 60ml,8,15.07,2024-03-06
Starter Kit,7,32.18,2024-03-06
Replacement Coils,9,18.85,2024-03-07
Drip Tips,7,37.26,2024-03-07
Tank Glass,14,23.83,2024-03-07
Charger,9,17.14,2024-03-07
Chargers,11,42.96,2024-03-07
Chargers,7,38.38,2024-03-07
Battery 18650,13,15.91,2024-03-07
Batteries,14,42.99,2024-03-07
Cotton Wicking,28,5.0,2024-03-07
Replacement Coils,6,14.01,2024-03-07
Nicotine Pods,32,42.57,2024-03-07
Zero Nicotine 30ml,17,16.68,2024-03-07
E-Liquid Premium,42,37.46,2024-03-07
Vape Juice 60ml,18,30.32,2024-03-07
Vape Juice 60ml,19,44.41,2024-03-07
Vape Juice 30ml,39,40.38,2024-03-07
Atomizers,21,76.1,2024-03-07
Tanks,8,67.84,2024-03-07
Tanks,9,72.44,2024-03-07
Starter Kit,10,32.67,2024-03-07
Vape Mod XL,16,25.5,2024-03-07
Pod Kit,26,42.92,2024-03-07
Battery 18650,7,18.17,2024-03-08
Chargers,9,26.89,2024-03-08
Chargers,9,54.21,2024-03-08
Charger,4,18.15,2024-03-08
Charger,2,17.45,2024-03-08
Batteries,11,47.23,2024-03-08
Tank Glass,12,5.0,2024-03-08
Drip Tips,6,32.98,2024-03-08
Drip Tips,5,45.46,2024-03-08
Battery 18650,4,19.18,2024-03-08
Charger,5,17.46,2024-03-08
Batteries,13,27.23,2024-03-08
Zero Nicotine 30ml,20,44.68,2024-03-08
Atomizers,12,42.77,2024-03-08
Nicotine Pods,16,39.22,2024-03-08
Nicotine Pods,12,37.59,2024-03-08
Vape Juice 60ml,40,36.42,2024-03-08
Vape Juice 30ml,28,26.74,2024-03-08
Vape Juice 30ml,29,20.17,2024-03-08
Atomizers,12,44.8,2024-03-08
Cotton Wicking,21,48.26,2024-03-08
Tanks,29,50.29,2024-03-08
Starter Kit,15,44.08,2024-03-08
Pod Kit,16,68.09,2024-03-08
Pod Kit,15,46.13,2024-03-08
Battery 18650,10,19.67,2024-03-09
Cotton Wicking,24,64.89,2024-03-09
Battery 18650,7,17.81,2024-03-09
Batteries,25,66.23,2024-03-09
Chargers,11,38.5,2024-03-09
Replacement Coils,8,24.34,2024-03-09
Charger,11,17.17,2024-03-09
Tank Glass,7,14.8,2024-03-09
Tank Glass,7,20.27,2024-03-09
Drip Tips,8,29.54,2024-03-09
Replacement Coils,8,23.94,2024-03-09
Chargers,10,41.16,2024-03-09
Replacement Coils,8,10.5,2024-03-09
E-Liquid Premium,19,59.69,2024-03-09
Pod Kit,14,30.57,2024-03-09
Nicotine Pods,38,25.95,2024-03-09
Vape Mod XL,13,55.05,2024-03-09
Starter Kit,5,48.46,2024-03-09
Starter Kit,6,33.58,2024-03-09
Vape Juice 30ml,19,53.87,2024-03-09
Vape Juice 30ml,19,58.12,2024-03-09
Pod Kit,14,45.25,2024-03-09
Vape Juice 60ml,22,41.23,2024-03-09
Vape Juice 60ml,19,49.82,2024-03-09
E-Liquid Premium,19,55.24,2024-03-09
Zero Nicotine 30ml,30,31.81,2024-03-09
Vape Juice 30ml,19,46.7,2024-03-09
Replacement Coils,21,5.0,2024-03-10
Cotton Wicking,24,25.39,2024-03-10
Batteries,18,49.01,2024-03-10
Battery 18650,4,20.03,2024-03-10
Battery 18650,6,26.57,2024-03-10
Chargers,11,60.82,2024-03-10
Charger,5,11.55,2024-03-10
Charger,6,26.29,2024-03-10
Tank Glass,4,14.79,2024-03-10
Nicotine Pods,25,56.73,2024-03-10
Tank Glass,4,5.0,2024-03-10
Chargers,9,62.2,2024-03-10
Zero Nicotine 30ml,12,12.14,2024-03-10
Vape Juice 30ml,23,57.57,2024-03-10
E-Liquid Premium,23,45.79,2024-03-10
E-Liquid Premium,22,50.05,2024-03-10
Vape Juice 60ml,26,37.66,2024-03-10
Vape Juice 30ml,22,52.7,2024-03-10
Drip Tips,10,38.72,2024-03-10
Atomizers,8,53.21,2024-03-10
Tanks,24,62.32,2024-03-10
Starter Kit,14,53.14,2024-03-10
Vape Mod XL,7,57.92,2024-03-10
Vape Mod XL,9,57.75,2024-03-10
Pod Kit,14,55.99,2024-03-10
Pod Kit,16,55.76,2024-03-10
Zero Nicotine 30ml,11,28.98,2024-03-10
Atomizers,9,62.52,2024-03-10
Batteries,18,5.0,2024-03-11
Replacement Coils,12,17.52,2024-03-11
Battery 18650,9,25.05,2024-03-11
Chargers,11,23.82,2024-03-11
Cotton Wicking,18,39.56,2024-03-11
Tank Glass,9,8.17,2024-03-11
Drip Tips,2,31.37,2024-03-11
Drip Tips,1,23.03,2024-03-11
Nicotine Pods,20,70.05,2024-03-11
Charger,7,19.08,2024-03-11
Zero Nicotine 30ml,4,5.0,2024-03-11
Zero Nicotine 30ml,5,25.07,2024-03-11
E-Liquid Premium,36,47.22,2024-03-11
Pod Kit,17,46.95,2024-03-11
Vape Mod XL,5,40.9,2024-03-11
Vape Mod XL,4,60.18,2024-03-11
Starter Kit,7,30.89,2024-03-11
Vape Mod XL,4,71.34,2024-03-11
Atomizers,12,52.22,2024-03-11
Vape Juice 30ml,39,12.62,2024-03-11
Vape Juice 60ml,9,48.32,2024-03-11
Vape Juice 60ml,11,44.83,2024-03-11
Tanks,15,68.35,2024-03-11
Battery 18650,4,20.75,2024-03-12
Batteries,3,81.42,2024-03-12
Batteries,4,36.67,2024-03-12
Battery 18650,5,16.27,2024-03-12
Battery 18650,2,18.7,2024-03-12
Chargers,13,30.55,2024-03-12
Tank Glass,2,21.21,2024-03-12
Charger,2,27.71,2024-03-12
Tank Glass,1,21.49,2024-03-12
Tank Glass,2,15.49,2024-03-12
Batteries,6,55.73,2024-03-12
Drip Tips,5,35.05,2024-03-12
Charger,1,12.39,2024-03-12
Cotton Wicking,20,43.9,2024-03-12
Nicotine Pods,6,42.53,2024-03-12
Starter Kit,6,43.0,2024-03-12
Pod Kit,28,56.97,2024-03-12
Vape Mod XL,11,19.14,2024-03-12
Replacement Coils,14,22.83,2024-03-12
Tanks,10,47.96,2024-03-12
Tanks,10,56.08,2024-03-12
Vape Juice 30ml,15,47.97,2024-03-12
Atomizers,16,84.0,2024-03-12
Vape Juice 60ml,19,42.19,2024-03-12
E-Liquid Premium,13,73.16,2024-03-12
E-Liquid Premium,15,62.72,2024-03-12
Zero Nicotine 30ml,18,46.19,2024-03-12
Nicotine Pods,8,65.85,2024-03-12
Vape Juice 30ml,14,33.91,2024-03-12
Chargers,15,51.34,2024-03-13
Battery 18650,12,24.96,2024-03-13
Charger,3,22.31,2024-03-13
Batteries,15,12.13,2024-03-13
Tank Glass,2,27.6,2024-03-13
Tank Glass,4,18.45,2024-03-13
Drip Tips,6,29.89,2024-03-13
Charger,3,25.85,2024-03-13
Replacement Coils,16,19.73,2024-03-13
Nicotine Pods,19,53.45,2024-03-13
Pod Kit,17,53.95,2024-03-13
Zero Nicotine 30ml,3,19.1,2024-03-13
Zero Nicotine 30ml,3,25.66,2024-03-13
E-Liquid Premium,38,55.67,2024-03-13
Vape Juice 30ml,20,59.42,2024-03-13
Vape Juice 30ml,17,57.73,2024-03-13
Tanks,13,56.23,2024-03-13
Starter Kit,8,41.24,2024-03-13
Vape Mod XL,8,41.39,2024-03-13
Zero Nicotine 30ml,4,21.99,2024-03-13
Replacement Coils,11,21.02,2024-03-14
Batteries,18,27.6,2024-03-14
Battery 18650,9,19.84,2024-03-14
Charger,8,20.99,2024-03-14
Tank Glass,5,21.86,2024-03-14
Tank Glass,1,16.28,2024-03-14
Drip Tips,8,23.29,2024-03-14
Nicotine Pods,24,52.98,2024-03-14
Tank Glass,4,8.68,2024-03-14
Zero Nicotine 30ml,22,20.47,2024-03-14
E-Liquid Premium,38,42.9,2024-03-14
Vape Juice 30ml,6,42.5,2024-03-14
Vape Mod XL,2,74.11,2024-03-14
Starter Kit,8,50.53,2024-03-14
Tanks,9,83.51,2024-03-14
Vape Mod XL,6,43.71,2024-03-14
Atomizers,12,59.07,2024-03-14
Vape Juice 30ml,8,45.66,2024-03-14
Vape Juice 30ml,8,59.18,2024-03-14
Tanks,9,56.82,2024-03-14
Cotton Wicking,19,55.4,2024-03-15
Tank Glass,10,20.19,2024-03-15
Charger,10,18.88,2024-03-15
Chargers,11,56.24,2024-03-15
Chargers,10,45.66,2024-03-15
Battery 18650,9,24.94,2024-03-15
Battery 18650,8,11.16,2024-03-15
Batteries,18,28.62,2024-03-15
Replacement Coils,21,24.67,2024-03-15
Drip Tips,7,27.92,2024-03-15
Zero Nicotine 30ml,20,37.95,2024-03-15
E-Liquid Premium,33,42.88,2024-03-15
Vape Juice 30ml,34,47.13,2024-03-15
Atomizers,19,66.93,2024-03-15
Tanks,7,74.21,2024-03-15
Tanks,10,58.47,2024-03-15
Starter Kit,12,28.85,2024-03-15
Pod Kit,16,55.01,2024-03-15
Pod Kit,17,49.68,2024-03-15
Nicotine Pods,22,35.63,2024-03-15
Zero Nicotine 30ml,12,12.98,2024-03-16
Zero Nicotine 30ml,12,36.39,2024-03-16
Tank Glass,13,13.66,2024-03-16
Nicotine Pods,32,55.99,2024-03-16
E-Liquid Premium,36,51.87,2024-03-16
Batteries,16,40.84,2024-03-16
Battery 18650,7,26.32,2024-03-16
Battery 18650,4,18.45,2024-03-16
Chargers,22,40.55,2024-03-16
Cotton Wicking,28,26.0,2024-03-16
Vape Juice 60ml,11,40.11,2024-03-16
Vape Juice 30ml,28,42.15,2024-03-16
Vape Juice 30ml,28,60.25,2024-03-16
Atomizers,15,44.32,2024-03-16
Tanks,14,47.89,2024-03-16
Tanks,11,57.06,2024-03-16
Starter Kit,11,50.57,2024-03-16
Vape Mod XL,4,41.4,2024-03-16
Vape Mod XL,4,70.19,2024-03-16
Vape Mod XL,7,33.54,2024-03-16
Pod Kit,34,67.31,2024-03-16
Vape Juice 60ml,12,8.23,2024-03-16
Replacement Coils,12,25.84,2024-03-17
Cotton Wicking,30,40.64,2024-03-17
Batteries,24,21.05,2024-03-17
Battery 18650,16,19.27,2024-03-17
Drip Tips,7,6.76,2024-03-17
Charger,6,25.29,2024-03-17
Tank Glass,9,14.11,2024-03-17
Drip Tips,4,42.09,2024-03-17
Replacement Coils,13,21.35,2024-03-17
Charger,6,12.47,2024-03-17
Zero Nicotine 30ml,11,24.04,2024-03-17
Nicotine Pods,36,26.52,2024-03-17
Starter Kit,15,53.7,2024-03-17
E-Liquid Premium,19,79.34,2024-03-17
E-Liquid Premium,21,41.65,2024-03-17
Vape Juice 30ml,12,28.46,2024-03-17
Vape Juice 30ml,16,53.71,2024-03-17
Vape Juice 30ml,12,40.08,2024-03-17
Atomizers,17,27.18,2024-03-17
Tanks,23,75.48,2024-03-17
Vape Mod XL,16,53.59,2024-03-17
Pod Kit,35,67.96,2024-03-17
Zero Nicotine 30ml,13,29.66,2024-03-17
Batteries,3,42.6,2024-03-18
Batteries,4,45.88,2024-03-18
Cotton Wicking,2,31.44,2024-03-18
Battery 18650,7,22.42,2024-03-18
Cotton Wicking,3,36.98,2024-03-18
Chargers,7,41.98,2024-03-18
Drip Tips,6,40.74,2024-03-18
Charger,1,20.88,2024-03-18
Charger,4,27.11,2024-03-18
Charger,1,19.02,2024-03-18
Tank Glass,6,22.64,2024-03-18
Chargers,4,29.85,2024-03-18
Cotton Wicking,4,64.75,2024-03-18
Tank Glass,5,17.15,2024-03-18
Replacement Coils,6,10.43,2024-03-18
Replacement Coils,7,8.58,2024-03-18
Vape Mod XL,11,65.88,2024-03-18
Tanks,18,69.36,2024-03-18
Atomizers,16,54.37,2024-03-18
Vape Juice 30ml,28,45.69,2024-03-18
E-Liquid Premium,16,49.25,2024-03-18
Vape Juice 60ml,26,27.56,2024-03-18
Zero Nicotine 30ml,8,24.25,2024-03-18
Zero Nicotine 30ml,10,7.06,2024-03-18
Nicotine Pods,6,21.2,2024-03-18
Nicotine Pods,6,64.54,2024-03-18
Nicotine Pods,7,47.14,2024-03-18
E-Liquid Premium,20,66.06,2024-03-18
Battery 18650,1,26.71,2024-03-19
Batteries,12,35.29,2024-03-19
Battery 18650,4,31.1,2024-03-19
Battery 18650,3,11.34,2024-03-19
Drip Tips,8,23.47,2024-03-19
Chargers,7,39.06,2024-03-19
Charger,9,15.72,2024-03-19
Cotton Wicking,13,72.7,2024-03-19
Chargers,6,21.35,2024-03-19
Replacement Coils,10,29.07,2024-03-19
Tank Glass,11,16.31,2024-03-19
Nicotine Pods,6,37.59,2024-03-19
Vape Mod XL,8,41.83,2024-03-19
Tanks,9,47.78,2024-03-19
Tanks,10,57.37,2024-03-19
Atomizers,12,61.17,2024-03-19
Nicotine Pods,7,5.0,2024-03-19
Vape Juice 60ml,28,30.44,2024-03-19
E-Liquid Premium,23,58.51,2024-03-19
Zero Nicotine 30ml,14,19.95,2024-03-19
Nicotine Pods,9,12.25,2024-03-19
Vape Juice 30ml,31,29.6,2024-03-19
Nicotine Pods,26,26.49,2024-03-20
Charger,8,10.97,2024-03-20
Chargers,7,20.03,2024-03-20
Chargers,4,32.7,2024-03-20
Battery 18650,8,15.12,2024-03-20
Batteries,13,5.0,2024-03-20
Cotton Wicking,6,43.27,2024-03-20
Cotton Wicking,4,21.64,2024-03-20
Replacement Coils,16,5.61,2024-03-20
Tank Glass,12,24.29,2024-03-20
Zero Nicotine 30ml,12,20.55,2024-03-20
E-Liquid Premium,10,28.19,2024-03-20
Vape Juice 60ml,25,51.9,2024-03-20
Vape Juice 30ml,24,49.4,2024-03-20
Atomizers,4,63.28,2024-03-20
Atomizers,3,53.07,2024-03-20
Tanks,10,35.4,2024-03-20
Tanks,8,43.95,2024-03-20
Starter Kit,3,26.0,2024-03-20
Starter Kit,4,39.95,2024-03-20
Pod Kit,16,37.79,2024-03-20
E-Liquid Premium,9,42.68,2024-03-20
Nicotine Pods,13,15.78,2024-03-21
Nicotine Pods,14,40.04,2024-03-21
Replacement Coils,8,26.07,2024-03-21
Replacement Coils,9,28.52,2024-03-21
Chargers,18,24.47,2024-03-21
Drip Tips,4,22.25,2024-03-21
Tank Glass,11,17.1,2024-03-21
Drip Tips,3,31.82,2024-03-21
Drip Tips,4,22.05,2024-03-21
Zero Nicotine 30ml,8,25.45,2024-03-21
Charger,10,22.14,2024-03-21
Zero Nicotine 30ml,9,28.02,2024-03-21
Vape Mod XL,10,46.85,2024-03-21
Vape Juice 60ml,17,11.19,2024-03-21
Pod Kit,13,56.65,2024-03-21
Pod Kit,13,61.58,2024-03-21
E-Liquid Premium,47,46.08,2024-03-21
Starter Kit,7,23.22,2024-03-21
Vape Mod XL,9,79.14,2024-03-21
Atomizers,15,57.78,2024-03-21
Vape Juice 30ml,14,58.87,2024-03-21
Vape Juice 30ml,17,27.79,2024-03-21
Vape Juice 60ml,16,35.25,2024-03-21
Starter Kit,7,36.55,2024-03-21
Batteries,12,18.77,2024-03-22
Nicotine Pods,11,55.99,2024-03-22
Replacement Coils,8,26.67,2024-03-22
Replacement Coils,6,27.83,2024-03-22
Replacement Coils,6,31.91,2024-03-22
Batteries,10,52.34,2024-03-22
Battery 18650,7,12.46,2024-03-22
Drip Tips,2,34.28,2024-03-22
Chargers,9,37.53,2024-03-22
Chargers,11,27.32,2024-03-22
Tank Glass,12,12.52,2024-03-22
Nicotine Pods,11,17.78,2024-03-22
Drip Tips,6,26.07,2024-03-22
Drip Tips,3,29.86,2024-03-22
Battery 18650,7,24.91,2024-03-22
Nicotine Pods,8,7.15,2024-03-22
Zero Nicotine 30ml,10,26.73,2024-03-22
Vape Mod XL,7,39.19,2024-03-22
Pod Kit,10,54.47,2024-03-22
Pod Kit,8,48.83,2024-03-22
Pod Kit,9,54.58,2024-03-22
Zero Nicotine 30ml,13,40.95,2024-03-22
Vape Mod XL,7,41.03,2024-03-22
Starter Kit,5,35.85,2024-03-22
Tanks,10,54.12,2024-03-22
Starter Kit,7,27.87,2024-03-22
Tanks,6,72.14,2024-03-22
Atomizers,9,57.75,2024-03-22
Atomizers,6,52.96,2024-03-22
Vape Juice 60ml,37,41.5,2024-03-22
E-Liquid Premium,14,57.8,2024-03-22
E-Liquid Premium,14,71.24,2024-03-22
Tanks,6,75.89,2024-03-22
Tank Glass,11,7.71,2024-03-23
Replacement Coils,12,18.29,2024-03-23
Replacement Coils,9,36.6,2024-03-23
Cotton Wicking,19,40.69,2024-03-23
Nicotine Pods,25,33.28,2024-03-23
Battery 18650,16,19.4,2024-03-23
Chargers,15,69.9,2024-03-23
Charger,8,20.49,2024-03-23
Batteries,22,48.4,2024-03-23
Zero Nicotine 30ml,8,5.0,2024-03-23
Vape Juice 30ml,55,42.13,2024-03-23
E-Liquid Premium,31,63.96,2024-03-23
Pod Kit,31,47.29,2024-03-23
Vape Mod XL,15,54.18,2024-03-23
Starter Kit,14,33.03,2024-03-23
Zero Nicotine 30ml,10,27.45,2024-03-23
Atomizers,22,94.61,2024-03-23
Vape Juice 60ml,39,24.47,2024-03-23
E-Liquid Premium,28,27.89,2024-03-23
Tanks,30,73.95,2024-03-23
Nicotine Pods,14,51.79,2024-03-24
Replacement Coils,16,11.05,2024-03-24
Cotton Wicking,7,34.99,2024-03-24
Cotton Wicking,8,41.66,2024-03-24
Cotton Wicking,10,65.24,2024-03-24
Battery 18650,6,14.94,2024-03-24
Battery 18650,5,18.9,2024-03-24
Chargers,19,23.76,2024-03-24
Nicotine Pods,15,48.09,2024-03-24
Tank Glass,17,11.58,2024-03-24
Drip Tips,14,35.44,2024-03-24
Batteries,18,34.69,2024-03-24
Charger,10,12.93,2024-03-24
Zero Nicotine 30ml,23,25.78,2024-03-24
Vape Juice 60ml,30,25.36,2024-03-24
E-Liquid Premium,35,58.79,2024-03-24
Vape Mod XL,18,34.33,2024-03-24
Starter Kit,8,39.82,2024-03-24
Starter Kit,9,28.85,2024-03-24
Tanks,11,54.86,2024-03-24
Pod Kit,35,51.56,2024-03-24
Atomizers,10,47.1,2024-03-24
Atomizers,7,46.53,2024-03-24
Vape Juice 30ml,29,42.19,2024-03-24
Vape Juice 30ml,29,33.0,2024-03-24
Tanks,14,57.48,2024-03-24
Replacement Coils,10,17.97,2024-03-25
Charger,10,19.49,2024-03-25
Chargers,15,42.62,2024-03-25
Drip Tips,8,30.95,2024-03-25
Battery 18650,15,24.27,2024-03-25
Batteries,19,8.9,2024-03-25
Cotton Wicking,9,5.0,2024-03-25
Cotton Wicking,9,13.68,2024-03-25
Replacement Coils,6,32.59,2024-03-25
Vape Mod XL,6,63.27,2024-03-25
Vape Juice 30ml,36,57.28,2024-03-25
Atomizers,17,33.69,2024-03-25
Tanks,11,60.55,2024-03-25
Tanks,9,71.17,2024-03-25
Starter Kit,15,28.87,2024-03-25
Vape Mod XL,10,52.36,2024-03-25
Pod Kit,17,37.77,2024-03-25
Pod Kit,16,67.28,2024-03-25
Zero Nicotine 30ml,24,48.12,2024-03-25
Batteries,19,22.97,2024-03-26
Battery 18650,5,25.64,2024-03-26
Battery 18650,4,13.67,2024-03-26
Chargers,7,27.75,2024-03-26
Drip Tips,9,46.47,2024-03-26
Charger,11,10.67,2024-03-26
Tank Glass,14,13.28,2024-03-26
Replacement Coils,13,21.85,2024-03-26
Chargers,11,45.74,2024-03-26
Zero Nicotine 30ml,25,25.57,2024-03-26
Cotton Wicking,28,15.78,2024-03-26
Vape Juice 30ml,52,25.78,2024-03-26
Atomizers,7,38.07,2024-03-26
Atomizers,9,85.22,2024-03-26
Tanks,22,58.22,2024-03-26
Starter Kit,8,50.09,2024-03-26
Vape Mod XL,13,48.41,2024-03-26
Pod Kit,11,50.71,2024-03-26
Pod Kit,11,42.63,2024-03-26
Pod Kit,10,49.0,2024-03-26
E-Liquid Premium,37,55.42,2024-03-26
Cotton Wicking,12,31.51,2024-03-27
Batteries,18,26.76,2024-03-27
Battery 18650,6,25.69,2024-03-27
Battery 18650,9,29.07,2024-03-27
Chargers,5,26.9,2024-03-27
Tank Glass,8,18.4,2024-03-27
Chargers,3,34.41,2024-03-27
Charger,9,9.32,2024-03-27
Tank Glass,9,24.36,2024-03-27
Drip Tips,11,28.57,2024-03-27
Replacement Coils,23,23.15,2024-03-27
Chargers,5,39.72,2024-03-27
Nicotine Pods,33,69.29,2024-03-27
Cotton Wicking,14,44.95,2024-03-27
E-Liquid Premium,18,64.1,2024-03-27
Pod Kit,31,50.56,2024-03-27
Starter Kit,6,36.48,2024-03-27
Starter Kit,6,32.41,2024-03-27
Tanks,5,47.66,2024-03-27
Tanks,5,75.51,2024-03-27
Vape Mod XL,17,55.52,2024-03-27
Atomizers,16,44.86,2024-03-27
Tanks,5,44.46,2024-03-27
E-Liquid Premium,18,33.71,2024-03-27
Zero Nicotine 30ml,26,18.23,2024-03-27
Vape Juice 60ml,13,20.49,2024-03-27
Vape Juice 60ml,13,29.32,2024-03-27
Zero Nicotine 30ml,15,28.65,2024-03-28
Tank Glass,16,11.44,2024-03-28
Charger,10,19.92,2024-03-28
Chargers,15,36.13,2024-03-28
Batteries,9,5.0,2024-03-28
Batteries,8,24.82,2024-03-28
Replacement Coils,24,9.98,2024-03-28
Nicotine Pods,12,60.34,2024-03-28
Nicotine Pods,12,60.27,2024-03-28
Zero Nicotine 30ml,16,13.29,2024-03-28
Battery 18650,14,21.46,2024-03-28
E-Liquid Premium,23,55.6,2024-03-28
Vape Juice 30ml,19,60.84,2024-03-28
Vape Juice 30ml,20,41.84,2024-03-28
Atomizers,21,59.63,2024-03-28
Tanks,10,43.71,2024-03-28
Tanks,10,51.06,2024-03-28
Starter Kit,14,40.66,2024-03-28
Vape Mod XL,18,45.17,2024-03-28
Pod Kit,18,61.68,2024-03-28
Pod Kit,21,68.32,2024-03-28
E-Liquid Premium,22,37.12,2024-03-28
Batteries,25,7.74,2024-03-29
Battery 18650,20,16.63,2024-03-29
Chargers,11,36.97,2024-03-29
Chargers,11,51.65,2024-03-29
Charger,3,17.17,2024-03-29
Tank Glass,7,11.49,2024-03-29
Charger,5,21.93,2024-03-29
Drip Tips,4,27.74,2024-03-29
Tank Glass,7,7.92,2024-03-29
Drip Tips,4,11.24,2024-03-29
Cotton Wicking,34,39.08,2024-03-29
Charger,4,20.14,2024-03-29
Replacement Coils,21,17.22,2024-03-29
Tank Glass,5,12.83,2024-03-29
Zero Nicotine 30ml,16,41.49,2024-03-29
Zero Nicotine 30ml,17,28.02,2024-03-29
Vape Mod XL,9,46.86,2024-03-29
Starter Kit,7,22.75,2024-03-29
Starter Kit,3,45.82,2024-03-29
Starter Kit,7,43.03,2024-03-29
Vape Mod XL,10,68.85,2024-03-29
Tanks,13,76.18,2024-03-29
Atomizers,29,80.62,2024-03-29
Vape Juice 30ml,66,49.84,2024-03-29
Vape Juice 60ml,40,32.19,2024-03-29
E-Liquid Premium,64,57.04,2024-03-29
Tanks,10,63.52,2024-03-29
Replacement Coils,30,8.91,2024-03-30
Drip Tips,7,36.61,2024-03-30
Tank Glass,16,15.57,2024-03-30
Charger,14,19.79,2024-03-30
Chargers,29,13.52,2024-03-30
Battery 18650,22,15.2,2024-03-30
Batteries,15,38.38,2024-03-30
Batteries,16,43.92,2024-03-30
Cotton Wicking,34,51.43,2024-03-30
Nicotine Pods,46,37.25,2024-03-30
Drip Tips,6,28.86,2024-03-30
E-Liquid Premium,35,58.61,2024-03-30
Pod Kit,17,70.23,2024-03-30
Vape Mod XL,21,46.19,2024-03-30
Starter Kit,8,33.02,2024-03-30
Pod Kit,20,50.88,2024-03-30
Atomizers,29,73.46,2024-03-30
Vape Juice 30ml,67,44.73,2024-03-30
E-Liquid Premium,35,40.95,2024-03-30
Starter Kit,8,28.07,2024-03-30
Zero Nicotine 30ml,29,9.4,2024-03-30
Drip Tips,17,32.29,2024-03-31
Zero Nicotine 30ml,13,18.3,2024-03-31
Tank Glass,17,20.27,2024-03-31
Charger,14,17.86,2024-03-31
Chargers,22,23.36,2024-03-31
Batteries,25,24.43,2024-03-31
Cotton Wicking,25,22.14,2024-03-31
Replacement Coils,32,22.89,2024-03-31
Nicotine Pods,43,27.17,2024-03-31
Zero Nicotine 30ml,11,45.05,2024-03-31
Vape Juice 60ml,21,28.32,2024-03-31
Vape Juice 60ml,17,34.91,2024-03-31
Vape Juice 30ml,67,52.8,2024-03-31
Atomizers,9,48.26,2024-03-31
Atomizers,9,48.04,2024-03-31
Tanks,35,52.41,2024-03-31
Starter Kit,14,40.54,2024-03-31
Pod Kit,20,52.28,2024-03-31
Pod Kit,21,39.39,2024-03-31
E-Liquid Premium,66,59.03,2024-03-31
Cotton Wicking,4,5.0,2024-04-01
Cotton Wicking,5,72.67,2024-04-01
Cotton Wicking,6,27.23,2024-04-01
Batteries,13,21.99,2024-04-01
Battery 18650,10,21.56,2024-04-01
Tank Glass,12,22.36,2024-04-01
Charger,3,19.0,2024-04-01
Charger,1,25.49,2024-04-01
Drip Tips,9,32.9,2024-04-01
Replacement Coils,12,21.53,2024-04-01
Chargers,14,11.82,2024-04-01
Nicotine Pods,18,26.94,2024-04-01
Vape Mod XL,5,56.79,2024-04-01
Zero Nicotine 30ml,7,37.72,2024-04-01
Starter Kit,5,32.06,2024-04-01
Starter Kit,7,32.97,2024-04-01
Tanks,9,43.93,2024-04-01
Tanks,10,64.11,2024-04-01
Vape Mod XL,4,45.87,2024-04-01
Atomizers,3,59.5,2024-04-01
Vape Juice 30ml,35,73.26,2024-04-01
Vape Juice 60ml,20,42.08,2024-04-01
E-Liquid Premium,31,27.07,2024-04-01
Atomizers,5,37.04,2024-04-01
Zero Nicotine 30ml,11,22.99,2024-04-01
Replacement Coils,13,34.0,2024-04-02
Drip Tips,3,37.65,2024-04-02
Drip Tips,6,23.93,2024-04-02
Tank Glass,10,14.96,2024-04-02
Charger,9,25.01,2024-04-02
Chargers,12,72.67,2024-04-02
Battery 18650,13,24.6,2024-04-02
Batteries,16,43.55,2024-04-02
Cotton Wicking,22,50.93,2024-04-02
Nicotine Pods,30,91.25,2024-04-02
E-Liquid Premium,12,52.15,2024-04-02
E-Liquid Premium,13,77.9,2024-04-02
Vape Juice 30ml,28,20.16,2024-04-02
Atomizers,13,70.7,2024-04-02
Tanks,13,72.77,2024-04-02
Tanks,14,55.08,2024-04-02
Vape Mod XL,9,59.74,2024-04-02
Pod Kit,27,59.41,2024-04-02
Zero Nicotine 30ml,14,39.03,2024-04-02
Replacement Coils,20,28.97,2024-04-03
Cotton Wicking,9,36.93,2024-04-03
Cotton Wicking,12,42.16,2024-04-03
Batteries,21,61.63,2024-04-03
Drip Tips,8,46.8,2024-04-03
Tank Glass,6,5.92,2024-04-03
Battery 18650,3,18.46,2024-04-03
Chargers,18,45.07,2024-04-03
Charger,10,21.65,2024-04-03
Tank Glass,6,7.27,2024-04-03
Nicotine Pods,28,57.36,2024-04-03
Battery 18650,7,23.05,2024-04-03
Zero Nicotine 30ml,7,12.23,2024-04-03
Vape Juice 30ml,14,53.54,2024-04-03
E-Liquid Premium,29,37.79,2024-04-03
Pod Kit,11,54.39,2024-04-03
Pod Kit,7,50.64,2024-04-03
Starter Kit,12,33.08,2024-04-03
Tanks,22,52.72,2024-04-03
Atomizers,13,44.67,2024-04-03
Zero Nicotine 30ml,7,19.02,2024-04-03
Vape Juice 30ml,16,53.39,2024-04-03
Vape Juice 60ml,6,22.37,2024-04-03
Vape Juice 60ml,7,30.38,2024-04-03
Vape Juice 60ml,7,41.09,2024-04-03
Vape Juice 30ml,17,33.75,2024-04-03
Replacement Coils,10,25.97,2024-04-04
Replacement Coils,9,16.55,2024-04-04
Cotton Wicking,30,39.17,2024-04-04
Batteries,21,40.91,2024-04-04
Battery 18650,16,17.14,2024-04-04
Charger,7,20.56,2024-04-04
Tank Glass,11,13.17,2024-04-04
Drip Tips,3,15.03,2024-04-04
Drip Tips,1,27.31,2024-04-04
Nicotine Pods,30,42.59,2024-04-04
Chargers,20,44.8,2024-04-04
Zero Nicotine 30ml,11,14.28,2024-04-04
E-Liquid Premium,32,39.65,2024-04-04
Pod Kit,12,56.66,2024-04-04
Vape Juice 60ml,24,38.18,2024-04-04
Vape Juice 30ml,37,74.73,2024-04-04
Atomizers,6,40.65,2024-04-04
Atomizers,7,82.53,2024-04-04
Tanks,27,54.86,2024-04-04
Starter Kit,3,22.72,2024-04-04
Starter Kit,3,44.64,2024-04-04
Vape Mod XL,16,45.54,2024-04-04
Pod Kit,13,72.76,2024-04-04
Zero Nicotine 30ml,11,38.55,2024-04-04
Replacement Coils,10,29.67,2024-04-05
Cotton Wicking,34,34.01,2024-04-05
Battery 18650,6,10.24,2024-04-05
Battery 18650,5,24.59,2024-04-05
Replacement Coils,10,35.85,2024-04-05
Charger,11,26.12,2024-04-05
Tank Glass,8,10.4,2024-04-05
Tank Glass,6,12.63,2024-04-05
Chargers,7,57.35,2024-04-05
Zero Nicotine 30ml,32,20.71,2024-04-05
Chargers,8,56.61,2024-04-05
Vape Juice 60ml,18,27.02,2024-04-05
E-Liquid Premium,63,25.64,2024-04-05
Vape Mod XL,5,51.67,2024-04-05
Starter Kit,18,27.98,2024-04-05
Tanks,31,78.18,2024-04-05
Vape Mod XL,5,33.7,2024-04-05
Vape Juice 30ml,27,71.62,2024-04-05
Vape Juice 30ml,30,28.47,2024-04-05
Vape Juice 60ml,15,24.85,2024-04-05
Vape Juice 60ml,17,8.17,2024-04-05
Atomizers,15,43.25,2024-04-05
Drip Tips,11,42.19,2024-04-06
Replacement Coils,15,8.2,2024-04-06
Tank Glass,4,16.03,2024-04-06
Tank Glass,2,16.64,2024-04-06
Charger,7,21.68,2024-04-06
Chargers,18,28.24,2024-04-06
Battery 18650,3,15.97,2024-04-06
Battery 18650,6,19.27,2024-04-06
Batteries,21,66.59,2024-04-06
Cotton Wicking,29,45.78,2024-04-06
Nicotine Pods,24,43.12,2024-04-06
Tank Glass,2,10.91,2024-04-06
Zero Nicotine 30ml,11,37.98,2024-04-06
Vape Mod XL,10,43.89,2024-04-06
Starter Kit,12,24.12,2024-04-06
Tanks,21,48.83,2024-04-06
Atomizers,17,52.76,2024-04-06
Pod Kit,38,48.23,2024-04-06
Vape Juice 30ml,20,37.94,2024-04-06
Vape Juice 60ml,30,36.31,2024-04-06
E-Liquid Premium,48,49.05,2024-04-06
Vape Juice 30ml,20,30.82,2024-04-06
Zero Nicotine 30ml,14,29.44,2024-04-06
E-Liquid Premium,22,66.35,2024-04-07
Drip Tips,11,9.34,2024-04-07
Charger,10,23.51,2024-04-07
Chargers,18,44.71,2024-04-07
Battery 18650,15,22.3,2024-04-07
Replacement Coils,5,18.81,2024-04-07
Replacement Coils,8,20.77,2024-04-07
Nicotine Pods,30,51.15,2024-04-07
E-Liquid Premium,20,52.01,2024-04-07
Vape Juice 30ml,47,54.48,2024-04-07
Atomizers,11,33.0,2024-04-07
Atomizers,9,74.27,2024-04-07
Starter Kit,12,33.41,2024-04-07
Vape Mod XL,5,51.3,2024-04-07
Vape Mod XL,3,55.74,2024-04-07
Pod Kit,25,71.68,2024-04-07
Vape Juice 60ml,24,44.43,2024-04-07
Batteries,4,17.85,2024-04-08
Batteries,4,35.81,2024-04-08
Battery 18650,10,28.9,2024-04-08
Chargers,4,32.17,2024-04-08
Chargers,4,45.34,2024-04-08
Tank Glass,6,20.03,2024-04-08
Charger,3,18.0,2024-04-08
Tank Glass,7,7.16,2024-04-08
Drip Tips,7,20.71,2024-04-08
Cotton Wicking,21,7.59,2024-04-08
Charger,3,27.52,2024-04-08
Replacement Coils,9,19.0,2024-04-08
Vape Juice 30ml,35,48.99,2024-04-08
Zero Nicotine 30ml,17,36.19,2024-04-08
Pod Kit,8,60.81,2024-04-08
Pod Kit,7,52.21,2024-04-08
Tanks,9,76.22,2024-04-08
Tanks,11,54.74,2024-04-08
Starter Kit,10,30.05,2024-04-08
Nicotine Pods,20,62.49,2024-04-08
Vape Juice 60ml,18,34.4,2024-04-08
E-Liquid Premium,10,53.45,2024-04-08
E-Liquid Premium,14,47.65,2024-04-08
Atomizers,15,40.0,2024-04-08
Chargers,2,44.09,2024-04-09
Batteries,13,52.8,2024-04-09
Battery 18650,6,15.34,2024-04-09
Battery 18650,4,26.18,2024-04-09
Chargers,5,27.68,2024-04-09
Chargers,3,50.38,2024-04-09
Charger,4,26.78,2024-04-09
Drip Tips,2,29.58,2024-04-09
Charger,4,20.65,2024-04-09
Tank Glass,3,18.0,2024-04-09
Tank Glass,3,18.79,2024-04-09
Cotton Wicking,12,26.21,2024-04-09
Drip Tips,3,16.72,2024-04-09
Drip Tips,3,36.82,2024-04-09
Charger,1,21.87,2024-04-09
Replacement Coils,12,29.7,2024-04-09
Nicotine Pods,19,31.32,2024-04-09
Zero Nicotine 30ml,9,32.66,2024-04-09
Pod Kit,20,49.77,2024-04-09
Vape Mod XL,5,50.71,2024-04-09
Starter Kit,4,56.44,2024-04-09
Starter Kit,3,31.87,2024-04-09
Tanks,5,59.14,2024-04-09
Tanks,5,74.44,2024-04-09
Atomizers,7,60.17,2024-04-09
Vape Mod XL,6,48.1,2024-04-09
Vape Juice 30ml,33,39.06,2024-04-09
Vape Juice 60ml,6,50.06,2024-04-09
Vape Juice 60ml,10,24.34,2024-04-09
Vape Juice 60ml,7,36.94,2024-04-09
E-Liquid Premium,30,34.36,2024-04-09
Zero Nicotine 30ml,8,29.76,2024-04-09
Atomizers,6,68.5,2024-04-09
Cotton Wicking,7,36.91,2024-04-10
Cotton Wicking,8,35.86,2024-04-10
Batteries,10,63.31,2024-04-10
Batteries,10,53.71,2024-04-10
Drip Tips,1,41.0,2024-04-10
Charger,8,21.32,2024-04-10
Chargers,12,29.86,2024-04-10
Tank Glass,11,20.95,2024-04-10
Drip Tips,4,33.79,2024-04-10
Replacement Coils,4,25.21,2024-04-10
Battery 18650,7,16.18,2024-04-10
Replacement Coils,8,15.31,2024-04-10
Vape Juice 30ml,30,31.52,2024-04-10
Nicotine Pods,13,40.28,2024-04-10
Pod Kit,14,57.2,2024-04-10
Vape Mod XL,9,51.37,2024-04-10
Starter Kit,7,16.81,2024-04-10
Tanks,15,53.03,2024-04-10
Nicotine Pods,9,48.0,2024-04-10
Vape Juice 60ml,16,34.65,2024-04-10
E-Liquid Premium,28,40.98,2024-04-10
Zero Nicotine 30ml,5,30.95,2024-04-10
Zero Nicotine 30ml,7,29.3,2024-04-10
Atomizers,9,69.8,2024-04-10
Nicotine Pods,11,40.5,2024-04-11
Tank Glass,11,29.13,2024-04-11
Charger,9,29.5,2024-04-11
Chargers,12,42.72,2024-04-11
Battery 18650,9,18.58,2024-04-11
Cotton Wicking,7,35.49,2024-04-11
Cotton Wicking,7,37.58,2024-04-11
Replacement Coils,13,28.93,2024-04-11
Nicotine Pods,10,66.4,2024-04-11
Drip Tips,8,33.62,2024-04-11
E-Liquid Premium,36,60.92,2024-04-11
Vape Juice 60ml,12,33.05,2024-04-11
Vape Juice 60ml,10,45.66,2024-04-11
Vape Juice 30ml,13,21.48,2024-04-11
Vape Juice 30ml,12,59.57,2024-04-11
Atomizers,11,79.97,2024-04-11
Tanks,12,69.96,2024-04-11
Starter Kit,10,20.91,2024-04-11
Vape Mod XL,7,45.65,2024-04-11
Pod Kit,21,57.04,2024-04-11
Zero Nicotine 30ml,20,60.21,2024-04-11
Cotton Wicking,9,42.66,2024-04-12
Cotton Wicking,12,66.34,2024-04-12
Batteries,17,43.14,2024-04-12
Chargers,15,10.6,2024-04-12
Zero Nicotine 30ml,7,37.19,2024-04-12
Tank Glass,9,5.0,2024-04-12
Drip Tips,2,32.69,2024-04-12
Drip Tips,3,33.96,2024-04-12
Charger,6,14.68,2024-04-12
Zero Nicotine 30ml,11,19.3,2024-04-12
Nicotine Pods,28,94.01,2024-04-12
Vape Juice 60ml,35,24.37,2024-04-12
Vape Juice 30ml,15,32.52,2024-04-12
E-Liquid Premium,38,52.22,2024-04-12
Vape Juice 30ml,13,48.02,2024-04-12
Vape Juice 30ml,16,41.24,2024-04-12
Atomizers,11,28.11,2024-04-12
Tanks,18,67.16,2024-04-12
Starter Kit,2,37.82,2024-04-12
Starter Kit,4,36.39,2024-04-12
Vape Mod XL,9,45.41,2024-04-12
Pod Kit,32,49.95,2024-04-12
Cotton Wicking,15,82.91,2024-04-13
Batteries,7,9.84,2024-04-13
Batteries,9,44.87,2024-04-13
Battery 18650,10,28.97,2024-04-13
Chargers,5,38.39,2024-04-13
Drip Tips,3,40.74,2024-04-13
Chargers,6,32.49,2024-04-13
Charger,11,11.19,2024-04-13
Tank Glass,11,16.81,2024-04-13
Drip Tips,2,29.16,2024-04-13
Cotton Wicking,13,36.77,2024-04-13
Chargers,7,53.71,2024-04-13
Replacement Coils,6,19.0,2024-04-13
Replacement Coils,6,27.06,2024-04-13
Pod Kit,9,48.51,2024-04-13
Replacement Coils,7,28.28,2024-04-13
Pod Kit,10,64.07,2024-04-13
Pod Kit,12,57.66,2024-04-13
Vape Mod XL,13,36.79,2024-04-13
Tanks,10,57.12,2024-04-13
Tanks,12,68.13,2024-04-13
Vape Juice 60ml,34,42.08,2024-04-13
E-Liquid Premium,45,50.11,2024-04-13
Zero Nicotine 30ml,13,33.62,2024-04-13
Zero Nicotine 30ml,14,15.78,2024-04-13
Nicotine Pods,28,32.54,2024-04-13
Vape Juice 30ml,33,40.81,2024-04-13
Batteries,8,26.22,2024-04-14
Replacement Coils,10,14.83,2024-04-14
Cotton Wicking,25,20.47,2024-04-14
Batteries,10,23.72,2024-04-14
Battery 18650,6,29.28,2024-04-14
Replacement Coils,6,26.99,2024-04-14
Chargers,18,55.03,2024-04-14
Charger,8,23.82,2024-04-14
Tank Glass,12,21.54,2024-04-14
Drip Tips,4,24.93,2024-04-14
Drip Tips,3,28.92,2024-04-14
Battery 18650,6,14.63,2024-04-14
Nicotine Pods,12,10.95,2024-04-14
E-Liquid Premium,17,63.71,2024-04-14
Zero Nicotine 30ml,14,15.28,2024-04-14
Pod Kit,33,77.67,2024-04-14
Nicotine Pods,12,50.22,2024-04-14
Vape Mod XL,6,5.45,2024-04-14
Starter Kit,5,36.17,2024-04-14
Starter Kit,8,39.98,2024-04-14
Tanks,24,54.65,2024-04-14
Vape Mod XL,4,56.25,2024-04-14
Atomizers,8,47.06,2024-04-14
Vape Juice 60ml,34,17.31,2024-04-14
E-Liquid Premium,14,50.07,2024-04-14
Zero Nicotine 30ml,13,5.0,2024-04-14
Atomizers,9,67.03,2024-04-14
Tank Glass,8,10.61,2024-04-15
Charger,6,18.58,2024-04-15
Charger,3,17.44,2024-04-15
Battery 18650,5,11.57,2024-04-15
Battery 18650,4,14.02,2024-04-15
Cotton Wicking,7,54.04,2024-04-15
Cotton Wicking,7,25.23,2024-04-15
Replacement Coils,11,19.78,2024-04-15
Nicotine Pods,13,51.66,2024-04-15
Zero Nicotine 30ml,7,23.64,2024-04-15
Zero Nicotine 30ml,7,44.12,2024-04-15
E-Liquid Premium,12,49.16,2024-04-15
Vape Juice 60ml,21,36.59,2024-04-15
Vape Juice 30ml,14,52.86,2024-04-15
Vape Juice 30ml,15,74.19,2024-04-15
Atomizers,3,36.21,2024-04-15
Atomizers,4,35.43,2024-04-15
Tanks,11,76.02,2024-04-15
Starter Kit,8,50.11,2024-04-15
Vape Mod XL,2,60.03,2024-04-15
Vape Mod XL,2,35.86,2024-04-15
E-Liquid Premium,12,56.34,2024-04-15
Nicotine Pods,14,30.75,2024-04-16
Replacement Coils,3,13.83,2024-04-16
Replacement Coils,5,25.46,2024-04-16
Replacement Coils,6,12.87,2024-04-16
Tank Glass,10,16.52,2024-04-16
Batteries,14,51.9,2024-04-16
Battery 18650,10,22.02,2024-04-16
Chargers,13,41.92,2024-04-16
Zero Nicotine 30ml,15,37.05,2024-04-16
Cotton Wicking,20,17.32,2024-04-16
E-Liquid Premium,25,26.65,2024-04-16
Charger,7,16.77,2024-04-16
Vape Juice 60ml,12,47.28,2024-04-16
Vape Juice 60ml,12,44.21,2024-04-16
Pod Kit,19,57.27,2024-04-16
Starter Kit,5,42.13,2024-04-16
Starter Kit,2,38.58,2024-04-16
Vape Mod XL,8,46.98,2024-04-16
Tanks,6,69.97,2024-04-16
Tanks,5,52.0,2024-04-16
Vape Juice 30ml,13,51.42,2024-04-16
Vape Juice 30ml,16,32.65,2024-04-16
Tanks,5,65.11,2024-04-16
Battery 18650,8,24.25,2024-04-17
Replacement Coils,11,24.32,2024-04-17
Cotton Wicking,7,55.56,2024-04-17
Cotton Wicking,6,16.02,2024-04-17
Batteries,17,16.82,2024-04-17
Chargers,1,43.11,2024-04-17
Tank Glass,4,14.09,2024-04-17
Chargers,4,57.47,2024-04-17
Charger,6,21.61,2024-04-17
Tank Glass,3,31.64,2024-04-17
Nicotine Pods,13,51.29,2024-04-17
Tank Glass,3,5.0,2024-04-17
Chargers,1,34.21,2024-04-17
Nicotine Pods,13,75.3,2024-04-17
E-Liquid Premium,10,51.65,2024-04-17
Starter Kit,1,26.16,2024-04-17
E-Liquid Premium,10,51.88,2024-04-17
Vape Juice 60ml,9,26.04,2024-04-17
Vape Juice 60ml,6,31.75,2024-04-17
Vape Juice 30ml,26,54.28,2024-04-17
Atomizers,4,63.88,2024-04-17
Atomizers,6,63.59,2024-04-17
Tanks,11,75.3,2024-04-17
Starter Kit,2,30.86,2024-04-17
Starter Kit,1,42.38,2024-04-17
Zero Nicotine 30ml,12,44.46,2024-04-17
Vape Mod XL,9,35.08,2024-04-17
Pod Kit,18,59.64,2024-04-17
Replacement Coils,6,5.9,2024-04-18
Replacement Coils,4,37.81,2024-04-18
Cotton Wicking,9,58.24,2024-04-18
Nicotine Pods,26,26.29,2024-04-18
Batteries,20,32.07,2024-04-18
Battery 18650,8,15.3,2024-04-18
Chargers,9,59.04,2024-04-18
Cotton Wicking,8,60.75,2024-04-18
Zero Nicotine 30ml,7,40.78,2024-04-18
Drip Tips,5,30.98,2024-04-18
E-Liquid Premium,38,52.61,2024-04-18
Vape Juice 60ml,17,32.54,2024-04-18
Vape Juice 30ml,5,65.36,2024-04-18
Vape Juice 30ml,5,29.67,2024-04-18
Vape Juice 30ml,7,54.65,2024-04-18
Atomizers,14,42.54,2024-04-18
Tanks,21,44.15,2024-04-18
Starter Kit,7,31.51,2024-04-18
Vape Mod XL,9,60.58,2024-04-18
Zero Nicotine 30ml,6,34.01,2024-04-18
Replacement Coils,20,8.17,2024-04-19
Cotton Wicking,18,60.15,2024-04-19
Batteries,20,25.74,2024-04-19
Battery 18650,15,14.15,2024-04-19
Chargers,7,55.95,2024-04-19
Drip Tips,7,34.0,2024-04-19
Chargers,4,39.57,2024-04-19
Charger,7,21.97,2024-04-19
Tank Glass,12,13.98,2024-04-19
Zero Nicotine 30ml,18,43.26,2024-04-19
Chargers,5,50.69,2024-04-19
E-Liquid Premium,10,35.08,2024-04-19
Drip Tips,7,31.8,2024-04-19
E-Liquid Premium,12,44.01,2024-04-19
Pod Kit,28,40.84,2024-04-19
Vape Mod XL,16,63.31,2024-04-19
Starter Kit,3,21.66,2024-04-19
Starter Kit,4,34.13,2024-04-19
Tanks,12,54.19,2024-04-19
E-Liquid Premium,10,54.56,2024-04-19
Vape Juice 30ml,44,50.68,2024-04-19
Vape Juice 60ml,7,33.93,2024-04-19
Vape Juice 60ml,10,35.31,2024-04-19
Vape Juice 60ml,9,46.26,2024-04-19
Tanks,10,66.77,2024-04-19
Cotton Wicking,19,37.54,2024-04-20
Drip Tips,3,42.2,2024-04-20
Drip Tips,2,17.9,2024-04-20
Tank Glass,12,18.84,2024-04-20
Charger,7,23.96,2024-04-20
Charger,5,20.12,2024-04-20
Chargers,5,72.21,2024-04-20
Chargers,8,25.25,2024-04-20
Battery 18650,15,27.36,2024-04-20
Batteries,22,45.39,2024-04-20
Drip Tips,4,5.0,2024-04-20
Nicotine Pods,33,59.84,2024-04-20
Zero Nicotine 30ml,9,27.66,2024-04-20
Zero Nicotine 30ml,7,25.62,2024-04-20
E-Liquid Premium,35,41.15,2024-04-20
Vape Juice 60ml,26,33.89,2024-04-20
Tanks,25,74.51,2024-04-20
Starter Kit,8,41.41,2024-04-20
Vape Mod XL,4,36.05,2024-04-20
Vape Mod XL,5,63.95,2024-04-20
Vape Mod XL,4,46.74,2024-04-20
Pod Kit,35,48.81,2024-04-20
Replacement Coils,20,31.42,2024-04-20
Batteries,21,21.49,2024-04-21
Battery 18650,6,10.02,2024-04-21
Battery 18650,7,21.57,2024-04-21
Chargers,9,16.94,2024-04-21
Cotton Wicking,30,32.51,2024-04-21
Charger,4,10.87,2024-04-21
Charger,2,17.85,2024-04-21
Tank Glass,14,20.8,2024-04-21
Drip Tips,11,40.38,2024-04-21
Chargers,9,46.34,2024-04-21
Replacement Coils,23,17.24,2024-04-21
Atomizers,14,33.83,2024-04-21
Nicotine Pods,18,60.18,2024-04-21
Pod Kit,38,64.19,2024-04-21
Vape Mod XL,15,53.91,2024-04-21
Starter Kit,7,39.81,2024-04-21
Tanks,19,67.42,2024-04-21
Starter Kit,6,43.55,2024-04-21
Vape Juice 30ml,52,51.52,2024-04-21
Vape Juice 60ml,32,35.61,2024-04-21
E-Liquid Premium,48,40.27,2024-04-21
Zero Nicotine 30ml,23,21.28,2024-04-21
Nicotine Pods,19,32.65,2024-04-21
Battery 18650,5,23.02,2024-04-22
Cotton Wicking,18,12.13,2024-04-22
Batteries,9,16.41,2024-04-22
Batteries,9,79.13,2024-04-22
Battery 18650,4,12.28,2024-04-22
Chargers,5,27.31,2024-04-22
Tank Glass,6,21.43,2024-04-22
Chargers,2,44.9,2024-04-22
Charger,6,24.57,2024-04-22
Tank Glass,5,5.0,2024-04-22
Replacement Coils,15,18.07,2024-04-22
Drip Tips,6,31.26,2024-04-22
Chargers,3,46.4,2024-04-22
Nicotine Pods,9,92.32,2024-04-22
Nicotine Pods,8,94.71,2024-04-22
Pod Kit,9,57.49,2024-04-22
Pod Kit,12,46.35,2024-04-22
Zero Nicotine 30ml,19,12.51,2024-04-22
Vape Mod XL,8,45.3,2024-04-22
Starter Kit,6,24.4,2024-04-22
Starter Kit,3,34.26,2024-04-22
Tanks,7,57.45,2024-04-22
Tanks,9,50.63,2024-04-22
Vape Juice 30ml,14,34.79,2024-04-22
Vape Juice 30ml,10,62.98,2024-04-22
Vape Juice 30ml,13,54.97,2024-04-22
Vape Juice 60ml,5,19.88,2024-04-22
Vape Juice 60ml,5,25.05,2024-04-22
Vape Juice 60ml,7,31.24,2024-04-22
Atomizers,10,63.01,2024-04-22
Batteries,7,15.64,2024-04-23
Replacement Coils,4,29.16,2024-04-23
Cotton Wicking,8,52.85,2024-04-23
Cotton Wicking,9,37.62,2024-04-23
Battery 18650,2,14.72,2024-04-23
Replacement Coils,5,17.94,2024-04-23
Chargers,11,30.14,2024-04-23
Charger,8,14.71,2024-04-23
Tank Glass,8,22.76,2024-04-23
Drip Tips,8,36.39,2024-04-23
Battery 18650,5,20.83,2024-04-23
Replacement Coils,5,30.83,2024-04-23
Batteries,11,18.49,2024-04-23
Zero Nicotine 30ml,7,37.79,2024-04-23
Pod Kit,27,62.05,2024-04-23
Tanks,7,70.5,2024-04-23
Tanks,7,63.46,2024-04-23
Atomizers,9,61.42,2024-04-23
Atomizers,7,63.81,2024-04-23
Starter Kit,11,33.57,2024-04-23
Vape Juice 30ml,33,48.19,2024-04-23
Vape Juice 60ml,19,55.2,2024-04-23
E-Liquid Premium,34,31.66,2024-04-23
Zero Nicotine 30ml,10,40.01,2024-04-23
Nicotine Pods,15,25.25,2024-04-23
Nicotine Pods,25,33.47,2024-04-24
Tank Glass,9,9.69,2024-04-24
Charger,5,19.76,2024-04-24
Battery 18650,6,16.38,2024-04-24
Battery 18650,4,19.53,2024-04-24
Cotton Wicking,5,72.26,2024-04-24
Cotton Wicking,7,17.23,2024-04-24
Cotton Wicking,4,5.0,2024-04-24
Replacement Coils,15,12.32,2024-04-24
Zero Nicotine 30ml,5,25.43,2024-04-24
Drip Tips,6,34.47,2024-04-24
E-Liquid Premium,26,43.61,2024-04-24
Pod Kit,15,46.61,2024-04-24
Vape Mod XL,10,46.14,2024-04-24
Starter Kit,10,59.56,2024-04-24
Tanks,19,40.43,2024-04-24
Zero Nicotine 30ml,7,20.9,2024-04-24
Vape Juice 30ml,13,47.4,2024-04-24
Vape Juice 30ml,10,31.75,2024-04-24
Vape Juice 60ml,30,38.06,2024-04-24
Atomizers,16,82.53,2024-04-24
Drip Tips,1,22.1,2024-04-25
Cotton Wicking,12,15.89,2024-04-25
Drip Tips,2,36.46,2024-04-25
Tank Glass,15,15.9,2024-04-25
Charger,9,22.21,2024-04-25
Chargers,19,31.86,2024-04-25
Battery 18650,5,30.08,2024-04-25
Battery 18650,7,14.51,2024-04-25
Batteries,15,19.94,2024-04-25
Cotton Wicking,13,43.08,2024-04-25
Drip Tips,1,10.34,2024-04-25
Replacement Coils,21,21.53,2024-04-25
Zero Nicotine 30ml,13,25.13,2024-04-25
Zero Nicotine 30ml,13,46.95,2024-04-25
E-Liquid Premium,29,64.06,2024-04-25
Vape Juice 60ml,24,61.36,2024-04-25
Vape Juice 30ml,34,61.47,2024-04-25
Atomizers,7,72.92,2024-04-25
Atomizers,8,37.86,2024-04-25
Starter Kit,9,27.36,2024-04-25
Vape Mod XL,11,70.76,2024-04-25
Nicotine Pods,24,62.41,2024-04-25
Cotton Wicking,24,27.95,2024-04-26
Batteries,18,5.0,2024-04-26
Battery 18650,18,29.75,2024-04-26
Chargers,24,40.65,2024-04-26
Replacement Coils,11,23.35,2024-04-26
Charger,5,9.97,2024-04-26
Tank Glass,16,19.62,2024-04-26
Drip Tips,11,24.89,2024-04-26
Charger,6,17.91,2024-04-26
Replacement Coils,11,11.4,2024-04-26
Pod Kit,34,62.92,2024-04-26
E-Liquid Premium,44,59.33,2024-04-26
Vape Juice 30ml,49,53.61,2024-04-26
Atomizers,9,69.76,2024-04-26
Atomizers,11,65.58,2024-04-26
Tanks,20,79.75,2024-04-26
Starter Kit,16,34.55,2024-04-26
Vape Mod XL,4,60.96,2024-04-26
Vape Mod XL,2,59.28,2024-04-26
Vape Mod XL,4,43.13,2024-04-26
Zero Nicotine 30ml,34,28.25,2024-04-26
Replacement Coils,12,29.73,2024-04-27
Cotton Wicking,29,48.25,2024-04-27
Battery 18650,4,17.87,2024-04-27
Battery 18650,5,18.9,2024-04-27
Drip Tips,8,24.26,2024-04-27
Charger,2,14.86,2024-04-27
Charger,2,19.97,2024-04-27
Tank Glass,17,5.67,2024-04-27
Replacement Coils,11,5.0,2024-04-27
Chargers,27,21.44,2024-04-27
Nicotine Pods,7,23.74,2024-04-27
Nicotine Pods,6,5.0,2024-04-27
Starter Kit,16,39.39,2024-04-27
Zero Nicotine 30ml,15,16.93,2024-04-27
Zero Nicotine 30ml,14,27.43,2024-04-27
E-Liquid Premium,47,55.82,2024-04-27
Vape Juice 60ml,45,27.61,2024-04-27
Vape Juice 30ml,57,60.33,2024-04-27
Atomizers,18,45.56,2024-04-27
Tanks,33,62.64,2024-04-27
Vape Mod XL,16,30.36,2024-04-27
Pod Kit,29,53.68,2024-04-27
Nicotine Pods,10,68.07,2024-04-27
Batteries,11,33.73,2024-04-28
Tank Glass,6,34.2,2024-04-28
Nicotine Pods,14,32.67,2024-04-28
Batteries,11,49.14,2024-04-28
Replacement Coils,24,33.73,2024-04-28
Battery 18650,5,24.36,2024-04-28
Tank Glass,4,13.62,2024-04-28
Battery 18650,4,21.04,2024-04-28
Chargers,22,22.28,2024-04-28
Charger,12,19.71,2024-04-28
Tank Glass,6,5.0,2024-04-28
Battery 18650,6,18.67,2024-04-28
Nicotine Pods,15,6.65,2024-04-28
Cotton Wicking,24,5.47,2024-04-28
E-Liquid Premium,42,42.76,2024-04-28
Pod Kit,37,41.78,2024-04-28
Vape Mod XL,17,50.36,2024-04-28
Starter Kit,7,34.86,2024-04-28
Starter Kit,8,27.11,2024-04-28
Tanks,25,69.64,2024-04-28
Zero Nicotine 30ml,26,27.62,2024-04-28
Vape Juice 30ml,18,47.24,2024-04-28
Vape Juice 30ml,15,40.83,2024-04-28
Vape Juice 30ml,15,37.49,2024-04-28
Vape Juice 60ml,15,6.98,2024-04-28
Vape Juice 60ml,13,53.77,2024-04-28
Atomizers,25,27.65,2024-04-28
Cotton Wicking,20,24.34,2024-04-29
Batteries,10,38.46,2024-04-29
Batteries,10,55.11,2024-04-29
Battery 18650,11,20.57,2024-04-29
Chargers,5,12.8,2024-04-29
Tank Glass,1,6.77,2024-04-29
Tank Glass,1,19.11,2024-04-29
Tank Glass,2,9.47,2024-04-29
Drip Tips,4,42.88,2024-04-29
Nicotine Pods,5,32.51,2024-04-29
Chargers,6,19.72,2024-04-29
Drip Tips,3,28.16,2024-04-29
Nicotine Pods,6,61.34,2024-04-29
E-Liquid Premium,16,40.41,2024-04-29
Nicotine Pods,6,39.3,2024-04-29
Pod Kit,5,48.08,2024-04-29
Pod Kit,8,59.52,2024-04-29
Starter Kit,8,34.1,2024-04-29
Tanks,9,47.18,2024-04-29
Pod Kit,6,39.91,2024-04-29
Atomizers,18,86.82,2024-04-29
Vape Juice 30ml,29,36.71,2024-04-29
Vape Juice 60ml,32,40.91,2024-04-29
E-Liquid Premium,15,45.95,2024-04-29
Tanks,9,58.91,2024-04-29
Batteries,13,62.6,2024-04-30
Cotton Wicking,4,50.78,2024-04-30
Cotton Wicking,4,38.17,2024-04-30
Cotton Wicking,4,41.9,2024-04-30
Batteries,9,35.04,2024-04-30
Battery 18650,5,22.84,2024-04-30
Charger,7,21.63,2024-04-30
Chargers,6,24.88,2024-04-30
Tank Glass,8,11.68,2024-04-30
Chargers,4,38.21,2024-04-30
Chargers,3,55.64,2024-04-30
Nicotine Pods,10,78.14,2024-04-30
Battery 18650,5,24.0,2024-04-30
Nicotine Pods,11,31.27,2024-04-30
Vape Mod XL,14,35.69,2024-04-30
E-Liquid Premium,42,49.63,2024-04-30
Pod Kit,5,58.15,2024-04-30
Pod Kit,8,69.44,2024-04-30
Pod Kit,6,60.33,2024-04-30
Starter Kit,4,35.58,2024-04-30
Starter Kit,5,12.2,2024-04-30
Tanks,10,61.81,2024-04-30
Zero Nicotine 30ml,20,35.37,2024-04-30
Atomizers,13,35.77,2024-04-30
Vape Juice 30ml,22,44.15,2024-04-30
Vape Juice 30ml,22,43.28,2024-04-30
Vape Juice 60ml,19,38.6,2024-04-30
Vape Juice 60ml,18,32.65,2024-04-30
Tanks,9,48.7,2024-04-30
Cotton Wicking,7,15.22,2024-05-01
Cotton Wicking,7,5.0,2024-05-01
Cotton Wicking,7,5.0,2024-05-01
Batteries,21,78.84,2024-05-01
Battery 18650,13,24.61,2024-05-01
Charger,5,19.52,2024-05-01
Charger,5,7.15,2024-05-01
Tank Glass,14,16.12,2024-05-01
Drip Tips,5,43.61,2024-05-01
Drip Tips,3,34.56,2024-05-01
Replacement Coils,5,27.99,2024-05-01
Chargers,12,42.08,2024-05-01
Replacement Coils,8,19.53,2024-05-01
Nicotine Pods,12,26.56,2024-05-01
Pod Kit,24,69.2,2024-05-01
Nicotine Pods,10,39.18,2024-05-01
Vape Mod XL,10,47.7,2024-05-01
Starter Kit,8,51.36,2024-05-01
Tanks,10,66.58,2024-05-01
Atomizers,15,36.76,2024-05-01
Tanks,14,54.69,2024-05-01
Vape Juice 60ml,14,33.48,2024-05-01
Vape Juice 60ml,16,25.86,2024-05-01
E-Liquid Premium,42,43.15,2024-05-01
Zero Nicotine 30ml,10,26.98,2024-05-01
Zero Nicotine 30ml,7,16.64,2024-05-01
Vape Juice 30ml,38,37.04,2024-05-01
Battery 18650,9,16.49,2024-05-02
Replacement Coils,7,17.62,2024-05-02
Cotton Wicking,24,16.76,2024-05-02
Batteries,20,51.57,2024-05-02
Chargers,5,68.99,2024-05-02
Replacement Coils,8,15.19,2024-05-02
Charger,3,24.34,2024-05-02
Charger,7,15.05,2024-05-02
Tank Glass,12,15.49,2024-05-02
Drip Tips,3,36.83,2024-05-02
Drip Tips,3,28.02,2024-05-02
Chargers,7,37.95,2024-05-02
Replacement Coils,4,16.42,2024-05-02
Zero Nicotine 30ml,7,24.19,2024-05-02
Zero Nicotine 30ml,5,37.58,2024-05-02
Vape Mod XL,15,56.05,2024-05-02
Starter Kit,15,5.33,2024-05-02
Atomizers,16,61.97,2024-05-02
Vape Juice 30ml,26,48.18,2024-05-02
Vape Juice 30ml,25,30.56,2024-05-02
Pod Kit,24,45.44,2024-05-02
Vape Juice 60ml,12,33.13,2024-05-02
Vape Juice 60ml,8,31.04,2024-05-02
Zero Nicotine 30ml,6,27.3,2024-05-02
Nicotine Pods,22,32.91,2024-05-02
E-Liquid Premium,52,60.47,2024-05-02
Vape Juice 60ml,9,37.38,2024-05-02
Replacement Coils,7,25.34,2024-05-03
Tank Glass,20,8.45,2024-05-03
Chargers,25,41.36,2024-05-03
Battery 18650,2,24.54,2024-05-03
Battery 18650,4,23.88,2024-05-03
Batteries,19,5.0,2024-05-03
Cotton Wicking,14,15.52,2024-05-03
Cotton Wicking,16,56.7,2024-05-03
Replacement Coils,6,34.87,2024-05-03
Replacement Coils,7,21.77,2024-05-03
Drip Tips,14,33.03,2024-05-03
Battery 18650,3,26.68,2024-05-03
Nicotine Pods,37,47.22,2024-05-03
Vape Juice 60ml,15,25.6,2024-05-03
Vape Juice 60ml,12,37.1,2024-05-03
Atomizers,11,59.07,2024-05-03
Atomizers,12,41.07,2024-05-03
Tanks,11,44.61,2024-05-03
Tanks,10,39.73,2024-05-03
Tanks,7,72.73,2024-05-03
Starter Kit,16,38.94,2024-05-03
Vape Mod XL,12,48.34,2024-05-03
Pod Kit,30,60.81,2024-05-03
Zero Nicotine 30ml,22,34.36,2024-05-03
Batteries,9,36.85,2024-05-04
Battery 18650,9,15.64,2024-05-04
Battery 18650,9,24.11,2024-05-04
Drip Tips,9,44.89,2024-05-04
Chargers,5,55.9,2024-05-04
Tank Glass,8,11.45,2024-05-04
Chargers,6,32.31,2024-05-04
Charger,8,12.48,2024-05-04
Tank Glass,7,10.56,2024-05-04
Batteries,10,49.83,2024-05-04
Chargers,8,43.5,2024-05-04
Cotton Wicking,19,32.74,2024-05-04
Vape Juice 60ml,19,43.82,2024-05-04
Replacement Coils,19,12.81,2024-05-04
Pod Kit,46,46.74,2024-05-04
Starter Kit,11,21.98,2024-05-04
Starter Kit,7,24.15,2024-05-04
Tanks,19,77.86,2024-05-04
Atomizers,21,38.02,2024-05-04
Cotton Wicking,17,32.02,2024-05-04
Vape Juice 60ml,18,49.9,2024-05-04
E-Liquid Premium,49,53.21,2024-05-04
Nicotine Pods,13,64.2,2024-05-04
Nicotine Pods,13,50.19,2024-05-04
Vape Juice 30ml,60,27.8,2024-05-04
E-Liquid Premium,63,37.53,2024-05-05
Zero Nicotine 30ml,21,8.65,2024-05-05
Nicotine Pods,28,52.54,2024-05-05
Replacement Coils,10,25.43,2024-05-05
Replacement Coils,12,24.63,2024-05-05
Batteries,32,55.79,2024-05-05
Chargers,20,24.72,2024-05-05
Charger,10,16.94,2024-05-05
Tank Glass,19,12.48,2024-05-05
Vape Juice 60ml,16,34.4,2024-05-05
Cotton Wicking,33,41.85,2024-05-05
Drip Tips,10,31.12,2024-05-05
Vape Juice 60ml,14,22.59,2024-05-05
Atomizers,7,61.63,2024-05-05
Atomizers,7,70.79,2024-05-05
Atomizers,5,67.67,2024-05-05
Tanks,35,51.01,2024-05-05
Starter Kit,5,55.55,2024-05-05
Starter Kit,8,55.2,2024-05-05
Starter Kit,7,22.34,2024-05-05
Vape Mod XL,5,54.06,2024-05-05
Vape Mod XL,4,28.1,2024-05-05
Pod Kit,45,66.17,2024-05-05
Vape Juice 30ml,37,48.93,2024-05-05
Nicotine Pods,24,57.21,2024-05-06
Replacement Coils,13,8.79,2024-05-06
Cotton Wicking,19,20.54,2024-05-06
Batteries,19,7.16,2024-05-06
Drip Tips,9,46.69,2024-05-06
Chargers,15,29.03,2024-05-06
Charger,5,20.1,2024-05-06
Tank Glass,4,19.57,2024-05-06
Tank Glass,4,21.82,2024-05-06
Battery 18650,10,27.66,2024-05-06
E-Liquid Premium,15,41.44,2024-05-06
Vape Juice 60ml,21,27.58,2024-05-06
Vape Juice 30ml,36,40.22,2024-05-06
Pod Kit,10,62.53,2024-05-06
Pod Kit,10,57.04,2024-05-06
Pod Kit,8,53.14,2024-05-06
Vape Mod XL,7,44.2,2024-05-06
E-Liquid Premium,15,42.07,2024-05-06
Starter Kit,6,44.42,2024-05-06
Tanks,20,67.03,2024-05-06
Atomizers,10,66.63,2024-05-06
Vape Mod XL,4,81.28,2024-05-06
Tank Glass,7,17.95,2024-05-07
Nicotine Pods,4,43.25,2024-05-07
Charger,2,15.58,2024-05-07
Chargers,11,61.82,2024-05-07
Battery 18650,5,20.98,2024-05-07
Battery 18650,4,15.73,2024-05-07
Batteries,9,33.84,2024-05-07
Batteries,7,62.02,2024-05-07
Cotton Wicking,5,71.17,2024-05-07
Cotton Wicking,9,31.89,2024-05-07
Replacement Coils,15,28.28,2024-05-07
Charger,1,14.88,2024-05-07
Nicotine Pods,7,36.98,2024-05-07
Zero Nicotine 30ml,6,43.76,2024-05-07
Nicotine Pods,7,19.65,2024-05-07
Vape Mod XL,10,58.77,2024-05-07
Tanks,13,76.99,2024-05-07
Atomizers,12,64.51,2024-05-07
Vape Juice 60ml,7,19.85,2024-05-07
Pod Kit,22,73.57,2024-05-07
Vape Juice 60ml,7,21.71,2024-05-07
E-Liquid Premium,9,22.57,2024-05-07
E-Liquid Premium,13,66.24,2024-05-07
Zero Nicotine 30ml,7,46.65,2024-05-07
Vape Juice 60ml,9,44.26,2024-05-07
Replacement Coils,5,22.61,2024-05-08
Drip Tips,8,18.98,2024-05-08
Tank Glass,7,11.33,2024-05-08
Charger,9,10.69,2024-05-08
Chargers,10,37.49,2024-05-08
Batteries,18,51.99,2024-05-08
Cotton Wicking,13,47.94,2024-05-08
Replacement Coils,5,33.28,2024-05-08
Zero Nicotine 30ml,21,33.99,2024-05-08
Vape Mod XL,4,56.4,2024-05-08
Vape Juice 30ml,11,34.8,2024-05-08
Vape Juice 30ml,11,39.61,2024-05-08
Vape Juice 30ml,11,47.83,2024-05-08
Atomizers,12,53.01,2024-05-08
Tanks,7,57.9,2024-05-08
Tanks,7,63.11,2024-05-08
Starter Kit,7,50.91,2024-05-08
Vape Juice 60ml,27,35.2,2024-05-08
Vape Mod XL,5,61.28,2024-05-08
Cotton Wicking,23,11.14,2024-05-09
Batteries,15,20.36,2024-05-09
Battery 18650,4,17.64,2024-05-09
Battery 18650,2,18.74,2024-05-09
Drip Tips,8,18.01,2024-05-09
Chargers,18,59.34,2024-05-09
Charger,2,11.35,2024-05-09
Charger,4,24.52,2024-05-09
Replacement Coils,4,9.77,2024-05-09
Battery 18650,2,15.93,2024-05-09
Replacement Coils,3,19.06,2024-05-09
E-Liquid Premium,20,53.21,2024-05-09
E-Liquid Premium,19,49.39,2024-05-09
Vape Mod XL,8,43.52,2024-05-09
Starter Kit,4,33.75,2024-05-09
Starter Kit,6,43.94,2024-05-09
Tanks,23,56.53,2024-05-09
Pod Kit,28,46.73,2024-05-09
Atomizers,9,54.02,2024-05-09
Vape Juice 30ml,20,37.43,2024-05-09
Vape Juice 30ml,16,30.85,2024-05-09
Vape Juice 60ml,30,31.49,2024-05-09
Atomizers,8,37.95,2024-05-09
Nicotine Pods,6,39.54,2024-05-10
Drip Tips,8,29.55,2024-05-10
Tank Glass,4,28.4,2024-05-10
Charger,9,17.8,2024-05-10
Chargers,14,38.87,2024-05-10
Battery 18650,14,26.07,2024-05-10
Batteries,22,25.22,2024-05-10
Replacement Coils,14,22.05,2024-05-10
Nicotine Pods,5,79.49,2024-05-10
Nicotine Pods,7,41.23,2024-05-10
Tank Glass,7,17.2,2024-05-10
E-Liquid Premium,39,47.55,2024-05-10
Zero Nicotine 30ml,25,15.83,2024-05-10
Vape Mod XL,5,49.62,2024-05-10
Vape Mod XL,6,62.89,2024-05-10
Starter Kit,14,54.03,2024-05-10
Pod Kit,31,54.67,2024-05-10
Atomizers,14,57.76,2024-05-10
Vape Juice 30ml,50,38.95,2024-05-10
Vape Juice 60ml,32,34.73,2024-05-10
Tanks,18,66.84,2024-05-10
Drip Tips,5,41.22,2024-05-11
Batteries,12,36.95,2024-05-11
Drip Tips,7,33.74,2024-05-11
Tank Glass,6,16.66,2024-05-11
Charger,8,16.38,2024-05-11
Chargers,6,54.25,2024-05-11
Chargers,10,34.86,2024-05-11
Battery 18650,12,20.26,2024-05-11
Batteries,12,43.94,2024-05-11
Cotton Wicking,16,54.24,2024-05-11
Tank Glass,6,13.53,2024-05-11
Zero Nicotine 30ml,25,19.13,2024-05-11
Pod Kit,18,48.54,2024-05-11
Vape Mod XL,13,37.68,2024-05-11
Starter Kit,10,47.49,2024-05-11
Vape Juice 30ml,17,38.04,2024-05-11
Pod Kit,18,53.02,2024-05-11
Vape Juice 60ml,10,33.66,2024-05-11
Vape Juice 60ml,8,28.44,2024-05-11
E-Liquid Premium,42,41.88,2024-05-11
Vape Juice 30ml,19,50.55,2024-05-11
Replacement Coils,13,26.68,2024-05-11
Batteries,7,20.15,2024-05-12
Drip Tips,7,38.19,2024-05-12
Drip Tips,6,58.5,2024-05-12
Tank Glass,11,14.31,2024-05-12
Charger,6,22.85,2024-05-12
Chargers,16,47.23,2024-05-12
Battery 18650,7,29.47,2024-05-12
Battery 18650,7,22.76,2024-05-12
Batteries,8,38.63,2024-05-12
Zero Nicotine 30ml,23,23.23,2024-05-12
E-Liquid Premium,48,71.74,2024-05-12
Vape Juice 60ml,34,64.12,2024-05-12
Atomizers,19,55.82,2024-05-12
Tanks,11,61.17,2024-05-12
Tanks,11,73.84,2024-05-12
Starter Kit,12,32.0,2024-05-12
Vape Mod XL,15,45.67,2024-05-12
Pod Kit,29,37.72,2024-05-12
Replacement Coils,20,18.83,2024-05-12
Batteries,14,33.41,2024-05-13
Battery 18650,4,13.89,2024-05-13
Battery 18650,3,23.57,2024-05-13
Cotton Wicking,11,16.86,2024-05-13
Charger,1,16.81,2024-05-13
Charger,1,20.96,2024-05-13
Charger,2,18.25,2024-05-13
Battery 18650,2,27.54,2024-05-13
Nicotine Pods,23,42.95,2024-05-13
Replacement Coils,15,22.84,2024-05-13
Zero Nicotine 30ml,8,43.61,2024-05-13
Zero Nicotine 30ml,5,23.01,2024-05-13
E-Liquid Premium,11,53.73,2024-05-13
E-Liquid Premium,13,57.61,2024-05-13
Vape Juice 60ml,18,51.84,2024-05-13
Atomizers,13,56.22,2024-05-13
Tanks,17,73.42,2024-05-13
Starter Kit,10,23.91,2024-05-13
Pod Kit,16,56.14,2024-05-13
Zero Nicotine 30ml,16,41.33,2024-05-14
Nicotine Pods,14,64.28,2024-05-14
Replacement Coils,12,15.54,2024-05-14
Cotton Wicking,17,43.69,2024-05-14
Vape Juice 60ml,9,38.27,2024-05-14
Chargers,9,51.86,2024-05-14
Tank Glass,8,13.04,2024-05-14
Drip Tips,8,23.81,2024-05-14
E-Liquid Premium,19,45.92,2024-05-14
Battery 18650,8,10.16,2024-05-14
Vape Juice 60ml,8,38.17,2024-05-14
Atomizers,7,17.87,2024-05-14
Vape Juice 60ml,10,23.98,2024-05-14
Vape Juice 30ml,31,63.36,2024-05-14
Atomizers,4,34.4,2024-05-14
Atomizers,3,54.52,2024-05-14
Tanks,19,79.68,2024-05-14
Starter Kit,4,23.04,2024-05-14
Starter Kit,4,28.94,2024-05-14
Vape Mod XL,7,61.32,2024-05-14
Pod Kit,21,41.48,2024-05-14
Charger,3,17.58,2024-05-15
Chargers,14,49.44,2024-05-15
Battery 18650,9,13.24,2024-05-15
Charger,3,18.83,2024-05-15
Drip Tips,2,26.28,2024-05-15
Drip Tips,3,22.48,2024-05-15
Drip Tips,1,50.59,2024-05-15
Batteries,15,74.27,2024-05-15
Tank Glass,8,25.19,2024-05-15
Cotton Wicking,12,39.96,2024-05-15
Pod Kit,15,52.53,2024-05-15
Nicotine Pods,10,59.02,2024-05-15
E-Liquid Premium,19,43.19,2024-05-15
E-Liquid Premium,17,49.8,2024-05-15
Vape Juice 60ml,7,29.54,2024-05-15
Vape Juice 60ml,9,52.62,2024-05-15
Vape Juice 30ml,23,36.06,2024-05-15
Atomizers,14,72.57,2024-05-15
Tanks,14,62.11,2024-05-15
Vape Mod XL,11,65.62,2024-05-15
Nicotine Pods,12,17.73,2024-05-15
Cotton Wicking,10,32.02,2024-05-16
Cotton Wicking,13,21.35,2024-05-16
Battery 18650,5,15.86,2024-05-16
Battery 18650,4,21.49,2024-05-16
Charger,3,10.57,2024-05-16
Chargers,7,66.7,2024-05-16
Charger,4,24.23,2024-05-16
Replacement Coils,14,45.22,2024-05-16
Tank Glass,11,11.09,2024-05-16
Chargers,5,44.85,2024-05-16
Nicotine Pods,25,5.0,2024-05-16
Pod Kit,8,54.39,2024-05-16
Zero Nicotine 30ml,7,33.95,2024-05-16
E-Liquid Premium,16,56.79,2024-05-16
E-Liquid Premium,15,42.47,2024-05-16
Vape Juice 60ml,30,43.35,2024-05-16
Vape Juice 30ml,39,57.26,2024-05-16
Atomizers,15,59.57,2024-05-16
Starter Kit,11,24.5,2024-05-16
Vape Mod XL,10,52.55,2024-05-16
Pod Kit,11,61.3,2024-05-16
Zero Nicotine 30ml,8,13.03,2024-05-16
Replacement Coils,15,18.43,2024-05-17
Cotton Wicking,26,19.89,2024-05-17
Batteries,16,22.28,2024-05-17
Battery 18650,4,21.09,2024-05-17
Drip Tips,3,14.17,2024-05-17
Charger,8,15.25,2024-05-17
Tank Glass,9,14.32,2024-05-17
Nicotine Pods,15,64.31,2024-05-17
Drip Tips,1,18.92,2024-05-17
Battery 18650,7,6.98,2024-05-17
Nicotine Pods,14,38.43,2024-05-17
E-Liquid Premium,13,42.09,2024-05-17
E-Liquid Premium,12,52.33,2024-05-17
E-Liquid Premium,11,18.26,2024-05-17
Vape Juice 30ml,20,46.2,2024-05-17
Vape Juice 30ml,18,42.18,2024-05-17
Starter Kit,5,55.43,2024-05-17
Starter Kit,4,40.5,2024-05-17
Vape Mod XL,7,55.89,2024-05-17
Vape Mod XL,6,38.44,2024-05-17
Pod Kit,35,45.22,2024-05-17
Zero Nicotine 30ml,17,32.66,2024-05-17
Batteries,13,56.6,2024-05-18
Cotton Wicking,11,49.17,2024-05-18
Cotton Wicking,12,17.37,2024-05-18
Batteries,13,39.23,2024-05-18
Nicotine Pods,30,44.76,2024-05-18
Chargers,17,14.93,2024-05-18
Charger,8,25.51,2024-05-18
Tank Glass,9,20.37,2024-05-18
Drip Tips,7,14.01,2024-05-18
Battery 18650,10,22.86,2024-05-18
Zero Nicotine 30ml,14,13.26,2024-05-18
Replacement Coils,14,11.15,2024-05-18
E-Liquid Premium,43,63.84,2024-05-18
Pod Kit,25,56.59,2024-05-18
Starter Kit,5,29.52,2024-05-18
Starter Kit,5,26.68,2024-05-18
Tanks,24,77.3,2024-05-18
Starter Kit,4,29.3,2024-05-18
Vape Juice 30ml,18,32.83,2024-05-18
Vape Juice 30ml,17,39.51,2024-05-18
Vape Juice 60ml,32,24.5,2024-05-18
Zero Nicotine 30ml,12,37.34,2024-05-18
Vape Juice 30ml,17,50.07,2024-05-18
Cotton Wicking,10,8.64,2024-05-19
Nicotine Pods,10,85.04,2024-05-19
Replacement Coils,13,26.19,2024-05-19
Cotton Wicking,10,44.04,2024-05-19
Cotton Wicking,8,24.88,2024-05-19
Batteries,9,45.08,2024-05-19
Drip Tips,4,29.49,2024-05-19
Battery 18650,14,27.32,2024-05-19
Chargers,19,29.81,2024-05-19
Charger,7,20.42,2024-05-19
Tank Glass,13,7.97,2024-05-19
Nicotine Pods,13,39.5,2024-05-19
Drip Tips,6,26.71,2024-05-19
Batteries,5,18.0,2024-05-19
Zero Nicotine 30ml,19,42.63,2024-05-19
E-Liquid Premium,15,60.91,2024-05-19
Vape Mod XL,7,44.43,2024-05-19
Pod Kit,12,49.3,2024-05-19
Pod Kit,9,56.09,2024-05-19
E-Liquid Premium,11,53.52,2024-05-19
Vape Mod XL,4,36.38,2024-05-19
Starter Kit,5,48.19,2024-05-19
Tanks,10,45.09,2024-05-19
Starter Kit,4,29.25,2024-05-19
Vape Juice 30ml,15,47.41,2024-05-19
Vape Juice 30ml,16,59.55,2024-05-19
Vape Juice 60ml,11,22.39,2024-05-19
Vape Juice 60ml,11,38.84,2024-05-19
E-Liquid Premium,13,67.11,2024-05-19
Tanks,11,62.07,2024-05-19
Battery 18650,7,22.48,2024-05-20
Batteries,10,57.55,2024-05-20
Chargers,14,33.21,2024-05-20
Replacement Coils,14,17.98,2024-05-20
Tank Glass,5,10.08,2024-05-20
Tank Glass,4,24.76,2024-05-20
Drip Tips,6,39.68,2024-05-20
Charger,5,25.7,2024-05-20
Nicotine Pods,21,74.64,2024-05-20
Tank Glass,5,18.71,2024-05-20
Vape Juice 60ml,22,9.86,2024-05-20
Zero Nicotine 30ml,19,40.79,2024-05-20
Pod Kit,7,77.74,2024-05-20
Vape Mod XL,6,43.89,2024-05-20
Starter Kit,4,29.04,2024-05-20
Pod Kit,6,58.71,2024-05-20
Tanks,12,64.31,2024-05-20
Atomizers,10,58.2,2024-05-20
Vape Juice 30ml,27,27.48,2024-05-20
Starter Kit,3,40.76,2024-05-20
Replacement Coils,4,30.37,2024-05-21
Drip Tips,5,19.01,2024-05-21
Tank Glass,7,27.29,2024-05-21
Charger,3,18.67,2024-05-21
Charger,1,19.41,2024-05-21
Chargers,10,42.31,2024-05-21
Batteries,14,5.0,2024-05-21
Cotton Wicking,13,7.63,2024-05-21
Replacement Coils,4,26.83,2024-05-21
Nicotine Pods,14,36.51,2024-05-21
Nicotine Pods,13,31.74,2024-05-21
E-Liquid Premium,6,28.69,2024-05-21
E-Liquid Premium,9,29.14,2024-05-21
E-Liquid Premium,7,33.64,2024-05-21
Vape Juice 60ml,29,39.91,2024-05-21
Atomizers,6,54.14,2024-05-21
Atomizers,8,54.89,2024-05-21
Tanks,21,54.78,2024-05-21
Starter Kit,9,43.94,2024-05-21
Vape Mod XL,9,34.16,2024-05-21
Pod Kit,21,56.89,2024-05-21
Zero Nicotine 30ml,19,33.1,2024-05-21
Replacement Coils,15,16.84,2024-05-22
Cotton Wicking,18,39.79,2024-05-22
Batteries,18,19.77,2024-05-22
Battery 18650,4,15.7,2024-05-22
Battery 18650,5,16.22,2024-05-22
Tank Glass,7,5.37,2024-05-22
Chargers,7,39.18,2024-05-22
Chargers,4,31.01,2024-05-22
Drip Tips,8,20.17,2024-05-22
Tank Glass,4,5.0,2024-05-22
Battery 18650,5,26.3,2024-05-22
Nicotine Pods,9,63.24,2024-05-22
Tanks,7,53.7,2024-05-22
Zero Nicotine 30ml,7,35.52,2024-05-22
Zero Nicotine 30ml,7,20.61,2024-05-22
E-Liquid Premium,15,40.55,2024-05-22
E-Liquid Premium,16,27.79,2024-05-22
Vape Juice 60ml,24,30.67,2024-05-22
Atomizers,7,53.48,2024-05-22
Atomizers,5,54.41,2024-05-22
Tanks,9,35.17,2024-05-22
Pod Kit,10,36.66,2024-05-22
Pod Kit,11,50.34,2024-05-22
Nicotine Pods,8,33.28,2024-05-22
Nicotine Pods,15,55.8,2024-05-23
Nicotine Pods,15,18.07,2024-05-23
Replacement Coils,16,20.7,2024-05-23
Cotton Wicking,15,73.75,2024-05-23
Batteries,21,47.59,2024-05-23
Drip Tips,6,10.87,2024-05-23
Battery 18650,8,16.2,2024-05-23
Chargers,11,35.51,2024-05-23
Tank Glass,4,21.79,2024-05-23
Tank Glass,4,5.0,2024-05-23
Zero Nicotine 30ml,18,43.9,2024-05-23
Battery 18650,7,22.43,2024-05-23
Vape Juice 60ml,23,17.94,2024-05-23
Pod Kit,14,48.9,2024-05-23
Vape Juice 30ml,15,45.3,2024-05-23
Vape Juice 30ml,15,65.37,2024-05-23
Vape Mod XL,3,59.15,2024-05-23
Vape Mod XL,2,75.75,2024-05-23
Vape Mod XL,3,51.28,2024-05-23
Starter Kit,9,40.99,2024-05-23
Pod Kit,15,63.6,2024-05-23
Tanks,5,55.49,2024-05-23
Tanks,5,61.56,2024-05-23
Atomizers,8,48.37,2024-05-23
Atomizers,9,56.88,2024-05-23
Tanks,5,49.26,2024-05-23
Cotton Wicking,25,57.08,2024-05-24
Drip Tips,10,39.23,2024-05-24
Tank Glass,7,21.01,2024-05-24
Tank Glass,4,11.47,2024-05-24
Charger,10,19.87,2024-05-24
Chargers,18,19.42,2024-05-24
Battery 18650,15,16.85,2024-05-24
Batteries,16,5.0,2024-05-24
Replacement Coils,13,25.09,2024-05-24
Nicotine Pods,21,25.36,2024-05-24
Zero Nicotine 30ml,24,23.36,2024-05-24
Vape Juice 60ml,27,39.18,2024-05-24
Vape Juice 30ml,46,41.63,2024-05-24
Atomizers,13,62.64,2024-05-24
Atomizers,13,51.56,2024-05-24
Starter Kit,10,34.74,2024-05-24
Vape Mod XL,11,34.31,2024-05-24
Pod Kit,22,56.88,2024-05-24
Nicotine Pods,13,21.6,2024-05-25
Replacement Coils,6,29.16,2024-05-25
Drip Tips,14,47.07,2024-05-25
Cotton Wicking,23,63.73,2024-05-25
Batteries,29,84.22,2024-05-25
Charger,8,22.7,2024-05-25
Chargers,11,34.34,2024-05-25
Chargers,7,26.54,2024-05-25
Nicotine Pods,16,42.14,2024-05-25
Charger,7,15.47,2024-05-25
Battery 18650,16,22.99,2024-05-25
Nicotine Pods,13,31.61,2024-05-25
Replacement Coils,7,17.39,2024-05-25
E-Liquid Premium,27,61.81,2024-05-25
Pod Kit,14,58.32,2024-05-25
Pod Kit,12,78.2,2024-05-25
Starter Kit,7,26.98,2024-05-25
Starter Kit,8,19.6,2024-05-25
Tanks,29,65.82,2024-05-25
Zero Nicotine 30ml,26,48.65,2024-05-25
Atomizers,8,28.76,2024-05-25
Vape Juice 30ml,68,44.95,2024-05-25
Vape Juice 60ml,43,21.22,2024-05-25
E-Liquid Premium,25,47.21,2024-05-25
Atomizers,12,57.21,2024-05-25
Nicotine Pods,15,49.49,2024-05-26
Nicotine Pods,16,91.76,2024-05-26
Replacement Coils,11,24.59,2024-05-26
Replacement Coils,11,28.13,2024-05-26
Cotton Wicking,37,48.77,2024-05-26
Charger,8,15.42,2024-05-26
Battery 18650,20,22.84,2024-05-26
Tank Glass,9,13.07,2024-05-26
Tank Glass,5,19.45,2024-05-26
Nicotine Pods,13,71.84,2024-05-26
Drip Tips,7,47.56,2024-05-26
Batteries,33,24.75,2024-05-26
Drip Tips,7,41.83,2024-05-26
Zero Nicotine 30ml,35,58.79,2024-05-26
Vape Juice 60ml,42,42.4,2024-05-26
E-Liquid Premium,63,57.68,2024-05-26
Pod Kit,36,35.36,2024-05-26
Vape Mod XL,5,40.85,2024-05-26
Vape Mod XL,8,48.79,2024-05-26
Starter Kit,5,34.33,2024-05-26
Starter Kit,5,5.0,2024-05-26
Atomizers,6,64.83,2024-05-26
Atomizers,9,52.74,2024-05-26
Atomizers,9,70.04,2024-05-26
Vape Juice 30ml,20,70.64,2024-05-26
Vape Juice 30ml,19,47.75,2024-05-26
Tanks,25,44.26,2024-05-26
Batteries,15,15.52,2024-05-27
Nicotine Pods,19,50.05,2024-05-27
Cotton Wicking,11,13.11,2024-05-27
Cotton Wicking,8,30.02,2024-05-27
Chargers,18,43.1,2024-05-27
Zero Nicotine 30ml,11,55.17,2024-05-27
Charger,5,28.0,2024-05-27
Tank Glass,4,31.86,2024-05-27
Drip Tips,9,34.81,2024-05-27
Tank Glass,4,23.98,2024-05-27
Charger,6,23.37,2024-05-27
Zero Nicotine 30ml,12,11.15,2024-05-27
Pod Kit,7,64.92,2024-05-27
Vape Juice 60ml,21,36.65,2024-05-27
E-Liquid Premium,32,41.01,2024-05-27
Pod Kit,7,51.07,2024-05-27
Vape Mod XL,4,40.51,2024-05-27
Vape Mod XL,3,46.2,2024-05-27
Starter Kit,8,25.86,2024-05-27
Pod Kit,8,55.07,2024-05-27
Atomizers,5,67.25,2024-05-27
Atomizers,6,47.81,2024-05-27
Vape Juice 30ml,20,71.73,2024-05-27
Vape Juice 30ml,21,46.68,2024-05-27
Atomizers,3,72.1,2024-05-27
Nicotine Pods,8,55.13,2024-05-28
Drip Tips,9,42.25,2024-05-28
Tank Glass,10,8.79,2024-05-28
Charger,9,23.01,2024-05-28
Battery 18650,10,19.23,2024-05-28
Batteries,23,48.84,2024-05-28
Cotton Wicking,17,43.58,2024-05-28
Replacement Coils,19,25.49,2024-05-28
Nicotine Pods,8,80.93,2024-05-28
Zero Nicotine 30ml,13,41.77,2024-05-28
Vape Juice 60ml,14,41.77,2024-05-28
Vape Juice 60ml,14,35.26,2024-05-28
Atomizers,18,56.81,2024-05-28
Tanks,10,67.47,2024-05-28
Tanks,12,63.21,2024-05-28
Starter Kit,11,30.1,2024-05-28
Vape Mod XL,10,90.17,2024-05-28
Pod Kit,14,57.86,2024-05-28
Pod Kit,14,59.94,2024-05-28
Zero Nicotine 30ml,9,47.27,2024-05-28
Replacement Coils,8,26.68,2024-05-29
Replacement Coils,7,15.35,2024-05-29
Cotton Wicking,23,36.45,2024-05-29
Batteries,10,51.66,2024-05-29
Tank Glass,8,8.8,2024-05-29
Battery 18650,12,14.58,2024-05-29
Chargers,10,34.37,2024-05-29
Charger,7,13.84,2024-05-29
Batteries,10,40.51,2024-05-29
Nicotine Pods,23,42.41,2024-05-29
Drip Tips,6,27.69,2024-05-29
E-Liquid Premium,13,57.21,2024-05-29
E-Liquid Premium,12,51.72,2024-05-29
E-Liquid Premium,10,57.59,2024-05-29
Vape Juice 60ml,25,35.79,2024-05-29
Vape Juice 30ml,36,63.13,2024-05-29
Atomizers,8,49.65,2024-05-29
Atomizers,9,68.02,2024-05-29
Tanks,15,53.25,2024-05-29
Vape Mod XL,9,49.02,2024-05-29
Pod Kit,32,50.35,2024-05-29
Zero Nicotine 30ml,14,46.51,2024-05-29
Replacement Coils,5,27.27,2024-05-30
Cotton Wicking,27,5.0,2024-05-30
Batteries,9,47.28,2024-05-30
Batteries,8,46.46,2024-05-30
Battery 18650,9,22.56,2024-05-30
Drip Tips,3,27.89,2024-05-30
Charger,10,18.15,2024-05-30
Tank Glass,14,14.22,2024-05-30
Replacement Coils,7,10.84,2024-05-30
Drip Tips,2,29.59,2024-05-30
Battery 18650,7,29.48,2024-05-30
Nicotine Pods,31,59.49,2024-05-30
Chargers,12,31.53,2024-05-30
Zero Nicotine 30ml,6,47.39,2024-05-30
Zero Nicotine 30ml,5,12.91,2024-05-30
Vape Mod XL,12,68.25,2024-05-30
Starter Kit,14,27.8,2024-05-30
Tanks,24,59.23,2024-05-30
Atomizers,13,54.93,2024-05-30
Pod Kit,23,50.82,2024-05-30
Vape Juice 30ml,25,51.28,2024-05-30
Vape Juice 60ml,11,54.48,2024-05-30
Vape Juice 60ml,14,36.98,2024-05-30
E-Liquid Premium,43,44.55,2024-05-30
Zero Nicotine 30ml,9,44.74,2024-05-30
Vape Juice 30ml,23,43.98,2024-05-30
Replacement Coils,8,20.64,2024-05-31
Drip Tips,9,38.0,2024-05-31
Tank Glass,12,15.63,2024-05-31
Charger,12,26.96,2024-05-31
Batteries,8,57.61,2024-05-31
Batteries,11,26.44,2024-05-31
Batteries,8,6.89,2024-05-31
Cotton Wicking,28,46.27,2024-05-31
Replacement Coils,12,21.48,2024-05-31
Nicotine Pods,40,81.17,2024-05-31
Vape Juice 60ml,47,33.91,2024-05-31
E-Liquid Premium,61,42.0,2024-05-31
Vape Juice 30ml,63,50.37,2024-05-31
Atomizers,16,60.24,2024-05-31
Tanks,36,68.21,2024-05-31
Starter Kit,11,15.95,2024-05-31
Starter Kit,8,39.44,2024-05-31
Vape Mod XL,21,55.79,2024-05-31
Pod Kit,29,51.67,2024-05-31
Zero Nicotine 30ml,29,30.81,2024-05-31
Batteries,41,31.87,2024-06-01
Battery 18650,16,12.01,2024-06-01
Chargers,31,24.44,2024-06-01
Cotton Wicking,23,5.0,2024-06-01
Tank Glass,22,14.59,2024-06-01
Drip Tips,14,43.7,2024-06-01
Charger,18,14.18,2024-06-01
Cotton Wicking,19,64.55,2024-06-01
Starter Kit,20,33.84,2024-06-01
Nicotine Pods,39,16.31,2024-06-01
Zero Nicotine 30ml,34,34.81,2024-06-01
E-Liquid Premium,67,51.56,2024-06-01
Vape Juice 30ml,50,45.98,2024-06-01
Atomizers,24,54.45,2024-06-01
Pod Kit,34,65.51,2024-06-01
Replacement Coils,21,21.01,2024-06-01
Nicotine Pods,52,20.63,2024-06-02
Replacement Coils,34,12.78,2024-06-02
Cotton Wicking,26,39.28,2024-06-02
Batteries,17,36.11,2024-06-02
Batteries,16,60.43,2024-06-02
Battery 18650,10,21.32,2024-06-02
Chargers,19,62.3,2024-06-02
Battery 18650,9,18.52,2024-06-02
Charger,12,20.32,2024-06-02
Tank Glass,4,5.79,2024-06-02
Tank Glass,4,8.14,2024-06-02
Tank Glass,7,8.84,2024-06-02
Battery 18650,7,13.29,2024-06-02
Zero Nicotine 30ml,14,43.59,2024-06-02
Zero Nicotine 30ml,16,19.08,2024-06-02
E-Liquid Premium,31,36.8,2024-06-02
Pod Kit,22,56.34,2024-06-02
E-Liquid Premium,30,65.49,2024-06-02
Vape Mod XL,20,16.52,2024-06-02
Starter Kit,4,35.78,2024-06-02
Starter Kit,4,40.89,2024-06-02
Starter Kit,3,34.11,2024-06-02
Pod Kit,18,52.52,2024-06-02
Atomizers,11,48.35,2024-06-02
Atomizers,7,52.76,2024-06-02
Vape Juice 30ml,78,48.07,2024-06-02
Vape Juice 60ml,17,53.27,2024-06-02
Vape Juice 60ml,17,32.96,2024-06-02
Atomizers,9,36.61,2024-06-02
Charger,4,17.6,2024-06-03
Charger,4,23.59,2024-06-03
Chargers,18,32.55,2024-06-03
Battery 18650,13,13.75,2024-06-03
Batteries,15,41.74,2024-06-03
Batteries,13,5.0,2024-06-03
Cotton Wicking,27,39.71,2024-06-03
Replacement Coils,22,22.8,2024-06-03
Nicotine Pods,40,18.83,2024-06-03
Zero Nicotine 30ml,10,29.98,2024-06-03
Zero Nicotine 30ml,12,17.57,2024-06-03
Vape Juice 60ml,30,38.11,2024-06-03
Pod Kit,30,64.24,2024-06-03
Vape Mod XL,7,36.42,2024-06-03
Vape Mod XL,10,69.52,2024-06-03
Starter Kit,4,28.24,2024-06-03
E-Liquid Premium,44,46.1,2024-06-03
Tanks,14,50.14,2024-06-03
Tanks,13,44.3,2024-06-03
Vape Juice 30ml,37,27.49,2024-06-03
Starter Kit,4,54.11,2024-06-03
Cotton Wicking,15,51.54,2024-06-04
Cotton Wicking,12,5.0,2024-06-04
Batteries,12,43.93,2024-06-04
Batteries,11,34.45,2024-06-04
Battery 18650,7,23.12,2024-06-04
Chargers,8,47.75,2024-06-04
Chargers,10,60.94,2024-06-04
Charger,13,30.09,2024-06-04
Replacement Coils,25,5.95,2024-06-04
Drip Tips,3,40.62,2024-06-04
Drip Tips,3,13.11,2024-06-04
Battery 18650,10,21.18,2024-06-04
Tank Glass,17,13.19,2024-06-04
Nicotine Pods,31,31.09,2024-06-04
Zero Nicotine 30ml,10,21.87,2024-06-04
Zero Nicotine 30ml,7,5.0,2024-06-04
Starter Kit,4,37.12,2024-06-04
Tanks,6,48.18,2024-06-04
Tanks,7,61.04,2024-06-04
Tanks,5,41.64,2024-06-04
Starter Kit,4,25.43,2024-06-04
Atomizers,6,45.4,2024-06-04
Vape Juice 30ml,50,35.66,2024-06-04
Vape Juice 60ml,43,48.1,2024-06-04
E-Liquid Premium,39,53.52,2024-06-04
Zero Nicotine 30ml,9,16.22,2024-06-04
Atomizers,6,39.44,2024-06-04
Drip Tips,6,37.97,2024-06-05
Battery 18650,13,21.09,2024-06-05
Chargers,21,36.32,2024-06-05
Charger,3,17.36,2024-06-05
Tank Glass,7,16.03,2024-06-05
Charger,5,21.09,2024-06-05
Tank Glass,5,19.01,2024-06-05
Drip Tips,5,26.5,2024-06-05
Batteries,13,21.26,2024-06-05
Charger,3,22.72,2024-06-05
Batteries,12,15.2,2024-06-05
Vape Juice 60ml,7,21.84,2024-06-05
Zero Nicotine 30ml,25,5.57,2024-06-05
E-Liquid Premium,50,50.58,2024-06-05
Vape Juice 60ml,9,14.01,2024-06-05
Vape Juice 60ml,10,40.26,2024-06-05
Vape Juice 30ml,47,39.51,2024-06-05
Atomizers,24,40.32,2024-06-05
Tanks,20,85.38,2024-06-05
Starter Kit,10,22.25,2024-06-05
Vape Mod XL,13,21.48,2024-06-05
Pod Kit,30,50.71,2024-06-05
Cotton Wicking,31,56.85,2024-06-05
Nicotine Pods,11,44.31,2024-06-06
Replacement Coils,7,27.9,2024-06-06
Replacement Coils,11,21.22,2024-06-06
Cotton Wicking,18,40.95,2024-06-06
Batteries,24,39.65,2024-06-06
Drip Tips,9,21.12,2024-06-06
Chargers,9,48.72,2024-06-06
Charger,11,23.3,2024-06-06
Tank Glass,9,26.66,2024-06-06
Tank Glass,6,14.38,2024-06-06
Nicotine Pods,10,53.42,2024-06-06
Chargers,8,59.44,2024-06-06
Zero Nicotine 30ml,21,38.33,2024-06-06
E-Liquid Premium,16,48.77,2024-06-06
E-Liquid Premium,18,63.09,2024-06-06
Vape Mod XL,6,63.61,2024-06-06
Vape Mod XL,9,45.78,2024-06-06
Starter Kit,9,31.59,2024-06-06
Tanks,21,72.27,2024-06-06
Atomizers,20,56.55,2024-06-06
Pod Kit,37,41.32,2024-06-06
Vape Juice 30ml,24,53.38,2024-06-06
Vape Juice 60ml,12,49.06,2024-06-06
Vape Juice 60ml,9,34.36,2024-06-06
Vape Juice 60ml,10,36.14,2024-06-06
E-Liquid Premium,18,59.27,2024-06-06
Vape Juice 30ml,24,53.72,2024-06-06
Replacement Coils,9,41.99,2024-06-07
Cotton Wicking,17,15.98,2024-06-07
Cotton Wicking,15,34.04,2024-06-07
Batteries,24,58.66,2024-06-07
Battery 18650,14,21.83,2024-06-07
Tank Glass,19,21.07,2024-06-07
Charger,11,18.0,2024-06-07
Drip Tips,8,34.95,2024-06-07
Drip Tips,8,25.88,2024-06-07
Replacement Coils,5,16.72,2024-06-07
Chargers,17,70.04,2024-06-07
Replacement Coils,7,29.86,2024-06-07
Vape Juice 30ml,41,46.09,2024-06-07
Zero Nicotine 30ml,12,19.02,2024-06-07
Pod Kit,38,62.59,2024-06-07
Vape Mod XL,8,62.8,2024-06-07
Starter Kit,17,42.19,2024-06-07
Tanks,21,49.56,2024-06-07
Vape Mod XL,12,30.02,2024-06-07
Vape Juice 60ml,53,21.77,2024-06-07
E-Liquid Premium,44,40.94,2024-06-07
Zero Nicotine 30ml,11,54.06,2024-06-07
Atomizers,23,64.31,2024-06-07
Nicotine Pods,46,70.32,2024-06-07
Drip Tips,15,39.02,2024-06-08
Replacement Coils,9,25.32,2024-06-08
Tank Glass,13,18.3,2024-06-08
Charger,10,22.91,2024-06-08
Chargers,25,26.84,2024-06-08
Battery 18650,5,13.44,2024-06-08
Battery 18650,7,25.49,2024-06-08
Cotton Wicking,39,57.62,2024-06-08
Replacement Coils,10,21.27,2024-06-08
E-Liquid Premium,53,43.4,2024-06-08
Vape Juice 60ml,32,5.0,2024-06-08
Vape Juice 30ml,28,67.94,2024-06-08
Vape Juice 30ml,29,44.33,2024-06-08
Starter Kit,18,37.17,2024-06-08
Vape Mod XL,15,64.61,2024-06-08
Pod Kit,38,51.25,2024-06-08
Nicotine Pods,34,58.24,2024-06-08
Nicotine Pods,10,65.72,2024-06-09
Replacement Coils,23,10.58,2024-06-09
Batteries,16,65.28,2024-06-09
Batteries,17,46.31,2024-06-09
Tank Glass,13,25.28,2024-06-09
Chargers,16,50.07,2024-06-09
Drip Tips,5,43.23,2024-06-09
Drip Tips,3,25.08,2024-06-09
Nicotine Pods,11,19.46,2024-06-09
Battery 18650,17,18.96,2024-06-09
Nicotine Pods,12,48.24,2024-06-09
Charger,14,23.12,2024-06-09
E-Liquid Premium,59,40.59,2024-06-09
Zero Nicotine 30ml,26,29.54,2024-06-09
Pod Kit,46,62.58,2024-06-09
Vape Mod XL,12,51.59,2024-06-09
Starter Kit,9,26.51,2024-06-09
Starter Kit,8,37.32,2024-06-09
Vape Mod XL,11,49.45,2024-06-09
Tanks,13,66.48,2024-06-09
Atomizers,10,27.63,2024-06-09
Atomizers,8,56.36,2024-06-09
Vape Juice 60ml,52,49.8,2024-06-09
Tanks,16,71.79,2024-06-09
Batteries,9,19.85,2024-06-10
Cotton Wicking,2,7.76,2024-06-10
Cotton Wicking,4,38.19,2024-06-10
Cotton Wicking,3,37.15,2024-06-10
Batteries,7,46.09,2024-06-10
Drip Tips,9,38.0,2024-06-10
Battery 18650,4,15.13,2024-06-10
Chargers,9,23.77,2024-06-10
Chargers,7,46.41,2024-06-10
Tank Glass,9,15.29,2024-06-10
Replacement Coils,4,13.94,2024-06-10
Battery 18650,4,19.08,2024-06-10
Replacement Coils,7,28.52,2024-06-10
Zero Nicotine 30ml,18,17.4,2024-06-10
Vape Mod XL,7,37.75,2024-06-10
Pod Kit,19,47.39,2024-06-10
Nicotine Pods,30,74.56,2024-06-10
Vape Mod XL,6,53.58,2024-06-10
Starter Kit,3,51.71,2024-06-10
Tanks,24,47.02,2024-06-10
Starter Kit,3,30.9,2024-06-10
Vape Juice 30ml,13,44.85,2024-06-10
Vape Juice 30ml,16,41.99,2024-06-10
Vape Juice 30ml,13,57.13,2024-06-10
Vape Juice 60ml,20,22.87,2024-06-10
E-Liquid Premium,35,54.13,2024-06-10
Atomizers,17,43.09,2024-06-10
Cotton Wicking,16,42.44,2024-06-11
Drip Tips,7,29.34,2024-06-11
Replacement Coils,12,25.43,2024-06-11
Batteries,16,15.22,2024-06-11
Nicotine Pods,13,52.44,2024-06-11
Chargers,5,40.93,2024-06-11
Chargers,5,21.49,2024-06-11
Charger,8,22.8,2024-06-11
Tank Glass,13,11.19,2024-06-11
Battery 18650,8,20.79,2024-06-11
Zero Nicotine 30ml,7,5.9,2024-06-11
Nicotine Pods,12,13.45,2024-06-11
E-Liquid Premium,28,46.18,2024-06-11
Pod Kit,8,52.09,2024-06-11
Pod Kit,12,61.93,2024-06-11
Vape Mod XL,14,49.28,2024-06-11
Starter Kit,10,38.05,2024-06-11
Tanks,5,64.07,2024-06-11
Zero Nicotine 30ml,7,22.82,2024-06-11
Tanks,6,58.21,2024-06-11
Atomizers,19,66.23,2024-06-11
Vape Juice 30ml,30,27.57,2024-06-11
Vape Juice 60ml,20,52.61,2024-06-11
Tanks,3,53.63,2024-06-11
Replacement Coils,5,11.58,2024-06-12
Replacement Coils,5,15.43,2024-06-12
Cotton Wicking,25,40.13,2024-06-12
Batteries,16,25.47,2024-06-12
Battery 18650,6,19.32,2024-06-12
Battery 18650,5,17.26,2024-06-12
Chargers,6,49.46,2024-06-12
Chargers,4,37.14,2024-06-12
Charger,1,18.46,2024-06-12
Charger,4,18.21,2024-06-12
Charger,1,22.57,2024-06-12
Nicotine Pods,8,59.28,2024-06-12
Drip Tips,3,30.97,2024-06-12
Drip Tips,5,43.03,2024-06-12
Chargers,5,55.72,2024-06-12
Tank Glass,12,17.0,2024-06-12
Nicotine Pods,11,36.28,2024-06-12
E-Liquid Premium,35,27.39,2024-06-12
Pod Kit,10,63.18,2024-06-12
Zero Nicotine 30ml,21,32.58,2024-06-12
Pod Kit,7,51.32,2024-06-12
Vape Mod XL,4,37.23,2024-06-12
Vape Mod XL,7,44.01,2024-06-12
Starter Kit,4,30.55,2024-06-12
Starter Kit,6,48.2,2024-06-12
Pod Kit,11,44.12,2024-06-12
Tanks,9,69.08,2024-06-12
Atomizers,7,52.06,2024-06-12
Atomizers,4,40.18,2024-06-12
Atomizers,6,38.33,2024-06-12
Vape Juice 30ml,39,46.68,2024-06-12
Vape Juice 60ml,26,40.39,2024-06-12
Tanks,9,48.12,2024-06-12
Replacement Coils,8,16.91,2024-06-13
Replacement Coils,5,18.9,2024-06-13
Batteries,10,18.37,2024-06-13
Drip Tips,8,16.77,2024-06-13
Batteries,9,30.12,2024-06-13
Charger,5,20.27,2024-06-13
Chargers,16,18.64,2024-06-13
Charger,6,12.06,2024-06-13
Tank Glass,16,25.46,2024-06-13
Zero Nicotine 30ml,24,27.56,2024-06-13
Battery 18650,13,22.65,2024-06-13
E-Liquid Premium,14,44.12,2024-06-13
Tanks,6,53.99,2024-06-13
E-Liquid Premium,10,44.79,2024-06-13
Pod Kit,12,40.5,2024-06-13
Pod Kit,11,40.94,2024-06-13
Pod Kit,12,60.65,2024-06-13
Vape Mod XL,9,28.61,2024-06-13
Starter Kit,10,15.48,2024-06-13
E-Liquid Premium,14,45.25,2024-06-13
Tanks,6,26.2,2024-06-13
Atomizers,14,40.09,2024-06-13
Vape Juice 30ml,31,36.59,2024-06-13
Vape Juice 60ml,38,24.77,2024-06-13
Tanks,7,84.27,2024-06-13
Replacement Coils,7,25.58,2024-06-14
Drip Tips,11,36.22,2024-06-14
Tank Glass,14,23.11,2024-06-14
Charger,8,12.86,2024-06-14
Chargers,12,30.17,2024-06-14
Chargers,10,32.93,2024-06-14
Battery 18650,9,15.51,2024-06-14
Battery 18650,6,18.06,2024-06-14
Batteries,30,9.9,2024-06-14
Cotton Wicking,28,65.6,2024-06-14
Replacement Coils,5,15.39,2024-06-14
Replacement Coils,6,21.4,2024-06-14
Nicotine Pods,16,54.25,2024-06-14
Nicotine Pods,17,10.46,2024-06-14
Zero Nicotine 30ml,12,33.86,2024-06-14
Zero Nicotine 30ml,15,40.0,2024-06-14
E-Liquid Premium,44,34.86,2024-06-14
Vape Juice 30ml,48,26.93,2024-06-14
Starter Kit,17,25.87,2024-06-14
Vape Mod XL,3,46.39,2024-06-14
Vape Mod XL,3,55.81,2024-06-14
Vape Mod XL,5,86.46,2024-06-14
Pod Kit,36,69.42,2024-06-14
Batteries,8,14.24,2024-06-15
Batteries,11,55.31,2024-06-15
Battery 18650,16,15.25,2024-06-15
Chargers,6,47.14,2024-06-15
Chargers,8,55.4,2024-06-15
Drip Tips,10,14.05,2024-06-15
Charger,6,9.36,2024-06-15
Charger,3,23.26,2024-06-15
Tank Glass,19,5.45,2024-06-15
Batteries,10,43.29,2024-06-15
Chargers,5,40.54,2024-06-15
Cotton Wicking,16,41.45,2024-06-15
Cotton Wicking,16,49.21,2024-06-15
Nicotine Pods,37,33.58,2024-06-15
Pod Kit,36,45.86,2024-06-15
Vape Mod XL,8,49.56,2024-06-15
Starter Kit,16,43.42,2024-06-15
Tanks,23,49.97,2024-06-15
Atomizers,19,34.49,2024-06-15
Vape Mod XL,10,57.59,2024-06-15
Vape Juice 60ml,44,30.04,2024-06-15
Vape Juice 30ml,44,37.15,2024-06-15
Zero Nicotine 30ml,28,36.79,2024-06-15
Replacement Coils,22,17.2,2024-06-15
E-Liquid Premium,24,67.76,2024-06-15
E-Liquid Premium,26,49.85,2024-06-15
Zero Nicotine 30ml,7,17.79,2024-06-16
Drip Tips,11,26.99,2024-06-16
Charger,10,21.28,2024-06-16
Chargers,8,55.82,2024-06-16
Battery 18650,14,20.7,2024-06-16
Batteries,14,47.43,2024-06-16
Batteries,13,64.66,2024-06-16
Cotton Wicking,35,8.66,2024-06-16
Nicotine Pods,26,27.87,2024-06-16
Zero Nicotine 30ml,6,43.15,2024-06-16
Chargers,11,32.35,2024-06-16
Zero Nicotine 30ml,6,19.04,2024-06-16
E-Liquid Premium,24,54.64,2024-06-16
E-Liquid Premium,24,58.38,2024-06-16
Pod Kit,22,50.92,2024-06-16
Pod Kit,21,51.91,2024-06-16
Starter Kit,15,49.94,2024-06-16
Tanks,31,58.9,2024-06-16
Vape Mod XL,17,53.07,2024-06-16
Atomizers,8,60.81,2024-06-16
Atomizers,4,65.06,2024-06-16
Vape Juice 30ml,65,56.61,2024-06-16
Vape Juice 60ml,47,37.32,2024-06-16
Atomizers,8,36.83,2024-06-16
Battery 18650,4,21.04,2024-06-17
Replacement Coils,15,23.52,2024-06-17
Cotton Wicking,10,18.42,2024-06-17
Cotton Wicking,10,53.79,2024-06-17
Batteries,14,20.29,2024-06-17
Battery 18650,3,17.64,2024-06-17
Drip Tips,7,21.32,2024-06-17
Chargers,5,33.06,2024-06-17
Chargers,6,49.94,2024-06-17
Charger,6,25.49,2024-06-17
Tank Glass,13,26.68,2024-06-17
Nicotine Pods,23,43.34,2024-06-17
Chargers,2,47.88,2024-06-17
Zero Nicotine 30ml,10,22.87,2024-06-17
E-Liquid Premium,29,59.86,2024-06-17
Zero Nicotine 30ml,9,26.56,2024-06-17
Pod Kit,9,28.98,2024-06-17
Pod Kit,8,62.86,2024-06-17
Vape Mod XL,12,39.62,2024-06-17
Starter Kit,3,29.36,2024-06-17
Starter Kit,7,16.04,2024-06-17
Tanks,9,61.43,2024-06-17
Pod Kit,9,64.88,2024-06-17
Atomizers,5,39.49,2024-06-17
Atomizers,6,55.56,2024-06-17
Atomizers,4,67.59,2024-06-17
Vape Juice 30ml,18,60.62,2024-06-17
Vape Juice 30ml,15,46.78,2024-06-17
Tanks,7,54.11,2024-06-17
Cotton Wicking,17,40.09,2024-06-18
Batteries,13,24.9,2024-06-18
Batteries,12,26.64,2024-06-18
Battery 18650,12,15.49,2024-06-18
Charger,5,15.04,2024-06-18
Charger,3,28.54,2024-06-18
Tank Glass,13,8.98,2024-06-18
Drip Tips,8,32.61,2024-06-18
Replacement Coils,9,34.07,2024-06-18
Chargers,17,41.51,2024-06-18
Replacement Coils,10,31.4,2024-06-18
Zero Nicotine 30ml,7,46.24,2024-06-18
Zero Nicotine 30ml,6,30.11,2024-06-18
E-Liquid Premium,45,49.96,2024-06-18
Vape Juice 60ml,21,23.67,2024-06-18
Vape Juice 30ml,45,45.02,2024-06-18
Tanks,9,61.68,2024-06-18
Tanks,12,76.44,2024-06-18
Starter Kit,9,29.41,2024-06-18
Vape Mod XL,4,40.56,2024-06-18
Vape Mod XL,3,49.56,2024-06-18
Pod Kit,23,55.17,2024-06-18
Zero Nicotine 30ml,22,42.49,2024-06-19
Replacement Coils,5,10.97,2024-06-19
Replacement Coils,6,23.13,2024-06-19
Replacement Coils,5,23.83,2024-06-19
Cotton Wicking,9,31.21,2024-06-19
Tank Glass,10,16.0,2024-06-19
Batteries,11,31.75,2024-06-19
Batteries,10,19.7,2024-06-19
Charger,7,21.16,2024-06-19
E-Liquid Premium,11,64.97,2024-06-19
Drip Tips,8,36.85,2024-06-19
Cotton Wicking,11,20.98,2024-06-19
Vape Juice 60ml,24,18.93,2024-06-19
Atomizers,5,65.39,2024-06-19
Vape Juice 30ml,17,55.04,2024-06-19
E-Liquid Premium,14,49.64,2024-06-19
Vape Mod XL,8,70.05,2024-06-19
Starter Kit,4,20.24,2024-06-19
Starter Kit,4,52.67,2024-06-19
Starter Kit,4,5.0,2024-06-19
Pod Kit,18,58.14,2024-06-19
Tanks,8,52.96,2024-06-19
Atomizers,5,79.09,2024-06-19
Atomizers,6,67.83,2024-06-19
Vape Juice 30ml,16,32.29,2024-06-19
Tanks,10,80.3,2024-06-19
Nicotine Pods,32,25.17,2024-06-20
Replacement Coils,9,8.36,2024-06-20
Replacement Coils,6,30.25,2024-06-20
Cotton Wicking,25,5.32,2024-06-20
Battery 18650,12,25.89,2024-06-20
Chargers,17,51.31,2024-06-20
Charger,9,9.0,2024-06-20
Tank Glass,13,11.16,2024-06-20
Zero Nicotine 30ml,23,35.22,2024-06-20
Drip Tips,7,30.07,2024-06-20
Batteries,24,38.27,2024-06-20
E-Liquid Premium,31,48.79,2024-06-20
Vape Juice 30ml,17,47.45,2024-06-20
Vape Juice 60ml,5,12.72,2024-06-20
Vape Juice 60ml,8,53.07,2024-06-20
Vape Juice 30ml,16,50.55,2024-06-20
Atomizers,17,45.33,2024-06-20
Tanks,24,71.42,2024-06-20
Starter Kit,11,33.17,2024-06-20
Vape Mod XL,7,56.38,2024-06-20
Vape Mod XL,6,54.51,2024-06-20
Pod Kit,14,50.12,2024-06-20
Pod Kit,14,47.37,2024-06-20
Vape Juice 60ml,8,42.55,2024-06-20
Battery 18650,16,15.07,2024-06-21
Cotton Wicking,11,69.36,2024-06-21
Batteries,34,39.33,2024-06-21
Chargers,11,52.4,2024-06-21
Replacement Coils,6,17.32,2024-06-21
Charger,8,17.9,2024-06-21
Charger,7,21.32,2024-06-21
Tank Glass,16,20.83,2024-06-21
Drip Tips,11,23.69,2024-06-21
Chargers,12,38.42,2024-06-21
Replacement Coils,8,7.57,2024-06-21
Cotton Wicking,11,29.01,2024-06-21
Nicotine Pods,42,54.87,2024-06-21
Vape Mod XL,18,38.35,2024-06-21
Tanks,26,48.52,2024-06-21
Atomizers,16,55.6,2024-06-21
Atomizers,16,65.24,2024-06-21
Vape Juice 30ml,47,49.5,2024-06-21
Starter Kit,15,27.51,2024-06-21
Vape Juice 60ml,16,30.28,2024-06-21
Replacement Coils,4,16.72,2024-06-21
E-Liquid Premium,61,53.66,2024-06-21
Zero Nicotine 30ml,29,29.43,2024-06-21
Vape Juice 60ml,17,36.12,2024-06-21
Nicotine Pods,17,76.19,2024-06-22
Drip Tips,9,43.53,2024-06-22
Tank Glass,12,5.53,2024-06-22
Charger,13,23.8,2024-06-22
Chargers,23,57.92,2024-06-22
Battery 18650,21,20.81,2024-06-22
Cotton Wicking,27,5.0,2024-06-22
Replacement Coils,25,24.39,2024-06-22
Nicotine Pods,15,82.36,2024-06-22
E-Liquid Premium,43,48.4,2024-06-22
Vape Juice 60ml,25,40.24,2024-06-22
Vape Juice 60ml,23,50.84,2024-06-22
Vape Juice 30ml,32,40.08,2024-06-22
Vape Juice 30ml,34,37.39,2024-06-22
Atomizers,28,45.62,2024-06-22
Tanks,16,71.8,2024-06-22
Tanks,18,50.43,2024-06-22
Starter Kit,11,41.66,2024-06-22
Pod Kit,51,71.53,2024-06-22
Nicotine Pods,16,76.54,2024-06-23
Nicotine Pods,16,9.55,2024-06-23
Replacement Coils,19,21.14,2024-06-23
Cotton Wicking,17,10.8,2024-06-23
Cotton Wicking,21,37.55,2024-06-23
Tank Glass,15,20.62,2024-06-23
Chargers,27,20.4,2024-06-23
Charger,14,16.25,2024-06-23
Nicotine Pods,16,20.48,2024-06-23
Drip Tips,9,53.72,2024-06-23
Battery 18650,15,20.44,2024-06-23
E-Liquid Premium,69,48.23,2024-06-23
Drip Tips,9,35.21,2024-06-23
Vape Juice 60ml,18,43.97,2024-06-23
Vape Juice 60ml,15,27.75,2024-06-23
Vape Juice 30ml,14,73.85,2024-06-23
Vape Juice 30ml,16,38.4,2024-06-23
Vape Juice 30ml,16,41.82,2024-06-23
Atomizers,9,45.3,2024-06-23
Atomizers,7,67.34,2024-06-23
Tanks,35,70.76,2024-06-23
Starter Kit,18,30.92,2024-06-23
Vape Mod XL,18,38.45,2024-06-23
Pod Kit,33,48.81,2024-06-23
Vape Juice 60ml,15,28.87,2024-06-23
Cotton Wicking,10,18.41,2024-06-24
Cotton Wicking,10,10.07,2024-06-24
Batteries,6,5.0,2024-06-24
Batteries,9,37.21,2024-06-24
Drip Tips,4,36.32,2024-06-24
Chargers,12,42.26,2024-06-24
Charger,7,17.97,2024-06-24
Drip Tips,4,29.77,2024-06-24
Replacement Coils,17,20.99,2024-06-24
Battery 18650,11,21.8,2024-06-24
Nicotine Pods,13,41.1,2024-06-24
Tank Glass,10,12.3,2024-06-24
Zero Nicotine 30ml,26,22.1,2024-06-24
Pod Kit,16,80.95,2024-06-24
Vape Mod XL,16,65.15,2024-06-24
Starter Kit,11,39.27,2024-06-24
Tanks,17,43.35,2024-06-24
Pod Kit,18,55.06,2024-06-24
Atomizers,10,62.79,2024-06-24
Vape Juice 30ml,40,43.37,2024-06-24
Vape Juice 60ml,30,38.92,2024-06-24
E-Liquid Premium,37,43.97,2024-06-24
Atomizers,10,73.33,2024-06-24
Nicotine Pods,13,70.06,2024-06-24
Replacement Coils,4,17.07,2024-06-25
Drip Tips,10,29.38,2024-06-25
Tank Glass,16,32.48,2024-06-25
Charger,3,17.59,2024-06-25
Charger,2,17.91,2024-06-25
Charger,5,18.47,2024-06-25
Chargers,14,57.3,2024-06-25
Battery 18650,15,22.55,2024-06-25
Replacement Coils,6,25.82,2024-06-25
Replacement Coils,4,12.85,2024-06-25
Zero Nicotine 30ml,32,23.41,2024-06-25
E-Liquid Premium,56,47.95,2024-06-25
Vape Juice 60ml,38,32.38,2024-06-25
Vape Juice 30ml,47,38.06,2024-06-25
Tanks,11,58.53,2024-06-25
Tanks,15,67.18,2024-06-25
Starter Kit,7,16.78,2024-06-25
Starter Kit,7,35.26,2024-06-25
Vape Mod XL,13,68.46,2024-06-25
Pod Kit,29,54.44,2024-06-25
Nicotine Pods,24,44.05,2024-06-25
Batteries,27,7.98,2024-06-26
Battery 18650,5,21.21,2024-06-26
Battery 18650,2,20.69,2024-06-26
Battery 18650,6,30.16,2024-06-26
Tank Glass,10,15.54,2024-06-26
Charger,5,24.66,2024-06-26
Charger,7,29.84,2024-06-26
Drip Tips,11,35.79,2024-06-26
Cotton Wicking,25,39.93,2024-06-26
Chargers,20,57.6,2024-06-26
Replacement Coils,13,15.03,2024-06-26
Pod Kit,13,65.55,2024-06-26
Nicotine Pods,34,48.72,2024-06-26
E-Liquid Premium,61,47.51,2024-06-26
Vape Juice 60ml,17,21.69,2024-06-26
Vape Juice 60ml,16,23.8,2024-06-26
Atomizers,12,29.77,2024-06-26
Atomizers,10,59.7,2024-06-26
Starter Kit,4,19.11,2024-06-26
Starter Kit,5,32.46,2024-06-26
Vape Mod XL,14,56.41,2024-06-26
Pod Kit,12,47.86,2024-06-26
Replacement Coils,13,24.09,2024-06-26
Zero Nicotine 30ml,16,29.05,2024-06-27
Nicotine Pods,26,42.66,2024-06-27
Replacement Coils,26,30.96,2024-06-27
Cotton Wicking,17,37.38,2024-06-27
Cotton Wicking,18,26.82,2024-06-27
Drip Tips,14,29.21,2024-06-27
Chargers,26,55.47,2024-06-27
Charger,7,23.99,2024-06-27
Charger,8,26.23,2024-06-27
Tank Glass,17,11.85,2024-06-27
Zero Nicotine 30ml,19,35.17,2024-06-27
Battery 18650,13,24.68,2024-06-27
E-Liquid Premium,70,57.94,2024-06-27
Vape Juice 60ml,37,26.79,2024-06-27
Vape Juice 30ml,57,34.36,2024-06-27
Pod Kit,21,72.84,2024-06-27
Vape Mod XL,4,26.61,2024-06-27
Vape Mod XL,4,33.29,2024-06-27
Vape Mod XL,5,58.27,2024-06-27
Starter Kit,8,43.43,2024-06-27
Pod Kit,23,50.96,2024-06-27
Tanks,15,72.88,2024-06-27
Tanks,17,54.81,2024-06-27
Atomizers,5,38.04,2024-06-27
Atomizers,8,45.63,2024-06-27
Atomizers,8,55.71,2024-06-27
Starter Kit,9,42.2,2024-06-27
Cotton Wicking,26,53.49,2024-06-28
Drip Tips,5,33.74,2024-06-28
Batteries,11,68.19,2024-06-28
Batteries,7,45.76,2024-06-28
Batteries,7,15.81,2024-06-28
Tank Glass,8,22.75,2024-06-28
Charger,11,17.64,2024-06-28
Tank Glass,9,7.74,2024-06-28
Drip Tips,7,15.05,2024-06-28
Replacement Coils,21,30.75,2024-06-28
Chargers,24,37.12,2024-06-28
Nicotine Pods,45,63.05,2024-06-28
Vape Juice 30ml,64,26.3,2024-06-28
E-Liquid Premium,27,56.28,2024-06-28
Vape Juice 60ml,36,20.71,2024-06-28
Atomizers,33,73.25,2024-06-28
Tanks,30,66.08,2024-06-28
Starter Kit,11,19.34,2024-06-28
Starter Kit,10,32.87,2024-06-28
Vape Mod XL,16,53.37,2024-06-28
Pod Kit,13,48.91,2024-06-28
Pod Kit,14,72.95,2024-06-28
Pod Kit,12,40.64,2024-06-28
E-Liquid Premium,24,51.75,2024-06-28
Replacement Coils,9,20.77,2024-06-29
Replacement Coils,9,31.18,2024-06-29
Replacement Coils,9,12.84,2024-06-29
Cotton Wicking,46,27.89,2024-06-29
Drip Tips,13,21.89,2024-06-29
Battery 18650,8,15.68,2024-06-29
Battery 18650,10,17.42,2024-06-29
Chargers,24,36.59,2024-06-29
Tank Glass,16,23.63,2024-06-29
Batteries,37,58.82,2024-06-29
Nicotine Pods,46,61.67,2024-06-29
E-Liquid Premium,34,48.6,2024-06-29
Vape Juice 60ml,56,24.75,2024-06-29
Vape Juice 30ml,50,51.3,2024-06-29
Atomizers,17,78.94,2024-06-29
Atomizers,15,63.2,2024-06-29
Tanks,19,58.49,2024-06-29
Tanks,22,36.97,2024-06-29
Vape Mod XL,16,42.45,2024-06-29
Pod Kit,28,42.87,2024-06-29
Pod Kit,27,62.51,2024-06-29
E-Liquid Premium,30,43.79,2024-06-29
Zero Nicotine 30ml,15,44.67,2024-06-30
Zero Nicotine 30ml,16,24.79,2024-06-30
Nicotine Pods,48,47.2,2024-06-30
E-Liquid Premium,65,33.88,2024-06-30
Cotton Wicking,45,26.73,2024-06-30
Charger,11,18.52,2024-06-30
Drip Tips,12,28.47,2024-06-30
Replacement Coils,26,6.17,2024-06-30
Vape Juice 60ml,52,39.38,2024-06-30
Batteries,34,26.75,2024-06-30
Atomizers,22,52.18,2024-06-30
Tanks,15,66.02,2024-06-30
Tanks,13,56.21,2024-06-30
Starter Kit,20,36.74,2024-06-30
Vape Mod XL,6,50.93,2024-06-30
Vape Mod XL,9,51.21,2024-06-30
Vape Juice 30ml,68,29.76,2024-06-30
Vape Mod XL,10,60.3,2024-06-30
Pod Kit,56,53.09,2024-06-30
Cotton Wicking,21,8.47,2024-07-01
Batteries,14,57.02,2024-07-01
Batteries,14,65.85,2024-07-01
Battery 18650,6,17.51,2024-07-01
Drip Tips,9,21.35,2024-07-01
Chargers,9,56.19,2024-07-01
Chargers,9,33.83,2024-07-01
Charger,13,14.59,2024-07-01
Replacement Coils,17,7.12,2024-07-01
Battery 18650,8,16.43,2024-07-01
Nicotine Pods,14,17.63,2024-07-01
Nicotine Pods,13,57.58,2024-07-01
Pod Kit,14,51.41,2024-07-01
E-Liquid Premium,35,66.87,2024-07-01
Vape Juice 60ml,30,43.31,2024-07-01
Vape Juice 30ml,21,66.62,2024-07-01
Vape Juice 30ml,22,42.5,2024-07-01
Atomizers,24,29.39,2024-07-01
Tanks,26,45.96,2024-07-01
Starter Kit,12,6.49,2024-07-01
Vape Mod XL,6,63.86,2024-07-01
Vape Mod XL,6,36.5,2024-07-01
Pod Kit,14,62.83,2024-07-01
Zero Nicotine 30ml,21,39.38,2024-07-01
Replacement Coils,24,14.8,2024-07-02
Cotton Wicking,30,5.0,2024-07-02
Battery 18650,12,17.9,2024-07-02
Chargers,7,12.84,2024-07-02
Nicotine Pods,38,56.67,2024-07-02
Chargers,5,47.56,2024-07-02
Tank Glass,7,17.04,2024-07-02
Tank Glass,4,17.15,2024-07-02
Drip Tips,13,38.64,2024-07-02
Chargers,4,44.32,2024-07-02
Zero Nicotine 30ml,18,37.44,2024-07-02
Vape Mod XL,15,38.7,2024-07-02
E-Liquid Premium,20,40.45,2024-07-02
Vape Juice 30ml,54,21.87,2024-07-02
Atomizers,15,30.19,2024-07-02
Tanks,12,64.79,2024-07-02
Tanks,13,65.75,2024-07-02
Starter Kit,4,18.47,2024-07-02
Starter Kit,3,31.55,2024-07-02
Starter Kit,7,48.53,2024-07-02
Pod Kit,31,46.47,2024-07-02
E-Liquid Premium,18,55.59,2024-07-02
Replacement Coils,8,12.35,2024-07-03
Replacement Coils,6,18.74,2024-07-03
Cotton Wicking,29,52.02,2024-07-03
Batteries,17,53.63,2024-07-03
Battery 18650,9,18.83,2024-07-03
Battery 18650,8,22.89,2024-07-03
Tank Glass,12,11.08,2024-07-03
Chargers,5,40.19,2024-07-03
Charger,5,23.51,2024-07-03
Charger,8,16.83,2024-07-03
Drip Tips,3,26.27,2024-07-03
Drip Tips,6,24.91,2024-07-03
Nicotine Pods,12,54.27,2024-07-03
Chargers,7,41.05,2024-07-03
Nicotine Pods,13,71.89,2024-07-03
Atomizers,7,47.3,2024-07-03
Zero Nicotine 30ml,13,47.7,2024-07-03
Vape Mod XL,14,84.49,2024-07-03
Starter Kit,7,27.83,2024-07-03
Tanks,11,46.5,2024-07-03
Tanks,14,45.4,2024-07-03
Atomizers,5,71.48,2024-07-03
Starter Kit,3,29.46,2024-07-03
Vape Juice 30ml,59,44.55,2024-07-03
Atomizers,8,53.86,2024-07-03
Zero Nicotine 30ml,14,55.52,2024-07-03
E-Liquid Premium,23,63.42,2024-07-03
Nicotine Pods,10,83.36,2024-07-03
Vape Juice 60ml,28,43.9,2024-07-03
E-Liquid Premium,24,32.88,2024-07-03
Nicotine Pods,24,75.02,2024-07-04
Tank Glass,6,16.88,2024-07-04
Drip Tips,10,36.03,2024-07-04
Charger,5,15.14,2024-07-04
Charger,5,21.97,2024-07-04
Chargers,18,28.11,2024-07-04
Batteries,19,40.8,2024-07-04
Cotton Wicking,14,24.41,2024-07-04
Cotton Wicking,16,22.55,2024-07-04
Replacement Coils,17,29.24,2024-07-04
Tank Glass,10,7.69,2024-07-04
Nicotine Pods,25,77.51,2024-07-04
Vape Juice 60ml,48,27.34,2024-07-04
Vape Juice 30ml,50,58.38,2024-07-04
Atomizers,15,60.47,2024-07-04
Atomizers,12,59.36,2024-07-04
Tanks,12,61.35,2024-07-04
Tanks,12,54.76,2024-07-04
Pod Kit,8,59.24,2024-07-04
Pod Kit,7,50.87,2024-07-04
Pod Kit,11,55.97,2024-07-04
Zero Nicotine 30ml,24,18.97,2024-07-04
Cotton Wicking,24,42.49,2024-07-05
Batteries,18,33.44,2024-07-05
Batteries,15,28.68,2024-07-05
Battery 18650,11,18.31,2024-07-05
Battery 18650,9,17.51,2024-07-05
Chargers,20,39.96,2024-07-05
Drip Tips,7,33.89,2024-07-05
Tank Glass,8,12.84,2024-07-05
Tank Glass,7,5.0,2024-07-05
Drip Tips,4,31.47,2024-07-05
Drip Tips,5,40.47,2024-07-05
Cotton Wicking,21,66.31,2024-07-05
Charger,16,18.47,2024-07-05
Replacement Coils,17,19.22,2024-07-05
Pod Kit,39,66.19,2024-07-05
Nicotine Pods,29,27.01,2024-07-05
Replacement Coils,16,28.89,2024-07-05
Starter Kit,10,46.37,2024-07-05
Starter Kit,10,41.37,2024-07-05
Tanks,42,64.69,2024-07-05
Atomizers,12,44.64,2024-07-05
Atomizers,16,34.2,2024-07-05
Vape Mod XL,22,56.85,2024-07-05
Vape Juice 60ml,41,22.94,2024-07-05
E-Liquid Premium,72,33.76,2024-07-05
Zero Nicotine 30ml,20,34.05,2024-07-05
Zero Nicotine 30ml,19,5.0,2024-07-05
Nicotine Pods,29,54.25,2024-07-05
Vape Juice 30ml,59,51.9,2024-07-05
Cotton Wicking,34,27.78,2024-07-06
Batteries,29,29.35,2024-07-06
Battery 18650,9,16.18,2024-07-06
Battery 18650,9,19.72,2024-07-06
Chargers,24,20.35,2024-07-06
Charger,4,18.19,2024-07-06
Charger,4,23.28,2024-07-06
Tank Glass,5,5.0,2024-07-06
Tank Glass,9,5.64,2024-07-06
Replacement Coils,22,21.37,2024-07-06
Charger,3,10.9,2024-07-06
Nicotine Pods,24,39.42,2024-07-06
E-Liquid Premium,39,51.19,2024-07-06
Zero Nicotine 30ml,32,38.09,2024-07-06
Pod Kit,45,74.84,2024-07-06
Nicotine Pods,24,35.71,2024-07-06
Vape Mod XL,10,63.27,2024-07-06
Starter Kit,9,25.46,2024-07-06
Starter Kit,5,22.39,2024-07-06
Vape Mod XL,9,50.37,2024-07-06
Tanks,10,65.53,2024-07-06
Atomizers,26,24.73,2024-07-06
Vape Juice 30ml,41,44.14,2024-07-06
Vape Juice 60ml,45,21.56,2024-07-06
Tanks,11,58.28,2024-07-06
Nicotine Pods,17,66.99,2024-07-07
Tank Glass,14,20.26,2024-07-07
Chargers,23,32.74,2024-07-07
Battery 18650,20,17.12,2024-07-07
Batteries,31,20.51,2024-07-07
Cotton Wicking,13,34.43,2024-07-07
Cotton Wicking,13,46.88,2024-07-07
Replacement Coils,22,37.98,2024-07-07
Drip Tips,14,33.81,2024-07-07
Nicotine Pods,21,29.23,2024-07-07
Vape Juice 60ml,43,31.57,2024-07-07
E-Liquid Premium,45,41.44,2024-07-07
Vape Juice 30ml,53,45.82,2024-07-07
Atomizers,22,61.2,2024-07-07
Tanks,29,63.67,2024-07-07
Starter Kit,13,29.47,2024-07-07
Vape Mod XL,10,40.36,2024-07-07
Vape Mod XL,6,41.86,2024-07-07
Pod Kit,51,40.32,2024-07-07
Zero Nicotine 30ml,25,18.38,2024-07-07
Cotton Wicking,7,23.51,2024-07-08
Cotton Wicking,8,33.06,2024-07-08
Batteries,18,5.0,2024-07-08
Tank Glass,15,23.16,2024-07-08
Chargers,18,61.55,2024-07-08
Charger,10,19.92,2024-07-08
Zero Nicotine 30ml,8,35.45,2024-07-08
Drip Tips,8,21.59,2024-07-08
Battery 18650,12,27.06,2024-07-08
Zero Nicotine 30ml,12,24.09,2024-07-08
Replacement Coils,18,12.26,2024-07-08
E-Liquid Premium,19,37.66,2024-07-08
Vape Juice 30ml,41,38.56,2024-07-08
Atomizers,12,88.99,2024-07-08
Starter Kit,4,27.93,2024-07-08
Starter Kit,4,37.96,2024-07-08
Starter Kit,4,44.42,2024-07-08
Vape Mod XL,5,53.87,2024-07-08
Vape Mod XL,6,41.22,2024-07-08
Pod Kit,35,61.92,2024-07-08
E-Liquid Premium,17,42.85,2024-07-08
Batteries,18,26.11,2024-07-09
Battery 18650,9,25.8,2024-07-09
Chargers,5,62.68,2024-07-09
Drip Tips,5,57.45,2024-07-09
Chargers,8,5.32,2024-07-09
Drip Tips,2,16.76,2024-07-09
Charger,5,21.63,2024-07-09
Charger,4,16.7,2024-07-09
Tank Glass,9,28.36,2024-07-09
Drip Tips,5,25.98,2024-07-09
Cotton Wicking,16,26.35,2024-07-09
Charger,3,18.92,2024-07-09
Replacement Coils,19,27.4,2024-07-09
Vape Juice 60ml,34,25.35,2024-07-09
Nicotine Pods,17,42.85,2024-07-09
Nicotine Pods,17,43.91,2024-07-09
Starter Kit,14,28.28,2024-07-09
Tanks,5,57.36,2024-07-09
Tanks,7,39.84,2024-07-09
Atomizers,8,75.27,2024-07-09
Pod Kit,32,73.3,2024-07-09
Vape Juice 30ml,29,48.68,2024-07-09
E-Liquid Premium,17,38.96,2024-07-09
E-Liquid Premium,20,45.78,2024-07-09
Zero Nicotine 30ml,27,38.5,2024-07-09
Atomizers,10,29.44,2024-07-09
Zero Nicotine 30ml,17,52.16,2024-07-10
Drip Tips,10,39.07,2024-07-10
Tank Glass,10,19.33,2024-07-10
Charger,9,31.27,2024-07-10
Chargers,8,56.34,2024-07-10
Chargers,6,55.71,2024-07-10
Batteries,16,38.72,2024-07-10
Replacement Coils,12,8.01,2024-07-10
Nicotine Pods,24,53.77,2024-07-10
E-Liquid Premium,11,31.31,2024-07-10
E-Liquid Premium,12,54.68,2024-07-10
Pod Kit,9,64.88,2024-07-10
Vape Juice 60ml,17,39.44,2024-07-10
Vape Juice 30ml,33,42.0,2024-07-10
Atomizers,18,66.51,2024-07-10
Tanks,13,55.04,2024-07-10
Tanks,9,60.29,2024-07-10
Starter Kit,8,49.71,2024-07-10
Vape Mod XL,14,55.19,2024-07-10
Pod Kit,7,41.81,2024-07-10
Pod Kit,9,80.04,2024-07-10
Vape Juice 60ml,17,40.33,2024-07-10
Batteries,16,31.46,2024-07-11
Cotton Wicking,26,5.0,2024-07-11
Replacement Coils,7,28.15,2024-07-11
Battery 18650,7,18.56,2024-07-11
Replacement Coils,8,7.56,2024-07-11
Battery 18650,7,17.04,2024-07-11
Tank Glass,6,11.36,2024-07-11
Charger,2,21.73,2024-07-11
Charger,2,27.97,2024-07-11
Charger,3,23.3,2024-07-11
Tank Glass,4,5.0,2024-07-11
Chargers,15,27.27,2024-07-11
Nicotine Pods,35,37.22,2024-07-11
Zero Nicotine 30ml,24,17.55,2024-07-11
E-Liquid Premium,37,42.93,2024-07-11
Vape Mod XL,13,42.96,2024-07-11
Starter Kit,9,32.63,2024-07-11
Tanks,8,55.46,2024-07-11
Tanks,9,68.88,2024-07-11
Tanks,9,66.13,2024-07-11
Pod Kit,30,61.35,2024-07-11
Atomizers,5,33.27,2024-07-11
Atomizers,6,37.55,2024-07-11
Vape Juice 30ml,44,51.04,2024-07-11
Vape Juice 60ml,32,29.04,2024-07-11
Atomizers,8,59.25,2024-07-11
Replacement Coils,17,24.95,2024-07-12
Cotton Wicking,30,38.93,2024-07-12
Batteries,20,53.85,2024-07-12
Battery 18650,9,30.17,2024-07-12
Battery 18650,8,23.66,2024-07-12
Chargers,9,13.82,2024-07-12
Chargers,9,28.89,2024-07-12
Charger,14,10.42,2024-07-12
Drip Tips,13,14.91,2024-07-12
Nicotine Pods,14,5.0,2024-07-12
Chargers,5,39.65,2024-07-12
Nicotine Pods,10,60.8,2024-07-12
Zero Nicotine 30ml,17,39.48,2024-07-12
Pod Kit,17,68.03,2024-07-12
E-Liquid Premium,64,46.92,2024-07-12
Vape Juice 30ml,19,47.18,2024-07-12
Vape Juice 30ml,18,35.59,2024-07-12
Atomizers,16,49.88,2024-07-12
Tanks,21,56.72,2024-07-12
Starter Kit,18,42.98,2024-07-12
Vape Mod XL,13,71.58,2024-07-12
Pod Kit,16,46.4,2024-07-12
Pod Kit,17,55.23,2024-07-12
Zero Nicotine 30ml,13,45.37,2024-07-12
Replacement Coils,24,25.84,2024-07-13
Cotton Wicking,19,5.0,2024-07-13
Battery 18650,9,21.32,2024-07-13
Battery 18650,9,23.27,2024-07-13
Nicotine Pods,37,48.16,2024-07-13
Charger,8,18.38,2024-07-13
Charger,6,22.68,2024-07-13
Tank Glass,19,8.27,2024-07-13
Drip Tips,9,21.05,2024-07-13
Zero Nicotine 30ml,29,21.24,2024-07-13
Chargers,15,48.75,2024-07-13
Vape Juice 30ml,11,20.44,2024-07-13
Pod Kit,46,56.51,2024-07-13
Vape Mod XL,11,26.35,2024-07-13
Vape Mod XL,12,31.28,2024-07-13
Starter Kit,16,50.92,2024-07-13
E-Liquid Premium,62,52.9,2024-07-13
Atomizers,7,64.31,2024-07-13
Atomizers,9,44.09,2024-07-13
Vape Juice 30ml,14,47.41,2024-07-13
Vape Juice 30ml,13,39.19,2024-07-13
Tanks,19,53.69,2024-07-13
Replacement Coils,14,5.05,2024-07-14
Drip Tips,9,19.73,2024-07-14
Tank Glass,19,5.0,2024-07-14
Charger,12,18.9,2024-07-14
Chargers,8,51.07,2024-07-14
Chargers,9,21.1,2024-07-14
Battery 18650,8,26.74,2024-07-14
Battery 18650,9,22.93,2024-07-14
Batteries,21,47.8,2024-07-14
Cotton Wicking,32,40.06,2024-07-14
Zero Nicotine 30ml,23,30.34,2024-07-14
Replacement Coils,15,7.36,2024-07-14
Vape Juice 60ml,22,42.59,2024-07-14
E-Liquid Premium,46,66.18,2024-07-14
Pod Kit,22,29.76,2024-07-14
Pod Kit,21,49.69,2024-07-14
Vape Mod XL,20,68.41,2024-07-14
Tanks,31,88.25,2024-07-14
Starter Kit,18,36.59,2024-07-14
Atomizers,8,57.0,2024-07-14
Atomizers,6,53.58,2024-07-14
Vape Juice 30ml,40,51.56,2024-07-14
Vape Juice 60ml,19,29.31,2024-07-14
Atomizers,6,59.78,2024-07-14
Battery 18650,4,12.39,2024-07-15
Drip Tips,4,42.44,2024-07-15
Replacement Coils,14,41.54,2024-07-15
Cotton Wicking,12,41.99,2024-07-15
Batteries,14,5.0,2024-07-15
Battery 18650,3,11.72,2024-07-15
Drip Tips,3,22.23,2024-07-15
Chargers,7,32.6,2024-07-15
Chargers,5,12.76,2024-07-15
Charger,7,21.07,2024-07-15
Tank Glass,13,10.21,2024-07-15
Drip Tips,2,24.27,2024-07-15
Nicotine Pods,11,76.24,2024-07-15
Chargers,7,63.52,2024-07-15
Nicotine Pods,9,57.83,2024-07-15
Cotton Wicking,10,16.05,2024-07-15
Zero Nicotine 30ml,5,26.06,2024-07-15
Pod Kit,12,56.43,2024-07-15
Pod Kit,12,65.42,2024-07-15
Vape Mod XL,7,30.73,2024-07-15
Vape Mod XL,7,77.49,2024-07-15
Vape Mod XL,6,59.49,2024-07-15
Starter Kit,2,21.35,2024-07-15
Zero Nicotine 30ml,6,23.6,2024-07-15
Starter Kit,1,45.22,2024-07-15
Tanks,18,58.59,2024-07-15
Atomizers,7,66.15,2024-07-15
Atomizers,8,42.4,2024-07-15
Vape Juice 30ml,28,55.33,2024-07-15
E-Liquid Premium,27,63.53,2024-07-15
Starter Kit,3,26.17,2024-07-15
Replacement Coils,3,15.48,2024-07-16
Replacement Coils,7,15.45,2024-07-16
Cotton Wicking,18,72.84,2024-07-16
Batteries,17,50.29,2024-07-16
Battery 18650,1,21.28,2024-07-16
Battery 18650,3,17.44,2024-07-16
Chargers,3,47.63,2024-07-16
Chargers,3,16.04,2024-07-16
Chargers,5,43.26,2024-07-16
Charger,9,13.36,2024-07-16
Tank Glass,9,8.0,2024-07-16
Nicotine Pods,23,55.14,2024-07-16
Battery 18650,1,23.33,2024-07-16
Drip Tips,7,32.81,2024-07-16
Zero Nicotine 30ml,20,42.69,2024-07-16
Vape Juice 60ml,10,26.45,2024-07-16
E-Liquid Premium,36,50.82,2024-07-16
Pod Kit,18,69.99,2024-07-16
Vape Mod XL,14,19.01,2024-07-16
Starter Kit,3,38.2,2024-07-16
Tanks,19,79.33,2024-07-16
Starter Kit,4,27.92,2024-07-16
Atomizers,7,43.88,2024-07-16
Vape Juice 30ml,21,43.17,2024-07-16
Vape Juice 30ml,18,46.53,2024-07-16
Vape Juice 60ml,8,22.18,2024-07-16
Vape Juice 60ml,9,23.77,2024-07-16
Atomizers,6,48.53,2024-07-16
Cotton Wicking,8,66.69,2024-07-17
E-Liquid Premium,20,65.26,2024-07-17
Zero Nicotine 30ml,18,28.83,2024-07-17
Replacement Coils,4,21.01,2024-07-17
Replacement Coils,8,25.64,2024-07-17
Cotton Wicking,9,41.89,2024-07-17
Tank Glass,6,20.21,2024-07-17
Batteries,22,18.71,2024-07-17
Battery 18650,13,20.93,2024-07-17
Chargers,17,44.32,2024-07-17
Tank Glass,6,33.06,2024-07-17
E-Liquid Premium,20,52.4,2024-07-17
Drip Tips,6,37.26,2024-07-17
Vape Juice 60ml,13,37.92,2024-07-17
Cotton Wicking,7,33.28,2024-07-17
Vape Juice 60ml,11,47.11,2024-07-17
Pod Kit,24,36.98,2024-07-17
Vape Mod XL,2,40.62,2024-07-17
Vape Mod XL,3,28.09,2024-07-17
Vape Mod XL,3,72.44,2024-07-17
Starter Kit,2,44.66,2024-07-17
Starter Kit,1,34.21,2024-07-17
Vape Juice 60ml,11,8.61,2024-07-17
Tanks,6,68.09,2024-07-17
Tanks,8,46.28,2024-07-17
Atomizers,6,52.89,2024-07-17
Atomizers,8,53.54,2024-07-17
Vape Juice 30ml,47,57.37,2024-07-17
Starter Kit,2,29.36,2024-07-17
Replacement Coils,11,7.08,2024-07-18
Cotton Wicking,29,9.83,2024-07-18
Batteries,8,18.04,2024-07-18
Batteries,9,14.4,2024-07-18
Battery 18650,12,21.5,2024-07-18
Tank Glass,5,5.0,2024-07-18
Charger,10,16.23,2024-07-18
Tank Glass,2,25.73,2024-07-18
Tank Glass,3,5.0,2024-07-18
Drip Tips,7,24.12,2024-07-18
Replacement Coils,9,12.16,2024-07-18
Chargers,20,18.87,2024-07-18
Nicotine Pods,28,55.99,2024-07-18
E-Liquid Premium,13,52.16,2024-07-18
E-Liquid Premium,16,56.94,2024-07-18
Pod Kit,16,58.81,2024-07-18
Zero Nicotine 30ml,25,25.9,2024-07-18
Vape Mod XL,14,45.3,2024-07-18
Starter Kit,15,35.79,2024-07-18
Tanks,12,67.73,2024-07-18
Pod Kit,15,60.84,2024-07-18
Atomizers,12,35.5,2024-07-18
Vape Juice 30ml,17,55.85,2024-07-18
Vape Juice 30ml,18,59.19,2024-07-18
Vape Juice 60ml,29,45.33,2024-07-18
Tanks,13,54.31,2024-07-18
Replacement Coils,18,27.64,2024-07-19
Charger,5,34.06,2024-07-19
Charger,5,19.4,2024-07-19
Chargers,17,53.88,2024-07-19
Battery 18650,7,27.29,2024-07-19
Battery 18650,6,19.85,2024-07-19
Batteries,23,33.95,2024-07-19
Cotton Wicking,20,28.1,2024-07-19
Nicotine Pods,43,41.14,2024-07-19
E-Liquid Premium,25,54.2,2024-07-19
E-Liquid Premium,21,60.87,2024-07-19
Vape Juice 60ml,40,33.04,2024-07-19
Vape Juice 30ml,57,62.75,2024-07-19
Atomizers,16,71.57,2024-07-19
Tanks,32,50.9,2024-07-19
Starter Kit,7,14.51,2024-07-19
Starter Kit,5,51.88,2024-07-19
Vape Mod XL,20,78.81,2024-07-19
Zero Nicotine 30ml,28,38.69,2024-07-19
Cotton Wicking,28,31.85,2024-07-20
Batteries,21,33.24,2024-07-20
Battery 18650,6,20.48,2024-07-20
Battery 18650,9,21.95,2024-07-20
Tank Glass,19,25.28,2024-07-20
Chargers,8,50.25,2024-07-20
Charger,8,21.08,2024-07-20
Charger,7,14.43,2024-07-20
Drip Tips,10,17.91,2024-07-20
Chargers,9,12.44,2024-07-20
Nicotine Pods,43,37.5,2024-07-20
Replacement Coils,19,11.18,2024-07-20
E-Liquid Premium,33,55.66,2024-07-20
Zero Nicotine 30ml,24,31.69,2024-07-20
Pod Kit,44,57.98,2024-07-20
Vape Mod XL,19,27.87,2024-07-20
Starter Kit,5,36.0,2024-07-20
Starter Kit,7,31.44,2024-07-20
Starter Kit,4,43.82,2024-07-20
Atomizers,17,70.72,2024-07-20
Vape Juice 30ml,52,28.56,2024-07-20
Vape Juice 60ml,42,40.98,2024-07-20
E-Liquid Premium,32,28.47,2024-07-20
Tanks,24,82.67,2024-07-20
Battery 18650,7,16.69,2024-07-21
Cotton Wicking,11,45.45,2024-07-21
Cotton Wicking,11,38.03,2024-07-21
Batteries,24,43.48,2024-07-21
Battery 18650,5,17.54,2024-07-21
Replacement Coils,20,24.85,2024-07-21
Chargers,7,36.54,2024-07-21
Chargers,7,46.06,2024-07-21
Charger,13,11.45,2024-07-21
Tank Glass,12,15.92,2024-07-21
Tank Glass,10,14.64,2024-07-21
Nicotine Pods,23,51.06,2024-07-21
Chargers,6,26.56,2024-07-21
Zero Nicotine 30ml,19,31.66,2024-07-21
Nicotine Pods,24,73.59,2024-07-21
Pod Kit,50,42.69,2024-07-21
Starter Kit,16,39.13,2024-07-21
Tanks,22,74.37,2024-07-21
Atomizers,17,74.41,2024-07-21
Vape Mod XL,14,33.19,2024-07-21
Vape Juice 60ml,18,21.71,2024-07-21
Vape Juice 60ml,21,26.11,2024-07-21
E-Liquid Premium,64,35.86,2024-07-21
Zero Nicotine 30ml,19,28.95,2024-07-21
Vape Juice 30ml,47,46.97,2024-07-21
Cotton Wicking,16,70.62,2024-07-22
Tank Glass,6,6.07,2024-07-22
Tank Glass,6,12.26,2024-07-22
Charger,10,20.05,2024-07-22
Chargers,14,25.43,2024-07-22
Battery 18650,12,17.38,2024-07-22
Batteries,24,42.49,2024-07-22
Replacement Coils,13,11.55,2024-07-22
Nicotine Pods,26,47.68,2024-07-22
Zero Nicotine 30ml,11,19.97,2024-07-22
Zero Nicotine 30ml,11,27.31,2024-07-22
E-Liquid Premium,31,43.64,2024-07-22
Vape Juice 60ml,36,49.01,2024-07-22
Vape Juice 30ml,48,40.98,2024-07-22
Atomizers,15,76.0,2024-07-22
Vape Mod XL,12,33.57,2024-07-22
Pod Kit,28,65.3,2024-07-22
Cotton Wicking,8,42.35,2024-07-23
Cotton Wicking,11,64.0,2024-07-23
Batteries,11,20.43,2024-07-23
Batteries,7,5.0,2024-07-23
Battery 18650,15,18.55,2024-07-23
Tank Glass,6,11.48,2024-07-23
Charger,4,17.77,2024-07-23
Charger,5,25.05,2024-07-23
Replacement Coils,8,16.13,2024-07-23
Tank Glass,3,18.54,2024-07-23
Chargers,20,23.25,2024-07-23
Replacement Coils,10,14.55,2024-07-23
Vape Mod XL,12,45.76,2024-07-23
Zero Nicotine 30ml,22,37.03,2024-07-23
E-Liquid Premium,40,36.36,2024-07-23
Vape Juice 60ml,14,43.8,2024-07-23
Vape Juice 60ml,14,38.19,2024-07-23
Vape Juice 30ml,14,52.37,2024-07-23
Vape Juice 30ml,14,33.28,2024-07-23
Vape Juice 30ml,14,29.27,2024-07-23
Atomizers,17,52.81,2024-07-23
Tanks,18,54.32,2024-07-23
Nicotine Pods,19,67.92,2024-07-23
Pod Kit,28,54.36,2024-07-23
Replacement Coils,5,25.11,2024-07-24
Cotton Wicking,22,48.88,2024-07-24
Batteries,18,70.7,2024-07-24
Replacement Coils,4,15.56,2024-07-24
Charger,8,10.23,2024-07-24
Drip Tips,6,39.37,2024-07-24
Drip Tips,3,35.23,2024-07-24
Chargers,13,50.68,2024-07-24
Replacement Coils,3,22.76,2024-07-24
Vape Mod XL,5,65.82,2024-07-24
Zero Nicotine 30ml,21,28.76,2024-07-24
E-Liquid Premium,45,57.12,2024-07-24
Vape Juice 60ml,30,36.5,2024-07-24
Atomizers,14,62.11,2024-07-24
Vape Mod XL,2,58.33,2024-07-24
Vape Mod XL,5,44.62,2024-07-24
Pod Kit,28,68.47,2024-07-24
Nicotine Pods,23,60.58,2024-07-24
Cotton Wicking,39,25.22,2024-07-25
Batteries,10,32.64,2024-07-25
Batteries,10,85.69,2024-07-25
Battery 18650,10,14.72,2024-07-25
Battery 18650,11,16.83,2024-07-25
Chargers,12,31.31,2024-07-25
Tank Glass,20,8.84,2024-07-25
Charger,5,16.3,2024-07-25
Charger,3,27.85,2024-07-25
Drip Tips,3,22.11,2024-07-25
Drip Tips,2,26.51,2024-07-25
Drip Tips,4,26.31,2024-07-25
Chargers,15,36.62,2024-07-25
Replacement Coils,11,16.14,2024-07-25
Replacement Coils,11,8.14,2024-07-25
Zero Nicotine 30ml,5,25.79,2024-07-25
Pod Kit,49,60.76,2024-07-25
Zero Nicotine 30ml,7,42.46,2024-07-25
Tanks,10,66.86,2024-07-25
Tanks,11,50.25,2024-07-25
Tanks,12,55.88,2024-07-25
Atomizers,16,38.82,2024-07-25
Vape Mod XL,15,58.02,2024-07-25
Vape Juice 60ml,50,47.34,2024-07-25
E-Liquid Premium,17,47.5,2024-07-25
E-Liquid Premium,21,47.72,2024-07-25
E-Liquid Premium,20,45.53,2024-07-25
Zero Nicotine 30ml,8,15.82,2024-07-25
Atomizers,14,44.87,2024-07-25
Drip Tips,17,31.03,2024-07-26
Charger,14,18.25,2024-07-26
Chargers,27,15.05,2024-07-26
Battery 18650,12,21.54,2024-07-26
Battery 18650,13,23.02,2024-07-26
Batteries,28,31.78,2024-07-26
Cotton Wicking,20,40.27,2024-07-26
Cotton Wicking,21,26.98,2024-07-26
Replacement Coils,10,22.06,2024-07-26
Nicotine Pods,16,52.25,2024-07-26
Replacement Coils,9,17.18,2024-07-26
E-Liquid Premium,28,52.38,2024-07-26
E-Liquid Premium,32,44.61,2024-07-26
Vape Juice 60ml,65,40.47,2024-07-26
Vape Juice 30ml,88,39.3,2024-07-26
Atomizers,11,49.88,2024-07-26
Atomizers,10,54.56,2024-07-26
Tanks,44,52.93,2024-07-26
Starter Kit,20,35.94,2024-07-26
Vape Mod XL,16,52.66,2024-07-26
Pod Kit,42,69.85,2024-07-26
Nicotine Pods,16,31.5,2024-07-26
Replacement Coils,19,19.92,2024-07-27
Cotton Wicking,40,12.5,2024-07-27
Batteries,14,38.94,2024-07-27
Batteries,15,60.03,2024-07-27
Battery 18650,15,11.5,2024-07-27
Drip Tips,7,44.88,2024-07-27
Chargers,16,7.4,2024-07-27
Charger,17,19.09,2024-07-27
Drip Tips,5,21.06,2024-07-27
Replacement Coils,19,11.55,2024-07-27
Chargers,16,53.2,2024-07-27
Nicotine Pods,39,5.0,2024-07-27
Zero Nicotine 30ml,41,53.63,2024-07-27
Pod Kit,36,67.19,2024-07-27
E-Liquid Premium,62,44.23,2024-07-27
Vape Mod XL,18,59.45,2024-07-27
Starter Kit,11,44.33,2024-07-27
Starter Kit,8,49.42,2024-07-27
Atomizers,16,60.35,2024-07-27
Tanks,41,66.3,2024-07-27
Vape Juice 30ml,26,44.69,2024-07-27
Vape Juice 30ml,26,43.59,2024-07-27
Vape Juice 30ml,25,51.23,2024-07-27
Vape Juice 60ml,22,44.96,2024-07-27
Vape Juice 60ml,20,32.51,2024-07-27
Atomizers,16,52.54,2024-07-27
Batteries,12,64.7,2024-07-28
Replacement Coils,18,24.69,2024-07-28
Cotton Wicking,48,59.69,2024-07-28
Batteries,15,46.5,2024-07-28
Battery 18650,8,21.18,2024-07-28
Replacement Coils,19,33.57,2024-07-28
Battery 18650,10,22.06,2024-07-28
Chargers,29,44.75,2024-07-28
Drip Tips,11,26.42,2024-07-28
Drip Tips,9,16.12,2024-07-28
Battery 18650,8,22.84,2024-07-28
Nicotine Pods,24,8.39,2024-07-28
Vape Juice 30ml,30,68.15,2024-07-28
Zero Nicotine 30ml,33,10.24,2024-07-28
Pod Kit,56,42.59,2024-07-28
Vape Mod XL,12,66.23,2024-07-28
Starter Kit,11,42.46,2024-07-28
Starter Kit,11,40.1,2024-07-28
Tanks,30,45.99,2024-07-28
Vape Mod XL,10,63.1,2024-07-28
Atomizers,12,48.68,2024-07-28
Vape Juice 30ml,32,14.42,2024-07-28
Vape Juice 60ml,48,36.75,2024-07-28
Atomizers,10,67.93,2024-07-28
Nicotine Pods,26,84.88,2024-07-28
Drip Tips,12,17.86,2024-07-29
Nicotine Pods,23,67.87,2024-07-29
Charger,5,24.86,2024-07-29
Charger,7,19.94,2024-07-29
Chargers,11,41.25,2024-07-29
Chargers,11,42.6,2024-07-29
Battery 18650,16,19.5,2024-07-29
Batteries,18,43.74,2024-07-29
Cotton Wicking,29,49.43,2024-07-29
Replacement Coils,19,14.79,2024-07-29
E-Liquid Premium,52,45.03,2024-07-29
Vape Juice 30ml,62,41.11,2024-07-29
Atomizers,9,37.48,2024-07-29
Atomizers,7,55.04,2024-07-29
Tanks,10,70.51,2024-07-29
Tanks,12,43.49,2024-07-29
Starter Kit,17,48.44,2024-07-29
Vape Mod XL,18,56.85,2024-07-29
Pod Kit,26,44.94,2024-07-29
Vape Juice 60ml,44,25.0,2024-07-29
Replacement Coils,8,11.92,2024-07-30
Replacement Coils,7,15.43,2024-07-30
Cotton Wicking,24,21.19,2024-07-30
Batteries,21,21.68,2024-07-30
Battery 18650,3,20.53,2024-07-30
Charger,11,27.75,2024-07-30
Battery 18650,4,21.71,2024-07-30
Chargers,23,38.91,2024-07-30
Drip Tips,11,23.64,2024-07-30
Nicotine Pods,41,30.64,2024-07-30
Battery 18650,6,13.56,2024-07-30
Zero Nicotine 30ml,20,32.97,2024-07-30
Tank Glass,19,16.74,2024-07-30
E-Liquid Premium,29,57.51,2024-07-30
E-Liquid Premium,25,51.46,2024-07-30
Pod Kit,23,51.71,2024-07-30
Pod Kit,20,49.55,2024-07-30
Vape Mod XL,9,71.63,2024-07-30
Starter Kit,10,18.95,2024-07-30
Vape Mod XL,9,46.64,2024-07-30
Tanks,9,74.12,2024-07-30
Atomizers,20,59.66,2024-07-30
Vape Juice 30ml,53,51.94,2024-07-30
Vape Juice 60ml,40,27.39,2024-07-30
Tanks,13,54.92,2024-07-30
Batteries,10,47.45,2024-07-31
Cotton Wicking,7,20.62,2024-07-31
Cotton Wicking,10,33.28,2024-07-31
Cotton Wicking,8,13.14,2024-07-31
Batteries,7,30.18,2024-07-31
Batteries,10,61.66,2024-07-31
Drip Tips,7,29.46,2024-07-31
Charger,8,19.87,2024-07-31
Charger,5,14.54,2024-07-31
Tank Glass,16,13.58,2024-07-31
Drip Tips,6,21.52,2024-07-31
Replacement Coils,6,17.79,2024-07-31
Chargers,24,12.49,2024-07-31
Replacement Coils,6,17.8,2024-07-31
Battery 18650,16,30.71,2024-07-31
Nicotine Pods,28,22.16,2024-07-31
Pod Kit,32,64.09,2024-07-31
Vape Mod XL,14,38.98,2024-07-31
Starter Kit,5,31.13,2024-07-31
Replacement Coils,5,27.34,2024-07-31
Starter Kit,4,12.22,2024-07-31
Tanks,30,60.62,2024-07-31
Starter Kit,5,25.36,2024-07-31
Vape Juice 30ml,47,41.17,2024-07-31
Vape Juice 60ml,14,27.34,2024-07-31
Vape Juice 60ml,14,19.89,2024-07-31
E-Liquid Premium,23,44.41,2024-07-31
E-Liquid Premium,23,35.37,2024-07-31
Zero Nicotine 30ml,27,30.82,2024-07-31
Tank Glass,8,14.74,2024-08-01
Tank Glass,7,17.3,2024-08-01
Chargers,16,28.8,2024-08-01
Chargers,13,5.0,2024-08-01
Battery 18650,18,20.67,2024-08-01
Batteries,12,5.0,2024-08-01
Drip Tips,14,32.98,2024-08-01
Batteries,14,26.56,2024-08-01
Nicotine Pods,16,70.53,2024-08-01
Nicotine Pods,16,55.57,2024-08-01
Zero Nicotine 30ml,32,36.92,2024-08-01
E-Liquid Premium,61,66.03,2024-08-01
Vape Juice 60ml,31,42.07,2024-08-01
Atomizers,29,28.26,2024-08-01
Pod Kit,48,57.22,2024-08-01
Replacement Coils,23,23.45,2024-08-01
Cotton Wicking,43,5.0,2024-08-02
Batteries,29,22.59,2024-08-02
Battery 18650,15,23.67,2024-08-02
Battery 18650,13,16.64,2024-08-02
Chargers,28,54.13,2024-08-02
Tank Glass,11,24.63,2024-08-02
Charger,7,26.34,2024-08-02
Tank Glass,13,16.51,2024-08-02
Drip Tips,16,48.52,2024-08-02
Replacement Coils,26,12.39,2024-08-02
Charger,7,13.38,2024-08-02
Nicotine Pods,8,23.71,2024-08-02
Pod Kit,43,37.42,2024-08-02
Nicotine Pods,12,50.0,2024-08-02
Nicotine Pods,8,48.23,2024-08-02
Vape Mod XL,8,49.29,2024-08-02
Vape Mod XL,8,48.92,2024-08-02
Tanks,33,57.06,2024-08-02
Atomizers,32,62.46,2024-08-02
Starter Kit,14,29.34,2024-08-02
Vape Juice 60ml,37,48.74,2024-08-02
E-Liquid Premium,30,46.14,2024-08-02
E-Liquid Premium,31,47.11,2024-08-02
Zero Nicotine 30ml,31,24.54,2024-08-02
Vape Juice 30ml,62,17.72,2024-08-02
Battery 18650,14,26.67,2024-08-03
Nicotine Pods,14,70.91,2024-08-03
Replacement Coils,33,22.08,2024-08-03
Batteries,37,53.21,2024-08-03
Battery 18650,12,18.72,2024-08-03
Drip Tips,5,28.59,2024-08-03
Charger,11,27.72,2024-08-03
Tank Glass,18,5.0,2024-08-03
Drip Tips,3,30.03,2024-08-03
Drip Tips,6,26.05,2024-08-03
Chargers,33,61.59,2024-08-03
Nicotine Pods,14,61.47,2024-08-03
E-Liquid Premium,63,43.84,2024-08-03
Zero Nicotine 30ml,31,22.89,2024-08-03
Nicotine Pods,12,56.57,2024-08-03
Starter Kit,9,41.62,2024-08-03
Starter Kit,9,29.95,2024-08-03
Tanks,42,60.59,2024-08-03
Atomizers,12,25.58,2024-08-03
Pod Kit,46,55.17,2024-08-03
Vape Juice 30ml,23,49.0,2024-08-03
Vape Juice 30ml,20,42.44,2024-08-03
Vape Juice 30ml,19,35.59,2024-08-03
Vape Juice 60ml,44,40.62,2024-08-03
Atomizers,12,47.61,2024-08-03
Drip Tips,4,30.85,2024-08-04
Drip Tips,5,36.37,2024-08-04
Drip Tips,6,18.82,2024-08-04
Tank Glass,13,10.83,2024-08-04
Tank Glass,12,17.26,2024-08-04
Chargers,26,30.42,2024-08-04
Battery 18650,20,16.9,2024-08-04
Batteries,38,41.18,2024-08-04
Replacement Coils,23,11.31,2024-08-04
Cotton Wicking,42,55.78,2024-08-04
Zero Nicotine 30ml,43,38.77,2024-08-04
E-Liquid Premium,54,34.53,2024-08-04
Vape Juice 30ml,28,19.7,2024-08-04
Vape Juice 30ml,30,43.11,2024-08-04
Atomizers,28,41.53,2024-08-04
Tanks,28,70.82,2024-08-04
Vape Mod XL,13,66.2,2024-08-04
Vape Mod XL,16,53.62,2024-08-04
Pod Kit,43,52.82,2024-08-04
Nicotine Pods,32,26.91,2024-08-04
Replacement Coils,17,10.17,2024-08-05
Cotton Wicking,13,42.98,2024-08-05
Cotton Wicking,9,8.13,2024-08-05
Batteries,14,66.09,2024-08-05
Batteries,13,45.61,2024-08-05
Tank Glass,9,25.04,2024-08-05
Chargers,21,70.85,2024-08-05
Charger,12,13.08,2024-08-05
Tank Glass,8,22.93,2024-08-05
Nicotine Pods,31,65.36,2024-08-05
Drip Tips,13,43.72,2024-08-05
Battery 18650,11,19.8,2024-08-05
E-Liquid Premium,14,67.98,2024-08-05
Zero Nicotine 30ml,20,39.29,2024-08-05
Pod Kit,18,52.19,2024-08-05
E-Liquid Premium,10,55.54,2024-08-05
Pod Kit,20,44.4,2024-08-05
Vape Mod XL,8,69.36,2024-08-05
Vape Mod XL,7,64.4,2024-08-05
Starter Kit,9,37.71,2024-08-05
Starter Kit,9,31.0,2024-08-05
Atomizers,12,66.81,2024-08-05
Atomizers,12,42.42,2024-08-05
Vape Juice 30ml,48,46.44,2024-08-05
Vape Juice 60ml,42,35.37,2024-08-05
E-Liquid Premium,10,46.55,2024-08-05
Tanks,32,66.27,2024-08-05
Chargers,9,54.4,2024-08-06
Battery 18650,5,18.71,2024-08-06
Battery 18650,5,24.84,2024-08-06
Battery 18650,6,23.5,2024-08-06
Chargers,8,36.03,2024-08-06
Batteries,18,5.0,2024-08-06
Charger,5,26.62,2024-08-06
Charger,3,18.14,2024-08-06
Tank Glass,14,23.83,2024-08-06
Drip Tips,9,26.82,2024-08-06
Charger,1,23.39,2024-08-06
Cotton Wicking,22,26.34,2024-08-06
Zero Nicotine 30ml,6,26.17,2024-08-06
Nicotine Pods,20,38.3,2024-08-06
Pod Kit,15,68.5,2024-08-06
Vape Mod XL,7,60.82,2024-08-06
Vape Mod XL,5,41.77,2024-08-06
Vape Mod XL,5,57.74,2024-08-06
Tanks,19,48.72,2024-08-06
Pod Kit,19,45.23,2024-08-06
Vape Juice 30ml,48,40.69,2024-08-06
E-Liquid Premium,41,30.35,2024-08-06
Zero Nicotine 30ml,10,25.61,2024-08-06
Atomizers,16,44.36,2024-08-06
Replacement Coils,18,24.29,2024-08-06
Replacement Coils,6,16.31,2024-08-07
Drip Tips,10,14.16,2024-08-07
Tank Glass,9,30.04,2024-08-07
Charger,9,18.63,2024-08-07
Chargers,16,38.64,2024-08-07
Battery 18650,10,31.43,2024-08-07
Batteries,11,25.16,2024-08-07
Batteries,12,6.42,2024-08-07
Cotton Wicking,11,17.81,2024-08-07
Cotton Wicking,13,16.2,2024-08-07
Replacement Coils,9,13.01,2024-08-07
Zero Nicotine 30ml,15,32.94,2024-08-07
E-Liquid Premium,43,41.06,2024-08-07
Vape Juice 60ml,40,38.56,2024-08-07
Vape Juice 30ml,37,61.78,2024-08-07
Atomizers,8,49.05,2024-08-07
Atomizers,9,42.69,2024-08-07
Tanks,21,61.65,2024-08-07
Starter Kit,15,36.78,2024-08-07
Vape Mod XL,12,80.65,2024-08-07
Nicotine Pods,19,54.48,2024-08-07
Batteries,13,9.76,2024-08-08
Batteries,11,71.58,2024-08-08
Battery 18650,9,17.12,2024-08-08
Battery 18650,6,16.68,2024-08-08
Chargers,19,71.65,2024-08-08
Drip Tips,10,38.9,2024-08-08
Charger,3,17.65,2024-08-08
Tank Glass,6,22.84,2024-08-08
Tank Glass,8,19.19,2024-08-08
Replacement Coils,6,17.69,2024-08-08
Charger,4,20.26,2024-08-08
Replacement Coils,6,28.32,2024-08-08
Cotton Wicking,30,31.15,2024-08-08
Zero Nicotine 30ml,13,22.25,2024-08-08
Pod Kit,26,50.44,2024-08-08
Vape Mod XL,11,36.78,2024-08-08
Starter Kit,15,33.78,2024-08-08
Tanks,30,59.17,2024-08-08
Atomizers,15,58.32,2024-08-08
Vape Juice 30ml,19,25.03,2024-08-08
Nicotine Pods,36,69.67,2024-08-08
Vape Juice 60ml,27,34.58,2024-08-08
E-Liquid Premium,28,48.99,2024-08-08
E-Liquid Premium,28,28.58,2024-08-08
Zero Nicotine 30ml,11,28.03,2024-08-08
Vape Juice 30ml,19,27.58,2024-08-08
Tank Glass,6,5.0,2024-08-09
Tank Glass,8,10.24,2024-08-09
Charger,15,7.96,2024-08-09
Chargers,6,27.76,2024-08-09
Chargers,10,37.28,2024-08-09
Chargers,9,26.11,2024-08-09
Battery 18650,8,14.59,2024-08-09
Batteries,20,17.89,2024-08-09
Cotton Wicking,36,21.74,2024-08-09
Replacement Coils,22,31.44,2024-08-09
Battery 18650,8,28.96,2024-08-09
Nicotine Pods,37,5.38,2024-08-09
Zero Nicotine 30ml,37,45.37,2024-08-09
Pod Kit,39,48.07,2024-08-09
Vape Mod XL,22,36.91,2024-08-09
Starter Kit,3,32.26,2024-08-09
Starter Kit,3,39.49,2024-08-09
Starter Kit,3,13.86,2024-08-09
Atomizers,26,54.57,2024-08-09
Vape Juice 30ml,57,41.6,2024-08-09
Vape Juice 60ml,42,48.89,2024-08-09
E-Liquid Premium,73,40.69,2024-08-09
Tanks,38,54.29,2024-08-09
Batteries,22,27.21,2024-08-10
Replacement Coils,13,27.11,2024-08-10
Replacement Coils,11,21.88,2024-08-10
Cotton Wicking,14,6.67,2024-08-10
Cotton Wicking,14,45.38,2024-08-10
Battery 18650,12,27.1,2024-08-10
Nicotine Pods,9,26.79,2024-08-10
Chargers,5,43.76,2024-08-10
Chargers,7,37.03,2024-08-10
Charger,4,26.13,2024-08-10
Charger,6,14.74,2024-08-10
Drip Tips,13,40.05,2024-08-10
Chargers,9,46.72,2024-08-10
Tank Glass,17,17.27,2024-08-10
Nicotine Pods,11,16.67,2024-08-10
E-Liquid Premium,32,47.72,2024-08-10
Vape Mod XL,6,51.33,2024-08-10
Vape Mod XL,5,71.18,2024-08-10
Vape Mod XL,5,52.32,2024-08-10
Starter Kit,8,12.43,2024-08-10
Starter Kit,9,31.86,2024-08-10
Pod Kit,36,35.21,2024-08-10
Vape Juice 30ml,17,48.49,2024-08-10
Vape Juice 30ml,15,30.86,2024-08-10
E-Liquid Premium,30,62.59,2024-08-10
Nicotine Pods,12,19.85,2024-08-10
Vape Juice 60ml,18,31.84,2024-08-10
Vape Juice 30ml,14,42.83,2024-08-10
Vape Juice 60ml,18,40.62,2024-08-10
Cotton Wicking,17,33.71,2024-08-11
Drip Tips,5,42.05,2024-08-11
Drip Tips,5,34.66,2024-08-11
Tank Glass,3,10.25,2024-08-11
Charger,5,27.08,2024-08-11
Charger,6,15.72,2024-08-11
Chargers,9,10.16,2024-08-11
Chargers,8,69.8,2024-08-11
Battery 18650,9,19.09,2024-08-11
Battery 18650,11,20.72,2024-08-11
Cotton Wicking,18,51.88,2024-08-11
Tank Glass,7,13.9,2024-08-11
Replacement Coils,28,13.05,2024-08-11
Zero Nicotine 30ml,19,39.03,2024-08-11
E-Liquid Premium,22,53.43,2024-08-11
E-Liquid Premium,25,59.33,2024-08-11
Vape Juice 60ml,31,31.85,2024-08-11
Vape Juice 30ml,39,40.44,2024-08-11
Atomizers,26,49.83,2024-08-11
Tanks,14,77.72,2024-08-11
Tanks,12,55.47,2024-08-11
Starter Kit,18,14.69,2024-08-11
Pod Kit,37,66.17,2024-08-11
Nicotine Pods,33,48.84,2024-08-11
Nicotine Pods,15,6.43,2024-08-12
Nicotine Pods,16,76.22,2024-08-12
Replacement Coils,18,19.01,2024-08-12
Cotton Wicking,23,28.8,2024-08-12
Batteries,20,23.95,2024-08-12
Tank Glass,4,18.39,2024-08-12
Chargers,11,34.15,2024-08-12
Charger,1,20.57,2024-08-12
Charger,5,9.48,2024-08-12
Drip Tips,7,22.14,2024-08-12
Zero Nicotine 30ml,9,17.26,2024-08-12
Battery 18650,13,23.76,2024-08-12
Zero Nicotine 30ml,6,56.23,2024-08-12
Tank Glass,3,7.32,2024-08-12
E-Liquid Premium,24,57.0,2024-08-12
Vape Mod XL,7,23.63,2024-08-12
Vape Mod XL,5,36.38,2024-08-12
Starter Kit,10,30.06,2024-08-12
Tanks,9,67.98,2024-08-12
Tanks,5,43.44,2024-08-12
Tanks,6,63.84,2024-08-12
E-Liquid Premium,24,68.19,2024-08-12
Vape Juice 30ml,13,54.54,2024-08-12
Vape Juice 30ml,13,53.44,2024-08-12
Vape Juice 30ml,10,44.02,2024-08-12
Vape Juice 60ml,13,35.02,2024-08-12
Vape Juice 60ml,10,29.43,2024-08-12
Atomizers,19,54.78,2024-08-12
Replacement Coils,16,23.77,2024-08-13
Cotton Wicking,11,44.45,2024-08-13
Cotton Wicking,12,37.19,2024-08-13
Batteries,13,35.13,2024-08-13
Battery 18650,8,24.57,2024-08-13
Charger,5,24.24,2024-08-13
Chargers,11,47.16,2024-08-13
Charger,2,19.73,2024-08-13
Tank Glass,8,17.93,2024-08-13
Drip Tips,8,25.37,2024-08-13
Nicotine Pods,22,60.88,2024-08-13
Battery 18650,8,27.02,2024-08-13
Zero Nicotine 30ml,9,23.91,2024-08-13
E-Liquid Premium,21,44.51,2024-08-13
Pod Kit,33,42.53,2024-08-13
Zero Nicotine 30ml,10,38.37,2024-08-13
Vape Mod XL,6,32.09,2024-08-13
Vape Mod XL,5,49.45,2024-08-13
Tanks,10,51.32,2024-08-13
Tanks,10,63.32,2024-08-13
Starter Kit,12,31.67,2024-08-13
Atomizers,3,70.91,2024-08-13
Vape Juice 30ml,27,71.4,2024-08-13
Vape Juice 60ml,36,30.11,2024-08-13
E-Liquid Premium,22,32.71,2024-08-13
Atomizers,7,54.4,2024-08-13
Cotton Wicking,10,57.36,2024-08-14
Nicotine Pods,7,46.03,2024-08-14
Replacement Coils,19,27.04,2024-08-14
Cotton Wicking,8,26.87,2024-08-14
Batteries,19,30.75,2024-08-14
Nicotine Pods,8,36.33,2024-08-14
Chargers,12,37.94,2024-08-14
Tank Glass,7,25.47,2024-08-14
Tank Glass,6,13.19,2024-08-14
Drip Tips,8,37.54,2024-08-14
Battery 18650,8,19.5,2024-08-14
Nicotine Pods,7,36.87,2024-08-14
Charger,6,23.19,2024-08-14
Zero Nicotine 30ml,7,25.52,2024-08-14
Zero Nicotine 30ml,5,44.1,2024-08-14
Vape Mod XL,10,59.99,2024-08-14
Starter Kit,10,17.06,2024-08-14
Tanks,23,46.23,2024-08-14
Atomizers,12,49.55,2024-08-14
Pod Kit,24,45.14,2024-08-14
Vape Juice 60ml,13,31.81,2024-08-14
Vape Juice 60ml,13,24.59,2024-08-14
E-Liquid Premium,28,50.98,2024-08-14
Zero Nicotine 30ml,6,10.62,2024-08-14
Vape Juice 30ml,28,39.46,2024-08-14
Replacement Coils,18,18.71,2024-08-15
Cotton Wicking,30,14.33,2024-08-15
Batteries,21,16.16,2024-08-15
Battery 18650,14,19.12,2024-08-15
Chargers,7,37.85,2024-08-15
Charger,4,24.05,2024-08-15
Charger,5,27.56,2024-08-15
Tank Glass,6,5.45,2024-08-15
Nicotine Pods,13,59.8,2024-08-15
Drip Tips,11,35.48,2024-08-15
Chargers,9,37.83,2024-08-15
Nicotine Pods,11,17.75,2024-08-15
Tank Glass,6,20.99,2024-08-15
Zero Nicotine 30ml,11,48.82,2024-08-15
Vape Mod XL,8,17.36,2024-08-15
Vape Mod XL,10,40.16,2024-08-15
Starter Kit,14,37.22,2024-08-15
Tanks,13,63.69,2024-08-15
Pod Kit,39,78.7,2024-08-15
Atomizers,21,75.01,2024-08-15
Vape Juice 30ml,47,41.85,2024-08-15
Vape Juice 60ml,40,42.89,2024-08-15
E-Liquid Premium,49,59.22,2024-08-15
Tanks,10,39.09,2024-08-15
Zero Nicotine 30ml,15,37.48,2024-08-15
Cotton Wicking,19,23.53,2024-08-16
Drip Tips,7,36.21,2024-08-16
Drip Tips,6,15.14,2024-08-16
Tank Glass,19,13.23,2024-08-16
Charger,13,23.44,2024-08-16
Chargers,11,39.69,2024-08-16
Chargers,10,28.35,2024-08-16
Battery 18650,16,23.77,2024-08-16
Batteries,20,32.89,2024-08-16
Cotton Wicking,15,58.28,2024-08-16
Zero Nicotine 30ml,11,5.0,2024-08-16
Zero Nicotine 30ml,15,40.44,2024-08-16
E-Liquid Premium,57,76.85,2024-08-16
Vape Juice 60ml,13,40.6,2024-08-16
Vape Juice 60ml,16,29.45,2024-08-16
Vape Juice 30ml,53,63.54,2024-08-16
Atomizers,22,55.28,2024-08-16
Tanks,20,76.84,2024-08-16
Pod Kit,26,52.03,2024-08-16
Replacement Coils,16,19.79,2024-08-16
Replacement Coils,6,32.5,2024-08-17
Cotton Wicking,37,23.4,2024-08-17
Batteries,12,20.61,2024-08-17
Batteries,15,27.64,2024-08-17
Battery 18650,4,26.46,2024-08-17
Drip Tips,14,34.19,2024-08-17
Battery 18650,5,16.35,2024-08-17
Chargers,15,16.63,2024-08-17
Charger,12,18.86,2024-08-17
Tank Glass,15,8.3,2024-08-17
Replacement Coils,6,26.04,2024-08-17
Battery 18650,5,21.99,2024-08-17
Nicotine Pods,29,46.52,2024-08-17
Vape Mod XL,19,65.36,2024-08-17
Zero Nicotine 30ml,9,21.99,2024-08-17
Pod Kit,46,51.94,2024-08-17
Starter Kit,7,43.38,2024-08-17
Starter Kit,3,39.86,2024-08-17
Tanks,30,66.43,2024-08-17
Atomizers,11,44.77,2024-08-17
Zero Nicotine 30ml,9,15.81,2024-08-17
Vape Juice 30ml,19,52.34,2024-08-17
Vape Juice 30ml,20,21.62,2024-08-17
E-Liquid Premium,20,56.63,2024-08-17
E-Liquid Premium,23,63.58,2024-08-17
Atomizers,9,30.49,2024-08-17
Replacement Coils,4,12.32,2024-08-18
Replacement Coils,6,5.0,2024-08-18
Cotton Wicking,17,35.28,2024-08-18
Cotton Wicking,16,55.19,2024-08-18
Batteries,26,26.08,2024-08-18
Chargers,22,44.5,2024-08-18
Charger,6,16.73,2024-08-18
Charger,4,18.58,2024-08-18
Tank Glass,16,11.58,2024-08-18
Replacement Coils,6,16.25,2024-08-18
Battery 18650,13,15.79,2024-08-18
Drip Tips,9,22.05,2024-08-18
Nicotine Pods,41,30.4,2024-08-18
E-Liquid Premium,25,55.34,2024-08-18
Zero Nicotine 30ml,29,10.62,2024-08-18
Pod Kit,10,40.85,2024-08-18
Pod Kit,13,54.31,2024-08-18
Pod Kit,12,43.24,2024-08-18
Tanks,10,56.28,2024-08-18
Vape Mod XL,16,24.68,2024-08-18
Tanks,8,68.96,2024-08-18
Vape Juice 30ml,27,56.8,2024-08-18
Vape Juice 30ml,28,46.92,2024-08-18
Vape Juice 60ml,47,15.97,2024-08-18
E-Liquid Premium,25,53.8,2024-08-18
Tanks,11,45.02,2024-08-18
Nicotine Pods,10,23.73,2024-08-19
E-Liquid Premium,18,34.14,2024-08-19
Zero Nicotine 30ml,16,39.61,2024-08-19
Nicotine Pods,12,22.18,2024-08-19
Replacement Coils,13,14.2,2024-08-19
Drip Tips,7,27.2,2024-08-19
Battery 18650,14,20.91,2024-08-19
Chargers,5,39.46,2024-08-19
Chargers,5,40.25,2024-08-19
Charger,9,16.08,2024-08-19
Tank Glass,11,5.0,2024-08-19
Cotton Wicking,14,17.31,2024-08-19
E-Liquid Premium,17,36.54,2024-08-19
Vape Juice 30ml,15,34.0,2024-08-19
Vape Juice 30ml,13,44.98,2024-08-19
Vape Mod XL,5,46.94,2024-08-19
Vape Mod XL,3,44.33,2024-08-19
Starter Kit,13,29.89,2024-08-19
Tanks,7,53.54,2024-08-19
Pod Kit,33,58.52,2024-08-19
Tanks,8,52.74,2024-08-19
Atomizers,6,50.68,2024-08-19
Atomizers,6,43.96,2024-08-19
Atomizers,5,51.02,2024-08-19
Tanks,6,38.84,2024-08-19
Vape Juice 60ml,36,26.82,2024-08-19
Cotton Wicking,16,34.09,2024-08-20
Drip Tips,8,48.2,2024-08-20
Tank Glass,2,5.68,2024-08-20
Tank Glass,6,10.3,2024-08-20
Tank Glass,3,14.64,2024-08-20
Charger,8,15.64,2024-08-20
Chargers,16,31.67,2024-08-20
Battery 18650,5,17.43,2024-08-20
Battery 18650,7,23.95,2024-08-20
Batteries,18,33.59,2024-08-20
Replacement Coils,19,20.78,2024-08-20
Zero Nicotine 30ml,15,38.57,2024-08-20
E-Liquid Premium,15,59.17,2024-08-20
E-Liquid Premium,13,61.28,2024-08-20
E-Liquid Premium,17,41.85,2024-08-20
Vape Juice 60ml,34,37.63,2024-08-20
Vape Juice 30ml,48,37.34,2024-08-20
Tanks,24,79.72,2024-08-20
Starter Kit,11,43.68,2024-08-20
Vape Mod XL,10,57.44,2024-08-20
Pod Kit,20,52.42,2024-08-20
Nicotine Pods,21,61.88,2024-08-20
Replacement Coils,5,24.49,2024-08-21
Replacement Coils,7,28.19,2024-08-21
Cotton Wicking,28,31.09,2024-08-21
Batteries,8,51.71,2024-08-21
Batteries,11,59.16,2024-08-21
Drip Tips,7,36.95,2024-08-21
Chargers,15,58.71,2024-08-21
Charger,6,20.57,2024-08-21
Charger,3,18.73,2024-08-21
Drip Tips,7,45.07,2024-08-21
Replacement Coils,4,14.16,2024-08-21
Battery 18650,12,25.48,2024-08-21
Zero Nicotine 30ml,28,23.1,2024-08-21
Pod Kit,21,56.31,2024-08-21
Vape Juice 60ml,10,41.02,2024-08-21
Vape Mod XL,5,35.13,2024-08-21
Vape Mod XL,3,50.11,2024-08-21
Vape Mod XL,5,44.3,2024-08-21
Starter Kit,1,14.88,2024-08-21
Starter Kit,3,30.46,2024-08-21
Vape Juice 60ml,7,32.67,2024-08-21
Tanks,19,35.74,2024-08-21
Vape Juice 30ml,18,33.54,2024-08-21
Vape Juice 30ml,18,35.44,2024-08-21
Vape Juice 60ml,7,32.81,2024-08-21
Starter Kit,4,23.78,2024-08-21
Drip Tips,7,26.09,2024-08-22
Tank Glass,4,29.01,2024-08-22
Tank Glass,6,8.36,2024-08-22
Tank Glass,5,18.23,2024-08-22
Charger,8,27.56,2024-08-22
Battery 18650,13,26.47,2024-08-22
Batteries,17,19.76,2024-08-22
Cotton Wicking,24,15.47,2024-08-22
Nicotine Pods,16,48.01,2024-08-22
Nicotine Pods,20,53.3,2024-08-22
Zero Nicotine 30ml,9,40.68,2024-08-22
Replacement Coils,23,16.35,2024-08-22
E-Liquid Premium,36,63.73,2024-08-22
Vape Juice 60ml,31,56.1,2024-08-22
Vape Juice 30ml,13,34.52,2024-08-22
Vape Juice 30ml,13,63.4,2024-08-22
Vape Juice 30ml,13,34.33,2024-08-22
Atomizers,22,50.1,2024-08-22
Tanks,20,52.62,2024-08-22
Starter Kit,12,29.35,2024-08-22
Vape Mod XL,15,38.41,2024-08-22
Pod Kit,42,80.51,2024-08-22
Zero Nicotine 30ml,10,31.76,2024-08-22
Replacement Coils,22,13.57,2024-08-23
Cotton Wicking,15,65.66,2024-08-23
Cotton Wicking,15,50.2,2024-08-23
Batteries,35,25.89,2024-08-23
Battery 18650,16,20.93,2024-08-23
Drip Tips,11,41.3,2024-08-23
Charger,15,15.42,2024-08-23
Tank Glass,6,24.49,2024-08-23
Tank Glass,5,9.79,2024-08-23
Nicotine Pods,24,58.18,2024-08-23
Chargers,21,41.72,2024-08-23
Zero Nicotine 30ml,33,37.52,2024-08-23
Nicotine Pods,25,58.06,2024-08-23
Vape Juice 60ml,47,45.29,2024-08-23
Pod Kit,17,45.12,2024-08-23
Pod Kit,15,45.73,2024-08-23
Vape Mod XL,10,32.08,2024-08-23
Vape Mod XL,8,51.97,2024-08-23
Starter Kit,10,34.27,2024-08-23
Pod Kit,15,61.64,2024-08-23
Tanks,13,46.98,2024-08-23
Tanks,10,71.31,2024-08-23
Atomizers,21,37.77,2024-08-23
Vape Juice 30ml,69,43.71,2024-08-23
Starter Kit,9,31.3,2024-08-23
E-Liquid Premium,48,69.9,2024-08-23
Drip Tips,7,35.63,2024-08-24
Cotton Wicking,31,27.25,2024-08-24
Drip Tips,8,35.43,2024-08-24
Charger,9,25.31,2024-08-24
Chargers,4,48.39,2024-08-24
Chargers,8,35.11,2024-08-24
Chargers,7,43.65,2024-08-24
Battery 18650,11,20.39,2024-08-24
Battery 18650,12,21.45,2024-08-24
Batteries,35,84.88,2024-08-24
Replacement Coils,29,18.59,2024-08-24
Zero Nicotine 30ml,28,23.7,2024-08-24
Vape Juice 60ml,23,46.89,2024-08-24
Vape Juice 60ml,21,34.2,2024-08-24
Vape Juice 30ml,52,37.09,2024-08-24
Tanks,39,90.62,2024-08-24
Vape Mod XL,17,21.74,2024-08-24
Pod Kit,18,50.62,2024-08-24
Pod Kit,16,49.58,2024-08-24
Pod Kit,17,52.64,2024-08-24
Nicotine Pods,43,65.84,2024-08-24
Cotton Wicking,22,42.94,2024-08-25
Cotton Wicking,21,17.57,2024-08-25
Batteries,12,5.86,2024-08-25
Batteries,11,50.31,2024-08-25
Batteries,14,26.57,2024-08-25
Tank Glass,9,11.65,2024-08-25
Battery 18650,14,20.38,2024-08-25
Chargers,24,30.71,2024-08-25
Charger,14,22.88,2024-08-25
Tank Glass,9,28.87,2024-08-25
Replacement Coils,35,18.35,2024-08-25
Battery 18650,15,7.3,2024-08-25
Nicotine Pods,41,41.84,2024-08-25
Drip Tips,13,21.03,2024-08-25
E-Liquid Premium,57,33.29,2024-08-25
Zero Nicotine 30ml,41,30.6,2024-08-25
Vape Mod XL,10,57.01,2024-08-25
Vape Mod XL,10,67.47,2024-08-25
Starter Kit,9,35.22,2024-08-25
Starter Kit,5,41.72,2024-08-25
Pod Kit,61,67.19,2024-08-25
Tanks,34,58.43,2024-08-25
Atomizers,23,35.49,2024-08-25
Vape Juice 30ml,91,28.98,2024-08-25
Vape Juice 60ml,29,43.18,2024-08-25
Vape Juice 60ml,30,33.47,2024-08-25
Starter Kit,6,29.22,2024-08-25
Replacement Coils,9,9.46,2024-08-26
Drip Tips,9,17.65,2024-08-26
Charger,11,28.16,2024-08-26
Chargers,23,52.13,2024-08-26
Battery 18650,9,14.71,2024-08-26
Battery 18650,10,21.15,2024-08-26
Batteries,25,43.6,2024-08-26
Cotton Wicking,9,26.54,2024-08-26
Cotton Wicking,10,20.33,2024-08-26
Replacement Coils,9,22.75,2024-08-26
Zero Nicotine 30ml,26,20.44,2024-08-26
E-Liquid Premium,25,35.2,2024-08-26
E-Liquid Premium,24,50.62,2024-08-26
Vape Juice 60ml,43,53.28,2024-08-26
Vape Juice 30ml,45,40.13,2024-08-26
Atomizers,26,49.87,2024-08-26
Starter Kit,8,29.23,2024-08-26
Starter Kit,8,43.25,2024-08-26
Vape Mod XL,13,21.83,2024-08-26
Pod Kit,27,56.69,2024-08-26
Nicotine Pods,36,59.14,2024-08-26
Zero Nicotine 30ml,33,45.39,2024-08-27
Nicotine Pods,15,41.36,2024-08-27
Nicotine Pods,17,12.86,2024-08-27
Replacement Coils,25,16.64,2024-08-27
Cotton Wicking,29,20.6,2024-08-27
Tank Glass,11,24.77,2024-08-27
Batteries,14,15.77,2024-08-27
Battery 18650,15,28.44,2024-08-27
Chargers,19,37.59,2024-08-27
Batteries,13,26.16,2024-08-27
E-Liquid Premium,54,46.65,2024-08-27
Drip Tips,8,21.23,2024-08-27
Vape Juice 30ml,35,50.96,2024-08-27
Pod Kit,10,68.52,2024-08-27
Pod Kit,13,60.54,2024-08-27
Pod Kit,9,56.3,2024-08-27
Vape Mod XL,14,48.52,2024-08-27
Vape Juice 60ml,30,25.26,2024-08-27
Starter Kit,6,34.7,2024-08-27
Starter Kit,3,23.34,2024-08-27
Tanks,24,44.23,2024-08-27
Atomizers,20,40.03,2024-08-27
Starter Kit,3,52.52,2024-08-27
Nicotine Pods,17,48.14,2024-08-28
Drip Tips,9,47.37,2024-08-28
Tank Glass,18,9.01,2024-08-28
Charger,9,18.44,2024-08-28
Chargers,5,36.76,2024-08-28
Chargers,8,46.94,2024-08-28
Battery 18650,12,26.9,2024-08-28
Batteries,13,34.82,2024-08-28
Batteries,13,37.09,2024-08-28
Nicotine Pods,13,30.44,2024-08-28
Zero Nicotine 30ml,7,27.66,2024-08-28
Zero Nicotine 30ml,11,23.12,2024-08-28
E-Liquid Premium,48,42.94,2024-08-28
Vape Juice 60ml,39,40.59,2024-08-28
Vape Juice 30ml,65,44.99,2024-08-28
Atomizers,22,67.37,2024-08-28
Tanks,25,55.29,2024-08-28
Starter Kit,9,30.81,2024-08-28
Starter Kit,7,29.53,2024-08-28
Vape Mod XL,15,44.69,2024-08-28
Pod Kit,41,54.53,2024-08-28
Zero Nicotine 30ml,9,27.93,2024-08-28
Replacement Coils,17,15.17,2024-08-29
Cotton Wicking,20,52.12,2024-08-29
Cotton Wicking,20,36.16,2024-08-29
Batteries,31,23.29,2024-08-29
Battery 18650,19,21.07,2024-08-29
Drip Tips,10,34.22,2024-08-29
Charger,13,23.55,2024-08-29
Tank Glass,6,5.0,2024-08-29
Tank Glass,7,6.93,2024-08-29
Tank Glass,8,17.85,2024-08-29
Chargers,25,25.8,2024-08-29
Zero Nicotine 30ml,18,34.3,2024-08-29
Pod Kit,26,59.32,2024-08-29
E-Liquid Premium,31,55.57,2024-08-29
Zero Nicotine 30ml,16,39.08,2024-08-29
Vape Mod XL,9,31.52,2024-08-29
Vape Mod XL,7,41.54,2024-08-29
Starter Kit,20,35.71,2024-08-29
Tanks,37,43.44,2024-08-29
Pod Kit,26,53.98,2024-08-29
Vape Juice 30ml,33,38.98,2024-08-29
Vape Juice 30ml,33,53.91,2024-08-29
Vape Juice 60ml,31,38.86,2024-08-29
E-Liquid Premium,31,59.78,2024-08-29
Atomizers,24,61.62,2024-08-29
Batteries,14,40.06,2024-08-30
Drip Tips,17,34.88,2024-08-30
Tank Glass,11,16.69,2024-08-30
Tank Glass,9,16.8,2024-08-30
Charger,7,20.69,2024-08-30
Charger,6,19.76,2024-08-30
Chargers,13,39.57,2024-08-30
Chargers,15,37.2,2024-08-30
Batteries,16,33.78,2024-08-30
Replacement Coils,26,38.98,2024-08-30
Charger,5,27.56,2024-08-30
E-Liquid Premium,53,54.87,2024-08-30
Vape Juice 60ml,55,43.31,2024-08-30
Vape Juice 30ml,24,47.02,2024-08-30
Vape Juice 30ml,25,39.54,2024-08-30
Tanks,20,69.0,2024-08-30
Tanks,19,72.18,2024-08-30
Nicotine Pods,34,46.08,2024-08-30
Starter Kit,20,23.04,2024-08-30
Vape Mod XL,18,42.24,2024-08-30
Pod Kit,56,47.03,2024-08-30
Nicotine Pods,27,5.0,2024-08-31
Nicotine Pods,25,5.0,2024-08-31
Cotton Wicking,15,11.74,2024-08-31
Cotton Wicking,14,51.11,2024-08-31
Batteries,16,43.09,2024-08-31
Tank Glass,23,10.97,2024-08-31
Battery 18650,11,24.87,2024-08-31
Battery 18650,13,20.4,2024-08-31
Charger,14,15.7,2024-08-31
Zero Nicotine 30ml,29,16.11,2024-08-31
Drip Tips,14,39.56,2024-08-31
Batteries,19,45.85,2024-08-31
E-Liquid Premium,21,48.34,2024-08-31
E-Liquid Premium,21,55.88,2024-08-31
E-Liquid Premium,18,53.44,2024-08-31
Pod Kit,60,59.99,2024-08-31
Vape Mod XL,11,35.32,2024-08-31
Starter Kit,23,30.56,2024-08-31
Tanks,18,48.77,2024-08-31
Tanks,17,56.06,2024-08-31
Vape Mod XL,13,34.52,2024-08-31
Atomizers,15,57.98,2024-08-31
Vape Juice 30ml,20,43.15,2024-08-31
Vape Juice 30ml,20,58.99,2024-08-31
Vape Juice 30ml,19,36.38,2024-08-31
Vape Juice 60ml,57,27.01,2024-08-31
Atomizers,19,42.25,2024-08-31
Replacement Coils,28,17.18,2024-09-01
Drip Tips,5,25.28,2024-09-01
Drip Tips,6,23.71,2024-09-01
Chargers,10,59.28,2024-09-01
Chargers,8,33.12,2024-09-01
Battery 18650,8,23.09,2024-09-01
Battery 18650,5,21.04,2024-09-01
Batteries,22,8.79,2024-09-01
Cotton Wicking,27,21.14,2024-09-01
Nicotine Pods,39,49.5,2024-09-01
Charger,13,27.12,2024-09-01
Zero Nicotine 30ml,18,33.7,2024-09-01
Vape Mod XL,9,32.29,2024-09-01
Zero Nicotine 30ml,17,23.71,2024-09-01
Vape Mod XL,10,35.57,2024-09-01
Starter Kit,19,18.51,2024-09-01
Pod Kit,35,48.94,2024-09-01
Tanks,12,70.88,2024-09-01
Atomizers,19,54.06,2024-09-01
Vape Juice 30ml,58,43.89,2024-09-01
Vape Juice 60ml,33,49.46,2024-09-01
Tanks,10,53.2,2024-09-01
Batteries,25,18.5,2024-09-02
Drip Tips,6,26.94,2024-09-02
Tank Glass,2,20.9,2024-09-02
Tank Glass,2,10.31,2024-09-02
Tank Glass,1,5.0,2024-09-02
Charger,8,12.65,2024-09-02
Chargers,7,12.63,2024-09-02
Chargers,7,64.71,2024-09-02
Battery 18650,11,20.38,2024-09-02
Cotton Wicking,9,73.88,2024-09-02
Drip Tips,6,39.48,2024-09-02
Replacement Coils,14,30.54,2024-09-02
Pod Kit,8,72.54,2024-09-02
Pod Kit,10,51.52,2024-09-02
Starter Kit,12,26.45,2024-09-02
Tanks,26,46.47,2024-09-02
Cotton Wicking,12,26.78,2024-09-02
Vape Juice 30ml,46,56.04,2024-09-02
E-Liquid Premium,31,67.31,2024-09-02
Zero Nicotine 30ml,15,42.94,2024-09-02
Nicotine Pods,26,78.12,2024-09-02
Atomizers,15,60.4,2024-09-02
Replacement Coils,10,17.83,2024-09-03
Drip Tips,4,26.31,2024-09-03
Tank Glass,13,28.64,2024-09-03
Charger,7,20.39,2024-09-03
Chargers,13,34.76,2024-09-03
Battery 18650,14,22.43,2024-09-03
Batteries,8,31.39,2024-09-03
Batteries,7,33.45,2024-09-03
Cotton Wicking,19,51.99,2024-09-03
Drip Tips,7,35.17,2024-09-03
Replacement Coils,11,17.84,2024-09-03
E-Liquid Premium,39,34.78,2024-09-03
Vape Juice 60ml,14,30.36,2024-09-03
Vape Juice 60ml,14,43.72,2024-09-03
Vape Juice 30ml,50,23.9,2024-09-03
Tanks,19,64.18,2024-09-03
Starter Kit,14,48.19,2024-09-03
Vape Mod XL,10,47.79,2024-09-03
Pod Kit,12,47.44,2024-09-03
Pod Kit,14,63.05,2024-09-03
Nicotine Pods,26,20.55,2024-09-03
Cotton Wicking,8,24.92,2024-09-04
Cotton Wicking,8,9.02,2024-09-04
Batteries,15,15.17,2024-09-04
Drip Tips,6,25.41,2024-09-04
Battery 18650,2,20.32,2024-09-04
Tank Glass,12,14.92,2024-09-04
Battery 18650,5,25.68,2024-09-04
Chargers,6,29.84,2024-09-04
Chargers,6,47.79,2024-09-04
Replacement Coils,10,26.43,2024-09-04
Battery 18650,5,21.46,2024-09-04
Replacement Coils,9,5.0,2024-09-04
Vape Juice 60ml,18,41.51,2024-09-04
Nicotine Pods,16,36.06,2024-09-04
Pod Kit,28,52.28,2024-09-04
Vape Mod XL,14,41.68,2024-09-04
Tanks,16,64.61,2024-09-04
Atomizers,8,57.43,2024-09-04
Nicotine Pods,16,29.33,2024-09-04
Vape Juice 30ml,40,42.26,2024-09-04
Vape Juice 60ml,17,33.56,2024-09-04
E-Liquid Premium,33,37.83,2024-09-04
Zero Nicotine 30ml,22,22.52,2024-09-04
Atomizers,10,45.21,2024-09-04
Zero Nicotine 30ml,12,11.61,2024-09-05
Drip Tips,11,30.31,2024-09-05
Tank Glass,15,7.7,2024-09-05
Charger,12,25.28,2024-09-05
Chargers,20,38.21,2024-09-05
Battery 18650,16,32.67,2024-09-05
Batteries,28,11.73,2024-09-05
Cotton Wicking,19,29.08,2024-09-05
Replacement Coils,14,22.58,2024-09-05
Nicotine Pods,22,28.68,2024-09-05
E-Liquid Premium,15,39.01,2024-09-05
Zero Nicotine 30ml,12,25.21,2024-09-05
Vape Mod XL,6,36.6,2024-09-05
Vape Juice 60ml,41,25.47,2024-09-05
Vape Juice 30ml,49,30.34,2024-09-05
Atomizers,14,54.94,2024-09-05
Tanks,7,50.61,2024-09-05
Tanks,7,36.09,2024-09-05
Starter Kit,12,23.36,2024-09-05
Vape Mod XL,3,55.23,2024-09-05
Vape Mod XL,2,45.17,2024-09-05
Pod Kit,41,73.94,2024-09-05
E-Liquid Premium,15,55.84,2024-09-05
Battery 18650,6,21.52,2024-09-06
Drip Tips,8,50.08,2024-09-06
Replacement Coils,24,21.48,2024-09-06
Battery 18650,8,13.83,2024-09-06
Cotton Wicking,29,26.87,2024-09-06
Chargers,3,57.51,2024-09-06
Tank Glass,5,13.8,2024-09-06
Chargers,2,60.31,2024-09-06
Charger,8,13.68,2024-09-06
Tank Glass,3,18.27,2024-09-06
Tank Glass,4,26.27,2024-09-06
Chargers,6,43.08,2024-09-06
Nicotine Pods,37,63.34,2024-09-06
Batteries,22,31.04,2024-09-06
Zero Nicotine 30ml,15,49.13,2024-09-06
Pod Kit,17,61.86,2024-09-06
Pod Kit,15,55.72,2024-09-06
Vape Mod XL,17,37.29,2024-09-06
Starter Kit,7,27.29,2024-09-06
Starter Kit,7,28.76,2024-09-06
Tanks,22,58.13,2024-09-06
Zero Nicotine 30ml,15,5.0,2024-09-06
Vape Juice 30ml,35,48.73,2024-09-06
Vape Juice 60ml,25,23.48,2024-09-06
E-Liquid Premium,14,43.98,2024-09-06
E-Liquid Premium,14,53.0,2024-09-06
E-Liquid Premium,15,32.89,2024-09-06
Atomizers,17,69.59,2024-09-06
Replacement Coils,17,11.82,2024-09-07
Cotton Wicking,22,8.18,2024-09-07
Batteries,6,27.09,2024-09-07
Batteries,5,25.23,2024-09-07
Batteries,4,18.35,2024-09-07
Chargers,9,39.89,2024-09-07
Chargers,9,31.16,2024-09-07
Charger,3,21.61,2024-09-07
Charger,5,22.41,2024-09-07
Tank Glass,15,19.2,2024-09-07
Nicotine Pods,12,21.13,2024-09-07
Battery 18650,11,11.66,2024-09-07
Drip Tips,8,5.0,2024-09-07
Nicotine Pods,11,55.67,2024-09-07
E-Liquid Premium,40,55.65,2024-09-07
Zero Nicotine 30ml,25,40.19,2024-09-07
Vape Mod XL,7,62.49,2024-09-07
Vape Mod XL,9,48.41,2024-09-07
Tanks,11,56.0,2024-09-07
Tanks,9,44.85,2024-09-07
Starter Kit,12,28.82,2024-09-07
Atomizers,9,37.03,2024-09-07
Atomizers,9,55.82,2024-09-07
Atomizers,9,56.25,2024-09-07
Vape Juice 30ml,36,55.65,2024-09-07
Vape Juice 60ml,25,27.69,2024-09-07
Tanks,9,52.47,2024-09-07
Battery 18650,4,20.03,2024-09-08
Batteries,8,22.47,2024-09-08
Batteries,7,48.21,2024-09-08
Batteries,8,29.69,2024-09-08
Battery 18650,5,21.68,2024-09-08
Chargers,13,63.84,2024-09-08
Drip Tips,10,48.9,2024-09-08
Charger,2,15.66,2024-09-08
Charger,2,22.46,2024-09-08
Tank Glass,6,9.63,2024-09-08
Tank Glass,5,5.01,2024-09-08
Cotton Wicking,17,13.91,2024-09-08
Chargers,13,39.82,2024-09-08
Cotton Wicking,14,49.51,2024-09-08
Vape Mod XL,10,57.4,2024-09-08
Nicotine Pods,38,77.38,2024-09-08
Pod Kit,15,54.24,2024-09-08
Replacement Coils,23,37.65,2024-09-08
Vape Mod XL,10,68.0,2024-09-08
Starter Kit,14,40.06,2024-09-08
Tanks,22,68.0,2024-09-08
Pod Kit,13,52.27,2024-09-08
Vape Juice 30ml,60,38.4,2024-09-08
Vape Juice 60ml,30,59.12,2024-09-08
E-Liquid Premium,30,47.73,2024-09-08
E-Liquid Premium,32,70.98,2024-09-08
Zero Nicotine 30ml,21,36.67,2024-09-08
Atomizers,23,76.1,2024-09-08
Nicotine Pods,26,66.76,2024-09-09
Drip Tips,9,32.81,2024-09-09
Tank Glass,8,9.12,2024-09-09
Chargers,10,12.53,2024-09-09
Battery 18650,9,17.25,2024-09-09
Batteries,4,60.34,2024-09-09
Batteries,6,19.72,2024-09-09
Cotton Wicking,22,31.48,2024-09-09
Replacement Coils,13,24.75,2024-09-09
E-Liquid Premium,8,73.0,2024-09-09
E-Liquid Premium,8,59.27,2024-09-09
E-Liquid Premium,11,81.21,2024-09-09
Vape Juice 60ml,25,54.79,2024-09-09
Vape Juice 30ml,38,24.25,2024-09-09
Atomizers,16,62.11,2024-09-09
Tanks,16,61.04,2024-09-09
Starter Kit,9,16.59,2024-09-09
Vape Mod XL,3,65.38,2024-09-09
Vape Mod XL,4,40.97,2024-09-09
Pod Kit,13,60.37,2024-09-09
Pod Kit,13,37.01,2024-09-09
Batteries,7,34.14,2024-09-10
Batteries,11,32.32,2024-09-10
Battery 18650,5,11.95,2024-09-10
Battery 18650,4,20.84,2024-09-10
Chargers,13,31.19,2024-09-10
Tank Glass,6,22.7,2024-09-10
Charger,4,15.55,2024-09-10
Charger,2,21.5,2024-09-10
Tank Glass,5,18.02,2024-09-10
Cotton Wicking,19,75.74,2024-09-10
Drip Tips,6,14.95,2024-09-10
Charger,3,19.06,2024-09-10
Replacement Coils,6,14.32,2024-09-10
Replacement Coils,5,12.87,2024-09-10
Pod Kit,19,62.84,2024-09-10
Nicotine Pods,13,34.87,2024-09-10
Starter Kit,11,30.47,2024-09-10
Tanks,17,69.3,2024-09-10
Atomizers,11,47.45,2024-09-10
Vape Juice 30ml,11,45.12,2024-09-10
Vape Juice 60ml,10,24.55,2024-09-10
Vape Juice 30ml,14,75.34,2024-09-10
Vape Juice 60ml,10,15.15,2024-09-10
E-Liquid Premium,12,58.12,2024-09-10
E-Liquid Premium,11,52.91,2024-09-10
Zero Nicotine 30ml,12,43.83,2024-09-10
Nicotine Pods,10,22.51,2024-09-10
Vape Juice 60ml,9,50.71,2024-09-10
Battery 18650,10,25.53,2024-09-11
Replacement Coils,9,27.1,2024-09-11
Cotton Wicking,5,33.6,2024-09-11
Cotton Wicking,4,20.52,2024-09-11
Chargers,3,49.87,2024-09-11
Vape Juice 60ml,10,47.29,2024-09-11
Charger,6,14.13,2024-09-11
Tank Glass,11,7.74,2024-09-11
Drip Tips,1,26.19,2024-09-11
Drip Tips,2,28.23,2024-09-11
Nicotine Pods,10,23.62,2024-09-11
Chargers,6,40.6,2024-09-11
Nicotine Pods,6,48.7,2024-09-11
Atomizers,2,47.07,2024-09-11
E-Liquid Premium,24,49.27,2024-09-11
Vape Juice 60ml,14,42.06,2024-09-11
Vape Juice 30ml,11,23.53,2024-09-11
Vape Juice 30ml,11,45.13,2024-09-11
Atomizers,6,40.39,2024-09-11
Atomizers,4,42.47,2024-09-11
Tanks,18,60.9,2024-09-11
Starter Kit,7,33.92,2024-09-11
Vape Mod XL,12,19.07,2024-09-11
Pod Kit,12,64.21,2024-09-11
Pod Kit,14,52.33,2024-09-11
Zero Nicotine 30ml,14,35.25,2024-09-11
Batteries,7,52.86,2024-09-12
Cotton Wicking,13,34.39,2024-09-12
Batteries,10,57.84,2024-09-12
Battery 18650,9,18.34,2024-09-12
Replacement Coils,8,25.52,2024-09-12
Charger,6,18.26,2024-09-12
Tank Glass,11,15.47,2024-09-12
Drip Tips,5,8.02,2024-09-12
Chargers,13,50.69,2024-09-12
Replacement Coils,5,29.32,2024-09-12
Vape Juice 60ml,31,22.72,2024-09-12
Zero Nicotine 30ml,19,5.0,2024-09-12
Vape Juice 30ml,12,41.27,2024-09-12
Vape Juice 30ml,11,45.19,2024-09-12
Vape Juice 30ml,9,57.07,2024-09-12
Atomizers,4,47.02,2024-09-12
Atomizers,4,59.63,2024-09-12
Tanks,6,63.79,2024-09-12
Tanks,7,70.85,2024-09-12
Starter Kit,12,21.28,2024-09-12
Vape Mod XL,12,49.7,2024-09-12
Zero Nicotine 30ml,28,26.66,2024-09-13
Nicotine Pods,23,30.04,2024-09-13
Cotton Wicking,22,50.75,2024-09-13
Batteries,16,35.83,2024-09-13
Battery 18650,10,24.98,2024-09-13
Chargers,6,49.2,2024-09-13
Vape Juice 30ml,54,36.29,2024-09-13
Charger,10,11.71,2024-09-13
Tank Glass,6,13.9,2024-09-13
Tank Glass,3,13.41,2024-09-13
E-Liquid Premium,50,68.08,2024-09-13
Drip Tips,4,29.71,2024-09-13
Drip Tips,3,35.31,2024-09-13
Chargers,6,26.85,2024-09-13
Tank Glass,5,11.1,2024-09-13
Atomizers,6,59.48,2024-09-13
Atomizers,5,60.54,2024-09-13
Pod Kit,10,45.16,2024-09-13
Pod Kit,6,60.83,2024-09-13
Pod Kit,7,64.65,2024-09-13
Vape Mod XL,4,60.99,2024-09-13
Atomizers,4,60.22,2024-09-13
Starter Kit,4,52.85,2024-09-13
Vape Mod XL,4,30.75,2024-09-13
Starter Kit,6,22.17,2024-09-13
Tanks,9,76.48,2024-09-13
Tanks,9,49.73,2024-09-13
Tanks,9,65.17,2024-09-13
Starter Kit,4,40.53,2024-09-13
Battery 18650,15,18.51,2024-09-14
Cotton Wicking,18,62.59,2024-09-14
Batteries,19,27.99,2024-09-14
Charger,8,16.32,2024-09-14
Nicotine Pods,27,54.31,2024-09-14
Drip Tips,3,37.01,2024-09-14
Drip Tips,1,40.7,2024-09-14
Drip Tips,4,29.4,2024-09-14
Tank Glass,10,17.15,2024-09-14
Replacement Coils,10,32.44,2024-09-14
E-Liquid Premium,14,48.76,2024-09-14
Zero Nicotine 30ml,21,25.2,2024-09-14
E-Liquid Premium,18,40.58,2024-09-14
Vape Juice 60ml,28,34.88,2024-09-14
Vape Juice 30ml,44,57.73,2024-09-14
Tanks,22,61.83,2024-09-14
Starter Kit,10,39.24,2024-09-14
Pod Kit,24,62.53,2024-09-14
Replacement Coils,9,15.93,2024-09-14
Nicotine Pods,28,57.87,2024-09-15
Replacement Coils,8,26.98,2024-09-15
Replacement Coils,7,21.53,2024-09-15
Cotton Wicking,29,54.71,2024-09-15
Batteries,9,67.47,2024-09-15
Charger,7,24.3,2024-09-15
Battery 18650,15,15.26,2024-09-15
Chargers,15,37.5,2024-09-15
Tank Glass,16,20.61,2024-09-15
Drip Tips,3,16.78,2024-09-15
Drip Tips,3,19.42,2024-09-15
Batteries,11,5.88,2024-09-15
Zero Nicotine 30ml,15,34.65,2024-09-15
E-Liquid Premium,54,46.12,2024-09-15
Vape Juice 60ml,14,34.81,2024-09-15
Pod Kit,15,51.58,2024-09-15
Pod Kit,15,38.55,2024-09-15
Zero Nicotine 30ml,13,24.24,2024-09-15
Starter Kit,1,41.55,2024-09-15
Starter Kit,1,36.41,2024-09-15
Starter Kit,3,19.75,2024-09-15
Tanks,12,69.73,2024-09-15
Atomizers,19,30.68,2024-09-15
Vape Juice 30ml,40,40.79,2024-09-15
Vape Juice 60ml,12,16.78,2024-09-15
Tanks,9,70.18,2024-09-15
Batteries,13,8.8,2024-09-16
Drip Tips,8,21.17,2024-09-16
Replacement Coils,6,10.26,2024-09-16
Replacement Coils,4,22.9,2024-09-16
Battery 18650,11,15.49,2024-09-16
Nicotine Pods,9,55.01,2024-09-16
Chargers,4,46.15,2024-09-16
Charger,4,13.43,2024-09-16
Charger,2,25.55,2024-09-16
Tank Glass,10,19.18,2024-09-16
Chargers,4,38.9,2024-09-16
Nicotine Pods,9,89.05,2024-09-16
Replacement Coils,4,20.83,2024-09-16
Zero Nicotine 30ml,8,35.08,2024-09-16
Nicotine Pods,7,34.66,2024-09-16
Pod Kit,26,58.75,2024-09-16
Vape Mod XL,3,16.5,2024-09-16
Starter Kit,7,45.09,2024-09-16
Tanks,17,33.25,2024-09-16
Vape Mod XL,4,48.56,2024-09-16
Atomizers,6,55.03,2024-09-16
Vape Juice 30ml,26,36.09,2024-09-16
Vape Juice 60ml,16,28.08,2024-09-16
E-Liquid Premium,29,33.1,2024-09-16
Zero Nicotine 30ml,10,5.0,2024-09-16
Atomizers,7,50.58,2024-09-16
Cotton Wicking,13,23.95,2024-09-17
Tank Glass,6,13.68,2024-09-17
Charger,1,26.79,2024-09-17
Charger,4,23.18,2024-09-17
Chargers,9,40.18,2024-09-17
Battery 18650,9,30.13,2024-09-17
Batteries,17,66.32,2024-09-17
Replacement Coils,14,20.35,2024-09-17
Zero Nicotine 30ml,12,38.28,2024-09-17
Nicotine Pods,5,24.63,2024-09-17
E-Liquid Premium,33,69.02,2024-09-17
Vape Juice 60ml,17,31.9,2024-09-17
Tanks,14,60.6,2024-09-17
Vape Mod XL,11,59.33,2024-09-17
Pod Kit,12,47.12,2024-09-17
Pod Kit,9,73.55,2024-09-17
Nicotine Pods,9,22.96,2024-09-17
Replacement Coils,7,17.4,2024-09-18
Replacement Coils,6,10.89,2024-09-18
Batteries,18,38.88,2024-09-18
Battery 18650,11,17.85,2024-09-18
Tank Glass,9,16.03,2024-09-18
Chargers,5,39.71,2024-09-18
Charger,7,16.69,2024-09-18
Nicotine Pods,15,108.68,2024-09-18
Chargers,3,39.19,2024-09-18
E-Liquid Premium,15,61.23,2024-09-18
Vape Mod XL,6,59.68,2024-09-18
Vape Juice 60ml,17,33.87,2024-09-18
Vape Juice 30ml,35,47.25,2024-09-18
Atomizers,9,48.6,2024-09-18
Tanks,10,76.07,2024-09-18
Tanks,9,63.09,2024-09-18
Starter Kit,5,22.86,2024-09-18
Starter Kit,7,17.11,2024-09-18
Vape Mod XL,4,14.76,2024-09-18
Pod Kit,25,38.49,2024-09-18
E-Liquid Premium,15,46.86,2024-09-18
Nicotine Pods,6,41.98,2024-09-19
Nicotine Pods,5,61.37,2024-09-19
Replacement Coils,12,16.03,2024-09-19
Cotton Wicking,24,27.6,2024-09-19
Batteries,16,37.16,2024-09-19
Tank Glass,12,5.56,2024-09-19
Battery 18650,5,14.24,2024-09-19
Chargers,7,19.98,2024-09-19
Chargers,10,44.53,2024-09-19
Drip Tips,8,42.63,2024-09-19
Nicotine Pods,5,31.35,2024-09-19
Battery 18650,2,27.06,2024-09-19
Zero Nicotine 30ml,11,42.55,2024-09-19
Atomizers,8,60.54,2024-09-19
E-Liquid Premium,38,46.76,2024-09-19
Pod Kit,18,48.39,2024-09-19
Starter Kit,10,25.44,2024-09-19
Tanks,19,56.99,2024-09-19
Atomizers,4,64.56,2024-09-19
Vape Mod XL,12,72.36,2024-09-19
Vape Juice 30ml,22,51.87,2024-09-19
Vape Juice 60ml,8,39.8,2024-09-19
Vape Juice 60ml,9,27.8,2024-09-19
Vape Juice 60ml,9,35.83,2024-09-19
Vape Juice 30ml,23,56.62,2024-09-19
Zero Nicotine 30ml,9,37.87,2024-09-19
Drip Tips,10,20.68,2024-09-20
Replacement Coils,9,5.0,2024-09-20
Tank Glass,4,15.82,2024-09-20
Tank Glass,7,5.0,2024-09-20
Charger,8,19.09,2024-09-20
Chargers,20,53.45,2024-09-20
Battery 18650,11,19.83,2024-09-20
Batteries,19,34.51,2024-09-20
Cotton Wicking,16,7.89,2024-09-20
Replacement Coils,13,13.43,2024-09-20
Nicotine Pods,30,62.42,2024-09-20
E-Liquid Premium,53,48.77,2024-09-20
Vape Juice 60ml,30,48.87,2024-09-20
Vape Juice 30ml,35,41.75,2024-09-20
Atomizers,14,32.73,2024-09-20
Tanks,7,41.96,2024-09-20
Tanks,7,57.47,2024-09-20
Starter Kit,7,26.64,2024-09-20
Starter Kit,7,29.95,2024-09-20
Vape Mod XL,11,47.92,2024-09-20
Pod Kit,26,55.55,2024-09-20
Zero Nicotine 30ml,28,40.33,2024-09-20
Replacement Coils,14,29.38,2024-09-21
Cotton Wicking,12,35.9,2024-09-21
Cotton Wicking,10,34.26,2024-09-21
Battery 18650,15,26.65,2024-09-21
Chargers,11,15.13,2024-09-21
Tank Glass,5,17.5,2024-09-21
Charger,7,19.72,2024-09-21
Charger,4,11.6,2024-09-21
Tank Glass,4,5.0,2024-09-21
Drip Tips,8,23.28,2024-09-21
Replacement Coils,14,19.99,2024-09-21
Chargers,9,64.29,2024-09-21
Nicotine Pods,32,24.28,2024-09-21
Pod Kit,14,61.12,2024-09-21
E-Liquid Premium,10,49.86,2024-09-21
Pod Kit,12,52.52,2024-09-21
Starter Kit,6,47.17,2024-09-21
Starter Kit,4,32.04,2024-09-21
Tanks,18,50.87,2024-09-21
Atomizers,11,48.41,2024-09-21
Vape Mod XL,14,39.42,2024-09-21
Vape Juice 30ml,40,57.38,2024-09-21
Vape Juice 60ml,39,45.48,2024-09-21
E-Liquid Premium,11,49.8,2024-09-21
E-Liquid Premium,12,56.96,2024-09-21
Atomizers,9,55.34,2024-09-21
Zero Nicotine 30ml,30,23.36,2024-09-21
Zero Nicotine 30ml,8,36.93,2024-09-22
Charger,12,16.2,2024-09-22
Chargers,22,23.71,2024-09-22
Battery 18650,14,23.5,2024-09-22
Cotton Wicking,17,45.84,2024-09-22
Cotton Wicking,15,5.0,2024-09-22
Nicotine Pods,28,60.4,2024-09-22
Zero Nicotine 30ml,11,39.45,2024-09-22
Zero Nicotine 30ml,11,34.61,2024-09-22
E-Liquid Premium,19,60.26,2024-09-22
Vape Juice 60ml,27,40.17,2024-09-22
Vape Juice 30ml,23,38.15,2024-09-22
Vape Juice 30ml,23,25.55,2024-09-22
Tanks,19,68.81,2024-09-22
Starter Kit,13,29.59,2024-09-22
Vape Mod XL,10,60.01,2024-09-22
Vape Mod XL,8,42.79,2024-09-22
Pod Kit,36,45.31,2024-09-22
E-Liquid Premium,18,34.37,2024-09-22
Replacement Coils,11,14.96,2024-09-23
Cotton Wicking,21,37.78,2024-09-23
Batteries,12,22.73,2024-09-23
Battery 18650,4,19.09,2024-09-23
Tank Glass,12,32.59,2024-09-23
Battery 18650,4,20.78,2024-09-23
Chargers,16,35.15,2024-09-23
Charger,5,12.35,2024-09-23
Drip Tips,5,25.55,2024-09-23
Battery 18650,4,13.14,2024-09-23
Zero Nicotine 30ml,9,34.82,2024-09-23
Nicotine Pods,24,34.16,2024-09-23
E-Liquid Premium,38,66.39,2024-09-23
Zero Nicotine 30ml,6,25.43,2024-09-23
Pod Kit,15,62.76,2024-09-23
Vape Mod XL,13,58.28,2024-09-23
Starter Kit,5,41.41,2024-09-23
Pod Kit,15,57.57,2024-09-23
Tanks,22,59.65,2024-09-23
Atomizers,12,48.21,2024-09-23
Vape Juice 30ml,24,42.49,2024-09-23
Vape Juice 60ml,29,43.65,2024-09-23
Starter Kit,3,28.29,2024-09-23
Tank Glass,7,23.17,2024-09-24
Tank Glass,7,23.53,2024-09-24
Chargers,5,47.67,2024-09-24
Chargers,6,63.1,2024-09-24
Battery 18650,7,22.2,2024-09-24
Cotton Wicking,8,15.17,2024-09-24
Cotton Wicking,8,34.18,2024-09-24
Replacement Coils,11,21.7,2024-09-24
Zero Nicotine 30ml,9,25.37,2024-09-24
Nicotine Pods,21,52.81,2024-09-24
E-Liquid Premium,17,79.01,2024-09-24
E-Liquid Premium,20,53.74,2024-09-24
Vape Juice 60ml,33,54.94,2024-09-24
Vape Juice 30ml,30,40.0,2024-09-24
Atomizers,17,81.57,2024-09-24
Tanks,14,48.05,2024-09-24
Starter Kit,10,15.38,2024-09-24
Vape Mod XL,10,41.36,2024-09-24
Pod Kit,29,59.24,2024-09-24
Zero Nicotine 30ml,7,16.48,2024-09-24
Replacement Coils,4,5.0,2024-09-25
Cotton Wicking,16,68.0,2024-09-25
Batteries,8,36.26,2024-09-25
Batteries,6,26.71,2024-09-25
Batteries,7,24.89,2024-09-25
Battery 18650,5,19.89,2024-09-25
Tank Glass,9,15.15,2024-09-25
Battery 18650,3,23.19,2024-09-25
Chargers,13,20.38,2024-09-25
Charger,6,14.21,2024-09-25
Drip Tips,5,21.63,2024-09-25
Replacement Coils,4,19.06,2024-09-25
Battery 18650,2,25.59,2024-09-25
Nicotine Pods,19,86.31,2024-09-25
Drip Tips,7,16.2,2024-09-25
Zero Nicotine 30ml,11,39.19,2024-09-25
Zero Nicotine 30ml,10,43.28,2024-09-25
Vape Mod XL,3,43.78,2024-09-25
Vape Mod XL,2,21.39,2024-09-25
Starter Kit,6,44.13,2024-09-25
Starter Kit,7,51.83,2024-09-25
Tanks,26,50.69,2024-09-25
Vape Mod XL,3,54.7,2024-09-25
Atomizers,7,63.22,2024-09-25
Atomizers,3,38.74,2024-09-25
Vape Juice 60ml,19,49.78,2024-09-25
Vape Juice 60ml,15,37.49,2024-09-25
E-Liquid Premium,37,48.0,2024-09-25
Atomizers,7,60.78,2024-09-25
Nicotine Pods,27,82.07,2024-09-26
Drip Tips,3,30.97,2024-09-26
Drip Tips,6,42.64,2024-09-26
Tank Glass,13,19.93,2024-09-26
Charger,10,17.6,2024-09-26
Chargers,20,8.83,2024-09-26
Battery 18650,14,22.72,2024-09-26
Cotton Wicking,23,38.2,2024-09-26
Zero Nicotine 30ml,16,40.89,2024-09-26
E-Liquid Premium,18,48.81,2024-09-26
E-Liquid Premium,16,73.52,2024-09-26
Vape Juice 60ml,38,30.05,2024-09-26
Vape Juice 30ml,18,62.62,2024-09-26
Vape Juice 30ml,17,29.3,2024-09-26
Atomizers,17,69.73,2024-09-26
Starter Kit,15,22.2,2024-09-26
Vape Mod XL,15,40.64,2024-09-26
Pod Kit,41,50.02,2024-09-26
Zero Nicotine 30ml,15,5.0,2024-09-26
Nicotine Pods,14,29.32,2024-09-27
Replacement Coils,9,29.67,2024-09-27
Replacement Coils,13,25.98,2024-09-27
Cotton Wicking,38,25.49,2024-09-27
Batteries,20,26.76,2024-09-27
Tank Glass,15,20.8,2024-09-27
Battery 18650,8,15.55,2024-09-27
Chargers,26,33.03,2024-09-27
Charger,13,26.03,2024-09-27
Drip Tips,11,21.65,2024-09-27
Battery 18650,9,23.44,2024-09-27
Nicotine Pods,15,33.9,2024-09-27
Pod Kit,15,47.73,2024-09-27
Zero Nicotine 30ml,36,40.32,2024-09-27
E-Liquid Premium,41,31.39,2024-09-27
Atomizers,29,72.85,2024-09-27
Tanks,9,59.86,2024-09-27
Tanks,11,59.74,2024-09-27
Tanks,10,73.85,2024-09-27
Starter Kit,12,47.42,2024-09-27
Vape Mod XL,15,58.0,2024-09-27
Pod Kit,15,69.91,2024-09-27
Pod Kit,16,63.1,2024-09-27
Nicotine Pods,15,63.68,2024-09-27
Replacement Coils,7,18.19,2024-09-28
Replacement Coils,5,33.94,2024-09-28
Nicotine Pods,30,40.26,2024-09-28
Cotton Wicking,6,49.06,2024-09-28
Replacement Coils,8,28.46,2024-09-28
Cotton Wicking,8,31.16,2024-09-28
Drip Tips,6,31.88,2024-09-28
Charger,12,16.05,2024-09-28
Tank Glass,8,11.52,2024-09-28
Tank Glass,8,6.93,2024-09-28
Drip Tips,3,41.28,2024-09-28
Zero Nicotine 30ml,8,13.63,2024-09-28
Cotton Wicking,10,64.47,2024-09-28
Zero Nicotine 30ml,10,28.38,2024-09-28
Tanks,36,71.63,2024-09-28
E-Liquid Premium,20,22.13,2024-09-28
Pod Kit,16,61.83,2024-09-28
Vape Mod XL,8,50.7,2024-09-28
Vape Mod XL,11,62.68,2024-09-28
Starter Kit,17,35.88,2024-09-28
Atomizers,8,54.0,2024-09-28
Pod Kit,14,61.37,2024-09-28
Vape Juice 30ml,32,70.28,2024-09-28
Atomizers,10,53.99,2024-09-28
E-Liquid Premium,21,66.19,2024-09-28
E-Liquid Premium,19,34.31,2024-09-28
Zero Nicotine 30ml,12,26.13,2024-09-28
Vape Juice 30ml,28,43.74,2024-09-28
Vape Juice 60ml,32,57.07,2024-09-28
Cotton Wicking,6,55.72,2024-09-29
Drip Tips,6,21.97,2024-09-29
Tank Glass,8,5.0,2024-09-29
Drip Tips,3,24.99,2024-09-29
Charger,4,22.16,2024-09-29
Charger,5,24.04,2024-09-29
Chargers,16,26.03,2024-09-29
Battery 18650,14,17.29,2024-09-29
Batteries,15,36.11,2024-09-29
Batteries,13,39.37,2024-09-29
Cotton Wicking,10,45.08,2024-09-29
Cotton Wicking,6,36.45,2024-09-29
Tank Glass,6,11.07,2024-09-29
Nicotine Pods,8,25.06,2024-09-29
Nicotine Pods,11,41.19,2024-09-29
Replacement Coils,29,29.1,2024-09-29
Vape Mod XL,8,51.6,2024-09-29
Vape Mod XL,4,59.12,2024-09-29
Vape Mod XL,7,39.78,2024-09-29
Tanks,28,55.11,2024-09-29
Starter Kit,12,49.76,2024-09-29
Atomizers,11,50.41,2024-09-29
Vape Juice 30ml,36,22.25,2024-09-29
Vape Juice 30ml,35,59.27,2024-09-29
Zero Nicotine 30ml,30,26.93,2024-09-29
Nicotine Pods,11,61.98,2024-09-29
Atomizers,10,51.38,2024-09-29
Replacement Coils,5,32.92,2024-09-30
Nicotine Pods,8,61.23,2024-09-30
Nicotine Pods,9,23.41,2024-09-30
Replacement Coils,8,13.52,2024-09-30
Batteries,24,25.52,2024-09-30
Zero Nicotine 30ml,6,19.67,2024-09-30
Chargers,20,45.75,2024-09-30
Charger,5,15.49,2024-09-30
Charger,4,18.83,2024-09-30
Tank Glass,10,25.38,2024-09-30
Battery 18650,13,25.31,2024-09-30
Zero Nicotine 30ml,5,11.23,2024-09-30
Vape Mod XL,4,30.05,2024-09-30
E-Liquid Premium,28,45.87,2024-09-30
Pod Kit,11,68.62,2024-09-30
Zero Nicotine 30ml,6,32.02,2024-09-30
Vape Mod XL,6,36.59,2024-09-30
Vape Mod XL,4,32.26,2024-09-30
Pod Kit,14,59.79,2024-09-30
Atomizers,20,72.51,2024-09-30
Vape Juice 60ml,13,9.68,2024-09-30
Vape Juice 60ml,13,47.22,2024-09-30
E-Liquid Premium,28,47.39,2024-09-30
Tanks,15,77.09,2024-09-30
Nicotine Pods,20,55.51,2024-10-01
Drip Tips,10,21.79,2024-10-01
Tank Glass,14,5.0,2024-10-01
Chargers,11,27.02,2024-10-01
Battery 18650,15,16.47,2024-10-01
Batteries,13,29.34,2024-10-01
Batteries,11,39.46,2024-10-01
Zero Nicotine 30ml,9,38.9,2024-10-01
Vape Juice 60ml,35,40.61,2024-10-01
Vape Juice 30ml,52,46.46,2024-10-01
Atomizers,8,24.06,2024-10-01
Atomizers,5,53.92,2024-10-01
Tanks,22,54.73,2024-10-01
Vape Mod XL,15,46.05,2024-10-01
Pod Kit,10,54.44,2024-10-01
Pod Kit,13,34.77,2024-10-01
Zero Nicotine 30ml,13,41.36,2024-10-01
Cotton Wicking,10,14.8,2024-10-02
Cotton Wicking,8,53.7,2024-10-02
Batteries,23,35.49,2024-10-02
Battery 18650,12,14.33,2024-10-02
Drip Tips,7,35.71,2024-10-02
Chargers,6,18.49,2024-10-02
Charger,6,16.28,2024-10-02
Tank Glass,11,8.65,2024-10-02
Chargers,7,35.26,2024-10-02
Replacement Coils,13,13.26,2024-10-02
Pod Kit,24,60.1,2024-10-02
Nicotine Pods,13,69.17,2024-10-02
Nicotine Pods,12,52.28,2024-10-02
Zero Nicotine 30ml,20,30.34,2024-10-02
Vape Juice 60ml,35,33.08,2024-10-02
Vape Juice 30ml,50,33.91,2024-10-02
Atomizers,17,51.62,2024-10-02
Tanks,21,31.36,2024-10-02
Starter Kit,13,41.54,2024-10-02
Nicotine Pods,12,18.76,2024-10-02
Battery 18650,7,15.37,2024-10-03
Battery 18650,6,19.88,2024-10-03
Chargers,20,38.71,2024-10-03
Drip Tips,9,41.12,2024-10-03
Tank Glass,5,5.0,2024-10-03
Charger,5,29.49,2024-10-03
Tank Glass,4,18.65,2024-10-03
Batteries,17,25.8,2024-10-03
Charger,5,22.76,2024-10-03
Cotton Wicking,19,20.46,2024-10-03
Atomizers,19,65.98,2024-10-03
Nicotine Pods,22,33.99,2024-10-03
Zero Nicotine 30ml,23,46.24,2024-10-03
E-Liquid Premium,50,54.2,2024-10-03
Vape Juice 30ml,27,38.9,2024-10-03
Vape Juice 30ml,27,40.52,2024-10-03
Starter Kit,11,38.12,2024-10-03
Vape Mod XL,8,49.71,2024-10-03
Vape Mod XL,8,51.86,2024-10-03
Pod Kit,39,53.62,2024-10-03
Replacement Coils,14,29.43,2024-10-03
Zero Nicotine 30ml,19,27.14,2024-10-04
Nicotine Pods,34,40.61,2024-10-04
Replacement Coils,7,18.46,2024-10-04
Replacement Coils,10,8.73,2024-10-04
Chargers,24,34.09,2024-10-04
Cotton Wicking,14,29.17,2024-10-04
Cotton Wicking,13,8.85,2024-10-04
Batteries,21,34.78,2024-10-04
Replacement Coils,8,25.77,2024-10-04
E-Liquid Premium,20,45.86,2024-10-04
Zero Nicotine 30ml,17,18.12,2024-10-04
E-Liquid Premium,20,39.36,2024-10-04
E-Liquid Premium,23,38.98,2024-10-04
Vape Mod XL,13,61.48,2024-10-04
Starter Kit,17,40.33,2024-10-04
Tanks,38,48.3,2024-10-04
Vape Mod XL,13,23.28,2024-10-04
Atomizers,12,61.12,2024-10-04
Vape Juice 30ml,20,42.84,2024-10-04
Vape Juice 30ml,19,78.99,2024-10-04
Vape Juice 60ml,55,38.74,2024-10-04
Atomizers,10,76.92,2024-10-04
Battery 18650,5,15.76,2024-10-05
Replacement Coils,20,26.61,2024-10-05
Cotton Wicking,36,55.04,2024-10-05
Batteries,10,33.19,2024-10-05
Batteries,11,33.67,2024-10-05
Battery 18650,6,20.41,2024-10-05
Drip Tips,1,25.2,2024-10-05
Charger,9,19.22,2024-10-05
Tank Glass,17,9.89,2024-10-05
Drip Tips,5,23.54,2024-10-05
Drip Tips,2,15.04,2024-10-05
Nicotine Pods,44,33.88,2024-10-05
Charger,8,22.68,2024-10-05
Zero Nicotine 30ml,17,67.26,2024-10-05
Pod Kit,21,40.76,2024-10-05
E-Liquid Premium,35,52.37,2024-10-05
Pod Kit,25,44.2,2024-10-05
Vape Mod XL,5,74.52,2024-10-05
Vape Mod XL,5,70.2,2024-10-05
Tanks,14,53.37,2024-10-05
Tanks,17,62.67,2024-10-05
Atomizers,7,63.62,2024-10-05
Zero Nicotine 30ml,15,36.9,2024-10-05
Vape Juice 30ml,24,41.01,2024-10-05
Vape Juice 30ml,22,34.99,2024-10-05
Vape Juice 30ml,23,50.83,2024-10-05
Vape Juice 60ml,49,39.88,2024-10-05
E-Liquid Premium,33,43.34,2024-10-05
Atomizers,9,81.3,2024-10-05
Cotton Wicking,7,40.09,2024-10-06
Cotton Wicking,9,30.62,2024-10-06
Batteries,10,53.46,2024-10-06
Batteries,12,54.12,2024-10-06
Battery 18650,8,11.47,2024-10-06
Battery 18650,9,18.05,2024-10-06
Charger,5,27.55,2024-10-06
Chargers,13,49.38,2024-10-06
Charger,3,16.16,2024-10-06
Tank Glass,18,16.08,2024-10-06
Drip Tips,9,37.98,2024-10-06
Cotton Wicking,9,34.08,2024-10-06
Chargers,9,51.01,2024-10-06
Replacement Coils,22,6.36,2024-10-06
Zero Nicotine 30ml,9,26.93,2024-10-06
Vape Mod XL,18,60.83,2024-10-06
Nicotine Pods,33,85.7,2024-10-06
Starter Kit,6,19.95,2024-10-06
Starter Kit,9,38.63,2024-10-06
Tanks,20,51.05,2024-10-06
Vape Juice 30ml,35,52.63,2024-10-06
Vape Juice 60ml,21,32.43,2024-10-06
Atomizers,23,58.41,2024-10-06
E-Liquid Premium,13,32.95,2024-10-06
E-Liquid Premium,10,41.03,2024-10-06
E-Liquid Premium,12,46.62,2024-10-06
Zero Nicotine 30ml,11,37.24,2024-10-06
Zero Nicotine 30ml,8,51.45,2024-10-06
Vape Juice 60ml,20,39.11,2024-10-06
Battery 18650,1,13.25,2024-10-07
Batteries,4,40.17,2024-10-07
Batteries,7,36.52,2024-10-07
Batteries,7,8.61,2024-10-07
Battery 18650,4,12.33,2024-10-07
Cotton Wicking,17,31.65,2024-10-07
Chargers,15,45.72,2024-10-07
Charger,6,25.08,2024-10-07
Drip Tips,1,35.11,2024-10-07
Drip Tips,2,32.71,2024-10-07
Drip Tips,3,16.09,2024-10-07
Battery 18650,3,29.02,2024-10-07
Replacement Coils,15,12.49,2024-10-07
E-Liquid Premium,37,41.76,2024-10-07
Nicotine Pods,10,35.67,2024-10-07
Nicotine Pods,9,47.87,2024-10-07
Pod Kit,29,64.01,2024-10-07
Starter Kit,11,15.25,2024-10-07
Tanks,5,66.68,2024-10-07
Atomizers,5,31.09,2024-10-07
Tanks,8,52.44,2024-10-07
Atomizers,6,82.64,2024-10-07
Vape Juice 30ml,25,38.79,2024-10-07
Vape Juice 60ml,32,22.17,2024-10-07
Zero Nicotine 30ml,21,47.14,2024-10-07
Atomizers,7,96.07,2024-10-07
Battery 18650,7,10.8,2024-10-08
Cotton Wicking,8,30.5,2024-10-08
Batteries,6,16.77,2024-10-08
Batteries,7,30.08,2024-10-08
Battery 18650,7,29.83,2024-10-08
Drip Tips,4,39.09,2024-10-08
Charger,8,26.17,2024-10-08
Tank Glass,4,6.3,2024-10-08
Tank Glass,5,23.77,2024-10-08
Drip Tips,3,32.63,2024-10-08
Drip Tips,3,23.41,2024-10-08
Chargers,9,34.17,2024-10-08
Cotton Wicking,8,24.49,2024-10-08
Nicotine Pods,10,69.38,2024-10-08
Nicotine Pods,8,65.28,2024-10-08
Pod Kit,7,50.55,2024-10-08
Replacement Coils,16,19.26,2024-10-08
Vape Mod XL,8,82.67,2024-10-08
Starter Kit,9,31.4,2024-10-08
Atomizers,12,42.28,2024-10-08
Pod Kit,9,47.99,2024-10-08
Vape Juice 60ml,9,32.68,2024-10-08
Vape Juice 60ml,9,40.11,2024-10-08
E-Liquid Premium,25,70.25,2024-10-08
Zero Nicotine 30ml,10,22.7,2024-10-08
Zero Nicotine 30ml,12,16.33,2024-10-08
Vape Juice 30ml,24,41.94,2024-10-08
Cotton Wicking,16,5.0,2024-10-09
Tank Glass,8,18.96,2024-10-09
Tank Glass,5,16.79,2024-10-09
Charger,7,19.76,2024-10-09
Chargers,9,7.56,2024-10-09
Battery 18650,7,27.92,2024-10-09
Drip Tips,8,20.86,2024-10-09
Batteries,18,19.79,2024-10-09
Nicotine Pods,29,55.37,2024-10-09
Vape Juice 30ml,40,50.6,2024-10-09
E-Liquid Premium,18,57.83,2024-10-09
Pod Kit,26,46.67,2024-10-09
Vape Mod XL,4,37.98,2024-10-09
Vape Mod XL,7,36.95,2024-10-09
Zero Nicotine 30ml,16,59.08,2024-10-09
Atomizers,5,38.82,2024-10-09
Vape Juice 60ml,33,57.27,2024-10-09
E-Liquid Premium,19,45.04,2024-10-09
Atomizers,6,54.21,2024-10-09
Drip Tips,9,32.09,2024-10-10
Tank Glass,1,14.9,2024-10-10
Tank Glass,4,25.04,2024-10-10
Tank Glass,4,5.0,2024-10-10
Charger,8,10.86,2024-10-10
Chargers,4,11.77,2024-10-10
Chargers,5,63.07,2024-10-10
Chargers,2,40.0,2024-10-10
Battery 18650,3,21.41,2024-10-10
Battery 18650,5,17.34,2024-10-10
Cotton Wicking,7,31.26,2024-10-10
Cotton Wicking,9,45.52,2024-10-10
Battery 18650,4,17.21,2024-10-10
Replacement Coils,9,22.46,2024-10-10
Replacement Coils,6,15.35,2024-10-10
Pod Kit,13,52.08,2024-10-10
Pod Kit,11,38.47,2024-10-10
Vape Mod XL,8,68.8,2024-10-10
Starter Kit,8,22.93,2024-10-10
Tanks,24,72.8,2024-10-10
Cotton Wicking,5,26.12,2024-10-10
Vape Juice 60ml,26,18.78,2024-10-10
E-Liquid Premium,44,34.71,2024-10-10
Zero Nicotine 30ml,12,24.79,2024-10-10
Zero Nicotine 30ml,11,38.08,2024-10-10
Nicotine Pods,16,20.03,2024-10-10
Vape Juice 30ml,45,35.52,2024-10-10
Cotton Wicking,19,25.08,2024-10-11
Batteries,21,38.06,2024-10-11
Battery 18650,5,16.97,2024-10-11
Battery 18650,8,15.19,2024-10-11
Chargers,14,45.4,2024-10-11
Charger,1,20.6,2024-10-11
Charger,4,21.63,2024-10-11
Tank Glass,5,22.52,2024-10-11
Tank Glass,9,18.02,2024-10-11
Drip Tips,7,49.54,2024-10-11
Replacement Coils,20,24.18,2024-10-11
Charger,4,27.77,2024-10-11
Drip Tips,7,23.41,2024-10-11
Nicotine Pods,16,13.14,2024-10-11
Zero Nicotine 30ml,14,33.27,2024-10-11
Vape Mod XL,11,39.41,2024-10-11
Tanks,13,49.55,2024-10-11
Tanks,13,71.02,2024-10-11
Atomizers,8,46.8,2024-10-11
Atomizers,6,70.21,2024-10-11
Pod Kit,26,72.67,2024-10-11
Vape Juice 30ml,23,55.78,2024-10-11
Vape Juice 30ml,20,16.33,2024-10-11
Zero Nicotine 30ml,12,41.29,2024-10-11
Nicotine Pods,17,55.4,2024-10-11
Vape Juice 60ml,29,33.39,2024-10-11
E-Liquid Premium,34,50.36,2024-10-11
Nicotine Pods,26,21.14,2024-10-12
Drip Tips,3,20.59,2024-10-12
Drip Tips,2,39.22,2024-10-12
Tank Glass,11,25.99,2024-10-12
Charger,6,27.51,2024-10-12
Battery 18650,8,17.99,2024-10-12
Battery 18650,8,19.48,2024-10-12
Batteries,27,39.15,2024-10-12
Cotton Wicking,28,29.82,2024-10-12
Replacement Coils,20,25.79,2024-10-12
Charger,7,25.16,2024-10-12
Zero Nicotine 30ml,10,35.43,2024-10-12
E-Liquid Premium,46,42.7,2024-10-12
Vape Juice 30ml,13,33.76,2024-10-12
Vape Juice 30ml,12,25.42,2024-10-12
Vape Juice 30ml,13,39.04,2024-10-12
Atomizers,19,50.54,2024-10-12
Tanks,10,62.07,2024-10-12
Tanks,10,68.9,2024-10-12
Starter Kit,9,38.27,2024-10-12
Vape Mod XL,15,59.01,2024-10-12
Pod Kit,32,63.81,2024-10-12
Zero Nicotine 30ml,10,21.07,2024-10-12
Cotton Wicking,7,26.28,2024-10-13
Cotton Wicking,6,31.1,2024-10-13
Batteries,17,49.2,2024-10-13
Battery 18650,6,20.01,2024-10-13
Battery 18650,8,16.65,2024-10-13
Drip Tips,9,42.77,2024-10-13
Charger,6,15.71,2024-10-13
Charger,6,22.13,2024-10-13
Tank Glass,15,17.21,2024-10-13
Cotton Wicking,7,55.67,2024-10-13
Chargers,18,34.71,2024-10-13
Replacement Coils,9,25.48,2024-10-13
Pod Kit,23,64.5,2024-10-13
Nicotine Pods,32,53.36,2024-10-13
Vape Mod XL,10,38.88,2024-10-13
Vape Mod XL,10,49.56,2024-10-13
Tanks,25,83.92,2024-10-13
Atomizers,11,56.54,2024-10-13
Replacement Coils,7,7.14,2024-10-13
Vape Juice 30ml,41,37.19,2024-10-13
E-Liquid Premium,17,29.28,2024-10-13
E-Liquid Premium,18,46.26,2024-10-13
Zero Nicotine 30ml,20,40.61,2024-10-13
Atomizers,7,50.35,2024-10-13
Zero Nicotine 30ml,18,24.37,2024-10-14
Charger,7,18.87,2024-10-14
Chargers,10,48.05,2024-10-14
Battery 18650,1,27.01,2024-10-14
Battery 18650,2,29.19,2024-10-14
Batteries,17,42.03,2024-10-14
Replacement Coils,5,14.2,2024-10-14
Replacement Coils,3,13.97,2024-10-14
Replacement Coils,2,11.96,2024-10-14
Nicotine Pods,23,69.91,2024-10-14
E-Liquid Premium,40,42.39,2024-10-14
Vape Juice 60ml,7,44.9,2024-10-14
Pod Kit,25,42.27,2024-10-14
Vape Juice 60ml,7,32.93,2024-10-14
Vape Mod XL,4,48.08,2024-10-14
Vape Mod XL,5,33.52,2024-10-14
Starter Kit,5,48.2,2024-10-14
Tanks,16,62.64,2024-10-14
Starter Kit,3,41.24,2024-10-14
Atomizers,3,60.91,2024-10-14
Vape Juice 30ml,18,22.87,2024-10-14
Vape Juice 30ml,15,38.81,2024-10-14
Vape Juice 60ml,9,44.35,2024-10-14
Atomizers,7,49.89,2024-10-14
Batteries,19,90.08,2024-10-15
Zero Nicotine 30ml,9,40.01,2024-10-15
Replacement Coils,9,5.1,2024-10-15
Cotton Wicking,15,40.17,2024-10-15
Battery 18650,6,19.53,2024-10-15
Zero Nicotine 30ml,9,46.06,2024-10-15
Chargers,7,36.39,2024-10-15
Charger,8,13.78,2024-10-15
Tank Glass,8,14.83,2024-10-15
Drip Tips,8,27.74,2024-10-15
Chargers,4,37.31,2024-10-15
E-Liquid Premium,29,52.28,2024-10-15
Nicotine Pods,19,27.9,2024-10-15
Vape Juice 60ml,10,31.42,2024-10-15
Pod Kit,8,57.91,2024-10-15
Pod Kit,12,55.53,2024-10-15
Vape Mod XL,10,44.67,2024-10-15
Starter Kit,6,18.33,2024-10-15
Starter Kit,3,26.97,2024-10-15
Vape Juice 60ml,10,21.43,2024-10-15
Atomizers,5,49.99,2024-10-15
Atomizers,4,48.35,2024-10-15
Atomizers,5,56.81,2024-10-15
Vape Juice 30ml,29,29.28,2024-10-15
Tanks,19,60.93,2024-10-15
Replacement Coils,6,5.44,2024-10-16
Replacement Coils,4,18.86,2024-10-16
Cotton Wicking,16,20.42,2024-10-16
Batteries,9,20.1,2024-10-16
Batteries,8,65.96,2024-10-16
Battery 18650,2,17.13,2024-10-16
Chargers,14,42.8,2024-10-16
Battery 18650,1,25.78,2024-10-16
Charger,7,23.15,2024-10-16
Tank Glass,2,23.21,2024-10-16
Nicotine Pods,25,42.14,2024-10-16
Tank Glass,4,13.65,2024-10-16
Drip Tips,7,19.34,2024-10-16
Battery 18650,1,13.44,2024-10-16
Tank Glass,5,15.61,2024-10-16
Zero Nicotine 30ml,5,52.65,2024-10-16
Zero Nicotine 30ml,5,39.53,2024-10-16
Zero Nicotine 30ml,4,48.96,2024-10-16
Pod Kit,6,51.83,2024-10-16
Pod Kit,9,61.8,2024-10-16
Vape Mod XL,12,46.41,2024-10-16
Starter Kit,11,36.42,2024-10-16
Tanks,12,59.69,2024-10-16
Pod Kit,9,61.37,2024-10-16
Atomizers,5,60.85,2024-10-16
Atomizers,2,80.33,2024-10-16
Vape Juice 30ml,37,41.62,2024-10-16
Vape Juice 60ml,12,42.09,2024-10-16
Vape Juice 60ml,14,37.9,2024-10-16
Atomizers,3,51.41,2024-10-16
Nicotine Pods,9,47.29,2024-10-17
Cotton Wicking,8,7.71,2024-10-17
Cotton Wicking,6,47.5,2024-10-17
Batteries,14,62.32,2024-10-17
Charger,6,16.89,2024-10-17
Chargers,11,30.75,2024-10-17
Tank Glass,13,20.09,2024-10-17
Drip Tips,8,25.22,2024-10-17
Nicotine Pods,8,48.54,2024-10-17
Battery 18650,11,18.56,2024-10-17
Zero Nicotine 30ml,5,15.4,2024-10-17
Nicotine Pods,10,47.95,2024-10-17
Zero Nicotine 30ml,6,16.68,2024-10-17
Vape Mod XL,11,55.13,2024-10-17
Starter Kit,9,40.62,2024-10-17
Tanks,8,59.89,2024-10-17
Tanks,5,60.7,2024-10-17
Pod Kit,32,52.81,2024-10-17
Vape Juice 30ml,38,35.21,2024-10-17
Vape Juice 60ml,24,44.76,2024-10-17
Zero Nicotine 30ml,4,17.7,2024-10-17
E-Liquid Premium,46,34.91,2024-10-17
Atomizers,18,87.9,2024-10-17
Cotton Wicking,10,41.03,2024-10-18
Drip Tips,8,14.34,2024-10-18
Tank Glass,11,10.49,2024-10-18
Charger,9,19.46,2024-10-18
Chargers,6,59.95,2024-10-18
Chargers,4,49.04,2024-10-18
Chargers,5,41.67,2024-10-18
Battery 18650,9,15.37,2024-10-18
Batteries,12,8.52,2024-10-18
Batteries,10,31.04,2024-10-18
Cotton Wicking,7,22.5,2024-10-18
Replacement Coils,13,13.76,2024-10-18
Nicotine Pods,14,43.42,2024-10-18
Vape Mod XL,14,20.39,2024-10-18
Starter Kit,15,41.2,2024-10-18
Tanks,24,46.51,2024-10-18
Atomizers,7,55.31,2024-10-18
Pod Kit,35,75.73,2024-10-18
E-Liquid Premium,21,68.24,2024-10-18
E-Liquid Premium,21,51.7,2024-10-18
Zero Nicotine 30ml,21,26.62,2024-10-18
Nicotine Pods,12,42.96,2024-10-18
Atomizers,9,57.24,2024-10-18
Replacement Coils,10,18.87,2024-10-19
Tank Glass,3,22.52,2024-10-19
Tank Glass,2,5.0,2024-10-19
Drip Tips,8,22.26,2024-10-19
Charger,3,23.52,2024-10-19
Charger,6,14.88,2024-10-19
Chargers,18,43.24,2024-10-19
Battery 18650,5,17.73,2024-10-19
Battery 18650,8,11.76,2024-10-19
Batteries,23,40.17,2024-10-19
Replacement Coils,7,37.38,2024-10-19
Tank Glass,1,6.03,2024-10-19
E-Liquid Premium,18,43.17,2024-10-19
E-Liquid Premium,18,52.82,2024-10-19
Vape Juice 30ml,39,48.77,2024-10-19
Atomizers,20,49.2,2024-10-19
Tanks,27,77.04,2024-10-19
Starter Kit,6,34.53,2024-10-19
Starter Kit,5,39.39,2024-10-19
Vape Mod XL,7,39.22,2024-10-19
Vape Mod XL,9,61.71,2024-10-19
Pod Kit,34,54.64,2024-10-19
Nicotine Pods,35,18.31,2024-10-19
Cotton Wicking,9,44.57,2024-10-20
Batteries,26,53.8,2024-10-20
Battery 18650,2,14.94,2024-10-20
Battery 18650,5,17.68,2024-10-20
Drip Tips,6,38.01,2024-10-20
Chargers,17,51.58,2024-10-20
Tank Glass,12,10.15,2024-10-20
Drip Tips,6,28.13,2024-10-20
Cotton Wicking,8,5.0,2024-10-20
Battery 18650,3,15.6,2024-10-20
Replacement Coils,17,5.0,2024-10-20
Charger,7,17.61,2024-10-20
E-Liquid Premium,34,76.29,2024-10-20
Pod Kit,26,49.83,2024-10-20
Zero Nicotine 30ml,17,25.28,2024-10-20
Vape Mod XL,7,46.63,2024-10-20
Starter Kit,11,34.95,2024-10-20
Vape Mod XL,5,55.63,2024-10-20
Atomizers,11,46.35,2024-10-20
Vape Juice 30ml,35,44.43,2024-10-20
Vape Juice 60ml,16,40.85,2024-10-20
Vape Juice 60ml,16,28.08,2024-10-20
Atomizers,7,87.28,2024-10-20
Charger,6,10.54,2024-10-21
Battery 18650,11,15.85,2024-10-21
Batteries,13,35.16,2024-10-21
Cotton Wicking,23,56.55,2024-10-21
Replacement Coils,6,5.0,2024-10-21
Replacement Coils,6,29.55,2024-10-21
Nicotine Pods,27,47.52,2024-10-21
Replacement Coils,3,15.44,2024-10-21
E-Liquid Premium,41,65.84,2024-10-21
Atomizers,17,60.51,2024-10-21
Tanks,20,33.44,2024-10-21
Starter Kit,10,40.88,2024-10-21
Vape Mod XL,9,84.61,2024-10-21
Pod Kit,25,56.87,2024-10-21
Zero Nicotine 30ml,22,35.03,2024-10-21
Zero Nicotine 30ml,5,25.34,2024-10-22
Drip Tips,2,27.16,2024-10-22
Zero Nicotine 30ml,7,12.2,2024-10-22
Nicotine Pods,19,64.81,2024-10-22
Replacement Coils,14,21.5,2024-10-22
Charger,7,17.83,2024-10-22
Batteries,21,77.54,2024-10-22
Battery 18650,8,15.61,2024-10-22
Tank Glass,11,8.18,2024-10-22
Drip Tips,5,30.09,2024-10-22
Zero Nicotine 30ml,5,11.76,2024-10-22
Cotton Wicking,23,47.68,2024-10-22
E-Liquid Premium,39,57.93,2024-10-22
Vape Juice 30ml,19,55.0,2024-10-22
Vape Juice 60ml,7,42.49,2024-10-22
Pod Kit,11,50.74,2024-10-22
Pod Kit,11,34.65,2024-10-22
Vape Mod XL,5,41.04,2024-10-22
Vape Mod XL,5,32.69,2024-10-22
Starter Kit,4,40.59,2024-10-22
Vape Juice 60ml,11,35.78,2024-10-22
Tanks,18,51.94,2024-10-22
Atomizers,7,40.3,2024-10-22
Atomizers,5,57.76,2024-10-22
Vape Juice 30ml,21,21.81,2024-10-22
Starter Kit,6,29.76,2024-10-22
Zero Nicotine 30ml,6,50.65,2024-10-23
Drip Tips,8,50.14,2024-10-23
Tank Glass,12,5.0,2024-10-23
Chargers,8,13.45,2024-10-23
Chargers,9,66.4,2024-10-23
Battery 18650,9,14.06,2024-10-23
Batteries,18,12.85,2024-10-23
Cotton Wicking,14,38.24,2024-10-23
Replacement Coils,18,15.89,2024-10-23
Nicotine Pods,26,42.08,2024-10-23
Zero Nicotine 30ml,10,39.88,2024-10-23
Vape Juice 60ml,19,14.23,2024-10-23
E-Liquid Premium,17,54.89,2024-10-23
Pod Kit,13,50.52,2024-10-23
E-Liquid Premium,14,55.3,2024-10-23
Vape Mod XL,11,45.21,2024-10-23
Starter Kit,8,44.39,2024-10-23
Pod Kit,10,49.89,2024-10-23
Tanks,7,45.5,2024-10-23
Atomizers,13,73.33,2024-10-23
Vape Juice 30ml,29,27.15,2024-10-23
Tanks,11,63.89,2024-10-23
Cotton Wicking,12,31.61,2024-10-24
Drip Tips,6,44.6,2024-10-24
Drip Tips,5,46.64,2024-10-24
Tank Glass,10,17.01,2024-10-24
Chargers,15,50.23,2024-10-24
Battery 18650,14,18.29,2024-10-24
Cotton Wicking,14,18.31,2024-10-24
Replacement Coils,19,18.52,2024-10-24
Batteries,22,24.48,2024-10-24
Zero Nicotine 30ml,18,29.51,2024-10-24
E-Liquid Premium,40,48.87,2024-10-24
Vape Juice 60ml,21,35.11,2024-10-24
Nicotine Pods,24,54.06,2024-10-24
Atomizers,10,62.64,2024-10-24
Atomizers,8,63.12,2024-10-24
Starter Kit,13,28.67,2024-10-24
Vape Mod XL,12,37.79,2024-10-24
Pod Kit,22,67.86,2024-10-24
Batteries,11,67.33,2024-10-25
Battery 18650,8,10.68,2024-10-25
Battery 18650,10,19.47,2024-10-25
Chargers,7,45.35,2024-10-25
Chargers,5,64.48,2024-10-25
Tank Glass,20,26.25,2024-10-25
Charger,5,15.04,2024-10-25
Charger,9,16.46,2024-10-25
Batteries,8,5.0,2024-10-25
Drip Tips,6,33.23,2024-10-25
Drip Tips,7,51.09,2024-10-25
Chargers,8,21.14,2024-10-25
Cotton Wicking,32,38.68,2024-10-25
Batteries,8,39.15,2024-10-25
Zero Nicotine 30ml,38,23.77,2024-10-25
Replacement Coils,26,22.23,2024-10-25
Pod Kit,49,57.02,2024-10-25
Starter Kit,11,36.5,2024-10-25
Tanks,14,47.74,2024-10-25
Tanks,17,49.15,2024-10-25
Starter Kit,9,44.82,2024-10-25
Atomizers,10,55.74,2024-10-25
Vape Juice 30ml,57,55.92,2024-10-25
Vape Juice 60ml,39,36.16,2024-10-25
E-Liquid Premium,25,62.09,2024-10-25
E-Liquid Premium,25,51.6,2024-10-25
Atomizers,11,64.24,2024-10-25
Battery 18650,16,21.72,2024-10-26
Replacement Coils,16,18.94,2024-10-26
Replacement Coils,14,7.33,2024-10-26
Cotton Wicking,39,44.95,2024-10-26
Batteries,26,10.72,2024-10-26
Drip Tips,4,19.74,2024-10-26
Drip Tips,3,33.84,2024-10-26
Charger,11,15.18,2024-10-26
Tank Glass,4,14.36,2024-10-26
Tank Glass,4,21.27,2024-10-26
Tank Glass,7,23.09,2024-10-26
Nicotine Pods,12,9.6,2024-10-26
Chargers,12,56.83,2024-10-26
Nicotine Pods,15,41.27,2024-10-26
Chargers,10,38.36,2024-10-26
Zero Nicotine 30ml,35,27.14,2024-10-26
Pod Kit,34,63.89,2024-10-26
Tanks,10,84.09,2024-10-26
Tanks,10,49.38,2024-10-26
Tanks,7,58.85,2024-10-26
Atomizers,7,51.85,2024-10-26
Atomizers,7,61.89,2024-10-26
Nicotine Pods,16,20.19,2024-10-26
Vape Juice 60ml,9,32.81,2024-10-26
Vape Juice 60ml,9,28.7,2024-10-26
Vape Juice 60ml,10,46.43,2024-10-26
E-Liquid Premium,23,70.49,2024-10-26
E-Liquid Premium,22,51.8,2024-10-26
Vape Juice 30ml,62,48.25,2024-10-26
Cotton Wicking,30,23.34,2024-10-27
Batteries,14,28.98,2024-10-27
Batteries,14,48.92,2024-10-27
Chargers,8,51.47,2024-10-27
Chargers,6,28.79,2024-10-27
Charger,7,16.8,2024-10-27
Tank Glass,8,14.52,2024-10-27
Tank Glass,9,7.68,2024-10-27
Drip Tips,2,35.63,2024-10-27
Drip Tips,5,32.08,2024-10-27
Drip Tips,4,20.82,2024-10-27
Replacement Coils,31,16.7,2024-10-27
Charger,3,15.91,2024-10-27
Nicotine Pods,25,45.35,2024-10-27
Nicotine Pods,25,74.55,2024-10-27
Pod Kit,35,64.05,2024-10-27
Zero Nicotine 30ml,24,19.92,2024-10-27
Vape Mod XL,8,46.86,2024-10-27
Vape Mod XL,7,37.54,2024-10-27
Vape Mod XL,8,41.0,2024-10-27
Starter Kit,5,20.04,2024-10-27
Tanks,32,54.04,2024-10-27
Starter Kit,8,36.37,2024-10-27
Atomizers,7,56.58,2024-10-27
Vape Juice 30ml,44,42.63,2024-10-27
Vape Juice 60ml,11,36.7,2024-10-27
Vape Juice 60ml,10,17.69,2024-10-27
Vape Juice 60ml,11,30.1,2024-10-27
E-Liquid Premium,42,56.59,2024-10-27
Atomizers,9,68.71,2024-10-27
Battery 18650,4,13.91,2024-10-28
Replacement Coils,7,23.57,2024-10-28
Replacement Coils,6,15.62,2024-10-28
Batteries,16,17.41,2024-10-28
Drip Tips,2,29.87,2024-10-28
Battery 18650,4,15.64,2024-10-28
Replacement Coils,9,16.14,2024-10-28
Chargers,18,19.01,2024-10-28
Charger,10,14.74,2024-10-28
Tank Glass,4,29.75,2024-10-28
Tank Glass,3,14.61,2024-10-28
Tank Glass,5,25.09,2024-10-28
Drip Tips,2,27.94,2024-10-28
Battery 18650,2,19.64,2024-10-28
Nicotine Pods,34,41.16,2024-10-28
Vape Juice 30ml,46,32.23,2024-10-28
Zero Nicotine 30ml,11,28.67,2024-10-28
Pod Kit,10,50.47,2024-10-28
Zero Nicotine 30ml,10,16.71,2024-10-28
Vape Mod XL,14,48.31,2024-10-28
Starter Kit,5,45.82,2024-10-28
Starter Kit,2,47.34,2024-10-28
Starter Kit,3,42.71,2024-10-28
Pod Kit,12,62.43,2024-10-28
Tanks,12,90.78,2024-10-28
Atomizers,19,32.66,2024-10-28
Vape Juice 60ml,11,19.2,2024-10-28
Vape Juice 60ml,12,25.57,2024-10-28
Vape Juice 60ml,9,32.06,2024-10-28
E-Liquid Premium,44,34.7,2024-10-28
Tanks,14,78.43,2024-10-28
Replacement Coils,19,26.4,2024-10-29
Cotton Wicking,16,25.93,2024-10-29
Cotton Wicking,16,31.19,2024-10-29
Batteries,15,29.01,2024-10-29
Charger,11,21.63,2024-10-29
Chargers,16,29.67,2024-10-29
Tank Glass,9,10.78,2024-10-29
Drip Tips,9,27.48,2024-10-29
Battery 18650,12,23.83,2024-10-29
Nicotine Pods,12,65.29,2024-10-29
Vape Juice 60ml,28,42.99,2024-10-29
E-Liquid Premium,54,52.21,2024-10-29
Vape Juice 30ml,23,33.23,2024-10-29
Vape Juice 30ml,25,65.3,2024-10-29
Tanks,17,70.54,2024-10-29
Starter Kit,15,35.27,2024-10-29
Vape Mod XL,5,49.55,2024-10-29
Vape Mod XL,6,27.09,2024-10-29
Vape Mod XL,4,37.32,2024-10-29
Pod Kit,31,55.49,2024-10-29
Nicotine Pods,14,52.03,2024-10-29
Drip Tips,10,22.57,2024-10-30
Cotton Wicking,8,13.02,2024-10-30
Cotton Wicking,9,50.74,2024-10-30
Batteries,5,25.97,2024-10-30
Batteries,4,57.21,2024-10-30
Tank Glass,3,10.87,2024-10-30
Battery 18650,16,11.33,2024-10-30
Chargers,16,48.27,2024-10-30
Tank Glass,6,25.77,2024-10-30
Replacement Coils,9,19.07,2024-10-30
Batteries,5,32.36,2024-10-30
Replacement Coils,9,24.91,2024-10-30
Vape Juice 30ml,41,37.02,2024-10-30
E-Liquid Premium,53,45.95,2024-10-30
Nicotine Pods,22,59.94,2024-10-30
Pod Kit,7,73.65,2024-10-30
Pod Kit,10,78.28,2024-10-30
Pod Kit,11,70.23,2024-10-30
Vape Mod XL,10,31.17,2024-10-30
Tanks,19,50.15,2024-10-30
Starter Kit,11,41.78,2024-10-30
Atomizers,4,62.88,2024-10-30
Atomizers,6,57.91,2024-10-30
Atomizers,5,51.88,2024-10-30
Vape Juice 60ml,24,40.56,2024-10-30
Cotton Wicking,8,27.59,2024-10-31
Batteries,12,14.31,2024-10-31
Battery 18650,12,16.94,2024-10-31
Chargers,21,50.79,2024-10-31
Charger,4,24.15,2024-10-31
Tank Glass,4,23.26,2024-10-31
Cotton Wicking,5,33.83,2024-10-31
Tank Glass,8,14.41,2024-10-31
Drip Tips,6,28.77,2024-10-31
Drip Tips,3,30.94,2024-10-31
Charger,4,11.88,2024-10-31
Cotton Wicking,6,15.48,2024-10-31
Batteries,11,42.66,2024-10-31
Zero Nicotine 30ml,19,42.14,2024-10-31
Nicotine Pods,32,26.89,2024-10-31
Pod Kit,18,36.43,2024-10-31
Vape Mod XL,16,62.51,2024-10-31
Starter Kit,16,48.05,2024-10-31
Tanks,16,63.35,2024-10-31
Pod Kit,18,61.77,2024-10-31
Atomizers,25,54.01,2024-10-31
Vape Juice 30ml,21,28.1,2024-10-31
Vape Juice 30ml,21,46.2,2024-10-31
Vape Juice 60ml,42,23.65,2024-10-31
Tanks,18,43.08,2024-10-31
Batteries,44,25.17,2024-11-01
Battery 18650,9,24.35,2024-11-01
Chargers,21,35.98,2024-11-01
Chargers,17,29.64,2024-11-01
Charger,5,17.83,2024-11-01
Tank Glass,26,9.07,2024-11-01
Drip Tips,4,43.11,2024-11-01
Drip Tips,3,27.93,2024-11-01
Drip Tips,4,21.67,2024-11-01
Cotton Wicking,42,24.24,2024-11-01
Charger,7,22.0,2024-11-01
Replacement Coils,28,16.42,2024-11-01
Battery 18650,8,20.79,2024-11-01
E-Liquid Premium,85,54.73,2024-11-01
Vape Mod XL,21,61.69,2024-11-01
Starter Kit,11,56.78,2024-11-01
Starter Kit,15,51.42,2024-11-01
Tanks,42,66.89,2024-11-01
Atomizers,32,66.63,2024-11-01
Pod Kit,40,63.7,2024-11-01
Vape Juice 30ml,28,49.33,2024-11-01
Vape Juice 30ml,29,40.28,2024-11-01
Vape Juice 60ml,35,25.37,2024-11-01
Zero Nicotine 30ml,41,23.51,2024-11-01
Vape Juice 30ml,30,52.16,2024-11-01
Vape Juice 60ml,36,51.92,2024-11-01
Drip Tips,20,28.02,2024-11-02
Replacement Coils,11,14.02,2024-11-02
Tank Glass,5,5.0,2024-11-02
Tank Glass,9,22.19,2024-11-02
Charger,18,24.72,2024-11-02
Chargers,14,60.11,2024-11-02
Chargers,13,38.02,2024-11-02
Battery 18650,19,24.97,2024-11-02
Batteries,47,5.0,2024-11-02
Cotton Wicking,54,27.85,2024-11-02
Replacement Coils,14,17.79,2024-11-02
Tank Glass,8,10.62,2024-11-02
Nicotine Pods,53,25.14,2024-11-02
Zero Nicotine 30ml,17,39.11,2024-11-02
E-Liquid Premium,96,52.47,2024-11-02
Vape Juice 60ml,70,36.84,2024-11-02
Vape Juice 30ml,51,53.33,2024-11-02
Vape Juice 30ml,52,35.06,2024-11-02
Atomizers,29,61.92,2024-11-02
Tanks,46,55.52,2024-11-02
Starter Kit,13,42.93,2024-11-02
Starter Kit,9,52.88,2024-11-02
Pod Kit,39,52.11,2024-11-02
Zero Nicotine 30ml,20,33.29,2024-11-02
Replacement Coils,17,22.61,2024-11-03
Cotton Wicking,21,21.77,2024-11-03
Cotton Wicking,20,35.82,2024-11-03
Batteries,20,27.49,2024-11-03
Batteries,23,19.63,2024-11-03
Drip Tips,6,31.46,2024-11-03
Chargers,9,32.31,2024-11-03
Chargers,9,33.99,2024-11-03
Charger,17,19.36,2024-11-03
Tank Glass,18,8.22,2024-11-03
Replacement Coils,16,32.84,2024-11-03
Battery 18650,28,24.35,2024-11-03
Nicotine Pods,18,59.42,2024-11-03
Drip Tips,8,32.37,2024-11-03
Nicotine Pods,19,44.77,2024-11-03
Pod Kit,19,50.11,2024-11-03
Pod Kit,20,60.23,2024-11-03
Pod Kit,17,81.61,2024-11-03
Vape Mod XL,20,49.05,2024-11-03
Starter Kit,23,35.82,2024-11-03
Nicotine Pods,17,51.01,2024-11-03
Atomizers,20,38.95,2024-11-03
Vape Juice 30ml,95,26.35,2024-11-03
Vape Juice 60ml,60,13.38,2024-11-03
E-Liquid Premium,94,47.89,2024-11-03
Zero Nicotine 30ml,37,40.08,2024-11-03
Atomizers,19,65.46,2024-11-03
Replacement Coils,27,22.42,2024-11-04
Cotton Wicking,12,47.88,2024-11-04
Cotton Wicking,12,46.09,2024-11-04
Cotton Wicking,12,32.0,2024-11-04
Charger,15,12.78,2024-11-04
Chargers,28,29.26,2024-11-04
Tank Glass,13,26.51,2024-11-04
Drip Tips,14,37.17,2024-11-04
Nicotine Pods,46,69.25,2024-11-04
Battery 18650,17,16.76,2024-11-04
Zero Nicotine 30ml,34,5.0,2024-11-04
Vape Juice 60ml,37,36.46,2024-11-04
Vape Juice 30ml,56,38.93,2024-11-04
Atomizers,19,66.03,2024-11-04
Tanks,24,46.41,2024-11-04
Starter Kit,4,43.75,2024-11-04
Starter Kit,7,31.54,2024-11-04
Vape Mod XL,7,31.62,2024-11-04
Vape Mod XL,6,45.04,2024-11-04
Vape Mod XL,4,58.5,2024-11-04
Pod Kit,31,62.99,2024-11-04
E-Liquid Premium,40,46.35,2024-11-04
Replacement Coils,27,29.89,2024-11-05
Cotton Wicking,30,5.0,2024-11-05
Batteries,12,36.51,2024-11-05
Batteries,11,21.75,2024-11-05
Battery 18650,12,31.22,2024-11-05
Tank Glass,15,18.59,2024-11-05
Chargers,9,61.0,2024-11-05
Charger,4,16.27,2024-11-05
Charger,4,17.2,2024-11-05
Chargers,13,45.54,2024-11-05
Nicotine Pods,47,35.47,2024-11-05
Drip Tips,14,40.62,2024-11-05
Zero Nicotine 30ml,13,22.84,2024-11-05
Zero Nicotine 30ml,13,32.58,2024-11-05
Pod Kit,33,46.65,2024-11-05
Vape Mod XL,12,92.61,2024-11-05
Tanks,29,52.2,2024-11-05
Atomizers,14,46.06,2024-11-05
Starter Kit,13,39.82,2024-11-05
Vape Juice 30ml,49,42.87,2024-11-05
Vape Juice 60ml,24,28.21,2024-11-05
Vape Juice 60ml,21,31.1,2024-11-05
E-Liquid Premium,56,52.71,2024-11-05
Atomizers,11,38.27,2024-11-05
Battery 18650,4,18.7,2024-11-06
Batteries,6,51.46,2024-11-06
Batteries,5,9.86,2024-11-06
Battery 18650,5,27.11,2024-11-06
Chargers,18,38.8,2024-11-06
Drip Tips,4,7.23,2024-11-06
Tank Glass,6,5.43,2024-11-06
Tank Glass,7,10.46,2024-11-06
Drip Tips,1,32.54,2024-11-06
Batteries,8,23.99,2024-11-06
Charger,11,20.97,2024-11-06
Cotton Wicking,18,16.71,2024-11-06
Drip Tips,4,42.24,2024-11-06
Nicotine Pods,11,105.53,2024-11-06
Pod Kit,32,53.29,2024-11-06
Tanks,22,73.45,2024-11-06
Atomizers,23,66.4,2024-11-06
Vape Juice 30ml,18,42.8,2024-11-06
Vape Juice 30ml,18,49.07,2024-11-06
Replacement Coils,21,10.72,2024-11-06
E-Liquid Premium,56,43.92,2024-11-06
Zero Nicotine 30ml,9,23.91,2024-11-06
Zero Nicotine 30ml,8,41.95,2024-11-06
Nicotine Pods,13,36.32,2024-11-06
Vape Juice 60ml,42,38.87,2024-11-06
Cotton Wicking,6,11.17,2024-11-07
Charger,4,26.05,2024-11-07
Charger,3,20.4,2024-11-07
Charger,2,20.03,2024-11-07
Chargers,11,56.8,2024-11-07
Chargers,13,48.94,2024-11-07
Battery 18650,13,18.62,2024-11-07
Batteries,19,41.14,2024-11-07
Cotton Wicking,8,24.99,2024-11-07
Cotton Wicking,6,28.41,2024-11-07
Drip Tips,14,19.87,2024-11-07
Replacement Coils,18,18.07,2024-11-07
Zero Nicotine 30ml,20,14.27,2024-11-07
E-Liquid Premium,47,51.47,2024-11-07
Vape Juice 30ml,42,47.58,2024-11-07
Atomizers,27,55.63,2024-11-07
Starter Kit,3,25.5,2024-11-07
Starter Kit,7,42.84,2024-11-07
Vape Mod XL,12,15.44,2024-11-07
Pod Kit,21,55.32,2024-11-07
Pod Kit,19,48.23,2024-11-07
Nicotine Pods,43,47.04,2024-11-07
Cotton Wicking,19,60.89,2024-11-08
Cotton Wicking,19,38.66,2024-11-08
Batteries,17,41.26,2024-11-08
Batteries,17,12.91,2024-11-08
Battery 18650,23,16.47,2024-11-08
Drip Tips,4,5.0,2024-11-08
Charger,17,22.12,2024-11-08
Tank Glass,20,15.04,2024-11-08
Drip Tips,4,36.72,2024-11-08
Replacement Coils,13,41.67,2024-11-08
Chargers,27,31.85,2024-11-08
Replacement Coils,12,7.69,2024-11-08
Starter Kit,19,36.32,2024-11-08
Zero Nicotine 30ml,34,30.34,2024-11-08
Pod Kit,14,48.12,2024-11-08
Vape Mod XL,23,59.11,2024-11-08
Nicotine Pods,51,34.07,2024-11-08
Tanks,27,48.24,2024-11-08
Pod Kit,16,57.25,2024-11-08
Vape Juice 30ml,31,49.38,2024-11-08
Vape Juice 60ml,40,33.25,2024-11-08
E-Liquid Premium,25,67.42,2024-11-08
E-Liquid Premium,25,48.83,2024-11-08
Vape Juice 30ml,30,44.72,2024-11-08
Cotton Wicking,18,19.16,2024-11-09
Drip Tips,10,34.53,2024-11-09
Tank Glass,22,10.08,2024-11-09
Charger,11,31.62,2024-11-09
Chargers,9,45.97,2024-11-09
Chargers,11,44.57,2024-11-09
Battery 18650,14,25.65,2024-11-09
Batteries,21,48.41,2024-11-09
Batteries,19,15.63,2024-11-09
Cotton Wicking,20,28.5,2024-11-09
Nicotine Pods,19,55.22,2024-11-09
Replacement Coils,29,18.87,2024-11-09
Zero Nicotine 30ml,32,10.98,2024-11-09
Nicotine Pods,19,16.49,2024-11-09
Pod Kit,59,59.48,2024-11-09
Starter Kit,11,16.24,2024-11-09
Starter Kit,10,41.12,2024-11-09
Atomizers,34,36.07,2024-11-09
Tanks,29,58.13,2024-11-09
Vape Juice 60ml,59,32.67,2024-11-09
E-Liquid Premium,19,48.56,2024-11-09
E-Liquid Premium,18,68.99,2024-11-09
E-Liquid Premium,18,43.31,2024-11-09
Vape Juice 30ml,61,24.71,2024-11-09
Cotton Wicking,8,18.56,2024-11-10
Nicotine Pods,21,53.12,2024-11-10
Replacement Coils,10,23.48,2024-11-10
Replacement Coils,12,28.67,2024-11-10
Cotton Wicking,9,29.99,2024-11-10
Cotton Wicking,6,68.27,2024-11-10
Drip Tips,9,50.78,2024-11-10
Chargers,26,33.34,2024-11-10
Charger,14,25.22,2024-11-10
Tank Glass,9,24.11,2024-11-10
Tank Glass,6,19.19,2024-11-10
Zero Nicotine 30ml,13,52.24,2024-11-10
Batteries,34,10.55,2024-11-10
Zero Nicotine 30ml,17,22.94,2024-11-10
Nicotine Pods,18,21.39,2024-11-10
E-Liquid Premium,24,63.1,2024-11-10
Vape Mod XL,9,46.21,2024-11-10
Vape Mod XL,6,37.21,2024-11-10
Starter Kit,9,43.07,2024-11-10
Starter Kit,13,18.06,2024-11-10
Tanks,40,55.18,2024-11-10
Atomizers,30,67.65,2024-11-10
Pod Kit,53,52.92,2024-11-10
Vape Juice 30ml,18,63.02,2024-11-10
Vape Juice 30ml,21,33.86,2024-11-10
Vape Juice 60ml,23,41.75,2024-11-10
E-Liquid Premium,26,43.09,2024-11-10
Vape Juice 30ml,18,61.54,2024-11-10
Vape Juice 60ml,19,37.73,2024-11-10
Drip Tips,8,42.11,2024-11-11
Nicotine Pods,31,52.87,2024-11-11
Tank Glass,13,24.34,2024-11-11
Charger,8,24.68,2024-11-11
Chargers,21,20.46,2024-11-11
Battery 18650,6,20.85,2024-11-11
Batteries,10,58.57,2024-11-11
Batteries,7,43.96,2024-11-11
Batteries,8,11.74,2024-11-11
Cotton Wicking,11,36.79,2024-11-11
Cotton Wicking,10,46.31,2024-11-11
Replacement Coils,17,7.42,2024-11-11
Battery 18650,5,25.9,2024-11-11
Zero Nicotine 30ml,9,35.13,2024-11-11
Vape Juice 60ml,11,42.41,2024-11-11
Zero Nicotine 30ml,10,26.59,2024-11-11
Pod Kit,18,53.91,2024-11-11
Pod Kit,16,44.63,2024-11-11
Starter Kit,14,42.77,2024-11-11
Tanks,9,71.62,2024-11-11
Vape Mod XL,17,57.23,2024-11-11
Atomizers,12,36.55,2024-11-11
Vape Juice 30ml,35,48.47,2024-11-11
Vape Juice 60ml,10,46.87,2024-11-11
Vape Juice 60ml,13,21.89,2024-11-11
Tanks,12,44.18,2024-11-11
Chargers,6,60.62,2024-11-12
Replacement Coils,7,12.21,2024-11-12
Cotton Wicking,27,38.99,2024-11-12
Batteries,17,46.2,2024-11-12
Drip Tips,2,19.16,2024-11-12
Drip Tips,3,16.21,2024-11-12
Charger,11,20.04,2024-11-12
Tank Glass,4,7.84,2024-11-12
Tank Glass,3,27.5,2024-11-12
Drip Tips,3,41.31,2024-11-12
Replacement Coils,6,16.6,2024-11-12
Chargers,6,49.14,2024-11-12
Nicotine Pods,26,37.13,2024-11-12
Vape Juice 60ml,17,52.46,2024-11-12
Zero Nicotine 30ml,9,32.64,2024-11-12
Pod Kit,22,54.18,2024-11-12
Starter Kit,14,45.3,2024-11-12
Tanks,25,47.74,2024-11-12
Atomizers,8,61.49,2024-11-12
Atomizers,9,55.52,2024-11-12
Zero Nicotine 30ml,9,49.71,2024-11-12
Vape Juice 60ml,15,51.21,2024-11-12
E-Liquid Premium,23,55.41,2024-11-12
E-Liquid Premium,23,37.88,2024-11-12
Zero Nicotine 30ml,9,73.66,2024-11-12
Vape Juice 30ml,32,36.56,2024-11-12
Drip Tips,8,21.78,2024-11-13
Tank Glass,13,31.64,2024-11-13
Charger,6,17.84,2024-11-13
Chargers,18,38.24,2024-11-13
Battery 18650,5,19.47,2024-11-13
Battery 18650,8,21.73,2024-11-13
Batteries,14,25.76,2024-11-13
Cotton Wicking,20,26.79,2024-11-13
Nicotine Pods,22,56.8,2024-11-13
Zero Nicotine 30ml,17,39.13,2024-11-13
Replacement Coils,16,24.31,2024-11-13
Vape Juice 30ml,21,17.3,2024-11-13
Vape Juice 30ml,23,49.79,2024-11-13
Atomizers,8,50.93,2024-11-13
Atomizers,7,39.79,2024-11-13
Tanks,11,54.96,2024-11-13
Tanks,9,56.63,2024-11-13
Starter Kit,9,26.77,2024-11-13
Vape Mod XL,16,76.0,2024-11-13
Pod Kit,9,58.01,2024-11-13
Pod Kit,9,44.29,2024-11-13
E-Liquid Premium,50,55.01,2024-11-13
Batteries,9,5.0,2024-11-14
Battery 18650,17,23.7,2024-11-14
Chargers,5,56.17,2024-11-14
Chargers,5,55.51,2024-11-14
Batteries,8,18.21,2024-11-14
Tank Glass,5,15.81,2024-11-14
Tank Glass,6,6.75,2024-11-14
Drip Tips,6,19.94,2024-11-14
Charger,10,24.53,2024-11-14
Drip Tips,3,37.17,2024-11-14
Cotton Wicking,31,38.42,2024-11-14
Zero Nicotine 30ml,21,8.84,2024-11-14
Pod Kit,41,60.82,2024-11-14
Vape Mod XL,8,48.53,2024-11-14
Vape Mod XL,6,54.46,2024-11-14
Starter Kit,12,28.18,2024-11-14
Replacement Coils,22,32.7,2024-11-14
Vape Juice 30ml,49,53.56,2024-11-14
E-Liquid Premium,15,52.74,2024-11-14
E-Liquid Premium,17,44.75,2024-11-14
Atomizers,19,43.16,2024-11-14
Drip Tips,13,17.08,2024-11-15
Replacement Coils,9,34.68,2024-11-15
Charger,10,19.96,2024-11-15
Chargers,11,27.76,2024-11-15
Chargers,11,41.5,2024-11-15
Battery 18650,2,17.44,2024-11-15
Battery 18650,6,31.64,2024-11-15
Battery 18650,3,27.65,2024-11-15
Batteries,15,56.95,2024-11-15
Batteries,14,41.27,2024-11-15
Replacement Coils,7,24.71,2024-11-15
Tank Glass,20,5.0,2024-11-15
Nicotine Pods,46,42.05,2024-11-15
E-Liquid Premium,13,34.97,2024-11-15
Zero Nicotine 30ml,26,26.22,2024-11-15
Starter Kit,16,22.25,2024-11-15
Tanks,29,72.71,2024-11-15
Atomizers,11,73.69,2024-11-15
Atomizers,11,35.49,2024-11-15
Pod Kit,43,55.03,2024-11-15
Vape Juice 30ml,62,47.65,2024-11-15
Vape Juice 60ml,40,18.7,2024-11-15
E-Liquid Premium,17,60.17,2024-11-15
E-Liquid Premium,14,57.62,2024-11-15
Atomizers,8,69.95,2024-11-15
E-Liquid Premium,15,68.61,2024-11-16
Tank Glass,17,19.06,2024-11-16
Chargers,23,43.34,2024-11-16
Battery 18650,9,18.32,2024-11-16
Battery 18650,9,18.36,2024-11-16
Cotton Wicking,26,44.55,2024-11-16
Nicotine Pods,44,31.06,2024-11-16
Drip Tips,11,18.59,2024-11-16
E-Liquid Premium,18,40.45,2024-11-16
Zero Nicotine 30ml,25,36.49,2024-11-16
E-Liquid Premium,15,56.66,2024-11-16
Vape Juice 30ml,39,38.39,2024-11-16
Vape Juice 30ml,35,56.71,2024-11-16
Atomizers,24,61.29,2024-11-16
Tanks,24,55.26,2024-11-16
Starter Kit,20,41.29,2024-11-16
Vape Mod XL,4,17.45,2024-11-16
Vape Mod XL,6,43.04,2024-11-16
Vape Mod XL,7,45.38,2024-11-16
Pod Kit,19,49.57,2024-11-16
Pod Kit,17,52.54,2024-11-16
Vape Juice 60ml,36,44.45,2024-11-16
Replacement Coils,15,14.9,2024-11-17
Replacement Coils,15,13.2,2024-11-17
Cotton Wicking,14,38.46,2024-11-17
Cotton Wicking,10,49.48,2024-11-17
Batteries,10,30.45,2024-11-17
Drip Tips,10,43.74,2024-11-17
Battery 18650,17,18.68,2024-11-17
Chargers,29,47.32,2024-11-17
Charger,9,23.02,2024-11-17
Tank Glass,19,11.95,2024-11-17
Nicotine Pods,35,38.01,2024-11-17
Batteries,9,29.84,2024-11-17
E-Liquid Premium,65,80.88,2024-11-17
Zero Nicotine 30ml,32,55.27,2024-11-17
Pod Kit,49,56.9,2024-11-17
Vape Juice 60ml,24,44.09,2024-11-17
Vape Mod XL,17,52.79,2024-11-17
Starter Kit,5,24.65,2024-11-17
Starter Kit,4,33.71,2024-11-17
Tanks,30,55.86,2024-11-17
Starter Kit,2,34.88,2024-11-17
Atomizers,9,61.0,2024-11-17
Atomizers,10,70.8,2024-11-17
Vape Juice 30ml,38,63.04,2024-11-17
Vape Juice 30ml,38,54.53,2024-11-17
Vape Juice 60ml,26,21.55,2024-11-17
Atomizers,9,34.69,2024-11-17
Battery 18650,3,24.03,2024-11-18
Batteries,10,29.7,2024-11-18
Battery 18650,7,16.89,2024-11-18
Battery 18650,6,25.0,2024-11-18
Chargers,8,67.12,2024-11-18
Batteries,11,64.29,2024-11-18
Charger,7,17.1,2024-11-18
Charger,6,24.47,2024-11-18
Tank Glass,13,26.78,2024-11-18
Drip Tips,4,20.28,2024-11-18
Drip Tips,3,51.36,2024-11-18
Chargers,6,61.73,2024-11-18
Cotton Wicking,20,21.84,2024-11-18
Replacement Coils,9,26.84,2024-11-18
Pod Kit,24,41.69,2024-11-18
Vape Mod XL,7,58.96,2024-11-18
Vape Mod XL,6,25.33,2024-11-18
Starter Kit,13,17.26,2024-11-18
Tanks,27,60.49,2024-11-18
Atomizers,8,49.27,2024-11-18
Replacement Coils,10,24.39,2024-11-18
Vape Juice 30ml,39,50.92,2024-11-18
Vape Juice 60ml,25,39.59,2024-11-18
E-Liquid Premium,45,42.96,2024-11-18
Zero Nicotine 30ml,25,42.08,2024-11-18
Nicotine Pods,24,53.0,2024-11-18
Atomizers,9,27.48,2024-11-18
Cotton Wicking,14,13.52,2024-11-19
Cotton Wicking,15,32.87,2024-11-19
Batteries,22,17.71,2024-11-19
Battery 18650,9,22.26,2024-11-19
Chargers,16,30.61,2024-11-19
Tank Glass,8,13.46,2024-11-19
Tank Glass,9,5.0,2024-11-19
Drip Tips,5,22.75,2024-11-19
Drip Tips,1,28.82,2024-11-19
Replacement Coils,17,33.6,2024-11-19
Charger,9,17.07,2024-11-19
Nicotine Pods,35,49.98,2024-11-19
Vape Juice 60ml,21,39.66,2024-11-19
Zero Nicotine 30ml,9,35.72,2024-11-19
E-Liquid Premium,43,54.74,2024-11-19
Vape Juice 60ml,19,52.75,2024-11-19
Vape Juice 30ml,26,55.88,2024-11-19
Vape Juice 30ml,23,50.11,2024-11-19
Tanks,27,79.74,2024-11-19
Starter Kit,9,27.78,2024-11-19
Vape Mod XL,11,41.41,2024-11-19
Pod Kit,29,57.27,2024-11-19
Zero Nicotine 30ml,9,22.01,2024-11-19
Battery 18650,9,22.67,2024-11-20
Batteries,4,43.15,2024-11-20
Batteries,5,44.03,2024-11-20
Batteries,7,24.45,2024-11-20
Battery 18650,7,19.88,2024-11-20
Cotton Wicking,22,27.17,2024-11-20
Charger,5,24.87,2024-11-20
Charger,1,31.2,2024-11-20
Tank Glass,13,24.55,2024-11-20
Drip Tips,3,36.22,2024-11-20
Drip Tips,4,25.37,2024-11-20
Chargers,17,47.49,2024-11-20
Nicotine Pods,26,50.57,2024-11-20
Replacement Coils,21,17.61,2024-11-20
E-Liquid Premium,45,39.83,2024-11-20
Pod Kit,16,52.68,2024-11-20
Vape Mod XL,13,78.58,2024-11-20
Starter Kit,7,26.83,2024-11-20
Starter Kit,7,47.19,2024-11-20
Tanks,13,59.4,2024-11-20
Tanks,13,63.62,2024-11-20
Pod Kit,15,44.17,2024-11-20
Vape Juice 30ml,37,53.73,2024-11-20
Vape Juice 60ml,11,33.75,2024-11-20
Vape Juice 60ml,11,37.38,2024-11-20
Vape Juice 60ml,14,56.78,2024-11-20
Zero Nicotine 30ml,23,36.79,2024-11-20
Atomizers,14,62.07,2024-11-20
Zero Nicotine 30ml,12,33.27,2024-11-21
Zero Nicotine 30ml,12,40.2,2024-11-21
Cotton Wicking,24,15.41,2024-11-21
Batteries,18,37.5,2024-11-21
Battery 18650,17,18.75,2024-11-21
Charger,2,21.47,2024-11-21
Charger,2,16.39,2024-11-21
Charger,3,8.54,2024-11-21
Drip Tips,13,34.97,2024-11-21
E-Liquid Premium,26,34.32,2024-11-21
Chargers,27,19.65,2024-11-21
E-Liquid Premium,26,48.09,2024-11-21
Vape Juice 30ml,60,68.98,2024-11-21
Atomizers,6,48.71,2024-11-21
Atomizers,7,50.71,2024-11-21
Atomizers,5,47.48,2024-11-21
Tanks,30,77.38,2024-11-21
Starter Kit,12,17.66,2024-11-21
Vape Mod XL,8,37.55,2024-11-21
Vape Mod XL,5,49.52,2024-11-21
Pod Kit,15,67.21,2024-11-21
Pod Kit,12,47.16,2024-11-21
Pod Kit,14,47.64,2024-11-21
Vape Juice 60ml,35,24.28,2024-11-21
Zero Nicotine 30ml,32,36.55,2024-11-22
Drip Tips,9,20.3,2024-11-22
Replacement Coils,30,33.58,2024-11-22
Cotton Wicking,44,20.94,2024-11-22
Batteries,13,5.0,2024-11-22
Drip Tips,8,45.89,2024-11-22
Battery 18650,24,19.1,2024-11-22
Chargers,19,47.35,2024-11-22
Charger,17,25.72,2024-11-22
Tank Glass,19,5.0,2024-11-22
Batteries,15,26.52,2024-11-22
E-Liquid Premium,39,49.62,2024-11-22
Nicotine Pods,31,22.29,2024-11-22
Vape Juice 60ml,43,46.66,2024-11-22
Pod Kit,55,54.33,2024-11-22
Vape Mod XL,17,42.19,2024-11-22
Starter Kit,10,43.36,2024-11-22
Starter Kit,10,21.95,2024-11-22
Atomizers,9,52.81,2024-11-22
E-Liquid Premium,40,47.77,2024-11-22
Atomizers,13,56.76,2024-11-22
Vape Juice 30ml,16,38.83,2024-11-22
Vape Juice 30ml,18,23.51,2024-11-22
Vape Juice 30ml,16,50.83,2024-11-22
Atomizers,11,53.35,2024-11-22
Nicotine Pods,8,61.17,2024-11-23
Replacement Coils,20,24.68,2024-11-23
Cotton Wicking,13,38.17,2024-11-23
Cotton Wicking,11,34.63,2024-11-23
Batteries,25,40.49,2024-11-23
Battery 18650,11,17.28,2024-11-23
Charger,9,17.96,2024-11-23
Chargers,23,39.34,2024-11-23
Charger,7,22.69,2024-11-23
Tank Glass,10,12.66,2024-11-23
Nicotine Pods,11,57.29,2024-11-23
Drip Tips,3,14.76,2024-11-23
Drip Tips,3,14.67,2024-11-23
Battery 18650,12,23.24,2024-11-23
Tank Glass,8,22.03,2024-11-23
Nicotine Pods,12,48.85,2024-11-23
E-Liquid Premium,35,53.64,2024-11-23
Zero Nicotine 30ml,37,35.31,2024-11-23
Vape Mod XL,15,59.59,2024-11-23
Starter Kit,6,40.21,2024-11-23
Starter Kit,6,44.07,2024-11-23
Starter Kit,4,41.68,2024-11-23
Atomizers,4,37.23,2024-11-23
Pod Kit,38,60.07,2024-11-23
Atomizers,5,77.27,2024-11-23
Vape Juice 30ml,54,53.33,2024-11-23
Vape Juice 60ml,15,23.37,2024-11-23
Vape Juice 60ml,18,10.71,2024-11-23
E-Liquid Premium,37,51.01,2024-11-23
Atomizers,8,61.95,2024-11-23
Drip Tips,15,17.31,2024-11-24
Battery 18650,9,23.69,2024-11-24
Battery 18650,8,27.83,2024-11-24
Battery 18650,9,17.68,2024-11-24
Chargers,8,43.66,2024-11-24
Charger,7,18.53,2024-11-24
Chargers,10,52.07,2024-11-24
Charger,7,22.26,2024-11-24
Tank Glass,19,5.0,2024-11-24
Batteries,32,43.97,2024-11-24
Chargers,6,32.69,2024-11-24
Replacement Coils,22,28.56,2024-11-24
E-Liquid Premium,83,58.18,2024-11-24
Zero Nicotine 30ml,11,23.73,2024-11-24
Nicotine Pods,49,18.63,2024-11-24
Pod Kit,16,71.46,2024-11-24
Vape Mod XL,25,57.35,2024-11-24
Starter Kit,21,33.47,2024-11-24
Tanks,25,65.84,2024-11-24
Pod Kit,16,60.35,2024-11-24
Atomizers,12,81.74,2024-11-24
Vape Juice 30ml,50,42.18,2024-11-24
Vape Juice 60ml,61,43.89,2024-11-24
Zero Nicotine 30ml,13,23.74,2024-11-24
Atomizers,10,43.73,2024-11-24
Batteries,11,56.95,2024-11-25
Drip Tips,3,16.32,2024-11-25
Drip Tips,5,23.23,2024-11-25
Tank Glass,11,20.05,2024-11-25
Tank Glass,7,15.49,2024-11-25
Charger,13,16.26,2024-11-25
Chargers,26,26.41,2024-11-25
Battery 18650,8,11.51,2024-11-25
Battery 18650,7,28.62,2024-11-25
Batteries,13,18.68,2024-11-25
Replacement Coils,10,38.38,2024-11-25
Replacement Coils,8,15.79,2024-11-25
Nicotine Pods,38,93.23,2024-11-25
Zero Nicotine 30ml,25,56.25,2024-11-25
Vape Juice 60ml,40,25.55,2024-11-25
Vape Juice 30ml,48,59.06,2024-11-25
Starter Kit,12,26.19,2024-11-25
Pod Kit,17,63.71,2024-11-25
Pod Kit,16,40.03,2024-11-25
Cotton Wicking,23,28.42,2024-11-25
E-Liquid Premium,32,49.45,2024-11-26
Zero Nicotine 30ml,28,40.77,2024-11-26
Replacement Coils,18,16.5,2024-11-26
Cotton Wicking,13,33.51,2024-11-26
Drip Tips,15,20.95,2024-11-26
Battery 18650,12,27.82,2024-11-26
Chargers,25,74.61,2024-11-26
Tank Glass,20,14.71,2024-11-26
Cotton Wicking,12,35.35,2024-11-26
Vape Juice 60ml,45,29.66,2024-11-26
E-Liquid Premium,32,53.4,2024-11-26
Vape Juice 30ml,22,34.09,2024-11-26
Pod Kit,15,50.35,2024-11-26
Pod Kit,18,77.55,2024-11-26
Vape Mod XL,19,49.35,2024-11-26
Starter Kit,13,28.11,2024-11-26
Tanks,7,49.54,2024-11-26
Vape Juice 30ml,21,42.05,2024-11-26
Tanks,10,45.89,2024-11-26
Atomizers,12,64.55,2024-11-26
Atomizers,16,30.72,2024-11-26
Tanks,11,87.0,2024-11-26
Cotton Wicking,22,51.87,2024-11-27
Batteries,14,25.08,2024-11-27
Batteries,14,5.0,2024-11-27
Battery 18650,14,13.31,2024-11-27
Chargers,9,52.28,2024-11-27
Chargers,10,28.35,2024-11-27
Charger,4,23.78,2024-11-27
Charger,2,33.12,2024-11-27
Tank Glass,20,9.83,2024-11-27
Nicotine Pods,43,52.51,2024-11-27
Drip Tips,2,22.75,2024-11-27
Chargers,9,5.0,2024-11-27
Drip Tips,4,16.94,2024-11-27
Zero Nicotine 30ml,21,33.37,2024-11-27
E-Liquid Premium,17,67.28,2024-11-27
E-Liquid Premium,19,35.13,2024-11-27
Vape Juice 60ml,33,31.94,2024-11-27
Vape Juice 30ml,73,50.58,2024-11-27
Atomizers,23,43.07,2024-11-27
Starter Kit,7,32.4,2024-11-27
Starter Kit,5,43.23,2024-11-27
Vape Mod XL,13,88.76,2024-11-27
Pod Kit,15,76.15,2024-11-27
Pod Kit,12,48.27,2024-11-27
Pod Kit,13,62.39,2024-11-27
E-Liquid Premium,20,65.73,2024-11-27
Nicotine Pods,20,16.28,2024-11-28
Replacement Coils,26,23.0,2024-11-28
Cotton Wicking,28,28.99,2024-11-28
Batteries,9,37.07,2024-11-28
Nicotine Pods,16,50.46,2024-11-28
Batteries,11,35.09,2024-11-28
Battery 18650,14,21.87,2024-11-28
Drip Tips,9,16.91,2024-11-28
Drip Tips,7,20.53,2024-11-28
Batteries,13,63.11,2024-11-28
Nicotine Pods,20,36.51,2024-11-28
Tank Glass,17,17.48,2024-11-28
E-Liquid Premium,28,58.54,2024-11-28
E-Liquid Premium,27,37.76,2024-11-28
Vape Juice 30ml,51,32.85,2024-11-28
Atomizers,30,62.02,2024-11-28
Tanks,43,48.63,2024-11-28
Starter Kit,18,38.29,2024-11-28
Vape Mod XL,20,39.13,2024-11-28
Pod Kit,12,41.99,2024-11-28
Pod Kit,13,29.14,2024-11-28
Pod Kit,16,38.97,2024-11-28
Zero Nicotine 30ml,29,45.61,2024-11-28
Replacement Coils,27,11.61,2024-11-29
Cotton Wicking,22,59.33,2024-11-29
Cotton Wicking,26,6.96,2024-11-29
Batteries,20,36.53,2024-11-29
Batteries,21,57.57,2024-11-29
Charger,6,17.43,2024-11-29
Battery 18650,8,22.14,2024-11-29
Battery 18650,10,23.2,2024-11-29
Chargers,32,32.92,2024-11-29
Charger,4,20.38,2024-11-29
Tank Glass,28,21.4,2024-11-29
Battery 18650,10,20.09,2024-11-29
Nicotine Pods,27,24.51,2024-11-29
Nicotine Pods,23,55.04,2024-11-29
Zero Nicotine 30ml,12,38.54,2024-11-29
Zero Nicotine 30ml,10,32.7,2024-11-29
Pod Kit,61,66.8,2024-11-29
Vape Mod XL,15,54.3,2024-11-29
Starter Kit,23,52.87,2024-11-29
Tanks,17,64.19,2024-11-29
Vape Mod XL,11,61.94,2024-11-29
Atomizers,30,56.57,2024-11-29
Vape Juice 30ml,47,47.07,2024-11-29
Vape Juice 30ml,49,40.45,2024-11-29
Vape Juice 60ml,72,28.29,2024-11-29
Zero Nicotine 30ml,9,13.29,2024-11-29
Tanks,16,77.22,2024-11-29
Batteries,14,5.0,2024-11-30
Nicotine Pods,17,87.24,2024-11-30
Cotton Wicking,8,29.53,2024-11-30
Cotton Wicking,8,37.94,2024-11-30
Cotton Wicking,12,22.84,2024-11-30
Batteries,13,53.22,2024-11-30
Tank Glass,24,13.42,2024-11-30
Chargers,5,23.2,2024-11-30
Chargers,6,61.95,2024-11-30
Chargers,7,48.93,2024-11-30
Charger,14,28.81,2024-11-30
Drip Tips,13,37.06,2024-11-30
Battery 18650,20,25.79,2024-11-30
Nicotine Pods,14,34.28,2024-11-30
Nicotine Pods,17,44.34,2024-11-30
Zero Nicotine 30ml,15,50.98,2024-11-30
Zero Nicotine 30ml,13,36.51,2024-11-30
Pod Kit,24,57.74,2024-11-30
Pod Kit,20,48.98,2024-11-30
Vape Mod XL,27,52.9,2024-11-30
Starter Kit,9,39.52,2024-11-30
Starter Kit,6,41.22,2024-11-30
Pod Kit,20,41.72,2024-11-30
Tanks,50,66.14,2024-11-30
Atomizers,34,73.65,2024-11-30
Vape Juice 30ml,92,67.98,2024-11-30
Vape Juice 60ml,61,20.67,2024-11-30
E-Liquid Premium,41,45.6,2024-11-30
E-Liquid Premium,41,50.92,2024-11-30
Starter Kit,8,28.42,2024-11-30
Nicotine Pods,64,64.06,2024-12-01
Tank Glass,19,5.0,2024-12-01
Charger,8,15.95,2024-12-01
Charger,6,18.35,2024-12-01
Battery 18650,22,26.6,2024-12-01
Batteries,10,19.28,2024-12-01
Batteries,13,33.44,2024-12-01
Batteries,12,41.12,2024-12-01
Zero Nicotine 30ml,33,16.67,2024-12-01
Replacement Coils,29,16.39,2024-12-01
E-Liquid Premium,31,41.16,2024-12-01
E-Liquid Premium,31,58.1,2024-12-01
Pod Kit,23,35.68,2024-12-01
Vape Mod XL,23,76.27,2024-12-01
Starter Kit,16,41.23,2024-12-01
Pod Kit,24,60.38,2024-12-01
Vape Juice 60ml,25,34.32,2024-12-01
Vape Juice 60ml,25,57.02,2024-12-01
Vape Juice 60ml,24,43.73,2024-12-01
Tanks,34,48.98,2024-12-01
Cotton Wicking,31,63.69,2024-12-02
Drip Tips,11,18.9,2024-12-02
Tank Glass,10,20.23,2024-12-02
Tank Glass,9,5.0,2024-12-02
Charger,15,19.63,2024-12-02
Chargers,25,42.45,2024-12-02
Battery 18650,12,19.83,2024-12-02
Replacement Coils,22,24.7,2024-12-02
Vape Juice 60ml,24,32.86,2024-12-02
E-Liquid Premium,58,56.18,2024-12-02
Vape Juice 60ml,22,34.78,2024-12-02
Atomizers,25,52.72,2024-12-02
Tanks,32,70.41,2024-12-02
Starter Kit,15,56.42,2024-12-02
Vape Mod XL,21,46.66,2024-12-02
Pod Kit,41,53.01,2024-12-02
Zero Nicotine 30ml,22,21.23,2024-12-02
Nicotine Pods,16,45.3,2024-12-03
Nicotine Pods,15,22.56,2024-12-03
Replacement Coils,26,18.94,2024-12-03
Batteries,28,28.57,2024-12-03
Cotton Wicking,37,43.87,2024-12-03
Chargers,7,49.78,2024-12-03
Chargers,11,28.15,2024-12-03
Charger,9,19.68,2024-12-03
Tank Glass,21,15.65,2024-12-03
Battery 18650,15,19.3,2024-12-03
E-Liquid Premium,48,39.35,2024-12-03
Zero Nicotine 30ml,35,38.05,2024-12-03
Vape Juice 60ml,16,34.7,2024-12-03
Vape Juice 60ml,19,24.03,2024-12-03
Pod Kit,35,54.79,2024-12-03
Vape Mod XL,3,41.15,2024-12-03
Vape Mod XL,3,70.62,2024-12-03
Vape Mod XL,7,69.42,2024-12-03
Atomizers,20,47.81,2024-12-03
Vape Juice 30ml,37,54.16,2024-12-03
Vape Juice 30ml,34,47.43,2024-12-03
Vape Juice 60ml,16,36.34,2024-12-03
Starter Kit,11,37.01,2024-12-03
Cotton Wicking,11,45.92,2024-12-04
Drip Tips,9,16.33,2024-12-04
Chargers,17,66.37,2024-12-04
Battery 18650,12,29.29,2024-12-04
Battery 18650,9,14.46,2024-12-04
Batteries,31,36.87,2024-12-04
Cotton Wicking,10,7.71,2024-12-04
Replacement Coils,29,16.98,2024-12-04
E-Liquid Premium,56,61.55,2024-12-04
Vape Juice 30ml,64,44.39,2024-12-04
Atomizers,15,43.98,2024-12-04
Atomizers,15,66.17,2024-12-04
Starter Kit,14,34.68,2024-12-04
Vape Mod XL,16,38.29,2024-12-04
Pod Kit,32,54.42,2024-12-04
Nicotine Pods,42,52.97,2024-12-04
Nicotine Pods,36,44.03,2024-12-05
Replacement Coils,31,32.8,2024-12-05
Cotton Wicking,24,12.54,2024-12-05
Cotton Wicking,20,50.65,2024-12-05
Batteries,25,50.93,2024-12-05
Charger,16,23.78,2024-12-05
Chargers,12,84.34,2024-12-05
Chargers,11,32.96,2024-12-05
Chargers,9,43.09,2024-12-05
Tank Glass,21,26.88,2024-12-05
Battery 18650,16,28.19,2024-12-05
Zero Nicotine 30ml,15,24.72,2024-12-05
Vape Mod XL,21,23.22,2024-12-05
E-Liquid Premium,32,34.15,2024-12-05
Pod Kit,18,46.71,2024-12-05
Zero Nicotine 30ml,18,47.71,2024-12-05
Pod Kit,18,69.04,2024-12-05
Starter Kit,11,47.16,2024-12-05
Starter Kit,9,40.21,2024-12-05
Pod Kit,17,70.55,2024-12-05
Atomizers,24,62.0,2024-12-05
Vape Juice 30ml,26,34.08,2024-12-05
Vape Juice 30ml,28,20.24,2024-12-05
E-Liquid Premium,34,46.59,2024-12-05
Tanks,44,77.41,2024-12-05
Cotton Wicking,16,28.8,2024-12-06
Drip Tips,15,26.01,2024-12-06
Tank Glass,10,15.82,2024-12-06
Tank Glass,10,18.08,2024-12-06
Charger,18,9.67,2024-12-06
Chargers,19,52.42,2024-12-06
Battery 18650,11,24.6,2024-12-06
Battery 18650,10,5.0,2024-12-06
Cotton Wicking,13,40.53,2024-12-06
Cotton Wicking,12,65.75,2024-12-06
Starter Kit,17,31.16,2024-12-06
E-Liquid Premium,67,45.71,2024-12-06
Vape Juice 30ml,48,29.38,2024-12-06
Atomizers,9,45.31,2024-12-06
Atomizers,8,72.85,2024-12-06
Atomizers,9,77.83,2024-12-06
Tanks,37,46.18,2024-12-06
Replacement Coils,23,25.58,2024-12-06
Vape Mod XL,10,56.95,2024-12-06
Vape Mod XL,7,48.69,2024-12-06
Pod Kit,43,37.74,2024-12-06
Batteries,17,12.65,2024-12-07
Batteries,14,29.65,2024-12-07
Battery 18650,21,25.09,2024-12-07
Chargers,28,66.99,2024-12-07
Drip Tips,3,23.6,2024-12-07
Tank Glass,12,8.07,2024-12-07
Drip Tips,6,23.21,2024-12-07
Replacement Coils,15,8.0,2024-12-07
Drip Tips,5,19.61,2024-12-07
Tank Glass,9,8.98,2024-12-07
Nicotine Pods,34,32.44,2024-12-07
Replacement Coils,17,18.23,2024-12-07
E-Liquid Premium,20,68.68,2024-12-07
Zero Nicotine 30ml,26,29.4,2024-12-07
Pod Kit,49,71.95,2024-12-07
Vape Mod XL,8,44.45,2024-12-07
Tanks,41,73.4,2024-12-07
Atomizers,30,67.88,2024-12-07
Vape Mod XL,11,22.05,2024-12-07
Vape Juice 60ml,17,28.06,2024-12-07
Vape Juice 60ml,14,28.93,2024-12-07
E-Liquid Premium,20,65.63,2024-12-07
E-Liquid Premium,18,59.06,2024-12-07
Vape Juice 60ml,16,39.82,2024-12-07
Batteries,10,23.67,2024-12-08
Nicotine Pods,20,64.36,2024-12-08
Replacement Coils,32,13.62,2024-12-08
Cotton Wicking,11,41.6,2024-12-08
Cotton Wicking,14,52.61,2024-12-08
Batteries,12,40.28,2024-12-08
Tank Glass,8,10.97,2024-12-08
Chargers,24,69.24,2024-12-08
Charger,15,22.76,2024-12-08
Tank Glass,8,15.18,2024-12-08
Tank Glass,7,5.0,2024-12-08
Drip Tips,13,26.29,2024-12-08
Nicotine Pods,21,37.73,2024-12-08
Battery 18650,23,21.01,2024-12-08
Zero Nicotine 30ml,19,25.49,2024-12-08
Tanks,14,41.74,2024-12-08
E-Liquid Premium,53,64.65,2024-12-08
Pod Kit,18,49.82,2024-12-08
Pod Kit,18,54.89,2024-12-08
Vape Mod XL,16,36.42,2024-12-08
Starter Kit,16,50.71,2024-12-08
Tanks,13,53.05,2024-12-08
Zero Nicotine 30ml,22,25.36,2024-12-08
Pod Kit,17,54.32,2024-12-08
Vape Juice 30ml,25,47.81,2024-12-08
Vape Juice 30ml,23,63.05,2024-12-08
Vape Juice 60ml,16,39.04,2024-12-08
Vape Juice 60ml,16,33.17,2024-12-08
Vape Juice 60ml,15,27.02,2024-12-08
Vape Juice 30ml,25,35.59,2024-12-08
Cotton Wicking,19,10.18,2024-12-09
Batteries,12,57.68,2024-12-09
Batteries,10,59.91,2024-12-09
Chargers,16,34.29,2024-12-09
Charger,4,26.38,2024-12-09
Tank Glass,16,5.0,2024-12-09
Charger,4,18.98,2024-12-09
Drip Tips,6,14.55,2024-12-09
Drip Tips,5,29.83,2024-12-09
Replacement Coils,12,7.59,2024-12-09
Charger,6,17.34,2024-12-09
Replacement Coils,9,22.53,2024-12-09
Vape Juice 60ml,16,29.0,2024-12-09
Zero Nicotine 30ml,10,9.84,2024-12-09
Zero Nicotine 30ml,11,27.22,2024-12-09
Vape Mod XL,6,45.07,2024-12-09
Vape Mod XL,4,35.89,2024-12-09
Starter Kit,11,23.77,2024-12-09
Tanks,23,71.32,2024-12-09
Pod Kit,39,59.83,2024-12-09
Atomizers,7,59.34,2024-12-09
Vape Juice 30ml,32,28.59,2024-12-09
Vape Juice 30ml,33,37.98,2024-12-09
Vape Juice 60ml,17,42.74,2024-12-09
Atomizers,8,48.62,2024-12-09
Zero Nicotine 30ml,8,39.6,2024-12-10
Tank Glass,8,27.33,2024-12-10
Tank Glass,6,27.25,2024-12-10
Charger,2,16.53,2024-12-10
Charger,2,20.19,2024-12-10
Chargers,12,57.26,2024-12-10
Battery 18650,9,24.23,2024-12-10
Batteries,20,34.92,2024-12-10
Cotton Wicking,29,32.95,2024-12-10
Drip Tips,6,26.69,2024-12-10
Zero Nicotine 30ml,10,32.68,2024-12-10
Vape Juice 60ml,39,35.82,2024-12-10
E-Liquid Premium,40,63.33,2024-12-10
Pod Kit,14,76.01,2024-12-10
Pod Kit,11,46.46,2024-12-10
Vape Mod XL,16,65.85,2024-12-10
Starter Kit,14,44.6,2024-12-10
Zero Nicotine 30ml,8,40.07,2024-12-10
Tanks,8,63.28,2024-12-10
Atomizers,8,31.9,2024-12-10
Atomizers,11,62.75,2024-12-10
Tanks,11,65.65,2024-12-10
Drip Tips,2,25.66,2024-12-11
Replacement Coils,11,19.9,2024-12-11
Drip Tips,1,19.73,2024-12-11
Tank Glass,15,22.66,2024-12-11
Charger,11,23.48,2024-12-11
Battery 18650,5,18.5,2024-12-11
Battery 18650,8,21.54,2024-12-11
Batteries,10,47.55,2024-12-11
Batteries,8,5.0,2024-12-11
Cotton Wicking,20,58.19,2024-12-11
Drip Tips,2,37.71,2024-12-11
Replacement Coils,11,22.76,2024-12-11
Nicotine Pods,17,54.11,2024-12-11
Zero Nicotine 30ml,19,34.58,2024-12-11
E-Liquid Premium,34,55.29,2024-12-11
Vape Juice 30ml,45,41.7,2024-12-11
Atomizers,15,47.71,2024-12-11
Tanks,25,60.37,2024-12-11
Starter Kit,15,37.07,2024-12-11
Vape Mod XL,6,52.64,2024-12-11
Vape Mod XL,6,58.76,2024-12-11
Pod Kit,39,57.39,2024-12-11
Nicotine Pods,18,39.31,2024-12-11
Nicotine Pods,18,26.06,2024-12-12
Cotton Wicking,16,38.22,2024-12-12
Cotton Wicking,14,63.82,2024-12-12
Batteries,12,32.15,2024-12-12
Nicotine Pods,20,98.4,2024-12-12
Battery 18650,15,20.54,2024-12-12
Chargers,13,41.64,2024-12-12
Tank Glass,7,13.29,2024-12-12
Tank Glass,5,15.21,2024-12-12
Batteries,8,39.32,2024-12-12
E-Liquid Premium,27,59.93,2024-12-12
Replacement Coils,19,25.21,2024-12-12
Vape Juice 60ml,39,39.8,2024-12-12
Pod Kit,17,60.43,2024-12-12
Tanks,24,60.95,2024-12-12
Atomizers,9,44.7,2024-12-12
Atomizers,6,55.28,2024-12-12
Pod Kit,17,50.37,2024-12-12
Vape Juice 30ml,12,61.37,2024-12-12
Vape Juice 30ml,15,53.89,2024-12-12
E-Liquid Premium,27,49.55,2024-12-12
Vape Juice 30ml,13,67.56,2024-12-12
Atomizers,9,47.48,2024-12-12
Cotton Wicking,34,34.34,2024-12-13
Drip Tips,5,28.76,2024-12-13
Drip Tips,8,43.5,2024-12-13
Charger,6,15.77,2024-12-13
Charger,2,24.65,2024-12-13
Chargers,22,34.93,2024-12-13
Battery 18650,5,14.23,2024-12-13
Battery 18650,8,20.29,2024-12-13
Battery 18650,9,23.29,2024-12-13
Batteries,27,80.56,2024-12-13
Nicotine Pods,13,48.49,2024-12-13
Nicotine Pods,15,62.97,2024-12-13
Tanks,11,81.36,2024-12-13
E-Liquid Premium,75,47.61,2024-12-13
Vape Juice 60ml,49,13.05,2024-12-13
Vape Juice 30ml,22,40.54,2024-12-13
Vape Juice 30ml,23,63.16,2024-12-13
Atomizers,17,71.9,2024-12-13
Tanks,13,55.62,2024-12-13
Tanks,10,75.86,2024-12-13
Starter Kit,18,46.98,2024-12-13
Pod Kit,50,57.85,2024-12-13
Zero Nicotine 30ml,25,33.76,2024-12-13
Cotton Wicking,8,38.41,2024-12-14
Replacement Coils,21,10.45,2024-12-14
Nicotine Pods,17,74.5,2024-12-14
Cotton Wicking,9,55.99,2024-12-14
Nicotine Pods,18,49.46,2024-12-14
Cotton Wicking,7,31.64,2024-12-14
Tank Glass,10,13.87,2024-12-14
Batteries,15,7.54,2024-12-14
Battery 18650,19,20.64,2024-12-14
Chargers,16,37.66,2024-12-14
Tank Glass,11,5.0,2024-12-14
Drip Tips,13,15.0,2024-12-14
Batteries,12,59.45,2024-12-14
Zero Nicotine 30ml,30,45.44,2024-12-14
Charger,10,20.34,2024-12-14
E-Liquid Premium,30,54.62,2024-12-14
Vape Mod XL,4,20.36,2024-12-14
Vape Mod XL,7,70.92,2024-12-14
Vape Mod XL,4,17.22,2024-12-14
Starter Kit,5,31.08,2024-12-14
Starter Kit,4,33.54,2024-12-14
Starter Kit,5,22.07,2024-12-14
E-Liquid Premium,26,55.7,2024-12-14
Tanks,9,80.49,2024-12-14
Tanks,8,62.76,2024-12-14
Atomizers,7,65.88,2024-12-14
Atomizers,11,61.38,2024-12-14
Vape Juice 30ml,75,26.67,2024-12-14
Vape Juice 60ml,48,29.42,2024-12-14
Tanks,10,41.59,2024-12-14
Nicotine Pods,51,13.57,2024-12-15
Drip Tips,10,25.13,2024-12-15
Tank Glass,14,11.89,2024-12-15
Chargers,24,29.73,2024-12-15
Battery 18650,6,14.62,2024-12-15
Battery 18650,7,20.54,2024-12-15
Batteries,28,43.39,2024-12-15
Cotton Wicking,32,38.74,2024-12-15
Zero Nicotine 30ml,39,19.72,2024-12-15
E-Liquid Premium,38,36.98,2024-12-15
Vape Juice 60ml,29,29.75,2024-12-15
Vape Juice 60ml,27,19.22,2024-12-15
Vape Juice 30ml,54,40.1,2024-12-15
Atomizers,23,50.26,2024-12-15
Tanks,33,58.43,2024-12-15
Starter Kit,12,40.83,2024-12-15
Pod Kit,51,69.95,2024-12-15
E-Liquid Premium,36,62.02,2024-12-15
Nicotine Pods,16,63.34,2024-12-16
Replacement Coils,19,15.26,2024-12-16
Batteries,11,50.28,2024-12-16
Batteries,10,9.28,2024-12-16
Battery 18650,5,12.5,2024-12-16
Charger,2,11.07,2024-12-16
Chargers,14,33.31,2024-12-16
Charger,5,23.21,2024-12-16
Drip Tips,9,21.62,2024-12-16
Tank Glass,10,24.22,2024-12-16
Battery 18650,8,17.88,2024-12-16
Nicotine Pods,20,48.52,2024-12-16
Pod Kit,10,55.63,2024-12-16
E-Liquid Premium,15,75.15,2024-12-16
E-Liquid Premium,18,39.56,2024-12-16
Pod Kit,13,57.48,2024-12-16
Pod Kit,12,55.46,2024-12-16
Starter Kit,3,54.04,2024-12-16
Starter Kit,3,49.69,2024-12-16
Vape Mod XL,15,50.02,2024-12-16
Tanks,19,60.54,2024-12-16
Vape Juice 30ml,55,57.37,2024-12-16
Vape Juice 60ml,19,23.13,2024-12-16
Vape Juice 60ml,21,40.66,2024-12-16
Starter Kit,4,30.23,2024-12-16
Batteries,9,21.09,2024-12-17
Nicotine Pods,22,47.4,2024-12-17
Cotton Wicking,13,53.86,2024-12-17
Cotton Wicking,9,15.15,2024-12-17
Batteries,10,59.02,2024-12-17
Battery 18650,5,24.62,2024-12-17
Tank Glass,5,17.13,2024-12-17
Chargers,14,43.15,2024-12-17
Charger,3,19.16,2024-12-17
Charger,5,22.15,2024-12-17
Tank Glass,5,14.18,2024-12-17
Zero Nicotine 30ml,22,19.05,2024-12-17
Battery 18650,5,14.7,2024-12-17
E-Liquid Premium,21,49.2,2024-12-17
Pod Kit,11,56.93,2024-12-17
Vape Juice 60ml,19,34.09,2024-12-17
Pod Kit,12,52.58,2024-12-17
Vape Mod XL,6,68.26,2024-12-17
Vape Mod XL,5,47.99,2024-12-17
Starter Kit,5,34.93,2024-12-17
Starter Kit,7,42.23,2024-12-17
Vape Mod XL,7,39.76,2024-12-17
Tanks,11,45.3,2024-12-17
Tanks,9,51.3,2024-12-17
Vape Juice 60ml,20,29.02,2024-12-17
E-Liquid Premium,23,59.9,2024-12-17
Vape Juice 30ml,17,51.64,2024-12-17
Atomizers,22,54.8,2024-12-17
Vape Juice 30ml,14,42.1,2024-12-17
Nicotine Pods,32,56.73,2024-12-18
Drip Tips,10,25.64,2024-12-18
Tank Glass,1,20.77,2024-12-18
Tank Glass,1,22.52,2024-12-18
Charger,8,19.08,2024-12-18
Chargers,16,47.8,2024-12-18
Battery 18650,15,24.05,2024-12-18
Batteries,16,24.81,2024-12-18
Replacement Coils,22,20.6,2024-12-18
Tank Glass,2,9.19,2024-12-18
Vape Juice 60ml,27,34.87,2024-12-18
Vape Juice 30ml,55,57.73,2024-12-18
Atomizers,11,58.8,2024-12-18
Atomizers,12,45.52,2024-12-18
Tanks,19,70.6,2024-12-18
Starter Kit,9,47.67,2024-12-18
Vape Mod XL,12,47.96,2024-12-18
Pod Kit,11,38.8,2024-12-18
Pod Kit,12,51.71,2024-12-18
Pod Kit,11,44.49,2024-12-18
E-Liquid Premium,48,31.99,2024-12-18
Replacement Coils,18,24.7,2024-12-19
Cotton Wicking,23,31.16,2024-12-19
Batteries,11,14.01,2024-12-19
Batteries,10,5.0,2024-12-19
Batteries,11,44.3,2024-12-19
Drip Tips,1,32.41,2024-12-19
Chargers,22,20.9,2024-12-19
Charger,11,22.94,2024-12-19
Tank Glass,18,5.0,2024-12-19
Drip Tips,3,27.13,2024-12-19
Drip Tips,1,10.57,2024-12-19
Battery 18650,10,17.27,2024-12-19
Nicotine Pods,38,45.05,2024-12-19
E-Liquid Premium,23,67.35,2024-12-19
E-Liquid Premium,27,49.44,2024-12-19
Vape Juice 60ml,43,22.83,2024-12-19
Vape Juice 30ml,25,52.59,2024-12-19
Vape Juice 30ml,24,63.38,2024-12-19
Atomizers,14,62.43,2024-12-19
Starter Kit,3,25.52,2024-12-19
Starter Kit,2,36.78,2024-12-19
Starter Kit,5,33.98,2024-12-19
Vape Mod XL,4,40.76,2024-12-19
Vape Mod XL,4,51.95,2024-12-19
Pod Kit,27,59.83,2024-12-19
Zero Nicotine 30ml,23,32.57,2024-12-19
Cotton Wicking,15,9.63,2024-12-20
Batteries,29,37.33,2024-12-20
Battery 18650,8,17.23,2024-12-20
Battery 18650,4,18.79,2024-12-20
Drip Tips,15,34.32,2024-12-20
Chargers,16,51.31,2024-12-20
Tank Glass,4,6.2,2024-12-20
Tank Glass,3,17.23,2024-12-20
Tank Glass,4,22.35,2024-12-20
Chargers,15,55.01,2024-12-20
Cotton Wicking,15,20.41,2024-12-20
Replacement Coils,12,29.1,2024-12-20
Zero Nicotine 30ml,24,15.42,2024-12-20
E-Liquid Premium,45,69.69,2024-12-20
Vape Juice 60ml,50,14.1,2024-12-20
Vape Juice 30ml,39,37.96,2024-12-20
Vape Juice 30ml,37,50.04,2024-12-20
Atomizers,17,72.46,2024-12-20
Tanks,9,62.35,2024-12-20
Tanks,11,65.38,2024-12-20
Starter Kit,17,33.23,2024-12-20
Replacement Coils,11,31.33,2024-12-20
Cotton Wicking,26,27.17,2024-12-21
Batteries,37,17.99,2024-12-21
Battery 18650,14,18.11,2024-12-21
Battery 18650,10,14.52,2024-12-21
Replacement Coils,28,28.58,2024-12-21
Drip Tips,16,26.23,2024-12-21
Charger,5,35.39,2024-12-21
Tank Glass,20,11.5,2024-12-21
Charger,7,21.61,2024-12-21
Zero Nicotine 30ml,38,28.17,2024-12-21
Vape Mod XL,9,24.68,2024-12-21
Vape Juice 60ml,58,40.36,2024-12-21
Vape Juice 30ml,65,36.0,2024-12-21
Atomizers,30,36.59,2024-12-21
Tanks,37,38.08,2024-12-21
Starter Kit,22,25.66,2024-12-21
Vape Mod XL,9,53.06,2024-12-21
Vape Mod XL,7,63.06,2024-12-21
Pod Kit,49,56.67,2024-12-21
E-Liquid Premium,87,44.72,2024-12-21
Nicotine Pods,18,39.27,2024-12-22
Replacement Coils,32,32.69,2024-12-22
Cotton Wicking,33,40.21,2024-12-22
Batteries,20,17.47,2024-12-22
Batteries,18,33.98,2024-12-22
Charger,9,24.06,2024-12-22
Chargers,10,55.66,2024-12-22
Chargers,11,68.33,2024-12-22
Charger,8,19.33,2024-12-22
Nicotine Pods,17,20.14,2024-12-22
Drip Tips,16,37.84,2024-12-22
Battery 18650,16,21.79,2024-12-22
E-Liquid Premium,88,49.67,2024-12-22
Nicotine Pods,16,71.85,2024-12-22
Vape Juice 60ml,24,44.03,2024-12-22
Vape Juice 60ml,24,20.67,2024-12-22
Pod Kit,12,81.77,2024-12-22
Pod Kit,13,52.62,2024-12-22
Starter Kit,2,25.8,2024-12-22
Starter Kit,6,31.71,2024-12-22
Starter Kit,5,48.28,2024-12-22
Pod Kit,11,44.47,2024-12-22
Tanks,15,69.53,2024-12-22
Atomizers,33,23.1,2024-12-22
Vape Juice 30ml,41,53.33,2024-12-22
Vape Juice 30ml,38,51.87,2024-12-22
Tanks,17,65.44,2024-12-22
Cotton Wicking,12,27.97,2024-12-23
Cotton Wicking,13,60.65,2024-12-23
Batteries,11,51.46,2024-12-23
Batteries,12,40.92,2024-12-23
Battery 18650,6,17.07,2024-12-23
Chargers,12,62.84,2024-12-23
Chargers,9,59.52,2024-12-23
Charger,7,21.65,2024-12-23
Tank Glass,12,5.08,2024-12-23
Drip Tips,7,35.33,2024-12-23
Replacement Coils,14,16.59,2024-12-23
Battery 18650,3,14.61,2024-12-23
Nicotine Pods,11,24.1,2024-12-23
Nicotine Pods,10,18.93,2024-12-23
Pod Kit,19,64.78,2024-12-23
Pod Kit,16,51.21,2024-12-23
Vape Mod XL,9,50.68,2024-12-23
Vape Mod XL,9,19.33,2024-12-23
Starter Kit,6,24.03,2024-12-23
Starter Kit,6,22.74,2024-12-23
Nicotine Pods,8,49.44,2024-12-23
Atomizers,17,59.25,2024-12-23
Vape Juice 30ml,42,60.78,2024-12-23
Vape Juice 60ml,41,37.19,2024-12-23
Zero Nicotine 30ml,17,26.12,2024-12-23
Zero Nicotine 30ml,17,24.39,2024-12-23
Tanks,32,54.07,2024-12-23
Replacement Coils,3,13.05,2024-12-24
Cotton Wicking,25,42.75,2024-12-24
Batteries,21,90.03,2024-12-24
Battery 18650,11,16.61,2024-12-24
Chargers,17,77.65,2024-12-24
Tank Glass,9,30.33,2024-12-24
Charger,6,26.07,2024-12-24
Tank Glass,7,6.62,2024-12-24
Drip Tips,4,37.62,2024-12-24
Drip Tips,6,24.55,2024-12-24
Replacement Coils,6,14.53,2024-12-24
Charger,5,22.66,2024-12-24
Nicotine Pods,15,9.87,2024-12-24
Vape Juice 60ml,26,61.85,2024-12-24
Nicotine Pods,13,20.24,2024-12-24
Pod Kit,41,48.66,2024-12-24
Vape Mod XL,6,57.21,2024-12-24
Vape Mod XL,10,30.74,2024-12-24
Replacement Coils,7,24.38,2024-12-24
Tanks,19,62.03,2024-12-24
Starter Kit,14,23.3,2024-12-24
Atomizers,9,13.5,2024-12-24
Vape Juice 30ml,51,72.8,2024-12-24
E-Liquid Premium,46,42.58,2024-12-24
Zero Nicotine 30ml,26,30.81,2024-12-24
Atomizers,9,74.6,2024-12-24
Batteries,13,36.03,2024-12-25
Replacement Coils,18,27.0,2024-12-25
Cotton Wicking,22,34.93,2024-12-25
Batteries,14,55.16,2024-12-25
Battery 18650,10,28.19,2024-12-25
Nicotine Pods,48,84.34,2024-12-25
Chargers,6,17.01,2024-12-25
Chargers,8,36.15,2024-12-25
Tank Glass,6,11.48,2024-12-25
Tank Glass,5,13.07,2024-12-25
Drip Tips,9,33.82,2024-12-25
Battery 18650,10,27.62,2024-12-25
Zero Nicotine 30ml,39,16.29,2024-12-25
Atomizers,10,63.06,2024-12-25
E-Liquid Premium,21,53.59,2024-12-25
Vape Mod XL,12,35.84,2024-12-25
Starter Kit,13,45.37,2024-12-25
Tanks,32,65.17,2024-12-25
E-Liquid Premium,22,39.64,2024-12-25
Atomizers,10,80.26,2024-12-25
Pod Kit,40,68.49,2024-12-25
Vape Juice 30ml,31,41.86,2024-12-25
Vape Juice 60ml,28,33.18,2024-12-25
Vape Juice 60ml,27,23.41,2024-12-25
E-Liquid Premium,22,80.15,2024-12-25
Vape Juice 30ml,31,38.83,2024-12-25
Batteries,13,10.97,2024-12-26
Batteries,10,38.54,2024-12-26
Battery 18650,19,19.63,2024-12-26
Chargers,12,6.4,2024-12-26
Chargers,10,49.68,2024-12-26
Tank Glass,9,11.35,2024-12-26
Tank Glass,7,12.59,2024-12-26
Tank Glass,8,5.0,2024-12-26
Drip Tips,14,25.4,2024-12-26
Replacement Coils,33,19.39,2024-12-26
Charger,17,17.81,2024-12-26
Zero Nicotine 30ml,21,30.87,2024-12-26
Nicotine Pods,31,36.42,2024-12-26
Vape Juice 60ml,15,23.93,2024-12-26
Zero Nicotine 30ml,19,37.06,2024-12-26
Pod Kit,57,58.31,2024-12-26
Vape Mod XL,7,64.85,2024-12-26
Vape Mod XL,8,36.96,2024-12-26
Tanks,42,64.77,2024-12-26
Atomizers,31,18.96,2024-12-26
Starter Kit,20,29.58,2024-12-26
Vape Juice 30ml,25,30.7,2024-12-26
Vape Juice 30ml,27,35.23,2024-12-26
Vape Juice 60ml,16,30.4,2024-12-26
Vape Juice 60ml,19,30.96,2024-12-26
Vape Juice 30ml,24,22.19,2024-12-26
Battery 18650,4,13.47,2024-12-27
Batteries,22,5.0,2024-12-27
Cotton Wicking,31,41.54,2024-12-27
Batteries,25,86.68,2024-12-27
Battery 18650,6,20.53,2024-12-27
Battery 18650,5,30.35,2024-12-27
Chargers,10,22.39,2024-12-27
Drip Tips,9,18.91,2024-12-27
Chargers,12,36.65,2024-12-27
Drip Tips,5,49.85,2024-12-27
Charger,21,20.13,2024-12-27
Tank Glass,19,9.16,2024-12-27
Drip Tips,7,25.74,2024-12-27
Replacement Coils,16,25.25,2024-12-27
Chargers,9,23.87,2024-12-27
Replacement Coils,17,19.86,2024-12-27
Starter Kit,8,35.5,2024-12-27
Nicotine Pods,18,41.03,2024-12-27
Nicotine Pods,20,53.38,2024-12-27
Vape Mod XL,16,63.1,2024-12-27
Vape Mod XL,14,45.93,2024-12-27
Starter Kit,6,40.87,2024-12-27
Tanks,52,45.31,2024-12-27
Atomizers,35,37.18,2024-12-27
Starter Kit,6,17.95,2024-12-27
Vape Juice 60ml,18,42.71,2024-12-27
Vape Juice 60ml,20,29.97,2024-12-27
E-Liquid Premium,42,48.72,2024-12-27
E-Liquid Premium,45,44.57,2024-12-27
Zero Nicotine 30ml,47,22.87,2024-12-27
Nicotine Pods,19,37.6,2024-12-27
Vape Juice 60ml,21,52.28,2024-12-27
Battery 18650,7,11.47,2024-12-28
Cotton Wicking,42,62.65,2024-12-28
Batteries,19,49.56,2024-12-28
Batteries,19,41.82,2024-12-28
Battery 18650,3,16.79,2024-12-28
Battery 18650,4,28.62,2024-12-28
Replacement Coils,39,18.25,2024-12-28
Chargers,12,64.75,2024-12-28
Chargers,13,30.23,2024-12-28
Charger,8,11.94,2024-12-28
Charger,5,18.57,2024-12-28
Tank Glass,28,16.36,2024-12-28
Drip Tips,10,20.92,2024-12-28
Chargers,10,65.03,2024-12-28
Nicotine Pods,16,35.72,2024-12-28
Drip Tips,7,29.41,2024-12-28
Nicotine Pods,15,16.06,2024-12-28
Nicotine Pods,16,27.05,2024-12-28
Pod Kit,27,73.22,2024-12-28
Vape Mod XL,17,59.96,2024-12-28
Vape Mod XL,14,43.32,2024-12-28
Starter Kit,8,38.42,2024-12-28
Starter Kit,9,44.44,2024-12-28
Tanks,35,61.94,2024-12-28
Pod Kit,23,43.06,2024-12-28
Atomizers,11,68.78,2024-12-28
Vape Juice 60ml,63,11.69,2024-12-28
E-Liquid Premium,104,64.05,2024-12-28
Zero Nicotine 30ml,12,5.0,2024-12-28
Zero Nicotine 30ml,13,70.1,2024-12-28
Zero Nicotine 30ml,13,19.52,2024-12-28
Atomizers,12,50.78,2024-12-28
Nicotine Pods,28,51.09,2024-12-29
Replacement Coils,36,18.06,2024-12-29
Cotton Wicking,53,24.13,2024-12-29
Batteries,21,44.62,2024-12-29
Batteries,24,72.57,2024-12-29
Battery 18650,18,19.35,2024-12-29
Tank Glass,11,5.0,2024-12-29
Charger,20,14.96,2024-12-29
Tank Glass,8,7.1,2024-12-29
Tank Glass,7,7.66,2024-12-29
Drip Tips,13,22.93,2024-12-29
Nicotine Pods,30,43.25,2024-12-29
Chargers,32,28.07,2024-12-29
Zero Nicotine 30ml,23,19.86,2024-12-29
E-Liquid Premium,40,64.73,2024-12-29
Pod Kit,48,62.02,2024-12-29
Zero Nicotine 30ml,24,40.28,2024-12-29
Vape Mod XL,5,49.98,2024-12-29
Vape Mod XL,8,29.85,2024-12-29
Vape Mod XL,8,43.54,2024-12-29
Tanks,16,51.71,2024-12-29
Starter Kit,17,28.43,2024-12-29
Atomizers,30,55.18,2024-12-29
Vape Juice 30ml,62,46.88,2024-12-29
Vape Juice 60ml,34,32.36,2024-12-29
Vape Juice 60ml,38,50.07,2024-12-29
E-Liquid Premium,41,35.12,2024-12-29
Tanks,19,82.1,2024-12-29
Batteries,13,35.33,2024-12-30
Cotton Wicking,34,42.24,2024-12-30
Drip Tips,4,27.46,2024-12-30
Batteries,9,38.97,2024-12-30
Batteries,10,51.79,2024-12-30
Replacement Coils,25,17.56,2024-12-30
Chargers,10,52.52,2024-12-30
Chargers,10,40.13,2024-12-30
Charger,9,16.39,2024-12-30
Tank Glass,16,10.25,2024-12-30
Drip Tips,8,30.24,2024-12-30
Battery 18650,20,17.96,2024-12-30
Nicotine Pods,41,35.81,2024-12-30
Vape Juice 60ml,51,47.98,2024-12-30
E-Liquid Premium,24,56.14,2024-12-30
Pod Kit,24,55.69,2024-12-30
Pod Kit,24,61.94,2024-12-30
Vape Mod XL,18,69.96,2024-12-30
Starter Kit,17,42.11,2024-12-30
Tanks,26,33.31,2024-12-30
Zero Nicotine 30ml,28,38.46,2024-12-30
Atomizers,6,52.39,2024-12-30
Atomizers,4,73.0,2024-12-30
Vape Juice 30ml,75,38.89,2024-12-30
E-Liquid Premium,22,59.09,2024-12-30
Atomizers,7,58.98,2024-12-30
Zero Nicotine 30ml,23,33.55,2024-12-31
Nicotine Pods,16,64.24,2024-12-31
Nicotine Pods,13,73.14,2024-12-31
Replacement Coils,16,28.33,2024-12-31
Replacement Coils,16,29.79,2024-12-31
Battery 18650,5,22.22,2024-12-31
Battery 18650,5,15.06,2024-12-31
Charger,11,18.41,2024-12-31
Tank Glass,21,5.89,2024-12-31
E-Liquid Premium,25,45.95,2024-12-31
Drip Tips,5,28.27,2024-12-31
Batteries,27,24.89,2024-12-31
Drip Tips,8,25.49,2024-12-31
E-Liquid Premium,23,57.27,2024-12-31
Vape Juice 60ml,52,44.8,2024-12-31
Vape Juice 30ml,20,58.42,2024-12-31
Vape Juice 30ml,20,55.9,2024-12-31
Atomizers,5,53.74,2024-12-31
Atomizers,8,55.69,2024-12-31
Atomizers,5,58.14,2024-12-31
Tanks,31,69.11,2024-12-31
Vape Mod XL,6,37.62,2024-12-31
Vape Mod XL,4,58.86,2024-12-31
Vape Mod XL,5,55.53,2024-12-31
Pod Kit,34,55.52,2024-12-31
E-Liquid Premium,26,43.1,2024-12-31
Replacement Coils,11,20.09,2025-01-01
Cotton Wicking,4,27.03,2025-01-01
Cotton Wicking,4,23.97,2025-01-01
Cotton Wicking,5,5.0,2025-01-01
Charger,5,20.3,2025-01-01
Battery 18650,1,14.24,2025-01-01
Battery 18650,1,27.87,2025-01-01
Battery 18650,2,21.29,2025-01-01
Chargers,11,27.96,2025-01-01
Batteries,22,36.02,2025-01-01
Nicotine Pods,21,36.0,2025-01-01
Replacement Coils,11,6.25,2025-01-01
E-Liquid Premium,21,70.22,2025-01-01
Pod Kit,31,67.29,2025-01-01
Vape Mod XL,12,22.01,2025-01-01
Tanks,21,66.7,2025-01-01
Atomizers,9,30.57,2025-01-01
Atomizers,7,63.81,2025-01-01
Zero Nicotine 30ml,15,23.89,2025-01-01
Vape Juice 30ml,13,23.04,2025-01-01
Vape Juice 30ml,17,38.64,2025-01-01
Vape Juice 60ml,24,42.18,2025-01-01
E-Liquid Premium,18,41.98,2025-01-01
Vape Juice 30ml,13,56.8,2025-01-01
Cotton Wicking,21,34.9,2025-01-02
Drip Tips,10,28.94,2025-01-02
Tank Glass,11,13.66,2025-01-02
Charger,3,25.25,2025-01-02
Charger,4,20.52,2025-01-02
Chargers,7,66.44,2025-01-02
Chargers,8,45.94,2025-01-02
Battery 18650,5,15.95,2025-01-02
Battery 18650,6,23.09,2025-01-02
Batteries,20,38.61,2025-01-02
Replacement Coils,19,23.37,2025-01-02
Nicotine Pods,17,18.03,2025-01-02
Starter Kit,10,37.34,2025-01-02
Zero Nicotine 30ml,13,51.2,2025-01-02
Zero Nicotine 30ml,14,20.52,2025-01-02
E-Liquid Premium,25,42.98,2025-01-02
E-Liquid Premium,22,47.28,2025-01-02
Vape Juice 60ml,36,20.93,2025-01-02
Vape Juice 30ml,25,34.15,2025-01-02
Vape Juice 30ml,23,51.36,2025-01-02
Atomizers,12,56.36,2025-01-02
Tanks,27,45.18,2025-01-02
Nicotine Pods,17,57.19,2025-01-02
Cotton Wicking,13,49.32,2025-01-03
Cotton Wicking,16,34.79,2025-01-03
Batteries,25,44.81,2025-01-03
Battery 18650,10,23.16,2025-01-03
Replacement Coils,20,39.55,2025-01-03
Tank Glass,6,5.0,2025-01-03
Tank Glass,4,5.0,2025-01-03
Drip Tips,5,36.8,2025-01-03
Chargers,14,32.13,2025-01-03
Nicotine Pods,32,46.74,2025-01-03
Drip Tips,6,22.22,2025-01-03
Zero Nicotine 30ml,15,15.3,2025-01-03
E-Liquid Premium,62,50.7,2025-01-03
Vape Juice 60ml,49,48.56,2025-01-03
Vape Juice 30ml,62,48.82,2025-01-03
Atomizers,22,75.36,2025-01-03
Tanks,27,34.77,2025-01-03
Starter Kit,2,37.22,2025-01-03
Starter Kit,2,34.36,2025-01-03
Starter Kit,3,41.93,2025-01-03
Pod Kit,43,49.3,2025-01-03
Zero Nicotine 30ml,11,22.31,2025-01-03
Zero Nicotine 30ml,8,21.69,2025-01-04
Nicotine Pods,18,42.25,2025-01-04
Nicotine Pods,16,28.08,2025-01-04
Replacement Coils,18,20.42,2025-01-04
Drip Tips,10,31.93,2025-01-04
Battery 18650,17,21.13,2025-01-04
Charger,7,18.95,2025-01-04
Charger,6,13.4,2025-01-04
Zero Nicotine 30ml,10,15.91,2025-01-04
Batteries,31,22.94,2025-01-04
E-Liquid Premium,63,61.09,2025-01-04
Tank Glass,18,21.63,2025-01-04
Vape Juice 30ml,45,57.23,2025-01-04
Pod Kit,18,49.61,2025-01-04
Pod Kit,19,50.62,2025-01-04
Vape Mod XL,7,61.17,2025-01-04
Vape Mod XL,7,34.51,2025-01-04
Vape Juice 60ml,43,28.03,2025-01-04
Starter Kit,7,29.37,2025-01-04
Starter Kit,6,47.42,2025-01-04
Tanks,32,58.09,2025-01-04
Atomizers,20,55.66,2025-01-04
Starter Kit,7,37.5,2025-01-04
Zero Nicotine 30ml,13,53.27,2025-01-05
Drip Tips,3,38.97,2025-01-05
Tank Glass,14,11.5,2025-01-05
Charger,8,16.9,2025-01-05
Battery 18650,18,32.05,2025-01-05
Batteries,28,53.13,2025-01-05
Cotton Wicking,20,35.3,2025-01-05
Replacement Coils,26,21.59,2025-01-05
Nicotine Pods,43,34.07,2025-01-05
Drip Tips,4,33.27,2025-01-05
Zero Nicotine 30ml,11,12.99,2025-01-05
Vape Juice 60ml,29,17.62,2025-01-05
Vape Juice 30ml,40,61.52,2025-01-05
Tanks,10,67.98,2025-01-05
Tanks,14,77.09,2025-01-05
Starter Kit,7,19.46,2025-01-05
Starter Kit,5,32.92,2025-01-05
Vape Mod XL,18,40.61,2025-01-05
Pod Kit,16,60.46,2025-01-05
Pod Kit,14,65.95,2025-01-05
E-Liquid Premium,60,41.07,2025-01-05
Batteries,6,46.44,2025-01-06
Batteries,7,15.46,2025-01-06
Battery 18650,11,28.17,2025-01-06
Chargers,11,41.98,2025-01-06
Drip Tips,1,39.68,2025-01-06
Charger,2,17.11,2025-01-06
Tank Glass,7,9.19,2025-01-06
Drip Tips,1,27.05,2025-01-06
Drip Tips,4,40.8,2025-01-06
Charger,1,20.05,2025-01-06
Cotton Wicking,21,55.63,2025-01-06
Nicotine Pods,16,47.43,2025-01-06
Zero Nicotine 30ml,5,48.16,2025-01-06
Pod Kit,10,51.55,2025-01-06
Pod Kit,10,66.38,2025-01-06
Vape Mod XL,7,52.74,2025-01-06
Starter Kit,10,37.5,2025-01-06
Tanks,20,61.18,2025-01-06
Zero Nicotine 30ml,6,40.39,2025-01-06
Vape Juice 30ml,40,29.42,2025-01-06
Vape Juice 60ml,16,29.73,2025-01-06
E-Liquid Premium,37,42.36,2025-01-06
Zero Nicotine 30ml,6,21.53,2025-01-06
Atomizers,15,46.86,2025-01-06
Cotton Wicking,12,29.22,2025-01-07
Drip Tips,7,21.27,2025-01-07
Tank Glass,3,20.48,2025-01-07
Chargers,11,52.0,2025-01-07
Battery 18650,1,24.53,2025-01-07
Battery 18650,1,12.03,2025-01-07
Battery 18650,2,15.02,2025-01-07
Batteries,7,21.62,2025-01-07
Batteries,8,5.0,2025-01-07
Cotton Wicking,11,5.0,2025-01-07
Replacement Coils,16,29.34,2025-01-07
Tank Glass,4,6.98,2025-01-07
Nicotine Pods,3,45.11,2025-01-07
Pod Kit,28,56.52,2025-01-07
Tanks,9,53.08,2025-01-07
Tanks,11,50.15,2025-01-07
Atomizers,3,56.22,2025-01-07
Atomizers,4,54.09,2025-01-07
Nicotine Pods,4,72.13,2025-01-07
Vape Juice 60ml,17,51.67,2025-01-07
E-Liquid Premium,36,64.62,2025-01-07
Zero Nicotine 30ml,14,36.16,2025-01-07
Nicotine Pods,6,5.0,2025-01-07
Vape Juice 30ml,30,41.37,2025-01-07
Nicotine Pods,11,102.83,2025-01-08
Tank Glass,1,10.03,2025-01-08
Tank Glass,4,11.21,2025-01-08
Charger,7,22.28,2025-01-08
Batteries,7,14.75,2025-01-08
Batteries,4,13.47,2025-01-08
Cotton Wicking,17,82.63,2025-01-08
Replacement Coils,10,18.88,2025-01-08
Nicotine Pods,14,37.25,2025-01-08
Drip Tips,6,5.0,2025-01-08
Zero Nicotine 30ml,12,33.74,2025-01-08
Vape Juice 30ml,14,37.2,2025-01-08
Vape Juice 30ml,18,34.97,2025-01-08
Atomizers,5,66.56,2025-01-08
Atomizers,4,28.65,2025-01-08
Tanks,14,58.31,2025-01-08
Starter Kit,8,53.19,2025-01-08
Vape Mod XL,11,45.82,2025-01-08
Pod Kit,7,73.78,2025-01-08
Pod Kit,7,53.33,2025-01-08
Vape Juice 60ml,20,29.65,2025-01-08
Nicotine Pods,8,49.95,2025-01-09
Replacement Coils,13,9.38,2025-01-09
Cotton Wicking,3,33.02,2025-01-09
Cotton Wicking,4,5.0,2025-01-09
Cotton Wicking,4,45.54,2025-01-09
Drip Tips,5,8.0,2025-01-09
Chargers,12,49.25,2025-01-09
Charger,6,18.2,2025-01-09
Tank Glass,13,12.88,2025-01-09
Drip Tips,2,50.15,2025-01-09
Nicotine Pods,8,79.96,2025-01-09
Batteries,19,5.0,2025-01-09
Nicotine Pods,7,49.31,2025-01-09
Starter Kit,4,42.49,2025-01-09
Zero Nicotine 30ml,9,45.37,2025-01-09
Vape Mod XL,9,59.29,2025-01-09
Starter Kit,7,54.74,2025-01-09
Tanks,18,38.44,2025-01-09
Atomizers,11,64.58,2025-01-09
Pod Kit,22,41.31,2025-01-09
Vape Juice 30ml,13,47.56,2025-01-09
Vape Juice 30ml,14,31.45,2025-01-09
Zero Nicotine 30ml,8,25.04,2025-01-09
Zero Nicotine 30ml,7,20.61,2025-01-09
E-Liquid Premium,39,54.76,2025-01-09
Vape Juice 60ml,29,54.74,2025-01-09
Replacement Coils,10,25.66,2025-01-10
Tank Glass,9,19.45,2025-01-10
Charger,7,17.87,2025-01-10
Battery 18650,2,12.84,2025-01-10
Battery 18650,1,20.26,2025-01-10
Battery 18650,1,15.27,2025-01-10
Batteries,14,49.49,2025-01-10
Cotton Wicking,13,36.91,2025-01-10
Cotton Wicking,13,32.82,2025-01-10
Drip Tips,7,41.03,2025-01-10
Chargers,14,41.69,2025-01-10
Replacement Coils,12,20.0,2025-01-10
Zero Nicotine 30ml,20,32.63,2025-01-10
E-Liquid Premium,14,54.08,2025-01-10
E-Liquid Premium,16,32.07,2025-01-10
Vape Juice 60ml,27,32.9,2025-01-10
Atomizers,17,65.36,2025-01-10
Tanks,21,72.71,2025-01-10
Vape Mod XL,7,51.27,2025-01-10
Vape Mod XL,7,38.82,2025-01-10
Pod Kit,13,53.08,2025-01-10
Pod Kit,17,57.25,2025-01-10
Nicotine Pods,21,38.4,2025-01-10
Cotton Wicking,12,26.05,2025-01-11
Cotton Wicking,10,50.95,2025-01-11
Batteries,9,80.46,2025-01-11
Batteries,12,28.14,2025-01-11
Battery 18650,11,18.42,2025-01-11
Drip Tips,3,37.85,2025-01-11
Chargers,4,16.0,2025-01-11
Charger,5,11.82,2025-01-11
Tank Glass,12,16.7,2025-01-11
Drip Tips,3,17.62,2025-01-11
Replacement Coils,18,13.76,2025-01-11
Chargers,4,50.62,2025-01-11
Nicotine Pods,26,44.84,2025-01-11
Vape Mod XL,5,48.55,2025-01-11
E-Liquid Premium,35,46.05,2025-01-11
Zero Nicotine 30ml,18,23.87,2025-01-11
Vape Mod XL,5,43.19,2025-01-11
Starter Kit,8,39.19,2025-01-11
Tanks,20,66.82,2025-01-11
Atomizers,5,49.67,2025-01-11
Pod Kit,30,46.04,2025-01-11
Vape Juice 30ml,16,42.86,2025-01-11
Vape Juice 30ml,18,32.12,2025-01-11
Vape Juice 30ml,19,40.7,2025-01-11
Vape Juice 60ml,28,7.26,2025-01-11
Atomizers,9,7.4,2025-01-11
Nicotine Pods,12,32.09,2025-01-12
Drip Tips,8,24.68,2025-01-12
Tank Glass,4,6.34,2025-01-12
Tank Glass,4,16.45,2025-01-12
Chargers,17,70.99,2025-01-12
Battery 18650,9,16.93,2025-01-12
Batteries,16,7.36,2025-01-12
Cotton Wicking,16,21.53,2025-01-12
Replacement Coils,6,23.14,2025-01-12
Replacement Coils,9,29.95,2025-01-12
Nicotine Pods,13,50.09,2025-01-12
Zero Nicotine 30ml,18,36.75,2025-01-12
E-Liquid Premium,38,67.27,2025-01-12
Vape Juice 60ml,16,36.39,2025-01-12
Vape Juice 60ml,15,37.9,2025-01-12
Vape Juice 30ml,50,50.47,2025-01-12
Atomizers,17,53.27,2025-01-12
Tanks,12,62.44,2025-01-12
Tanks,10,63.98,2025-01-12
Starter Kit,10,29.11,2025-01-12
Vape Mod XL,15,45.57,2025-01-12
Pod Kit,34,64.49,2025-01-12
Tank Glass,7,23.12,2025-01-13
Cotton Wicking,6,43.15,2025-01-13
Cotton Wicking,2,20.28,2025-01-13
Cotton Wicking,3,13.42,2025-01-13
Charger,7,23.59,2025-01-13
Battery 18650,6,23.32,2025-01-13
Battery 18650,3,8.82,2025-01-13
Chargers,8,42.73,2025-01-13
Replacement Coils,5,12.26,2025-01-13
Batteries,14,37.93,2025-01-13
Nicotine Pods,23,58.1,2025-01-13
Replacement Coils,4,32.4,2025-01-13
E-Liquid Premium,33,61.56,2025-01-13
Pod Kit,14,44.31,2025-01-13
Vape Mod XL,7,35.62,2025-01-13
Starter Kit,7,23.93,2025-01-13
Tanks,9,73.47,2025-01-13
Zero Nicotine 30ml,13,33.31,2025-01-13
Atomizers,8,68.12,2025-01-13
Atomizers,5,59.67,2025-01-13
Vape Juice 30ml,15,46.4,2025-01-13
Vape Juice 30ml,14,54.61,2025-01-13
Tanks,9,63.67,2025-01-13
Zero Nicotine 30ml,6,45.44,2025-01-14
Nicotine Pods,8,49.18,2025-01-14
Nicotine Pods,5,5.74,2025-01-14
Replacement Coils,6,8.58,2025-01-14
Replacement Coils,5,14.22,2025-01-14
Batteries,12,18.8,2025-01-14
Cotton Wicking,7,28.5,2025-01-14
Battery 18650,6,23.79,2025-01-14
Chargers,9,43.21,2025-01-14
Zero Nicotine 30ml,7,26.16,2025-01-14
Drip Tips,6,13.53,2025-01-14
Cotton Wicking,8,26.69,2025-01-14
Tank Glass,8,25.74,2025-01-14
E-Liquid Premium,11,40.21,2025-01-14
Vape Juice 60ml,11,28.04,2025-01-14
E-Liquid Premium,12,58.56,2025-01-14
Pod Kit,17,53.67,2025-01-14
Vape Mod XL,1,22.62,2025-01-14
Vape Mod XL,3,58.79,2025-01-14
Starter Kit,3,32.39,2025-01-14
Vape Mod XL,4,40.22,2025-01-14
Atomizers,2,35.44,2025-01-14
Atomizers,2,63.44,2025-01-14
Vape Juice 30ml,28,48.53,2025-01-14
Vape Juice 60ml,7,27.15,2025-01-14
Vape Juice 60ml,9,23.97,2025-01-14
Starter Kit,5,35.93,2025-01-14
Chargers,5,22.92,2025-01-15
Replacement Coils,13,15.77,2025-01-15
Battery 18650,1,13.93,2025-01-15
Battery 18650,4,9.34,2025-01-15
Chargers,7,57.76,2025-01-15
Nicotine Pods,7,57.52,2025-01-15
Tank Glass,8,8.24,2025-01-15
Drip Tips,1,21.29,2025-01-15
Drip Tips,3,36.86,2025-01-15
Drip Tips,4,19.1,2025-01-15
Charger,5,16.91,2025-01-15
Nicotine Pods,7,56.97,2025-01-15
Vape Mod XL,7,43.39,2025-01-15
E-Liquid Premium,10,36.89,2025-01-15
Pod Kit,9,53.75,2025-01-15
Pod Kit,10,72.46,2025-01-15
Zero Nicotine 30ml,15,12.99,2025-01-15
Atomizers,5,33.82,2025-01-15
Atomizers,5,55.18,2025-01-15
Starter Kit,8,38.56,2025-01-15
Vape Juice 60ml,11,35.06,2025-01-15
Vape Juice 60ml,11,34.14,2025-01-15
E-Liquid Premium,8,42.58,2025-01-15
E-Liquid Premium,11,44.46,2025-01-15
Vape Juice 30ml,33,54.45,2025-01-15
Batteries,15,78.48,2025-01-16
Cotton Wicking,5,54.49,2025-01-16
Cotton Wicking,5,41.38,2025-01-16
Cotton Wicking,2,14.7,2025-01-16
Battery 18650,5,19.42,2025-01-16
Drip Tips,6,39.22,2025-01-16
Chargers,6,15.13,2025-01-16
Chargers,8,55.7,2025-01-16
Charger,8,21.06,2025-01-16
Tank Glass,12,12.21,2025-01-16
Replacement Coils,4,27.36,2025-01-16
Battery 18650,6,15.33,2025-01-16
Replacement Coils,2,28.52,2025-01-16
Replacement Coils,3,31.24,2025-01-16
Nicotine Pods,6,26.01,2025-01-16
Nicotine Pods,6,73.01,2025-01-16
Pod Kit,22,42.2,2025-01-16
Vape Mod XL,5,58.88,2025-01-16
Vape Mod XL,2,51.18,2025-01-16
Tanks,18,58.68,2025-01-16
Atomizers,15,75.53,2025-01-16
Vape Mod XL,3,29.13,2025-01-16
Vape Juice 60ml,21,33.89,2025-01-16
E-Liquid Premium,37,55.54,2025-01-16
Zero Nicotine 30ml,20,22.43,2025-01-16
Nicotine Pods,5,59.23,2025-01-16
Vape Juice 30ml,38,63.97,2025-01-16
Cotton Wicking,5,27.92,2025-01-17
Replacement Coils,10,5.0,2025-01-17
Nicotine Pods,20,60.58,2025-01-17
Replacement Coils,8,22.25,2025-01-17
Cotton Wicking,5,14.5,2025-01-17
Cotton Wicking,4,48.81,2025-01-17
Batteries,22,22.06,2025-01-17
Drip Tips,4,41.39,2025-01-17
Charger,1,19.93,2025-01-17
Charger,2,21.08,2025-01-17
Charger,2,19.37,2025-01-17
Tank Glass,8,20.33,2025-01-17
Drip Tips,4,32.57,2025-01-17
Zero Nicotine 30ml,2,19.85,2025-01-17
Chargers,17,42.4,2025-01-17
Zero Nicotine 30ml,3,25.46,2025-01-17
Vape Juice 30ml,46,60.77,2025-01-17
E-Liquid Premium,17,61.31,2025-01-17
Pod Kit,10,54.71,2025-01-17
Pod Kit,6,71.6,2025-01-17
Pod Kit,8,47.26,2025-01-17
Vape Mod XL,5,49.92,2025-01-17
Starter Kit,5,32.37,2025-01-17
Starter Kit,6,50.41,2025-01-17
Vape Mod XL,5,31.93,2025-01-17
Tanks,11,29.64,2025-01-17
Atomizers,3,41.4,2025-01-17
Atomizers,6,37.95,2025-01-17
Atomizers,4,47.64,2025-01-17
E-Liquid Premium,17,48.07,2025-01-17
Tanks,8,47.12,2025-01-17
Zero Nicotine 30ml,2,50.2,2025-01-17
Zero Nicotine 30ml,11,42.86,2025-01-18
Charger,2,20.74,2025-01-18
Charger,6,16.25,2025-01-18
Chargers,18,51.57,2025-01-18
Battery 18650,2,34.68,2025-01-18
Battery 18650,2,13.96,2025-01-18
Cotton Wicking,15,60.76,2025-01-18
Replacement Coils,20,21.07,2025-01-18
Nicotine Pods,31,17.78,2025-01-18
Zero Nicotine 30ml,11,31.37,2025-01-18
E-Liquid Premium,23,49.66,2025-01-18
Vape Juice 60ml,33,47.46,2025-01-18
Vape Juice 30ml,28,40.7,2025-01-18
Atomizers,16,52.76,2025-01-18
Tanks,21,50.98,2025-01-18
Starter Kit,14,36.71,2025-01-18
Vape Mod XL,11,31.11,2025-01-18
E-Liquid Premium,25,66.76,2025-01-18
Cotton Wicking,5,50.09,2025-01-19
Cotton Wicking,6,53.35,2025-01-19
Cotton Wicking,5,33.89,2025-01-19
Drip Tips,5,34.25,2025-01-19
Batteries,14,24.17,2025-01-19
Battery 18650,8,15.45,2025-01-19
Charger,8,14.75,2025-01-19
Chargers,5,27.02,2025-01-19
Chargers,4,30.25,2025-01-19
Tank Glass,6,18.15,2025-01-19
Tank Glass,2,17.38,2025-01-19
Drip Tips,2,20.12,2025-01-19
Replacement Coils,12,14.74,2025-01-19
Chargers,2,21.22,2025-01-19
Nicotine Pods,21,73.44,2025-01-19
Vape Juice 30ml,41,42.22,2025-01-19
Zero Nicotine 30ml,9,7.4,2025-01-19
Zero Nicotine 30ml,8,37.26,2025-01-19
Vape Mod XL,5,45.61,2025-01-19
Vape Mod XL,4,65.85,2025-01-19
Starter Kit,4,37.55,2025-01-19
Starter Kit,7,40.94,2025-01-19
Tanks,9,60.91,2025-01-19
Pod Kit,33,47.68,2025-01-19
Atomizers,9,74.39,2025-01-19
Atomizers,6,78.66,2025-01-19
Vape Juice 60ml,27,40.66,2025-01-19
E-Liquid Premium,48,55.94,2025-01-19
Zero Nicotine 30ml,8,45.4,2025-01-19
Tanks,7,65.95,2025-01-19
Batteries,17,64.86,2025-01-20
Battery 18650,5,16.36,2025-01-20
Battery 18650,1,15.84,2025-01-20
Charger,1,22.22,2025-01-20
Tank Glass,9,10.98,2025-01-20
Charger,1,14.8,2025-01-20
Drip Tips,2,29.82,2025-01-20
Drip Tips,1,34.65,2025-01-20
Cotton Wicking,8,38.34,2025-01-20
Charger,1,17.37,2025-01-20
Cotton Wicking,9,19.51,2025-01-20
Zero Nicotine 30ml,12,28.15,2025-01-20
Nicotine Pods,14,57.76,2025-01-20
Replacement Coils,9,13.61,2025-01-20
Pod Kit,10,50.07,2025-01-20
Vape Mod XL,8,72.64,2025-01-20
Starter Kit,3,52.57,2025-01-20
Starter Kit,4,26.15,2025-01-20
Pod Kit,11,48.97,2025-01-20
Atomizers,13,31.26,2025-01-20
Vape Juice 30ml,32,51.41,2025-01-20
E-Liquid Premium,35,38.14,2025-01-20
Tanks,16,48.37,2025-01-20
Cotton Wicking,20,22.48,2025-01-21
Drip Tips,2,31.48,2025-01-21
Tank Glass,2,5.76,2025-01-21
Tank Glass,1,6.53,2025-01-21
Tank Glass,3,26.28,2025-01-21
Charger,5,22.21,2025-01-21
Charger,2,18.55,2025-01-21
Chargers,11,31.88,2025-01-21
Batteries,18,29.64,2025-01-21
Drip Tips,1,31.79,2025-01-21
Replacement Coils,6,20.19,2025-01-21
E-Liquid Premium,27,70.67,2025-01-21
Nicotine Pods,21,5.0,2025-01-21
Vape Mod XL,8,26.67,2025-01-21
Starter Kit,8,44.59,2025-01-21
Tanks,8,37.58,2025-01-21
Tanks,7,58.48,2025-01-21
Replacement Coils,5,21.13,2025-01-21
Vape Juice 30ml,28,40.43,2025-01-21
Vape Juice 60ml,6,34.04,2025-01-21
Vape Juice 60ml,7,35.69,2025-01-21
Zero Nicotine 30ml,19,37.7,2025-01-21
Atomizers,14,43.18,2025-01-21
Nicotine Pods,7,49.6,2025-01-22
Drip Tips,1,20.76,2025-01-22
Drip Tips,3,16.7,2025-01-22
Tank Glass,9,14.0,2025-01-22
Charger,8,26.88,2025-01-22
Chargers,13,59.95,2025-01-22
Battery 18650,7,12.3,2025-01-22
Batteries,16,51.75,2025-01-22
Cotton Wicking,11,52.7,2025-01-22
Cotton Wicking,12,56.92,2025-01-22
Drip Tips,1,37.24,2025-01-22
Nicotine Pods,9,69.33,2025-01-22
Zero Nicotine 30ml,4,17.95,2025-01-22
Nicotine Pods,9,26.78,2025-01-22
Starter Kit,6,29.17,2025-01-22
Tanks,13,44.69,2025-01-22
Atomizers,3,53.01,2025-01-22
Vape Mod XL,10,21.81,2025-01-22
Vape Juice 30ml,17,35.69,2025-01-22
Vape Juice 30ml,19,36.08,2025-01-22
E-Liquid Premium,22,69.15,2025-01-22
Zero Nicotine 30ml,7,43.78,2025-01-22
Atomizers,4,60.11,2025-01-22
Replacement Coils,5,22.43,2025-01-23
Drip Tips,8,22.54,2025-01-23
Charger,6,22.06,2025-01-23
Chargers,7,56.13,2025-01-23
Chargers,6,61.36,2025-01-23
Battery 18650,10,7.27,2025-01-23
Batteries,20,59.92,2025-01-23
Cotton Wicking,23,36.29,2025-01-23
Replacement Coils,8,22.79,2025-01-23
Zero Nicotine 30ml,16,25.12,2025-01-23
E-Liquid Premium,35,40.33,2025-01-23
Vape Juice 60ml,24,41.61,2025-01-23
Vape Juice 30ml,31,46.46,2025-01-23
Atomizers,13,54.36,2025-01-23
Tanks,19,74.29,2025-01-23
Starter Kit,9,53.25,2025-01-23
Vape Mod XL,11,47.37,2025-01-23
Pod Kit,25,42.52,2025-01-23
Nicotine Pods,25,42.7,2025-01-23
Cotton Wicking,25,57.99,2025-01-24
Batteries,3,41.27,2025-01-24
Batteries,7,17.3,2025-01-24
Batteries,6,16.3,2025-01-24
Battery 18650,5,12.92,2025-01-24
Drip Tips,11,23.81,2025-01-24
Chargers,12,34.09,2025-01-24
Charger,2,20.24,2025-01-24
Charger,1,20.77,2025-01-24
Replacement Coils,22,18.21,2025-01-24
Battery 18650,8,20.82,2025-01-24
Nicotine Pods,9,75.77,2025-01-24
E-Liquid Premium,17,70.04,2025-01-24
Tanks,7,56.61,2025-01-24
E-Liquid Premium,14,33.67,2025-01-24
E-Liquid Premium,17,55.81,2025-01-24
Vape Juice 60ml,31,22.23,2025-01-24
Vape Juice 30ml,34,58.25,2025-01-24
Atomizers,16,70.3,2025-01-24
Tanks,6,72.56,2025-01-24
Nicotine Pods,10,51.05,2025-01-24
Tanks,10,63.06,2025-01-24
Starter Kit,15,39.87,2025-01-24
Pod Kit,37,52.14,2025-01-24
Battery 18650,7,26.36,2025-01-25
Battery 18650,8,23.51,2025-01-25
Chargers,12,65.05,2025-01-25
Batteries,4,38.11,2025-01-25
Batteries,4,45.18,2025-01-25
Chargers,13,34.67,2025-01-25
Cotton Wicking,10,23.97,2025-01-25
Charger,3,13.93,2025-01-25
Tank Glass,5,22.39,2025-01-25
Tank Glass,7,18.1,2025-01-25
Drip Tips,9,29.41,2025-01-25
Batteries,5,57.35,2025-01-25
Charger,4,20.51,2025-01-25
Cotton Wicking,14,55.2,2025-01-25
Zero Nicotine 30ml,32,20.66,2025-01-25
Replacement Coils,17,20.91,2025-01-25
Starter Kit,19,51.07,2025-01-25
Tanks,19,50.56,2025-01-25
Atomizers,14,50.51,2025-01-25
Vape Juice 30ml,18,22.61,2025-01-25
Vape Juice 30ml,21,47.17,2025-01-25
Pod Kit,23,47.44,2025-01-25
Vape Juice 60ml,18,36.74,2025-01-25
Vape Juice 60ml,17,42.04,2025-01-25
E-Liquid Premium,43,36.91,2025-01-25
Pod Kit,24,44.7,2025-01-25
Nicotine Pods,42,21.44,2025-01-25
Vape Juice 30ml,21,50.81,2025-01-25
Zero Nicotine 30ml,9,35.82,2025-01-26
Zero Nicotine 30ml,11,40.13,2025-01-26
Nicotine Pods,37,79.78,2025-01-26
Replacement Coils,11,18.48,2025-01-26
Replacement Coils,10,22.73,2025-01-26
Chargers,23,54.21,2025-01-26
Cotton Wicking,11,30.99,2025-01-26
Charger,11,11.94,2025-01-26
Tank Glass,13,32.14,2025-01-26
E-Liquid Premium,19,42.71,2025-01-26
Cotton Wicking,14,45.85,2025-01-26
E-Liquid Premium,19,55.43,2025-01-26
Atomizers,19,33.87,2025-01-26
Vape Juice 60ml,13,20.01,2025-01-26
Vape Juice 60ml,13,42.45,2025-01-26
Vape Juice 30ml,28,40.36,2025-01-26
Vape Juice 30ml,26,56.51,2025-01-26
Tanks,13,69.83,2025-01-26
Tanks,11,47.57,2025-01-26
Tanks,9,42.32,2025-01-26
Starter Kit,6,23.2,2025-01-26
Starter Kit,2,33.32,2025-01-26
Starter Kit,6,53.18,2025-01-26
Vape Mod XL,17,49.06,2025-01-26
Vape Juice 60ml,11,27.14,2025-01-26
E-Liquid Premium,13,67.06,2025-01-27
Nicotine Pods,22,74.72,2025-01-27
Cotton Wicking,5,43.78,2025-01-27
Chargers,14,33.08,2025-01-27
Batteries,23,40.34,2025-01-27
Battery 18650,11,29.28,2025-01-27
E-Liquid Premium,13,24.24,2025-01-27
Cotton Wicking,5,34.36,2025-01-27
Vape Juice 60ml,21,57.17,2025-01-27
Cotton Wicking,6,15.26,2025-01-27
Vape Juice 30ml,20,31.95,2025-01-27
Atomizers,15,72.19,2025-01-27
Tanks,14,56.19,2025-01-27
Starter Kit,6,28.81,2025-01-27
Starter Kit,6,43.41,2025-01-27
Pod Kit,8,52.6,2025-01-27
Vape Mod XL,10,24.02,2025-01-27
Pod Kit,8,44.33,2025-01-27
Vape Juice 30ml,20,42.65,2025-01-27
Cotton Wicking,16,46.56,2025-01-28
Batteries,22,14.08,2025-01-28
Battery 18650,3,22.98,2025-01-28
Battery 18650,4,24.15,2025-01-28
Drip Tips,10,32.81,2025-01-28
Charger,9,21.86,2025-01-28
Tank Glass,12,6.45,2025-01-28
Replacement Coils,7,6.4,2025-01-28
Chargers,16,35.56,2025-01-28
Replacement Coils,11,46.6,2025-01-28
Nicotine Pods,18,5.0,2025-01-28
Pod Kit,29,59.17,2025-01-28
Zero Nicotine 30ml,9,30.31,2025-01-28
E-Liquid Premium,8,50.21,2025-01-28
E-Liquid Premium,12,34.49,2025-01-28
E-Liquid Premium,9,71.42,2025-01-28
Vape Juice 30ml,18,36.23,2025-01-28
Vape Juice 30ml,20,41.33,2025-01-28
Atomizers,14,60.1,2025-01-28
Tanks,20,57.45,2025-01-28
Vape Mod XL,10,53.06,2025-01-28
Zero Nicotine 30ml,10,50.81,2025-01-28
Nicotine Pods,25,62.0,2025-01-29
Replacement Coils,6,22.3,2025-01-29
Replacement Coils,7,21.54,2025-01-29
Batteries,22,25.12,2025-01-29
Zero Nicotine 30ml,17,26.71,2025-01-29
Chargers,11,26.39,2025-01-29
Charger,9,19.65,2025-01-29
Tank Glass,9,17.81,2025-01-29
Drip Tips,7,34.3,2025-01-29
Battery 18650,12,28.54,2025-01-29
E-Liquid Premium,42,54.56,2025-01-29
Pod Kit,13,54.69,2025-01-29
Vape Juice 60ml,11,24.33,2025-01-29
Vape Juice 30ml,14,32.9,2025-01-29
Vape Juice 30ml,13,62.41,2025-01-29
Atomizers,13,78.33,2025-01-29
Tanks,25,63.51,2025-01-29
Starter Kit,8,27.86,2025-01-29
Starter Kit,4,41.53,2025-01-29
Vape Mod XL,13,49.13,2025-01-29
Pod Kit,15,62.72,2025-01-29
Vape Juice 60ml,11,31.63,2025-01-29
Batteries,15,72.64,2025-01-30
Battery 18650,2,20.99,2025-01-30
Battery 18650,4,23.84,2025-01-30
Battery 18650,2,27.76,2025-01-30
Chargers,16,36.22,2025-01-30
Drip Tips,4,33.37,2025-01-30
Charger,4,20.76,2025-01-30
Tank Glass,7,28.11,2025-01-30
Tank Glass,9,22.67,2025-01-30
Drip Tips,3,45.49,2025-01-30
Cotton Wicking,27,47.56,2025-01-30
Charger,4,17.59,2025-01-30
Replacement Coils,6,9.51,2025-01-30
Pod Kit,14,44.85,2025-01-30
Nicotine Pods,26,35.0,2025-01-30
Replacement Coils,7,32.11,2025-01-30
Vape Mod XL,5,46.27,2025-01-30
Vape Mod XL,3,38.03,2025-01-30
Vape Mod XL,3,59.07,2025-01-30
Starter Kit,14,32.53,2025-01-30
Pod Kit,17,56.97,2025-01-30
Atomizers,20,70.87,2025-01-30
Vape Juice 60ml,31,29.53,2025-01-30
E-Liquid Premium,36,40.4,2025-01-30
Zero Nicotine 30ml,11,30.78,2025-01-30
Zero Nicotine 30ml,10,20.3,2025-01-30
Tanks,24,61.23,2025-01-30
Cotton Wicking,23,42.23,2025-01-31
Batteries,12,31.63,2025-01-31
Batteries,11,25.64,2025-01-31
Battery 18650,14,23.69,2025-01-31
Chargers,6,28.3,2025-01-31
Charger,8,14.41,2025-01-31
Tank Glass,15,27.92,2025-01-31
Drip Tips,9,15.83,2025-01-31
Replacement Coils,23,17.31,2025-01-31
Chargers,10,55.17,2025-01-31
Nicotine Pods,18,32.76,2025-01-31
Vape Juice 60ml,17,24.56,2025-01-31
Zero Nicotine 30ml,35,18.06,2025-01-31
E-Liquid Premium,56,68.16,2025-01-31
Vape Juice 60ml,17,43.11,2025-01-31
Vape Juice 60ml,13,45.17,2025-01-31
Vape Juice 30ml,58,50.84,2025-01-31
Atomizers,26,43.81,2025-01-31
Tanks,15,68.16,2025-01-31
Tanks,13,82.17,2025-01-31
Vape Mod XL,18,54.06,2025-01-31
Pod Kit,31,40.23,2025-01-31
Nicotine Pods,19,58.71,2025-01-31
Batteries,13,38.27,2025-02-01
Battery 18650,11,17.58,2025-02-01
Batteries,13,51.61,2025-02-01
Battery 18650,12,24.42,2025-02-01
Vape Juice 30ml,78,41.52,2025-02-01
Charger,7,26.77,2025-02-01
Tank Glass,22,5.0,2025-02-01
Drip Tips,12,40.46,2025-02-01
Batteries,10,32.82,2025-02-01
Charger,4,17.58,2025-02-01
Cotton Wicking,35,25.75,2025-02-01
Starter Kit,8,47.02,2025-02-01
Nicotine Pods,56,27.34,2025-02-01
Vape Mod XL,27,52.56,2025-02-01
Starter Kit,8,28.99,2025-02-01
Replacement Coils,26,20.97,2025-02-01
Tanks,9,41.43,2025-02-01
Pod Kit,37,65.39,2025-02-01
Tanks,8,67.5,2025-02-01
Vape Juice 60ml,66,38.66,2025-02-01
Zero Nicotine 30ml,47,40.6,2025-02-01
Tanks,10,58.98,2025-02-01
Replacement Coils,13,25.9,2025-02-02
Tank Glass,11,25.67,2025-02-02
Tank Glass,11,7.47,2025-02-02
Charger,16,20.23,2025-02-02
Chargers,25,52.02,2025-02-02
Battery 18650,25,27.52,2025-02-02
Batteries,42,42.68,2025-02-02
Cotton Wicking,23,5.0,2025-02-02
Cotton Wicking,20,25.71,2025-02-02
Nicotine Pods,53,52.07,2025-02-02
Replacement Coils,13,19.71,2025-02-02
E-Liquid Premium,52,53.19,2025-02-02
Vape Juice 60ml,48,25.97,2025-02-02
Atomizers,31,53.35,2025-02-02
Tanks,47,68.82,2025-02-02
Starter Kit,6,31.99,2025-02-02
Starter Kit,7,27.71,2025-02-02
Starter Kit,5,36.54,2025-02-02
Vape Mod XL,19,60.28,2025-02-02
Pod Kit,30,57.34,2025-02-02
Pod Kit,29,55.05,2025-02-02
Zero Nicotine 30ml,29,27.41,2025-02-02
Cotton Wicking,27,68.94,2025-02-03
Batteries,12,12.87,2025-02-03
Batteries,10,32.13,2025-02-03
Chargers,7,31.38,2025-02-03
Chargers,6,41.76,2025-02-03
Drip Tips,7,53.04,2025-02-03
Charger,3,21.75,2025-02-03
Charger,3,25.33,2025-02-03
Tank Glass,12,22.72,2025-02-03
Drip Tips,7,25.62,2025-02-03
Replacement Coils,17,7.11,2025-02-03
Charger,5,16.66,2025-02-03
Nicotine Pods,24,67.97,2025-02-03
Battery 18650,17,25.2,2025-02-03
E-Liquid Premium,41,42.5,2025-02-03
Pod Kit,12,43.95,2025-02-03
Pod Kit,10,51.05,2025-02-03
Pod Kit,10,33.55,2025-02-03
Vape Mod XL,17,32.58,2025-02-03
Starter Kit,18,38.05,2025-02-03
Tanks,16,58.67,2025-02-03
Zero Nicotine 30ml,25,28.14,2025-02-03
Atomizers,10,54.95,2025-02-03
Atomizers,10,62.95,2025-02-03
Atomizers,9,44.89,2025-02-03
Vape Juice 60ml,34,34.52,2025-02-03
Tanks,16,31.86,2025-02-03
Replacement Coils,5,21.69,2025-02-04
Cotton Wicking,10,47.47,2025-02-04
Cotton Wicking,8,24.82,2025-02-04
Cotton Wicking,11,24.11,2025-02-04
Batteries,12,35.44,2025-02-04
Batteries,11,55.35,2025-02-04
Chargers,14,49.52,2025-02-04
Battery 18650,8,23.47,2025-02-04
Chargers,14,34.64,2025-02-04
Charger,9,20.57,2025-02-04
Tank Glass,7,15.75,2025-02-04
Replacement Coils,7,26.36,2025-02-04
Drip Tips,7,38.69,2025-02-04
Battery 18650,8,11.14,2025-02-04
Tank Glass,7,16.69,2025-02-04
Replacement Coils,7,16.78,2025-02-04
Nicotine Pods,9,48.33,2025-02-04
Nicotine Pods,11,42.69,2025-02-04
Vape Mod XL,13,75.52,2025-02-04
Tanks,34,65.21,2025-02-04
Atomizers,16,53.81,2025-02-04
Vape Juice 30ml,52,49.35,2025-02-04
Vape Juice 60ml,19,42.68,2025-02-04
Pod Kit,31,50.08,2025-02-04
E-Liquid Premium,47,36.92,2025-02-04
Zero Nicotine 30ml,9,10.68,2025-02-04
Zero Nicotine 30ml,9,26.49,2025-02-04
Zero Nicotine 30ml,8,34.62,2025-02-04
Nicotine Pods,10,70.65,2025-02-04
Vape Juice 60ml,20,19.89,2025-02-04
Nicotine Pods,16,50.72,2025-02-05
Drip Tips,13,33.78,2025-02-05
Replacement Coils,8,17.15,2025-02-05
Replacement Coils,7,21.58,2025-02-05
Replacement Coils,5,18.98,2025-02-05
Battery 18650,16,5.14,2025-02-05
Batteries,20,48.72,2025-02-05
Chargers,16,31.45,2025-02-05
Charger,8,13.19,2025-02-05
Nicotine Pods,17,21.14,2025-02-05
Cotton Wicking,19,34.31,2025-02-05
Zero Nicotine 30ml,20,27.01,2025-02-05
Atomizers,17,55.83,2025-02-05
E-Liquid Premium,31,52.47,2025-02-05
E-Liquid Premium,33,44.12,2025-02-05
Pod Kit,38,52.74,2025-02-05
Vape Mod XL,4,40.76,2025-02-05
Starter Kit,4,16.4,2025-02-05
Starter Kit,5,46.18,2025-02-05
Vape Mod XL,8,46.01,2025-02-05
Tanks,16,73.47,2025-02-05
Tanks,18,65.7,2025-02-05
Vape Juice 30ml,56,31.53,2025-02-05
Vape Juice 60ml,41,42.9,2025-02-05
Starter Kit,3,27.63,2025-02-05
Batteries,27,51.75,2025-02-06
Replacement Coils,8,22.4,2025-02-06
Replacement Coils,9,18.87,2025-02-06
Cotton Wicking,25,21.48,2025-02-06
Battery 18650,14,23.28,2025-02-06
Drip Tips,10,23.51,2025-02-06
Charger,5,24.59,2025-02-06
Charger,7,19.41,2025-02-06
Tank Glass,6,15.95,2025-02-06
Tank Glass,6,9.19,2025-02-06
Nicotine Pods,11,67.46,2025-02-06
Chargers,19,63.32,2025-02-06
Nicotine Pods,14,22.7,2025-02-06
Nicotine Pods,11,35.43,2025-02-06
Pod Kit,17,67.23,2025-02-06
Zero Nicotine 30ml,8,21.8,2025-02-06
Pod Kit,20,52.76,2025-02-06
Vape Mod XL,7,58.37,2025-02-06
Vape Mod XL,9,50.33,2025-02-06
Tanks,12,39.21,2025-02-06
Tanks,16,40.16,2025-02-06
Starter Kit,13,43.64,2025-02-06
Vape Juice 30ml,35,58.08,2025-02-06
E-Liquid Premium,22,57.03,2025-02-06
E-Liquid Premium,24,41.11,2025-02-06
Zero Nicotine 30ml,7,17.66,2025-02-06
Zero Nicotine 30ml,4,51.54,2025-02-06
Atomizers,20,48.82,2025-02-06
Batteries,7,5.0,2025-02-07
Cotton Wicking,11,45.84,2025-02-07
Batteries,4,5.0,2025-02-07
Batteries,7,54.79,2025-02-07
Drip Tips,5,24.03,2025-02-07
Cotton Wicking,13,18.56,2025-02-07
Chargers,26,49.96,2025-02-07
Charger,10,19.32,2025-02-07
Tank Glass,6,11.3,2025-02-07
Tank Glass,8,16.27,2025-02-07
Drip Tips,7,29.54,2025-02-07
Battery 18650,21,20.26,2025-02-07
Replacement Coils,28,16.8,2025-02-07
Vape Juice 30ml,27,37.72,2025-02-07
Zero Nicotine 30ml,24,43.8,2025-02-07
Nicotine Pods,48,18.58,2025-02-07
Pod Kit,24,55.8,2025-02-07
Vape Mod XL,17,48.38,2025-02-07
Starter Kit,16,21.34,2025-02-07
Tanks,27,49.18,2025-02-07
Pod Kit,24,42.02,2025-02-07
Vape Juice 30ml,24,36.52,2025-02-07
Vape Juice 30ml,25,43.21,2025-02-07
Vape Juice 60ml,23,30.73,2025-02-07
Vape Juice 60ml,23,39.15,2025-02-07
E-Liquid Premium,47,39.29,2025-02-07
Atomizers,18,56.31,2025-02-07
Cotton Wicking,40,20.49,2025-02-08
Batteries,21,28.33,2025-02-08
Battery 18650,10,21.89,2025-02-08
Battery 18650,6,21.84,2025-02-08
Charger,6,21.43,2025-02-08
Charger,3,15.97,2025-02-08
Tank Glass,21,12.73,2025-02-08
Drip Tips,15,5.0,2025-02-08
Zero Nicotine 30ml,10,38.4,2025-02-08
Chargers,21,49.25,2025-02-08
Zero Nicotine 30ml,14,20.82,2025-02-08
Atomizers,8,75.23,2025-02-08
Vape Juice 60ml,21,19.72,2025-02-08
Vape Juice 60ml,20,32.39,2025-02-08
Atomizers,11,45.17,2025-02-08
Tanks,33,55.28,2025-02-08
Starter Kit,16,29.23,2025-02-08
Vape Mod XL,4,37.27,2025-02-08
Vape Mod XL,4,55.03,2025-02-08
Vape Mod XL,7,32.66,2025-02-08
Pod Kit,42,59.36,2025-02-08
E-Liquid Premium,51,58.65,2025-02-08
Batteries,30,5.0,2025-02-09
Cotton Wicking,10,18.7,2025-02-09
Cotton Wicking,7,19.47,2025-02-09
Battery 18650,9,23.91,2025-02-09
Replacement Coils,29,5.0,2025-02-09
Chargers,28,23.1,2025-02-09
Charger,9,12.85,2025-02-09
Tank Glass,17,20.16,2025-02-09
Drip Tips,8,22.76,2025-02-09
Battery 18650,11,27.09,2025-02-09
Zero Nicotine 30ml,13,45.15,2025-02-09
Cotton Wicking,11,35.14,2025-02-09
E-Liquid Premium,64,33.75,2025-02-09
Pod Kit,22,66.46,2025-02-09
Vape Mod XL,7,28.56,2025-02-09
Vape Mod XL,10,72.35,2025-02-09
Starter Kit,16,32.3,2025-02-09
Tanks,27,68.89,2025-02-09
Pod Kit,23,47.12,2025-02-09
Vape Juice 30ml,23,78.24,2025-02-09
Vape Juice 30ml,21,39.8,2025-02-09
Zero Nicotine 30ml,11,17.45,2025-02-09
Vape Juice 60ml,32,34.95,2025-02-09
Atomizers,27,73.97,2025-02-09
Batteries,19,31.95,2025-02-10
Battery 18650,6,17.08,2025-02-10
Battery 18650,7,24.94,2025-02-10
Chargers,14,51.92,2025-02-10
Charger,4,19.57,2025-02-10
Charger,2,17.89,2025-02-10
Tank Glass,4,11.57,2025-02-10
Tank Glass,3,5.76,2025-02-10
Drip Tips,8,31.65,2025-02-10
Cotton Wicking,21,63.79,2025-02-10
Charger,3,16.95,2025-02-10
Replacement Coils,10,18.52,2025-02-10
Replacement Coils,12,22.04,2025-02-10
Zero Nicotine 30ml,18,5.0,2025-02-10
Pod Kit,29,64.56,2025-02-10
Vape Mod XL,9,33.51,2025-02-10
Starter Kit,12,55.22,2025-02-10
Tanks,6,65.02,2025-02-10
Tanks,8,44.8,2025-02-10
Tanks,5,56.77,2025-02-10
Vape Juice 30ml,47,27.81,2025-02-10
Vape Juice 60ml,32,29.18,2025-02-10
E-Liquid Premium,21,38.76,2025-02-10
E-Liquid Premium,22,42.99,2025-02-10
Atomizers,12,71.95,2025-02-10
Batteries,8,35.85,2025-02-11
Nicotine Pods,12,42.89,2025-02-11
Cotton Wicking,9,45.77,2025-02-11
Cotton Wicking,8,11.31,2025-02-11
Batteries,5,18.0,2025-02-11
Drip Tips,4,23.88,2025-02-11
Chargers,16,42.82,2025-02-11
Charger,7,18.0,2025-02-11
Tank Glass,11,8.89,2025-02-11
Drip Tips,6,31.25,2025-02-11
Zero Nicotine 30ml,11,8.6,2025-02-11
Battery 18650,13,22.62,2025-02-11
Zero Nicotine 30ml,10,34.97,2025-02-11
Nicotine Pods,11,60.94,2025-02-11
E-Liquid Premium,9,48.72,2025-02-11
Starter Kit,9,46.62,2025-02-11
Tanks,9,39.25,2025-02-11
Tanks,9,48.57,2025-02-11
Tanks,10,58.32,2025-02-11
Atomizers,10,72.08,2025-02-11
Pod Kit,29,44.26,2025-02-11
Vape Juice 30ml,29,27.32,2025-02-11
Atomizers,7,70.69,2025-02-11
E-Liquid Premium,10,64.41,2025-02-11
E-Liquid Premium,7,60.72,2025-02-11
Vape Juice 60ml,16,29.63,2025-02-11
Vape Juice 60ml,16,32.81,2025-02-11
Drip Tips,6,30.89,2025-02-12
Zero Nicotine 30ml,19,27.9,2025-02-12
Tank Glass,5,14.27,2025-02-12
Tank Glass,5,9.29,2025-02-12
Charger,1,15.53,2025-02-12
Charger,1,21.59,2025-02-12
Chargers,15,35.45,2025-02-12
Batteries,22,49.57,2025-02-12
Cotton Wicking,25,58.7,2025-02-12
Nicotine Pods,8,24.67,2025-02-12
Nicotine Pods,12,48.99,2025-02-12
Nicotine Pods,9,47.17,2025-02-12
Charger,1,23.52,2025-02-12
E-Liquid Premium,48,38.64,2025-02-12
Vape Juice 30ml,46,46.41,2025-02-12
Vape Juice 60ml,34,40.96,2025-02-12
Pod Kit,9,77.83,2025-02-12
Pod Kit,7,52.42,2025-02-12
Vape Mod XL,5,16.81,2025-02-12
Vape Mod XL,5,45.23,2025-02-12
Pod Kit,9,67.16,2025-02-12
Starter Kit,6,40.92,2025-02-12
Tanks,18,37.13,2025-02-12
Atomizers,4,56.68,2025-02-12
Atomizers,8,63.32,2025-02-12
Atomizers,8,75.61,2025-02-12
Starter Kit,5,44.65,2025-02-12
Batteries,24,56.3,2025-02-13
Zero Nicotine 30ml,11,46.38,2025-02-13
Nicotine Pods,26,82.02,2025-02-13
Replacement Coils,15,22.47,2025-02-13
Cotton Wicking,19,31.49,2025-02-13
Battery 18650,7,20.33,2025-02-13
Drip Tips,5,32.95,2025-02-13
Chargers,9,50.24,2025-02-13
Chargers,7,34.13,2025-02-13
Tank Glass,11,14.09,2025-02-13
Drip Tips,2,29.72,2025-02-13
Zero Nicotine 30ml,9,38.72,2025-02-13
Battery 18650,6,29.82,2025-02-13
E-Liquid Premium,15,42.29,2025-02-13
Vape Juice 30ml,31,65.69,2025-02-13
E-Liquid Premium,19,46.21,2025-02-13
Pod Kit,8,58.09,2025-02-13
Pod Kit,5,58.42,2025-02-13
Vape Mod XL,5,35.57,2025-02-13
Vape Mod XL,4,46.35,2025-02-13
Starter Kit,3,39.98,2025-02-13
Starter Kit,7,39.18,2025-02-13
Pod Kit,5,37.14,2025-02-13
Tanks,8,59.48,2025-02-13
Tanks,8,73.89,2025-02-13
Atomizers,22,46.86,2025-02-13
E-Liquid Premium,18,48.52,2025-02-13
Vape Juice 60ml,38,38.39,2025-02-13
Tanks,7,42.47,2025-02-13
Replacement Coils,18,25.57,2025-02-14
Cotton Wicking,27,42.61,2025-02-14
Batteries,31,11.47,2025-02-14
Battery 18650,13,16.89,2025-02-14
Charger,8,27.41,2025-02-14
Chargers,6,14.87,2025-02-14
Tank Glass,13,9.28,2025-02-14
Drip Tips,11,42.6,2025-02-14
Nicotine Pods,45,71.91,2025-02-14
Chargers,6,47.48,2025-02-14
Zero Nicotine 30ml,20,42.35,2025-02-14
Vape Juice 30ml,20,49.39,2025-02-14
Vape Juice 60ml,43,41.41,2025-02-14
E-Liquid Premium,42,55.94,2025-02-14
Pod Kit,13,49.35,2025-02-14
Vape Mod XL,15,42.86,2025-02-14
Starter Kit,15,32.05,2025-02-14
Pod Kit,17,59.57,2025-02-14
Tanks,9,57.58,2025-02-14
Atomizers,20,65.04,2025-02-14
Vape Juice 30ml,20,28.63,2025-02-14
Tanks,9,53.2,2025-02-14
Batteries,22,23.98,2025-02-15
Tank Glass,4,18.75,2025-02-15
Tank Glass,6,19.64,2025-02-15
Tank Glass,2,27.37,2025-02-15
Charger,5,20.6,2025-02-15
Charger,8,17.14,2025-02-15
Chargers,21,45.69,2025-02-15
Drip Tips,8,25.09,2025-02-15
Battery 18650,5,19.35,2025-02-15
Cotton Wicking,23,23.54,2025-02-15
Battery 18650,4,15.89,2025-02-15
Nicotine Pods,34,19.88,2025-02-15
Zero Nicotine 30ml,12,24.62,2025-02-15
Zero Nicotine 30ml,11,41.75,2025-02-15
Zero Nicotine 30ml,9,43.39,2025-02-15
E-Liquid Premium,60,42.77,2025-02-15
Atomizers,21,51.06,2025-02-15
Tanks,30,56.12,2025-02-15
Starter Kit,13,40.24,2025-02-15
Pod Kit,32,42.59,2025-02-15
Replacement Coils,18,25.51,2025-02-15
Replacement Coils,27,26.21,2025-02-16
Cotton Wicking,29,7.23,2025-02-16
Batteries,11,5.0,2025-02-16
Batteries,11,6.88,2025-02-16
Battery 18650,4,15.4,2025-02-16
Chargers,9,47.75,2025-02-16
Battery 18650,5,16.92,2025-02-16
Chargers,9,37.95,2025-02-16
Nicotine Pods,18,46.89,2025-02-16
Charger,10,18.86,2025-02-16
Tank Glass,13,5.0,2025-02-16
Battery 18650,3,13.97,2025-02-16
Zero Nicotine 30ml,10,58.05,2025-02-16
Nicotine Pods,20,50.44,2025-02-16
E-Liquid Premium,21,64.9,2025-02-16
Zero Nicotine 30ml,11,42.63,2025-02-16
Pod Kit,16,64.78,2025-02-16
Pod Kit,16,42.8,2025-02-16
Vape Mod XL,18,77.5,2025-02-16
Tanks,27,70.7,2025-02-16
Atomizers,10,71.21,2025-02-16
Starter Kit,11,37.95,2025-02-16
Vape Juice 30ml,25,46.03,2025-02-16
Vape Juice 30ml,25,54.38,2025-02-16
Vape Juice 60ml,30,25.03,2025-02-16
E-Liquid Premium,21,60.25,2025-02-16
E-Liquid Premium,24,53.77,2025-02-16
Atomizers,10,90.37,2025-02-16
Chargers,8,35.65,2025-02-17
Replacement Coils,7,14.95,2025-02-17
Replacement Coils,6,13.53,2025-02-17
Cotton Wicking,15,30.37,2025-02-17
Battery 18650,12,13.6,2025-02-17
Chargers,7,50.93,2025-02-17
Drip Tips,7,14.47,2025-02-17
Charger,4,27.23,2025-02-17
Tank Glass,4,10.18,2025-02-17
Tank Glass,2,18.88,2025-02-17
Tank Glass,1,12.38,2025-02-17
Drip Tips,6,37.71,2025-02-17
Replacement Coils,3,13.42,2025-02-17
Charger,3,18.2,2025-02-17
Nicotine Pods,7,10.67,2025-02-17
Batteries,22,67.43,2025-02-17
Nicotine Pods,6,46.26,2025-02-17
Pod Kit,35,42.17,2025-02-17
Vape Mod XL,6,75.81,2025-02-17
Starter Kit,13,37.43,2025-02-17
Tanks,16,55.89,2025-02-17
Atomizers,17,12.94,2025-02-17
Vape Juice 30ml,35,57.74,2025-02-17
Vape Juice 60ml,26,21.33,2025-02-17
Vape Mod XL,2,66.64,2025-02-17
E-Liquid Premium,16,23.73,2025-02-17
Nicotine Pods,5,48.36,2025-02-17
E-Liquid Premium,13,51.41,2025-02-17
Zero Nicotine 30ml,4,43.42,2025-02-17
Zero Nicotine 30ml,5,49.43,2025-02-17
Zero Nicotine 30ml,8,37.37,2025-02-17
E-Liquid Premium,15,28.32,2025-02-17
Replacement Coils,16,11.65,2025-02-18
Cotton Wicking,14,22.86,2025-02-18
Batteries,8,25.41,2025-02-18
Batteries,9,26.89,2025-02-18
Battery 18650,10,22.83,2025-02-18
Charger,9,19.0,2025-02-18
Chargers,10,16.26,2025-02-18
Tank Glass,8,9.92,2025-02-18
Drip Tips,6,29.66,2025-02-18
Nicotine Pods,25,15.74,2025-02-18
Chargers,6,28.39,2025-02-18
Zero Nicotine 30ml,13,32.17,2025-02-18
Vape Juice 60ml,37,36.33,2025-02-18
E-Liquid Premium,13,35.99,2025-02-18
Zero Nicotine 30ml,10,41.28,2025-02-18
Vape Mod XL,2,44.64,2025-02-18
Vape Mod XL,3,35.48,2025-02-18
Starter Kit,7,26.41,2025-02-18
Starter Kit,3,19.04,2025-02-18
Pod Kit,26,56.04,2025-02-18
Atomizers,12,45.66,2025-02-18
Vape Juice 30ml,16,53.15,2025-02-18
Vape Juice 30ml,17,55.07,2025-02-18
E-Liquid Premium,14,47.18,2025-02-18
Tanks,25,70.68,2025-02-18
Nicotine Pods,6,82.0,2025-02-19
Drip Tips,4,38.11,2025-02-19
Drip Tips,4,40.31,2025-02-19
Tank Glass,13,13.89,2025-02-19
Charger,6,11.85,2025-02-19
Battery 18650,8,24.11,2025-02-19
Cotton Wicking,25,42.72,2025-02-19
Replacement Coils,17,5.85,2025-02-19
Nicotine Pods,8,80.47,2025-02-19
Nicotine Pods,8,39.85,2025-02-19
Zero Nicotine 30ml,18,33.04,2025-02-19
Batteries,14,26.05,2025-02-19
Vape Juice 60ml,30,39.3,2025-02-19
Vape Mod XL,13,54.04,2025-02-19
Starter Kit,7,36.86,2025-02-19
Starter Kit,4,42.87,2025-02-19
Tanks,9,55.24,2025-02-19
Pod Kit,30,69.83,2025-02-19
Tanks,7,73.39,2025-02-19
Atomizers,7,62.08,2025-02-19
Atomizers,8,51.46,2025-02-19
Vape Juice 30ml,44,37.34,2025-02-19
E-Liquid Premium,35,53.84,2025-02-19
Cotton Wicking,20,27.65,2025-02-20
Drip Tips,10,14.22,2025-02-20
Tank Glass,14,12.88,2025-02-20
Charger,1,27.38,2025-02-20
Charger,3,13.51,2025-02-20
Chargers,6,64.39,2025-02-20
Chargers,7,37.5,2025-02-20
Battery 18650,14,24.91,2025-02-20
Batteries,18,30.85,2025-02-20
Replacement Coils,21,17.62,2025-02-20
Nicotine Pods,21,31.01,2025-02-20
Zero Nicotine 30ml,27,26.27,2025-02-20
E-Liquid Premium,18,51.21,2025-02-20
E-Liquid Premium,15,54.99,2025-02-20
E-Liquid Premium,16,59.26,2025-02-20
Vape Juice 60ml,35,31.88,2025-02-20
Tanks,27,74.54,2025-02-20
Starter Kit,10,28.05,2025-02-20
Vape Mod XL,11,54.09,2025-02-20
Pod Kit,31,54.79,2025-02-20
Cotton Wicking,15,5.0,2025-02-21
Cotton Wicking,14,19.97,2025-02-21
Batteries,35,31.81,2025-02-21
Battery 18650,14,21.87,2025-02-21
Drip Tips,6,30.99,2025-02-21
Charger,10,19.32,2025-02-21
Tank Glass,13,27.03,2025-02-21
Drip Tips,3,42.28,2025-02-21
Replacement Coils,28,24.11,2025-02-21
Chargers,24,27.28,2025-02-21
Nicotine Pods,24,5.0,2025-02-21
Pod Kit,50,52.71,2025-02-21
Zero Nicotine 30ml,22,24.71,2025-02-21
E-Liquid Premium,57,57.26,2025-02-21
Vape Juice 60ml,38,28.3,2025-02-21
Atomizers,14,58.26,2025-02-21
Atomizers,16,77.04,2025-02-21
Tanks,31,64.87,2025-02-21
Starter Kit,15,22.55,2025-02-21
Vape Mod XL,10,61.68,2025-02-21
Vape Mod XL,11,74.32,2025-02-21
Nicotine Pods,26,24.26,2025-02-21
Cotton Wicking,23,20.71,2025-02-22
Battery 18650,8,26.15,2025-02-22
Battery 18650,8,27.86,2025-02-22
Chargers,17,30.24,2025-02-22
Tank Glass,16,20.82,2025-02-22
Charger,3,32.23,2025-02-22
Drip Tips,9,32.22,2025-02-22
Charger,3,29.98,2025-02-22
Replacement Coils,13,14.47,2025-02-22
Charger,4,25.21,2025-02-22
Replacement Coils,12,23.39,2025-02-22
Vape Mod XL,7,70.73,2025-02-22
Nicotine Pods,22,34.3,2025-02-22
Pod Kit,54,55.58,2025-02-22
Vape Mod XL,6,35.99,2025-02-22
Starter Kit,16,41.81,2025-02-22
Tanks,17,66.62,2025-02-22
Nicotine Pods,22,39.36,2025-02-22
Vape Juice 30ml,60,65.89,2025-02-22
Vape Juice 60ml,47,39.66,2025-02-22
Zero Nicotine 30ml,12,48.54,2025-02-22
Zero Nicotine 30ml,12,22.69,2025-02-22
Tanks,17,41.92,2025-02-22
Drip Tips,11,14.06,2025-02-23
Tank Glass,8,16.73,2025-02-23
Tank Glass,9,7.45,2025-02-23
Charger,4,14.92,2025-02-23
Charger,7,21.71,2025-02-23
Chargers,19,55.94,2025-02-23
Battery 18650,16,19.95,2025-02-23
Batteries,32,32.65,2025-02-23
Replacement Coils,18,28.11,2025-02-23
Zero Nicotine 30ml,26,42.46,2025-02-23
E-Liquid Premium,22,40.79,2025-02-23
Cotton Wicking,29,57.37,2025-02-23
Vape Juice 30ml,47,41.07,2025-02-23
Vape Juice 60ml,41,42.87,2025-02-23
Pod Kit,19,57.22,2025-02-23
Pod Kit,18,42.22,2025-02-23
Pod Kit,15,67.01,2025-02-23
Vape Mod XL,11,62.98,2025-02-23
Vape Mod XL,10,70.53,2025-02-23
E-Liquid Premium,23,53.26,2025-02-23
Tanks,11,42.17,2025-02-23
Tanks,11,76.83,2025-02-23
Tanks,12,29.87,2025-02-23
Atomizers,27,46.68,2025-02-23
Starter Kit,20,42.18,2025-02-23
Nicotine Pods,9,46.57,2025-02-24
Nicotine Pods,10,48.53,2025-02-24
Nicotine Pods,13,25.26,2025-02-24
Replacement Coils,8,25.6,2025-02-24
Replacement Coils,8,7.82,2025-02-24
Chargers,17,31.01,2025-02-24
Cotton Wicking,13,34.48,2025-02-24
Charger,11,23.82,2025-02-24
Tank Glass,6,26.02,2025-02-24
Tank Glass,7,16.24,2025-02-24
Zero Nicotine 30ml,6,26.01,2025-02-24
Cotton Wicking,11,5.09,2025-02-24
Drip Tips,10,20.28,2025-02-24
Zero Nicotine 30ml,9,25.87,2025-02-24
E-Liquid Premium,15,34.46,2025-02-24
Pod Kit,9,41.51,2025-02-24
Pod Kit,11,41.76,2025-02-24
Vape Mod XL,9,42.67,2025-02-24
Starter Kit,11,25.09,2025-02-24
Tanks,16,62.65,2025-02-24
E-Liquid Premium,15,50.17,2025-02-24
Atomizers,7,82.46,2025-02-24
Vape Juice 30ml,50,41.06,2025-02-24
Vape Juice 60ml,16,14.93,2025-02-24
Vape Juice 60ml,16,34.84,2025-02-24
E-Liquid Premium,18,75.83,2025-02-24
Atomizers,8,46.4,2025-02-24
Replacement Coils,24,16.96,2025-02-25
Cotton Wicking,34,7.05,2025-02-25
Battery 18650,4,17.56,2025-02-25
Battery 18650,2,18.47,2025-02-25
Battery 18650,2,24.73,2025-02-25
Charger,5,20.66,2025-02-25
Charger,2,22.07,2025-02-25
Charger,5,16.11,2025-02-25
Tank Glass,12,8.69,2025-02-25
Nicotine Pods,30,45.78,2025-02-25
Chargers,22,37.98,2025-02-25
Drip Tips,12,37.89,2025-02-25
Zero Nicotine 30ml,12,39.3,2025-02-25
Zero Nicotine 30ml,12,26.14,2025-02-25
E-Liquid Premium,57,63.11,2025-02-25
Vape Juice 60ml,35,31.67,2025-02-25
Vape Juice 30ml,49,62.92,2025-02-25
Tanks,29,56.56,2025-02-25
Starter Kit,17,41.55,2025-02-25
Vape Mod XL,7,52.07,2025-02-25
Vape Mod XL,10,61.26,2025-02-25
Pod Kit,21,67.51,2025-02-25
Pod Kit,20,63.93,2025-02-25
Zero Nicotine 30ml,13,18.05,2025-02-25
Cotton Wicking,25,51.59,2025-02-26
Batteries,9,43.93,2025-02-26
Batteries,11,44.95,2025-02-26
Battery 18650,14,22.29,2025-02-26
Chargers,21,53.75,2025-02-26
Tank Glass,5,12.26,2025-02-26
Drip Tips,12,33.32,2025-02-26
Charger,3,21.38,2025-02-26
Charger,3,26.15,2025-02-26
Tank Glass,5,16.59,2025-02-26
Replacement Coils,20,13.68,2025-02-26
Charger,1,13.59,2025-02-26
Nicotine Pods,36,44.89,2025-02-26
Atomizers,5,53.49,2025-02-26
Zero Nicotine 30ml,8,23.61,2025-02-26
Zero Nicotine 30ml,8,14.97,2025-02-26
Vape Mod XL,11,32.6,2025-02-26
Starter Kit,15,36.7,2025-02-26
Tanks,21,42.01,2025-02-26
Atomizers,8,69.67,2025-02-26
Pod Kit,40,53.22,2025-02-26
Vape Juice 30ml,56,41.35,2025-02-26
Vape Juice 60ml,49,20.19,2025-02-26
E-Liquid Premium,62,34.45,2025-02-26
Zero Nicotine 30ml,5,19.81,2025-02-26
Atomizers,6,52.44,2025-02-26
Zero Nicotine 30ml,39,28.2,2025-02-27
Drip Tips,8,37.76,2025-02-27
Tank Glass,14,5.0,2025-02-27
Charger,12,9.58,2025-02-27
Chargers,25,25.44,2025-02-27
Battery 18650,14,23.66,2025-02-27
Batteries,23,25.01,2025-02-27
Cotton Wicking,25,28.52,2025-02-27
E-Liquid Premium,62,60.83,2025-02-27
Vape Juice 30ml,50,55.24,2025-02-27
Atomizers,19,52.49,2025-02-27
Tanks,17,46.32,2025-02-27
Tanks,17,65.65,2025-02-27
Starter Kit,10,33.17,2025-02-27
Starter Kit,7,34.49,2025-02-27
Vape Mod XL,7,59.67,2025-02-27
Vape Mod XL,6,51.45,2025-02-27
Pod Kit,37,48.16,2025-02-27
Vape Juice 60ml,44,42.25,2025-02-27
E-Liquid Premium,95,49.03,2025-02-28
Nicotine Pods,26,76.44,2025-02-28
Cotton Wicking,26,26.04,2025-02-28
Batteries,14,18.27,2025-02-28
Batteries,15,25.58,2025-02-28
Drip Tips,18,24.59,2025-02-28
Chargers,28,65.1,2025-02-28
Charger,17,14.78,2025-02-28
Tank Glass,15,8.43,2025-02-28
Battery 18650,24,25.26,2025-02-28
Vape Juice 60ml,20,37.73,2025-02-28
Nicotine Pods,25,75.19,2025-02-28
Vape Juice 60ml,18,24.53,2025-02-28
Pod Kit,33,90.86,2025-02-28
Pod Kit,34,53.55,2025-02-28
Vape Mod XL,17,48.04,2025-02-28
Starter Kit,9,35.07,2025-02-28
Tanks,32,66.61,2025-02-28
Starter Kit,5,28.75,2025-02-28
Atomizers,11,52.39,2025-02-28
Atomizers,10,58.44,2025-02-28
Vape Juice 60ml,21,20.47,2025-02-28
Vape Juice 30ml,64,43.15,2025-02-28
Atomizers,9,57.06,2025-02-28
Batteries,12,18.76,2025-03-01
Cotton Wicking,14,46.94,2025-03-01
Batteries,12,11.08,2025-03-01
Batteries,15,54.79,2025-03-01
Battery 18650,23,26.48,2025-03-01
Drip Tips,6,27.96,2025-03-01
Chargers,14,27.39,2025-03-01
Tank Glass,7,15.5,2025-03-01
Tank Glass,10,17.89,2025-03-01
Drip Tips,6,20.75,2025-03-01
Cotton Wicking,12,5.0,2025-03-01
Drip Tips,6,40.42,2025-03-01
Chargers,17,31.78,2025-03-01
Cotton Wicking,14,36.81,2025-03-01
Vape Juice 60ml,26,30.71,2025-03-01
E-Liquid Premium,94,34.69,2025-03-01
Pod Kit,63,54.39,2025-03-01
Nicotine Pods,48,39.09,2025-03-01
Starter Kit,11,44.1,2025-03-01
Starter Kit,12,37.95,2025-03-01
Tanks,20,64.34,2025-03-01
Vape Mod XL,19,62.4,2025-03-01
Atomizers,14,39.29,2025-03-01
Atomizers,14,67.47,2025-03-01
Vape Juice 30ml,36,38.17,2025-03-01
Vape Juice 30ml,35,48.22,2025-03-01
Vape Juice 60ml,23,47.04,2025-03-01
Tanks,22,63.93,2025-03-01
Cotton Wicking,11,43.68,2025-03-02
Drip Tips,9,19.67,2025-03-02
Tank Glass,17,17.05,2025-03-02
Charger,14,13.24,2025-03-02
Batteries,12,22.33,2025-03-02
Batteries,13,5.0,2025-03-02
Cotton Wicking,11,53.32,2025-03-02
Cotton Wicking,8,24.17,2025-03-02
Drip Tips,7,34.62,2025-03-02
Zero Nicotine 30ml,43,26.98,2025-03-02
Vape Juice 60ml,52,49.35,2025-03-02
Vape Juice 30ml,57,41.17,2025-03-02
Atomizers,24,32.97,2025-03-02
Tanks,30,69.41,2025-03-02
Starter Kit,22,23.19,2025-03-02
Vape Mod XL,25,43.26,2025-03-02
Replacement Coils,29,14.11,2025-03-02
Pod Kit,63,49.25,2025-03-02
Nicotine Pods,25,68.81,2025-03-03
Replacement Coils,13,23.26,2025-03-03
Cotton Wicking,31,36.85,2025-03-03
Battery 18650,11,25.99,2025-03-03
Charger,5,17.03,2025-03-03
Drip Tips,7,35.03,2025-03-03
Charger,5,22.45,2025-03-03
Tank Glass,13,11.29,2025-03-03
Zero Nicotine 30ml,12,35.59,2025-03-03
Drip Tips,6,32.75,2025-03-03
Charger,3,23.07,2025-03-03
Zero Nicotine 30ml,10,27.18,2025-03-03
Replacement Coils,12,19.93,2025-03-03
E-Liquid Premium,32,57.66,2025-03-03
E-Liquid Premium,32,39.21,2025-03-03
Pod Kit,43,73.35,2025-03-03
Starter Kit,16,20.11,2025-03-03
Tanks,11,57.67,2025-03-03
Atomizers,10,34.74,2025-03-03
Tanks,15,61.53,2025-03-03
Vape Juice 30ml,19,41.76,2025-03-03
Vape Juice 30ml,21,58.64,2025-03-03
Vape Juice 30ml,18,41.54,2025-03-03
Vape Juice 60ml,44,40.15,2025-03-03
Atomizers,6,44.15,2025-03-03
Chargers,6,36.38,2025-03-04
Nicotine Pods,10,11.56,2025-03-04
Drip Tips,4,26.84,2025-03-04
Cotton Wicking,21,31.25,2025-03-04
Batteries,22,11.72,2025-03-04
Battery 18650,14,26.95,2025-03-04
Chargers,5,31.02,2025-03-04
Drip Tips,1,24.42,2025-03-04
Charger,13,21.06,2025-03-04
Tank Glass,6,22.59,2025-03-04
Tank Glass,3,18.74,2025-03-04
Tank Glass,4,20.31,2025-03-04
Drip Tips,1,33.36,2025-03-04
Nicotine Pods,10,35.83,2025-03-04
Chargers,9,31.42,2025-03-04
Nicotine Pods,11,21.7,2025-03-04
Replacement Coils,20,35.21,2025-03-04
Zero Nicotine 30ml,17,31.71,2025-03-04
Zero Nicotine 30ml,18,13.36,2025-03-04
Pod Kit,17,45.64,2025-03-04
Vape Mod XL,16,78.51,2025-03-04
Starter Kit,5,18.37,2025-03-04
Starter Kit,3,11.53,2025-03-04
Starter Kit,2,5.0,2025-03-04
Tanks,17,54.55,2025-03-04
Pod Kit,18,52.08,2025-03-04
Atomizers,5,38.64,2025-03-04
Atomizers,6,32.19,2025-03-04
Atomizers,7,63.5,2025-03-04
Vape Juice 60ml,23,33.19,2025-03-04
Vape Juice 60ml,20,40.82,2025-03-04
E-Liquid Premium,39,56.95,2025-03-04
Tanks,17,63.0,2025-03-04
Nicotine Pods,9,71.68,2025-03-05
Replacement Coils,4,28.45,2025-03-05
Replacement Coils,3,15.0,2025-03-05
Replacement Coils,7,19.37,2025-03-05
Cotton Wicking,31,5.0,2025-03-05
Battery 18650,8,18.19,2025-03-05
Charger,10,14.33,2025-03-05
Chargers,18,38.86,2025-03-05
Tank Glass,12,18.49,2025-03-05
Drip Tips,2,31.07,2025-03-05
Drip Tips,5,6.98,2025-03-05
Drip Tips,5,16.31,2025-03-05
Battery 18650,6,26.18,2025-03-05
Nicotine Pods,10,80.63,2025-03-05
E-Liquid Premium,57,63.14,2025-03-05
Zero Nicotine 30ml,30,18.33,2025-03-05
Nicotine Pods,11,45.42,2025-03-05
Vape Mod XL,4,35.34,2025-03-05
Vape Mod XL,6,20.77,2025-03-05
Vape Mod XL,4,31.33,2025-03-05
Starter Kit,16,35.75,2025-03-05
Tanks,8,44.39,2025-03-05
Pod Kit,40,56.48,2025-03-05
Tanks,4,68.79,2025-03-05
Vape Juice 30ml,21,33.75,2025-03-05
Vape Juice 30ml,21,50.3,2025-03-05
Vape Juice 60ml,17,39.94,2025-03-05
Vape Juice 60ml,18,24.47,2025-03-05
Tanks,4,54.45,2025-03-05
Zero Nicotine 30ml,28,40.36,2025-03-06
Drip Tips,11,31.26,2025-03-06
Replacement Coils,19,27.27,2025-03-06
Cotton Wicking,33,21.06,2025-03-06
Batteries,18,56.7,2025-03-06
Charger,3,15.73,2025-03-06
Chargers,14,32.95,2025-03-06
Charger,1,25.02,2025-03-06
Tank Glass,14,26.31,2025-03-06
E-Liquid Premium,20,57.22,2025-03-06
Battery 18650,12,19.75,2025-03-06
E-Liquid Premium,20,45.12,2025-03-06
Nicotine Pods,32,46.54,2025-03-06
Vape Juice 30ml,23,43.19,2025-03-06
Pod Kit,45,67.61,2025-03-06
Vape Mod XL,17,60.86,2025-03-06
Starter Kit,7,49.65,2025-03-06
Starter Kit,7,38.33,2025-03-06
Starter Kit,4,43.83,2025-03-06
Vape Juice 30ml,21,33.5,2025-03-06
Tanks,17,55.59,2025-03-06
Atomizers,7,46.72,2025-03-06
Atomizers,8,61.1,2025-03-06
Atomizers,6,57.56,2025-03-06
Tanks,18,50.05,2025-03-06
Replacement Coils,8,19.03,2025-03-07
Cotton Wicking,11,57.2,2025-03-07
Cotton Wicking,10,39.28,2025-03-07
Batteries,15,21.78,2025-03-07
Batteries,15,32.58,2025-03-07
Chargers,28,33.05,2025-03-07
Replacement Coils,4,23.81,2025-03-07
Charger,14,21.08,2025-03-07
Tank Glass,22,7.16,2025-03-07
Drip Tips,11,38.03,2025-03-07
Battery 18650,12,21.36,2025-03-07
Nicotine Pods,42,21.13,2025-03-07
Replacement Coils,8,10.24,2025-03-07
Vape Juice 60ml,54,34.69,2025-03-07
E-Liquid Premium,62,65.4,2025-03-07
Pod Kit,20,72.38,2025-03-07
Vape Mod XL,7,49.33,2025-03-07
Vape Mod XL,5,51.41,2025-03-07
Vape Mod XL,6,42.17,2025-03-07
Pod Kit,23,42.07,2025-03-07
Tanks,17,69.39,2025-03-07
Tanks,18,64.38,2025-03-07
Atomizers,30,45.77,2025-03-07
Vape Juice 30ml,50,57.3,2025-03-07
Starter Kit,19,38.81,2025-03-07
Replacement Coils,6,23.15,2025-03-08
Drip Tips,7,18.16,2025-03-08
Tank Glass,21,9.91,2025-03-08
Charger,10,21.18,2025-03-08
Chargers,20,32.93,2025-03-08
Battery 18650,10,19.18,2025-03-08
Battery 18650,8,27.96,2025-03-08
Drip Tips,8,31.96,2025-03-08
Cotton Wicking,29,56.78,2025-03-08
Replacement Coils,8,32.66,2025-03-08
Nicotine Pods,35,38.82,2025-03-08
Batteries,31,21.0,2025-03-08
Vape Juice 60ml,17,63.57,2025-03-08
Vape Juice 60ml,21,33.66,2025-03-08
Pod Kit,44,54.75,2025-03-08
Vape Mod XL,4,57.92,2025-03-08
Vape Mod XL,6,59.17,2025-03-08
Starter Kit,6,34.33,2025-03-08
Starter Kit,8,42.36,2025-03-08
Replacement Coils,7,15.37,2025-03-08
Tanks,18,52.62,2025-03-08
Tanks,20,74.94,2025-03-08
Vape Juice 30ml,71,54.51,2025-03-08
Atomizers,9,15.36,2025-03-08
Atomizers,12,60.35,2025-03-08
Drip Tips,13,21.91,2025-03-09
Tank Glass,19,18.32,2025-03-09
Charger,3,21.24,2025-03-09
Charger,6,22.87,2025-03-09
Charger,2,16.15,2025-03-09
Chargers,17,43.48,2025-03-09
Zero Nicotine 30ml,10,10.63,2025-03-09
Batteries,14,25.67,2025-03-09
Batteries,13,39.81,2025-03-09
Cotton Wicking,10,37.65,2025-03-09
Cotton Wicking,10,44.05,2025-03-09
Nicotine Pods,33,29.87,2025-03-09
Zero Nicotine 30ml,13,5.0,2025-03-09
Battery 18650,18,13.8,2025-03-09
Replacement Coils,23,24.94,2025-03-09
E-Liquid Premium,39,32.21,2025-03-09
E-Liquid Premium,37,37.43,2025-03-09
Pod Kit,20,65.14,2025-03-09
Pod Kit,20,55.43,2025-03-09
Vape Mod XL,4,55.11,2025-03-09
Vape Mod XL,4,25.84,2025-03-09
Vape Mod XL,5,78.52,2025-03-09
Zero Nicotine 30ml,10,19.8,2025-03-09
Starter Kit,11,39.71,2025-03-09
Atomizers,9,62.08,2025-03-09
Atomizers,9,68.58,2025-03-09
Atomizers,9,63.21,2025-03-09
Vape Juice 30ml,61,44.44,2025-03-09
Starter Kit,11,37.72,2025-03-09
Cotton Wicking,14,42.44,2025-03-10
Battery 18650,5,13.42,2025-03-10
Battery 18650,3,26.89,2025-03-10
Battery 18650,2,27.56,2025-03-10
Chargers,18,19.41,2025-03-10
Charger,3,22.3,2025-03-10
Charger,4,15.53,2025-03-10
Tank Glass,12,16.64,2025-03-10
Drip Tips,6,24.61,2025-03-10
Replacement Coils,20,20.33,2025-03-10
Charger,1,9.22,2025-03-10
Drip Tips,4,22.57,2025-03-10
Nicotine Pods,23,62.48,2025-03-10
E-Liquid Premium,33,39.34,2025-03-10
Pod Kit,14,59.69,2025-03-10
Pod Kit,14,66.75,2025-03-10
Vape Mod XL,11,47.7,2025-03-10
Starter Kit,5,46.18,2025-03-10
Starter Kit,3,40.12,2025-03-10
Zero Nicotine 30ml,20,24.01,2025-03-10
Atomizers,11,39.32,2025-03-10
Vape Juice 30ml,39,34.13,2025-03-10
Vape Juice 60ml,15,42.66,2025-03-10
Vape Juice 60ml,16,29.02,2025-03-10
Tanks,18,48.39,2025-03-10
Cotton Wicking,17,8.36,2025-03-11
Drip Tips,1,37.86,2025-03-11
Tank Glass,6,23.45,2025-03-11
Tank Glass,5,11.71,2025-03-11
Tank Glass,5,14.76,2025-03-11
Chargers,6,45.19,2025-03-11
Chargers,4,19.9,2025-03-11
Battery 18650,12,26.29,2025-03-11
Batteries,5,28.66,2025-03-11
Batteries,4,5.0,2025-03-11
Drip Tips,3,17.6,2025-03-11
Replacement Coils,5,28.03,2025-03-11
Nicotine Pods,30,68.63,2025-03-11
Replacement Coils,5,21.14,2025-03-11
Pod Kit,23,73.77,2025-03-11
Vape Mod XL,9,54.15,2025-03-11
Starter Kit,12,50.98,2025-03-11
Tanks,7,56.24,2025-03-11
Vape Mod XL,5,52.91,2025-03-11
Tanks,6,72.18,2025-03-11
Vape Juice 30ml,42,45.55,2025-03-11
E-Liquid Premium,39,47.27,2025-03-11
Zero Nicotine 30ml,23,5.0,2025-03-11
Tanks,7,44.71,2025-03-11
Batteries,14,31.36,2025-03-12
Replacement Coils,7,9.74,2025-03-12
Replacement Coils,6,23.34,2025-03-12
Cotton Wicking,26,12.4,2025-03-12
Battery 18650,10,17.36,2025-03-12
Tank Glass,4,15.1,2025-03-12
Chargers,7,5.0,2025-03-12
Charger,7,16.57,2025-03-12
Tank Glass,3,5.0,2025-03-12
Tank Glass,3,12.52,2025-03-12
Drip Tips,5,25.49,2025-03-12
Chargers,9,54.89,2025-03-12
Zero Nicotine 30ml,21,33.32,2025-03-12
Nicotine Pods,22,115.33,2025-03-12
E-Liquid Premium,15,45.44,2025-03-12
E-Liquid Premium,15,59.57,2025-03-12
Pod Kit,12,51.72,2025-03-12
Pod Kit,14,39.74,2025-03-12
Vape Mod XL,9,55.42,2025-03-12
Starter Kit,2,43.33,2025-03-12
Starter Kit,6,51.37,2025-03-12
Starter Kit,2,41.35,2025-03-12
Tanks,13,60.95,2025-03-12
Atomizers,13,54.31,2025-03-12
Vape Juice 30ml,40,44.46,2025-03-12
Vape Juice 60ml,25,45.7,2025-03-12
E-Liquid Premium,16,40.66,2025-03-12
Tanks,14,47.21,2025-03-12
Cotton Wicking,10,25.58,2025-03-13
Nicotine Pods,15,52.65,2025-03-13
Nicotine Pods,14,35.87,2025-03-13
Replacement Coils,17,18.84,2025-03-13
Cotton Wicking,7,35.67,2025-03-13
Batteries,17,52.9,2025-03-13
Drip Tips,10,39.01,2025-03-13
Chargers,15,41.5,2025-03-13
Charger,5,16.85,2025-03-13
Charger,3,22.3,2025-03-13
Tank Glass,8,17.01,2025-03-13
Tank Glass,9,16.87,2025-03-13
Battery 18650,10,16.93,2025-03-13
Zero Nicotine 30ml,21,29.99,2025-03-13
Vape Juice 60ml,8,34.16,2025-03-13
Vape Juice 60ml,8,38.43,2025-03-13
Pod Kit,10,69.0,2025-03-13
Vape Juice 60ml,10,45.47,2025-03-13
Pod Kit,10,43.93,2025-03-13
Vape Mod XL,5,43.1,2025-03-13
Vape Mod XL,3,71.03,2025-03-13
Vape Mod XL,3,47.16,2025-03-13
Pod Kit,9,58.1,2025-03-13
Starter Kit,9,48.22,2025-03-13
Tanks,11,55.54,2025-03-13
Tanks,10,37.41,2025-03-13
Vape Juice 30ml,15,40.27,2025-03-13
Vape Juice 30ml,19,32.09,2025-03-13
Starter Kit,6,38.89,2025-03-13
E-Liquid Premium,15,61.32,2025-03-14
Charger,11,14.54,2025-03-14
Battery 18650,3,25.76,2025-03-14
Battery 18650,4,23.71,2025-03-14
Battery 18650,5,22.21,2025-03-14
Batteries,27,33.13,2025-03-14
Cotton Wicking,25,58.15,2025-03-14
Nicotine Pods,37,64.53,2025-03-14
Zero Nicotine 30ml,29,36.89,2025-03-14
E-Liquid Premium,15,39.25,2025-03-14
Drip Tips,14,35.59,2025-03-14
Vape Juice 60ml,24,39.4,2025-03-14
Vape Juice 60ml,23,57.68,2025-03-14
Vape Juice 30ml,48,6.77,2025-03-14
Atomizers,16,46.28,2025-03-14
Tanks,20,59.21,2025-03-14
Tanks,20,84.21,2025-03-14
Vape Mod XL,9,42.67,2025-03-14
Vape Mod XL,7,61.04,2025-03-14
Pod Kit,21,34.49,2025-03-14
Pod Kit,18,51.58,2025-03-14
E-Liquid Premium,13,48.24,2025-03-14
Cotton Wicking,11,23.76,2025-03-15
Cotton Wicking,14,11.93,2025-03-15
Batteries,24,36.61,2025-03-15
Battery 18650,16,16.14,2025-03-15
Chargers,25,45.35,2025-03-15
Drip Tips,2,5.0,2025-03-15
Charger,4,19.51,2025-03-15
Tank Glass,8,20.28,2025-03-15
Tank Glass,9,20.16,2025-03-15
Drip Tips,5,31.73,2025-03-15
Replacement Coils,28,10.37,2025-03-15
Charger,6,21.95,2025-03-15
Nicotine Pods,36,53.66,2025-03-15
Zero Nicotine 30ml,31,12.09,2025-03-15
E-Liquid Premium,64,50.02,2025-03-15
Pod Kit,14,64.38,2025-03-15
Pod Kit,13,60.17,2025-03-15
Vape Mod XL,14,48.65,2025-03-15
Starter Kit,4,32.61,2025-03-15
Starter Kit,5,19.0,2025-03-15
Pod Kit,11,55.22,2025-03-15
Tanks,8,82.55,2025-03-15
Tanks,8,46.45,2025-03-15
Atomizers,18,64.28,2025-03-15
Vape Juice 30ml,48,36.7,2025-03-15
Vape Juice 60ml,33,36.63,2025-03-15
Tanks,5,54.98,2025-03-15
Nicotine Pods,13,17.41,2025-03-16
Cotton Wicking,23,26.19,2025-03-16
Batteries,31,43.06,2025-03-16
Battery 18650,7,11.09,2025-03-16
Battery 18650,8,19.83,2025-03-16
Tank Glass,4,25.14,2025-03-16
Charger,8,18.68,2025-03-16
Tank Glass,6,13.56,2025-03-16
Drip Tips,9,35.83,2025-03-16
Nicotine Pods,12,5.59,2025-03-16
Chargers,14,30.49,2025-03-16
Zero Nicotine 30ml,21,33.59,2025-03-16
Replacement Coils,17,28.49,2025-03-16
Vape Juice 60ml,19,25.32,2025-03-16
Pod Kit,49,63.84,2025-03-16
Vape Mod XL,5,31.36,2025-03-16
Vape Mod XL,5,60.13,2025-03-16
Starter Kit,10,40.23,2025-03-16
Starter Kit,11,32.71,2025-03-16
E-Liquid Premium,54,58.25,2025-03-16
Tanks,14,53.44,2025-03-16
Atomizers,26,75.36,2025-03-16
Vape Juice 30ml,43,42.9,2025-03-16
Vape Juice 60ml,20,30.95,2025-03-16
Tanks,15,76.83,2025-03-16
Replacement Coils,5,9.55,2025-03-17
Cotton Wicking,15,5.0,2025-03-17
Batteries,7,63.01,2025-03-17
Batteries,8,47.68,2025-03-17
Battery 18650,5,17.17,2025-03-17
Battery 18650,2,22.4,2025-03-17
Charger,4,27.9,2025-03-17
Chargers,15,37.52,2025-03-17
Charger,5,18.75,2025-03-17
Charger,2,18.07,2025-03-17
Replacement Coils,7,7.82,2025-03-17
Drip Tips,5,32.91,2025-03-17
Drip Tips,3,21.11,2025-03-17
Battery 18650,3,13.63,2025-03-17
Tank Glass,10,16.0,2025-03-17
Nicotine Pods,20,43.14,2025-03-17
Zero Nicotine 30ml,8,16.32,2025-03-17
Zero Nicotine 30ml,10,24.47,2025-03-17
Pod Kit,9,38.07,2025-03-17
Vape Mod XL,9,33.76,2025-03-17
Starter Kit,4,16.92,2025-03-17
Starter Kit,5,36.79,2025-03-17
Starter Kit,5,34.08,2025-03-17
Tanks,18,44.48,2025-03-17
Pod Kit,9,36.93,2025-03-17
Atomizers,8,78.3,2025-03-17
Atomizers,4,57.14,2025-03-17
Vape Juice 30ml,40,32.9,2025-03-17
Vape Juice 60ml,22,28.2,2025-03-17
E-Liquid Premium,24,56.93,2025-03-17
E-Liquid Premium,21,43.07,2025-03-17
Atomizers,4,48.7,2025-03-17
Cotton Wicking,11,27.37,2025-03-18
Batteries,21,63.37,2025-03-18
Battery 18650,12,17.15,2025-03-18
Chargers,14,33.03,2025-03-18
Charger,3,17.05,2025-03-18
Drip Tips,4,11.31,2025-03-18
Tank Glass,6,19.13,2025-03-18
Tank Glass,7,16.67,2025-03-18
Drip Tips,4,26.8,2025-03-18
Drip Tips,1,28.91,2025-03-18
Cotton Wicking,13,32.39,2025-03-18
Charger,6,23.24,2025-03-18
Nicotine Pods,25,29.83,2025-03-18
Atomizers,9,64.07,2025-03-18
Zero Nicotine 30ml,7,54.76,2025-03-18
Pod Kit,8,48.51,2025-03-18
Pod Kit,12,46.28,2025-03-18
Pod Kit,12,66.33,2025-03-18
Vape Mod XL,8,45.78,2025-03-18
Starter Kit,11,36.34,2025-03-18
Zero Nicotine 30ml,7,43.39,2025-03-18
Vape Juice 30ml,43,62.41,2025-03-18
Vape Juice 60ml,13,34.22,2025-03-18
Vape Juice 60ml,15,21.49,2025-03-18
E-Liquid Premium,42,62.11,2025-03-18
Zero Nicotine 30ml,8,22.0,2025-03-18
Atomizers,9,57.03,2025-03-18
Cotton Wicking,24,24.66,2025-03-19
Drip Tips,8,33.71,2025-03-19
Tank Glass,4,21.91,2025-03-19
Tank Glass,7,24.79,2025-03-19
Charger,7,24.18,2025-03-19
Chargers,10,47.17,2025-03-19
Battery 18650,11,22.61,2025-03-19
Batteries,13,45.0,2025-03-19
Nicotine Pods,32,41.94,2025-03-19
Zero Nicotine 30ml,11,43.05,2025-03-19
Zero Nicotine 30ml,8,17.85,2025-03-19
E-Liquid Premium,48,54.5,2025-03-19
Vape Juice 60ml,34,32.64,2025-03-19
Vape Juice 30ml,40,42.6,2025-03-19
Atomizers,12,61.39,2025-03-19
Tanks,8,59.63,2025-03-19
Tanks,11,54.7,2025-03-19
Starter Kit,4,20.76,2025-03-19
Starter Kit,4,35.53,2025-03-19
Pod Kit,28,42.38,2025-03-19
Zero Nicotine 30ml,20,40.45,2025-03-20
Nicotine Pods,11,38.07,2025-03-20
Nicotine Pods,9,43.12,2025-03-20
Cotton Wicking,24,5.0,2025-03-20
Batteries,21,5.0,2025-03-20
Chargers,7,19.6,2025-03-20
Battery 18650,4,25.22,2025-03-20
Chargers,8,41.74,2025-03-20
E-Liquid Premium,24,52.58,2025-03-20
Charger,8,12.0,2025-03-20
Battery 18650,4,14.45,2025-03-20
Drip Tips,11,29.54,2025-03-20
E-Liquid Premium,24,55.68,2025-03-20
Vape Juice 30ml,54,51.58,2025-03-20
Vape Mod XL,7,39.01,2025-03-20
Vape Mod XL,5,56.49,2025-03-20
Vape Mod XL,6,49.47,2025-03-20
Starter Kit,9,40.6,2025-03-20
Pod Kit,37,59.31,2025-03-20
Tanks,28,81.35,2025-03-20
Atomizers,4,58.03,2025-03-20
Atomizers,6,80.17,2025-03-20
Atomizers,5,68.41,2025-03-20
Starter Kit,7,36.94,2025-03-20
Vape Juice 60ml,27,34.74,2025-03-20
Batteries,33,51.57,2025-03-21
Drip Tips,12,28.96,2025-03-21
Tank Glass,5,5.0,2025-03-21
Tank Glass,3,18.53,2025-03-21
Tank Glass,5,25.79,2025-03-21
Chargers,6,49.86,2025-03-21
Chargers,6,44.99,2025-03-21
Chargers,9,39.55,2025-03-21
Battery 18650,11,25.07,2025-03-21
Battery 18650,11,27.79,2025-03-21
Replacement Coils,25,28.8,2025-03-21
E-Liquid Premium,24,19.11,2025-03-21
E-Liquid Premium,24,50.53,2025-03-21
Vape Juice 60ml,53,35.13,2025-03-21
Vape Juice 30ml,48,71.94,2025-03-21
Tanks,24,71.76,2025-03-21
Starter Kit,13,26.92,2025-03-21
Starter Kit,13,50.08,2025-03-21
Vape Mod XL,17,65.91,2025-03-21
Pod Kit,38,43.57,2025-03-21
Zero Nicotine 30ml,28,44.36,2025-03-21
Replacement Coils,5,13.04,2025-03-22
Replacement Coils,7,7.44,2025-03-22
Cotton Wicking,30,47.69,2025-03-22
Batteries,20,8.63,2025-03-22
Battery 18650,2,32.65,2025-03-22
Tank Glass,8,25.06,2025-03-22
Battery 18650,6,18.13,2025-03-22
Chargers,19,28.93,2025-03-22
Charger,9,22.44,2025-03-22
Drip Tips,10,22.42,2025-03-22
Replacement Coils,8,20.01,2025-03-22
Battery 18650,4,24.48,2025-03-22
Nicotine Pods,14,46.19,2025-03-22
Tank Glass,8,5.0,2025-03-22
Zero Nicotine 30ml,11,13.56,2025-03-22
Pod Kit,41,36.15,2025-03-22
Vape Mod XL,13,55.84,2025-03-22
Starter Kit,19,51.66,2025-03-22
Tanks,18,65.91,2025-03-22
Tanks,17,44.55,2025-03-22
Nicotine Pods,14,80.79,2025-03-22
Vape Juice 30ml,59,58.72,2025-03-22
Vape Juice 60ml,21,38.07,2025-03-22
Vape Juice 60ml,20,43.7,2025-03-22
E-Liquid Premium,69,66.04,2025-03-22
Zero Nicotine 30ml,13,31.62,2025-03-22
Atomizers,26,69.32,2025-03-22
Cotton Wicking,32,21.65,2025-03-23
Drip Tips,14,24.8,2025-03-23
Charger,3,21.02,2025-03-23
Charger,3,5.86,2025-03-23
Chargers,28,48.16,2025-03-23
Battery 18650,3,13.62,2025-03-23
Battery 18650,7,16.24,2025-03-23
Battery 18650,4,22.03,2025-03-23
Nicotine Pods,35,60.3,2025-03-23
Zero Nicotine 30ml,33,31.18,2025-03-23
Vape Juice 60ml,26,41.5,2025-03-23
Vape Juice 60ml,24,30.71,2025-03-23
Vape Juice 30ml,74,70.4,2025-03-23
Atomizers,14,78.8,2025-03-23
Atomizers,15,16.18,2025-03-23
Tanks,34,72.79,2025-03-23
Starter Kit,19,40.19,2025-03-23
Vape Mod XL,13,38.96,2025-03-23
Pod Kit,38,63.42,2025-03-23
E-Liquid Premium,69,36.58,2025-03-23
Zero Nicotine 30ml,14,25.46,2025-03-24
Nicotine Pods,13,48.84,2025-03-24
Nicotine Pods,10,40.31,2025-03-24
Replacement Coils,11,28.08,2025-03-24
Replacement Coils,9,19.49,2025-03-24
Cotton Wicking,12,9.21,2025-03-24
Tank Glass,15,15.32,2025-03-24
Battery 18650,10,21.44,2025-03-24
Chargers,10,59.1,2025-03-24
Charger,4,19.72,2025-03-24
Charger,3,28.53,2025-03-24
Drip Tips,10,32.32,2025-03-24
Cotton Wicking,13,28.48,2025-03-24
Zero Nicotine 30ml,14,44.16,2025-03-24
Chargers,7,52.42,2025-03-24
Vape Juice 60ml,28,24.16,2025-03-24
E-Liquid Premium,57,66.61,2025-03-24
Pod Kit,9,66.27,2025-03-24
Pod Kit,9,69.2,2025-03-24
Vape Mod XL,5,42.27,2025-03-24
Vape Mod XL,5,40.69,2025-03-24
Vape Mod XL,3,75.44,2025-03-24
Pod Kit,10,51.7,2025-03-24
Starter Kit,2,33.39,2025-03-24
Starter Kit,4,43.02,2025-03-24
Tanks,12,50.93,2025-03-24
Tanks,12,62.33,2025-03-24
Atomizers,17,64.99,2025-03-24
Starter Kit,2,51.29,2025-03-24
Vape Juice 30ml,53,37.16,2025-03-24
Replacement Coils,10,9.08,2025-03-25
Replacement Coils,8,26.43,2025-03-25
Cotton Wicking,13,9.32,2025-03-25
Cotton Wicking,14,45.93,2025-03-25
Charger,10,19.99,2025-03-25
Battery 18650,13,18.76,2025-03-25
Tank Glass,17,16.24,2025-03-25
Replacement Coils,9,32.42,2025-03-25
Drip Tips,8,35.79,2025-03-25
Batteries,20,21.13,2025-03-25
Nicotine Pods,18,33.05,2025-03-25
Chargers,15,44.58,2025-03-25
Zero Nicotine 30ml,24,36.02,2025-03-25
Nicotine Pods,18,69.65,2025-03-25
Vape Mod XL,18,52.95,2025-03-25
Starter Kit,15,40.88,2025-03-25
Tanks,18,58.56,2025-03-25
Pod Kit,41,26.31,2025-03-25
Atomizers,20,60.47,2025-03-25
Vape Juice 30ml,61,33.35,2025-03-25
Vape Juice 60ml,29,38.8,2025-03-25
E-Liquid Premium,40,44.69,2025-03-25
Tanks,18,50.45,2025-03-25
Drip Tips,10,6.85,2025-03-26
Tank Glass,10,7.54,2025-03-26
Charger,11,19.24,2025-03-26
Chargers,16,35.66,2025-03-26
Battery 18650,14,10.78,2025-03-26
Batteries,9,15.01,2025-03-26
Batteries,11,32.32,2025-03-26
Cotton Wicking,8,52.43,2025-03-26
Replacement Coils,16,22.18,2025-03-26
Cotton Wicking,9,50.85,2025-03-26
Zero Nicotine 30ml,20,36.99,2025-03-26
E-Liquid Premium,38,44.05,2025-03-26
Vape Juice 30ml,54,61.49,2025-03-26
Atomizers,22,42.35,2025-03-26
Tanks,22,33.75,2025-03-26
Starter Kit,14,15.99,2025-03-26
Vape Mod XL,17,80.29,2025-03-26
Pod Kit,27,54.78,2025-03-26
Nicotine Pods,27,39.96,2025-03-26
Cotton Wicking,17,27.82,2025-03-27
Cotton Wicking,21,61.33,2025-03-27
Batteries,18,47.01,2025-03-27
Batteries,15,5.88,2025-03-27
Drip Tips,8,7.74,2025-03-27
Charger,4,17.49,2025-03-27
Battery 18650,6,17.64,2025-03-27
Chargers,20,56.03,2025-03-27
Charger,4,16.55,2025-03-27
Tank Glass,14,14.51,2025-03-27
Replacement Coils,23,27.06,2025-03-27
Battery 18650,6,21.87,2025-03-27
Nicotine Pods,40,46.66,2025-03-27
Vape Juice 60ml,28,29.41,2025-03-27
Zero Nicotine 30ml,14,35.05,2025-03-27
Pod Kit,43,55.3,2025-03-27
Vape Mod XL,6,36.37,2025-03-27
Vape Mod XL,9,39.41,2025-03-27
Starter Kit,15,31.68,2025-03-27
Atomizers,27,62.36,2025-03-27
Zero Nicotine 30ml,16,29.37,2025-03-27
Vape Juice 60ml,24,36.93,2025-03-27
E-Liquid Premium,27,56.51,2025-03-27
E-Liquid Premium,25,60.97,2025-03-27
E-Liquid Premium,28,41.15,2025-03-27
Vape Juice 30ml,44,42.17,2025-03-27
Nicotine Pods,51,71.14,2025-03-28
Replacement Coils,15,33.84,2025-03-28
Cotton Wicking,12,30.96,2025-03-28
Cotton Wicking,13,53.96,2025-03-28
Battery 18650,25,23.46,2025-03-28
Zero Nicotine 30ml,32,24.3,2025-03-28
Charger,12,24.27,2025-03-28
Tank Glass,6,27.74,2025-03-28
Tank Glass,9,19.71,2025-03-28
Drip Tips,12,28.43,2025-03-28
Batteries,43,40.18,2025-03-28
E-Liquid Premium,21,54.7,2025-03-28
Replacement Coils,16,27.58,2025-03-28
Vape Juice 60ml,24,37.6,2025-03-28
E-Liquid Premium,18,69.51,2025-03-28
Pod Kit,35,47.84,2025-03-28
Pod Kit,34,79.14,2025-03-28
Starter Kit,21,27.15,2025-03-28
Tanks,17,78.55,2025-03-28
Tanks,16,64.96,2025-03-28
E-Liquid Premium,19,57.22,2025-03-28
Vape Juice 30ml,25,42.4,2025-03-28
Vape Juice 30ml,26,35.36,2025-03-28
Vape Juice 30ml,27,53.37,2025-03-28
Vape Juice 60ml,21,31.24,2025-03-28
Vape Juice 60ml,23,38.97,2025-03-28
Atomizers,35,19.94,2025-03-28
Zero Nicotine 30ml,23,45.14,2025-03-29
Nicotine Pods,35,5.0,2025-03-29
Replacement Coils,34,13.94,2025-03-29
Cotton Wicking,28,24.08,2025-03-29
Batteries,8,26.08,2025-03-29
Batteries,9,56.01,2025-03-29
Charger,18,31.64,2025-03-29
Battery 18650,23,23.21,2025-03-29
Tank Glass,22,11.92,2025-03-29
Drip Tips,4,23.27,2025-03-29
Drip Tips,5,36.38,2025-03-29
Zero Nicotine 30ml,24,24.57,2025-03-29
Batteries,6,73.6,2025-03-29
Drip Tips,2,11.33,2025-03-29
E-Liquid Premium,33,54.09,2025-03-29
Vape Juice 60ml,16,49.81,2025-03-29
Pod Kit,24,50.03,2025-03-29
Pod Kit,26,62.09,2025-03-29
Vape Mod XL,21,45.45,2025-03-29
Starter Kit,25,48.83,2025-03-29
Tanks,44,91.98,2025-03-29
E-Liquid Premium,35,62.22,2025-03-29
Atomizers,9,40.85,2025-03-29
Vape Juice 30ml,40,55.17,2025-03-29
Vape Juice 30ml,39,41.35,2025-03-29
Vape Juice 60ml,19,30.39,2025-03-29
Vape Juice 60ml,17,45.04,2025-03-29
Atomizers,9,72.94,2025-03-29
Replacement Coils,9,19.46,2025-03-30
Cotton Wicking,18,35.27,2025-03-30
Cotton Wicking,14,5.0,2025-03-30
Batteries,15,8.91,2025-03-30
Batteries,15,32.89,2025-03-30
Charger,5,26.76,2025-03-30
Chargers,30,46.25,2025-03-30
Charger,5,22.05,2025-03-30
Tank Glass,12,17.07,2025-03-30
Tank Glass,8,19.6,2025-03-30
Replacement Coils,9,23.3,2025-03-30
Battery 18650,17,20.64,2025-03-30
Drip Tips,15,44.44,2025-03-30
Zero Nicotine 30ml,29,21.74,2025-03-30
E-Liquid Premium,35,62.23,2025-03-30
Nicotine Pods,47,51.59,2025-03-30
Pod Kit,20,57.98,2025-03-30
Pod Kit,22,64.03,2025-03-30
Starter Kit,26,21.14,2025-03-30
Tanks,45,56.89,2025-03-30
Pod Kit,22,55.77,2025-03-30
Vape Juice 30ml,66,43.81,2025-03-30
Vape Juice 60ml,20,16.98,2025-03-30
Vape Juice 60ml,20,35.31,2025-03-30
Vape Juice 60ml,21,39.57,2025-03-30
E-Liquid Premium,35,49.42,2025-03-30
Atomizers,23,71.73,2025-03-30
Replacement Coils,15,42.77,2025-03-31
Cotton Wicking,13,59.77,2025-03-31
Cotton Wicking,13,14.38,2025-03-31
Battery 18650,16,5.1,2025-03-31
Charger,11,15.29,2025-03-31
Chargers,13,58.93,2025-03-31
Tank Glass,15,7.51,2025-03-31
Drip Tips,9,38.98,2025-03-31
Nicotine Pods,33,45.78,2025-03-31
Chargers,12,46.27,2025-03-31
Zero Nicotine 30ml,11,44.91,2025-03-31
Zero Nicotine 30ml,12,25.63,2025-03-31
E-Liquid Premium,14,55.13,2025-03-31
E-Liquid Premium,11,64.08,2025-03-31
E-Liquid Premium,11,41.64,2025-03-31
Vape Juice 60ml,28,44.53,2025-03-31
Vape Juice 30ml,58,44.71,2025-03-31
Tanks,17,65.39,2025-03-31
Tanks,17,55.27,2025-03-31
Starter Kit,19,16.85,2025-03-31
Vape Mod XL,5,59.58,2025-03-31
Vape Mod XL,7,38.6,2025-03-31
Cotton Wicking,9,37.37,2025-04-01
Cotton Wicking,11,49.19,2025-04-01
Batteries,23,44.38,2025-04-01
Battery 18650,15,20.61,2025-04-01
Tank Glass,1,17.16,2025-04-01
Charger,7,23.16,2025-04-01
Tank Glass,4,24.21,2025-04-01
Tank Glass,1,15.0,2025-04-01
Replacement Coils,19,16.95,2025-04-01
Chargers,14,36.51,2025-04-01
Nicotine Pods,11,52.04,2025-04-01
Cotton Wicking,11,56.87,2025-04-01
E-Liquid Premium,38,52.26,2025-04-01
Nicotine Pods,12,69.52,2025-04-01
Pod Kit,11,31.42,2025-04-01
Pod Kit,10,41.28,2025-04-01
Vape Mod XL,8,31.2,2025-04-01
Starter Kit,15,48.72,2025-04-01
Vape Mod XL,8,48.75,2025-04-01
Atomizers,22,59.38,2025-04-01
Vape Juice 30ml,28,56.16,2025-04-01
Vape Juice 30ml,28,35.85,2025-04-01
Vape Juice 60ml,28,34.67,2025-04-01
Tanks,16,67.35,2025-04-01
Cotton Wicking,9,65.44,2025-04-02
E-Liquid Premium,15,60.89,2025-04-02
Zero Nicotine 30ml,9,36.61,2025-04-02
Zero Nicotine 30ml,10,44.62,2025-04-02
Nicotine Pods,22,27.63,2025-04-02
Cotton Wicking,7,64.76,2025-04-02
Tank Glass,15,7.36,2025-04-02
Battery 18650,14,16.53,2025-04-02
Chargers,8,76.78,2025-04-02
Chargers,9,75.5,2025-04-02
Charger,9,20.8,2025-04-02
Drip Tips,10,23.42,2025-04-02
E-Liquid Premium,14,52.88,2025-04-02
Batteries,25,10.49,2025-04-02
E-Liquid Premium,15,51.52,2025-04-02
Vape Juice 60ml,10,40.38,2025-04-02
Vape Juice 60ml,9,39.47,2025-04-02
Pod Kit,34,43.57,2025-04-02
Vape Mod XL,16,22.75,2025-04-02
Vape Juice 60ml,11,36.98,2025-04-02
Starter Kit,5,25.7,2025-04-02
Starter Kit,7,21.42,2025-04-02
Tanks,17,64.63,2025-04-02
Starter Kit,7,35.14,2025-04-02
Atomizers,11,50.97,2025-04-02
Atomizers,10,56.75,2025-04-02
Vape Juice 30ml,12,44.19,2025-04-02
Vape Juice 30ml,10,65.17,2025-04-02
Vape Juice 30ml,11,38.22,2025-04-02
Tanks,14,52.61,2025-04-02
Drip Tips,13,30.33,2025-04-03
Tank Glass,11,12.34,2025-04-03
Charger,7,9.56,2025-04-03
Chargers,24,14.15,2025-04-03
Batteries,9,51.09,2025-04-03
Batteries,12,64.36,2025-04-03
Replacement Coils,10,5.0,2025-04-03
Replacement Coils,10,7.82,2025-04-03
Zero Nicotine 30ml,16,9.53,2025-04-03
Atomizers,23,55.84,2025-04-03
Vape Juice 30ml,57,40.91,2025-04-03
Tanks,12,78.8,2025-04-03
Tanks,10,70.7,2025-04-03
Tanks,12,48.85,2025-04-03
Starter Kit,15,35.87,2025-04-03
Vape Mod XL,9,51.53,2025-04-03
Vape Mod XL,9,60.21,2025-04-03
Pod Kit,33,37.91,2025-04-03
Zero Nicotine 30ml,15,28.24,2025-04-03
Replacement Coils,12,5.88,2025-04-04
Replacement Coils,14,15.13,2025-04-04
Cotton Wicking,42,27.86,2025-04-04
Batteries,14,15.66,2025-04-04
Drip Tips,5,22.91,2025-04-04
Chargers,17,63.3,2025-04-04
Charger,15,21.19,2025-04-04
Tank Glass,20,21.91,2025-04-04
Nicotine Pods,34,17.42,2025-04-04
Batteries,12,46.67,2025-04-04
Zero Nicotine 30ml,32,31.58,2025-04-04
Drip Tips,4,20.45,2025-04-04
E-Liquid Premium,30,47.91,2025-04-04
Vape Juice 60ml,38,26.95,2025-04-04
Vape Juice 30ml,22,29.9,2025-04-04
Vape Juice 30ml,22,37.03,2025-04-04
Atomizers,19,42.3,2025-04-04
Tanks,41,41.13,2025-04-04
Starter Kit,13,31.72,2025-04-04
Vape Mod XL,7,77.86,2025-04-04
Vape Mod XL,5,68.5,2025-04-04
Pod Kit,35,40.15,2025-04-04
E-Liquid Premium,29,43.77,2025-04-04
Replacement Coils,13,17.36,2025-04-05
Cotton Wicking,29,21.51,2025-04-05
Batteries,21,37.59,2025-04-05
Batteries,18,53.11,2025-04-05
Battery 18650,17,16.25,2025-04-05
Drip Tips,11,27.33,2025-04-05
Charger,4,19.7,2025-04-05
Charger,4,9.9,2025-04-05
Tank Glass,7,14.38,2025-04-05
Tank Glass,4,16.37,2025-04-05
Replacement Coils,13,31.74,2025-04-05
Chargers,19,15.15,2025-04-05
Nicotine Pods,45,43.65,2025-04-05
Zero Nicotine 30ml,9,24.21,2025-04-05
Zero Nicotine 30ml,13,11.19,2025-04-05
Vape Mod XL,7,48.3,2025-04-05
Vape Mod XL,7,36.91,2025-04-05
Vape Mod XL,6,61.12,2025-04-05
Starter Kit,4,33.72,2025-04-05
Starter Kit,7,38.59,2025-04-05
Pod Kit,52,52.14,2025-04-05
Tanks,23,45.09,2025-04-05
Vape Juice 30ml,40,52.6,2025-04-05
Vape Juice 30ml,38,59.55,2025-04-05
Vape Juice 60ml,55,46.45,2025-04-05
Zero Nicotine 30ml,11,50.54,2025-04-05
Starter Kit,7,46.96,2025-04-05
Replacement Coils,14,9.73,2025-04-06
Cotton Wicking,25,36.65,2025-04-06
Batteries,6,45.13,2025-04-06
Batteries,7,55.97,2025-04-06
Batteries,10,33.13,2025-04-06
Chargers,24,34.02,2025-04-06
Drip Tips,11,12.39,2025-04-06
Charger,12,25.27,2025-04-06
Tank Glass,17,14.78,2025-04-06
Replacement Coils,14,21.81,2025-04-06
Battery 18650,4,10.25,2025-04-06
Nicotine Pods,45,15.3,2025-04-06
Battery 18650,7,13.09,2025-04-06
E-Liquid Premium,13,46.93,2025-04-06
Zero Nicotine 30ml,21,30.63,2025-04-06
Vape Mod XL,3,48.44,2025-04-06
Vape Mod XL,3,61.65,2025-04-06
Starter Kit,14,30.88,2025-04-06
Tanks,29,63.39,2025-04-06
Pod Kit,44,43.05,2025-04-06
Vape Juice 60ml,25,29.74,2025-04-06
Vape Juice 60ml,25,53.14,2025-04-06
E-Liquid Premium,12,42.81,2025-04-06
E-Liquid Premium,16,33.09,2025-04-06
Vape Juice 30ml,50,52.08,2025-04-06
Replacement Coils,7,21.64,2025-04-07
Drip Tips,5,38.53,2025-04-07
Tank Glass,4,26.48,2025-04-07
Tank Glass,4,5.0,2025-04-07
Battery 18650,12,15.36,2025-04-07
Batteries,21,28.72,2025-04-07
Cotton Wicking,3,42.04,2025-04-07
Cotton Wicking,5,22.82,2025-04-07
Cotton Wicking,4,5.0,2025-04-07
Replacement Coils,6,17.09,2025-04-07
Zero Nicotine 30ml,7,27.19,2025-04-07
Pod Kit,23,72.86,2025-04-07
Zero Nicotine 30ml,9,62.63,2025-04-07
E-Liquid Premium,33,48.7,2025-04-07
Vape Juice 60ml,16,27.72,2025-04-07
Vape Juice 60ml,14,32.89,2025-04-07
Vape Juice 30ml,28,44.85,2025-04-07
Atomizers,11,66.01,2025-04-07
Vape Mod XL,9,77.33,2025-04-07
Nicotine Pods,21,44.21,2025-04-07
Batteries,14,70.43,2025-04-08
Battery 18650,4,17.32,2025-04-08
Battery 18650,5,23.05,2025-04-08
Replacement Coils,8,6.62,2025-04-08
Tank Glass,9,20.27,2025-04-08
Drip Tips,2,30.48,2025-04-08
Drip Tips,4,23.67,2025-04-08
Chargers,13,21.06,2025-04-08
Replacement Coils,7,26.17,2025-04-08
Pod Kit,17,64.95,2025-04-08
Zero Nicotine 30ml,21,33.39,2025-04-08
Vape Juice 30ml,16,50.26,2025-04-08
Vape Juice 30ml,17,34.39,2025-04-08
Atomizers,17,56.56,2025-04-08
Tanks,19,50.71,2025-04-08
Starter Kit,8,37.52,2025-04-08
Vape Mod XL,14,44.96,2025-04-08
Pod Kit,16,53.73,2025-04-08
Nicotine Pods,29,95.26,2025-04-08
Replacement Coils,15,15.61,2025-04-09
Cotton Wicking,7,40.54,2025-04-09
Cotton Wicking,7,19.75,2025-04-09
Batteries,6,56.09,2025-04-09
Batteries,5,27.4,2025-04-09
Battery 18650,3,23.12,2025-04-09
Charger,1,12.49,2025-04-09
Battery 18650,3,17.02,2025-04-09
Chargers,11,14.27,2025-04-09
Charger,3,9.02,2025-04-09
Tank Glass,10,5.0,2025-04-09
Drip Tips,6,24.31,2025-04-09
Nicotine Pods,17,33.95,2025-04-09
Battery 18650,2,17.45,2025-04-09
Nicotine Pods,17,36.28,2025-04-09
Zero Nicotine 30ml,23,27.58,2025-04-09
E-Liquid Premium,15,63.12,2025-04-09
Pod Kit,14,47.19,2025-04-09
Vape Mod XL,4,51.21,2025-04-09
Vape Mod XL,3,68.04,2025-04-09
Starter Kit,5,30.61,2025-04-09
Starter Kit,7,35.19,2025-04-09
Tanks,23,51.61,2025-04-09
Pod Kit,10,55.53,2025-04-09
Vape Juice 30ml,36,51.66,2025-04-09
Vape Juice 60ml,11,21.5,2025-04-09
Vape Juice 60ml,9,64.33,2025-04-09
Vape Juice 60ml,11,43.3,2025-04-09
E-Liquid Premium,13,47.53,2025-04-09
E-Liquid Premium,14,38.34,2025-04-09
Atomizers,16,56.89,2025-04-09
Replacement Coils,10,6.85,2025-04-10
Replacement Coils,12,34.03,2025-04-10
Cotton Wicking,23,63.55,2025-04-10
Batteries,10,41.41,2025-04-10
Batteries,11,36.12,2025-04-10
Tank Glass,8,6.88,2025-04-10
Chargers,18,17.72,2025-04-10
Tank Glass,9,19.54,2025-04-10
Drip Tips,8,37.01,2025-04-10
Nicotine Pods,27,21.55,2025-04-10
Battery 18650,9,9.02,2025-04-10
Zero Nicotine 30ml,5,40.09,2025-04-10
Vape Juice 30ml,52,46.43,2025-04-10
E-Liquid Premium,30,41.38,2025-04-10
Zero Nicotine 30ml,8,34.42,2025-04-10
Pod Kit,14,41.32,2025-04-10
Vape Mod XL,4,46.49,2025-04-10
Vape Mod XL,3,49.26,2025-04-10
Vape Mod XL,3,73.23,2025-04-10
Pod Kit,13,56.27,2025-04-10
Tanks,15,54.53,2025-04-10
Atomizers,9,43.91,2025-04-10
Atomizers,9,75.05,2025-04-10
Starter Kit,10,32.84,2025-04-10
Replacement Coils,20,17.17,2025-04-11
Drip Tips,10,25.99,2025-04-11
Tank Glass,15,14.21,2025-04-11
Charger,2,14.24,2025-04-11
Charger,5,18.37,2025-04-11
Battery 18650,6,21.68,2025-04-11
Battery 18650,6,29.59,2025-04-11
Batteries,18,36.77,2025-04-11
Cotton Wicking,23,30.4,2025-04-11
Nicotine Pods,38,55.99,2025-04-11
Zero Nicotine 30ml,27,62.38,2025-04-11
E-Liquid Premium,50,61.61,2025-04-11
Vape Juice 60ml,31,34.34,2025-04-11
Vape Juice 30ml,58,27.75,2025-04-11
Atomizers,22,40.04,2025-04-11
Tanks,32,42.14,2025-04-11
Starter Kit,8,46.06,2025-04-11
Starter Kit,4,38.35,2025-04-11
Vape Mod XL,5,89.82,2025-04-11
Vape Mod XL,7,39.87,2025-04-11
Pod Kit,31,45.25,2025-04-11
Zero Nicotine 30ml,10,31.47,2025-04-12
Replacement Coils,23,6.55,2025-04-12
Batteries,20,9.61,2025-04-12
Battery 18650,17,22.82,2025-04-12
Chargers,4,29.54,2025-04-12
Tank Glass,14,8.41,2025-04-12
Chargers,8,38.75,2025-04-12
Charger,5,19.34,2025-04-12
Charger,6,11.34,2025-04-12
Zero Nicotine 30ml,11,18.67,2025-04-12
Drip Tips,12,25.23,2025-04-12
Chargers,7,43.92,2025-04-12
E-Liquid Premium,33,61.61,2025-04-12
E-Liquid Premium,29,71.63,2025-04-12
Vape Mod XL,2,41.95,2025-04-12
Vape Juice 60ml,15,36.33,2025-04-12
Vape Mod XL,4,54.21,2025-04-12
Vape Mod XL,1,42.66,2025-04-12
Starter Kit,17,36.87,2025-04-12
Tanks,7,54.15,2025-04-12
Tanks,7,51.72,2025-04-12
Atomizers,12,42.9,2025-04-12
Atomizers,10,39.6,2025-04-12
Vape Juice 30ml,21,33.26,2025-04-12
Vape Juice 30ml,20,35.2,2025-04-12
Vape Juice 60ml,12,29.86,2025-04-12
Tanks,7,69.19,2025-04-12
Battery 18650,13,20.22,2025-04-13
Nicotine Pods,41,65.64,2025-04-13
Replacement Coils,20,19.22,2025-04-13
Cotton Wicking,32,17.65,2025-04-13
Chargers,8,37.96,2025-04-13
Zero Nicotine 30ml,12,49.54,2025-04-13
Charger,10,22.34,2025-04-13
Tank Glass,5,19.65,2025-04-13
Tank Glass,4,9.64,2025-04-13
Drip Tips,12,20.19,2025-04-13
Chargers,7,61.31,2025-04-13
Zero Nicotine 30ml,10,33.02,2025-04-13
Batteries,24,22.61,2025-04-13
E-Liquid Premium,16,59.7,2025-04-13
Pod Kit,39,60.17,2025-04-13
Vape Mod XL,15,45.96,2025-04-13
Tanks,17,52.1,2025-04-13
Atomizers,8,71.09,2025-04-13
Atomizers,7,48.92,2025-04-13
Tanks,17,47.18,2025-04-13
E-Liquid Premium,15,42.18,2025-04-13
Vape Juice 30ml,10,50.53,2025-04-13
Vape Juice 30ml,13,53.58,2025-04-13
Vape Juice 60ml,46,26.59,2025-04-13
E-Liquid Premium,16,41.3,2025-04-13
Vape Juice 30ml,9,30.72,2025-04-13
Zero Nicotine 30ml,9,45.41,2025-04-14
Drip Tips,7,34.92,2025-04-14
Charger,7,20.87,2025-04-14
Chargers,9,35.82,2025-04-14
Chargers,7,45.05,2025-04-14
Battery 18650,12,23.86,2025-04-14
Nicotine Pods,11,48.53,2025-04-14
Nicotine Pods,13,47.58,2025-04-14
Zero Nicotine 30ml,9,22.16,2025-04-14
Tank Glass,12,19.11,2025-04-14
E-Liquid Premium,17,39.72,2025-04-14
Pod Kit,26,60.78,2025-04-14
Vape Mod XL,4,35.5,2025-04-14
Vape Mod XL,7,48.71,2025-04-14
Starter Kit,8,36.43,2025-04-14
E-Liquid Premium,17,46.05,2025-04-14
Atomizers,9,46.52,2025-04-14
Atomizers,8,59.28,2025-04-14
Vape Juice 30ml,42,33.91,2025-04-14
Tanks,21,76.56,2025-04-14
Drip Tips,8,46.78,2025-04-15
E-Liquid Premium,8,40.13,2025-04-15
Chargers,16,39.31,2025-04-15
Battery 18650,11,22.24,2025-04-15
Cotton Wicking,22,35.44,2025-04-15
Replacement Coils,10,22.05,2025-04-15
Nicotine Pods,19,46.89,2025-04-15
Zero Nicotine 30ml,4,28.72,2025-04-15
Zero Nicotine 30ml,7,22.09,2025-04-15
Zero Nicotine 30ml,6,28.57,2025-04-15
Tank Glass,7,27.66,2025-04-15
E-Liquid Premium,11,52.73,2025-04-15
Vape Juice 60ml,14,36.9,2025-04-15
Vape Juice 60ml,16,32.44,2025-04-15
Vape Juice 30ml,30,41.03,2025-04-15
Atomizers,10,53.71,2025-04-15
Tanks,20,22.46,2025-04-15
Starter Kit,12,40.62,2025-04-15
Vape Mod XL,8,38.76,2025-04-15
Pod Kit,10,62.35,2025-04-15
Pod Kit,10,51.44,2025-04-15
E-Liquid Premium,8,53.23,2025-04-15
Cotton Wicking,21,15.79,2025-04-16
Batteries,7,5.0,2025-04-16
Batteries,7,52.68,2025-04-16
Replacement Coils,7,14.17,2025-04-16
Chargers,11,54.62,2025-04-16
Charger,7,29.46,2025-04-16
Tank Glass,7,15.24,2025-04-16
Battery 18650,10,17.55,2025-04-16
Replacement Coils,11,18.99,2025-04-16
Pod Kit,26,44.52,2025-04-16
Zero Nicotine 30ml,13,42.64,2025-04-16
E-Liquid Premium,26,49.9,2025-04-16
Vape Juice 60ml,19,38.3,2025-04-16
Vape Juice 30ml,27,49.81,2025-04-16
Atomizers,11,60.76,2025-04-16
Tanks,12,59.72,2025-04-16
Starter Kit,9,35.85,2025-04-16
Vape Mod XL,7,51.27,2025-04-16
Nicotine Pods,21,61.56,2025-04-16
Nicotine Pods,9,94.98,2025-04-17
Nicotine Pods,8,43.9,2025-04-17
Replacement Coils,15,22.25,2025-04-17
Batteries,21,32.32,2025-04-17
Tank Glass,9,12.63,2025-04-17
Chargers,14,59.61,2025-04-17
Charger,6,12.96,2025-04-17
Zero Nicotine 30ml,8,34.5,2025-04-17
Drip Tips,3,20.17,2025-04-17
Drip Tips,2,22.41,2025-04-17
Battery 18650,8,17.77,2025-04-17
Zero Nicotine 30ml,10,29.15,2025-04-17
Nicotine Pods,9,38.27,2025-04-17
E-Liquid Premium,22,42.09,2025-04-17
E-Liquid Premium,21,57.41,2025-04-17
Pod Kit,9,63.06,2025-04-17
Pod Kit,12,48.92,2025-04-17
Starter Kit,9,29.06,2025-04-17
Atomizers,19,53.62,2025-04-17
Vape Mod XL,13,61.35,2025-04-17
Vape Juice 30ml,12,53.33,2025-04-17
Vape Juice 30ml,11,44.42,2025-04-17
Vape Juice 60ml,14,33.44,2025-04-17
Vape Juice 60ml,14,27.32,2025-04-17
Vape Juice 30ml,10,25.52,2025-04-17
Replacement Coils,18,23.64,2025-04-18
Nicotine Pods,8,19.3,2025-04-18
Nicotine Pods,8,7.69,2025-04-18
Nicotine Pods,8,41.03,2025-04-18
Cotton Wicking,21,46.29,2025-04-18
Charger,12,5.0,2025-04-18
Battery 18650,8,22.24,2025-04-18
Drip Tips,9,24.33,2025-04-18
Battery 18650,8,21.04,2025-04-18
Chargers,13,67.88,2025-04-18
Zero Nicotine 30ml,26,19.69,2025-04-18
Batteries,26,70.87,2025-04-18
E-Liquid Premium,24,56.64,2025-04-18
Vape Mod XL,3,56.86,2025-04-18
Vape Juice 60ml,14,39.79,2025-04-18
Pod Kit,42,59.85,2025-04-18
Vape Mod XL,4,67.04,2025-04-18
Vape Mod XL,1,46.79,2025-04-18
Starter Kit,10,50.37,2025-04-18
Starter Kit,7,19.75,2025-04-18
E-Liquid Premium,23,36.43,2025-04-18
Atomizers,7,51.85,2025-04-18
Atomizers,5,41.88,2025-04-18
Vape Juice 30ml,60,32.08,2025-04-18
Vape Juice 60ml,15,54.66,2025-04-18
Atomizers,7,78.23,2025-04-18
Replacement Coils,10,24.11,2025-04-19
Batteries,24,23.02,2025-04-19
Battery 18650,13,24.95,2025-04-19
Chargers,16,35.98,2025-04-19
Charger,4,17.85,2025-04-19
Tank Glass,5,13.06,2025-04-19
Tank Glass,4,13.76,2025-04-19
Tank Glass,3,17.84,2025-04-19
Drip Tips,11,52.63,2025-04-19
Replacement Coils,12,17.12,2025-04-19
Charger,2,25.32,2025-04-19
Nicotine Pods,19,34.8,2025-04-19
Zero Nicotine 30ml,11,47.36,2025-04-19
Pod Kit,17,44.26,2025-04-19
Zero Nicotine 30ml,7,21.55,2025-04-19
Zero Nicotine 30ml,9,23.92,2025-04-19
E-Liquid Premium,60,54.13,2025-04-19
Vape Juice 30ml,59,63.84,2025-04-19
Atomizers,20,52.75,2025-04-19
Tanks,32,34.96,2025-04-19
Starter Kit,16,28.99,2025-04-19
Vape Mod XL,18,38.9,2025-04-19
Pod Kit,13,53.08,2025-04-19
Nicotine Pods,19,29.78,2025-04-19
Nicotine Pods,37,12.49,2025-04-20
Replacement Coils,15,34.53,2025-04-20
Cotton Wicking,23,5.0,2025-04-20
Batteries,14,22.73,2025-04-20
Zero Nicotine 30ml,29,35.75,2025-04-20
Battery 18650,15,10.22,2025-04-20
Chargers,7,36.85,2025-04-20
Tank Glass,10,23.0,2025-04-20
Batteries,15,31.5,2025-04-20
E-Liquid Premium,19,40.47,2025-04-20
Chargers,9,49.31,2025-04-20
Vape Juice 60ml,16,26.5,2025-04-20
Vape Juice 60ml,19,37.34,2025-04-20
Vape Juice 30ml,62,42.98,2025-04-20
Atomizers,16,71.85,2025-04-20
Tanks,24,63.42,2025-04-20
Starter Kit,14,32.75,2025-04-20
Vape Mod XL,15,44.34,2025-04-20
Pod Kit,20,57.46,2025-04-20
E-Liquid Premium,19,43.53,2025-04-20
Pod Kit,16,51.81,2025-04-20
Nicotine Pods,32,67.56,2025-04-21
Replacement Coils,13,16.41,2025-04-21
Cotton Wicking,9,36.81,2025-04-21
Cotton Wicking,12,27.82,2025-04-21
Tank Glass,14,7.67,2025-04-21
Chargers,14,22.54,2025-04-21
Charger,2,15.42,2025-04-21
Charger,5,27.88,2025-04-21
Zero Nicotine 30ml,15,6.4,2025-04-21
Battery 18650,11,23.87,2025-04-21
E-Liquid Premium,23,58.18,2025-04-21
Drip Tips,8,44.32,2025-04-21
Vape Juice 60ml,22,50.0,2025-04-21
E-Liquid Premium,23,36.71,2025-04-21
Pod Kit,13,59.22,2025-04-21
Vape Mod XL,12,31.4,2025-04-21
Starter Kit,8,47.38,2025-04-21
Pod Kit,13,45.21,2025-04-21
Tanks,7,74.22,2025-04-21
Tanks,10,55.99,2025-04-21
Tanks,6,54.73,2025-04-21
Vape Juice 30ml,41,49.81,2025-04-21
Starter Kit,7,29.85,2025-04-21
Drip Tips,8,55.33,2025-04-22
Tank Glass,9,23.92,2025-04-22
Charger,1,18.16,2025-04-22
Charger,2,17.21,2025-04-22
Chargers,17,21.9,2025-04-22
Batteries,17,5.0,2025-04-22
Cotton Wicking,15,32.07,2025-04-22
Replacement Coils,9,22.91,2025-04-22
Replacement Coils,5,9.73,2025-04-22
E-Liquid Premium,17,49.14,2025-04-22
E-Liquid Premium,15,63.27,2025-04-22
Vape Juice 60ml,16,38.46,2025-04-22
Vape Juice 60ml,17,48.76,2025-04-22
Vape Juice 30ml,42,45.61,2025-04-22
Atomizers,10,64.11,2025-04-22
Vape Mod XL,11,51.76,2025-04-22
Pod Kit,30,46.9,2025-04-22
E-Liquid Premium,16,61.97,2025-04-22
Nicotine Pods,14,47.68,2025-04-23
Nicotine Pods,12,33.29,2025-04-23
Replacement Coils,7,21.13,2025-04-23
Replacement Coils,8,19.26,2025-04-23
Replacement Coils,6,32.88,2025-04-23
Cotton Wicking,22,37.31,2025-04-23
Charger,7,5.93,2025-04-23
Battery 18650,8,20.24,2025-04-23
Chargers,10,60.63,2025-04-23
Tank Glass,10,24.32,2025-04-23
Drip Tips,7,19.63,2025-04-23
Zero Nicotine 30ml,21,27.53,2025-04-23
Batteries,20,52.22,2025-04-23
E-Liquid Premium,16,37.32,2025-04-23
Vape Mod XL,10,42.99,2025-04-23
E-Liquid Premium,13,36.62,2025-04-23
E-Liquid Premium,16,47.76,2025-04-23
Starter Kit,13,48.46,2025-04-23
Tanks,14,77.62,2025-04-23
Atomizers,3,41.11,2025-04-23
Atomizers,3,63.17,2025-04-23
Pod Kit,27,58.63,2025-04-23
Vape Juice 30ml,12,61.9,2025-04-23
Vape Juice 30ml,14,57.17,2025-04-23
Vape Juice 30ml,12,72.7,2025-04-23
Vape Juice 60ml,15,40.0,2025-04-23
Vape Juice 60ml,14,23.45,2025-04-23
Atomizers,4,51.1,2025-04-23
Batteries,7,48.16,2025-04-24
Battery 18650,7,14.1,2025-04-24
Battery 18650,7,20.67,2025-04-24
Chargers,8,53.62,2025-04-24
Chargers,7,44.79,2025-04-24
Tank Glass,13,16.43,2025-04-24
Charger,5,23.23,2025-04-24
Drip Tips,4,18.16,2025-04-24
Drip Tips,6,25.35,2025-04-24
Batteries,4,13.84,2025-04-24
Charger,4,23.43,2025-04-24
Batteries,4,40.43,2025-04-24
Nicotine Pods,30,36.79,2025-04-24
Replacement Coils,20,30.07,2025-04-24
Pod Kit,20,60.01,2025-04-24
Cotton Wicking,20,35.5,2025-04-24
Vape Mod XL,12,36.02,2025-04-24
Starter Kit,13,33.87,2025-04-24
Tanks,22,76.57,2025-04-24
Pod Kit,20,54.63,2025-04-24
Vape Juice 30ml,35,61.0,2025-04-24
Vape Juice 60ml,29,42.01,2025-04-24
E-Liquid Premium,39,37.45,2025-04-24
Zero Nicotine 30ml,18,24.9,2025-04-24
Atomizers,14,72.3,2025-04-24
Replacement Coils,29,19.31,2025-04-25
Tank Glass,8,8.76,2025-04-25
Charger,11,27.43,2025-04-25
Chargers,22,57.06,2025-04-25
Battery 18650,21,19.02,2025-04-25
Tank Glass,12,24.18,2025-04-25
Batteries,25,17.88,2025-04-25
Cotton Wicking,30,49.6,2025-04-25
Nicotine Pods,52,52.83,2025-04-25
Atomizers,30,34.16,2025-04-25
E-Liquid Premium,53,50.48,2025-04-25
Pod Kit,32,45.18,2025-04-25
Vape Mod XL,22,24.13,2025-04-25
Tanks,13,42.73,2025-04-25
Zero Nicotine 30ml,24,29.57,2025-04-25
Vape Juice 30ml,42,59.42,2025-04-25
Vape Juice 30ml,41,35.86,2025-04-25
Vape Juice 60ml,43,39.1,2025-04-25
Tanks,14,57.4,2025-04-25
Replacement Coils,31,5.0,2025-04-26
Tank Glass,16,30.29,2025-04-26
Chargers,10,44.64,2025-04-26
Chargers,11,45.71,2025-04-26
Battery 18650,20,16.06,2025-04-26
Batteries,17,33.22,2025-04-26
Batteries,14,35.24,2025-04-26
Cotton Wicking,30,40.22,2025-04-26
Drip Tips,15,14.89,2025-04-26
Nicotine Pods,48,39.31,2025-04-26
Zero Nicotine 30ml,17,19.85,2025-04-26
E-Liquid Premium,36,48.8,2025-04-26
E-Liquid Premium,35,68.49,2025-04-26
Vape Juice 60ml,60,37.45,2025-04-26
Vape Juice 30ml,62,61.06,2025-04-26
Atomizers,26,47.95,2025-04-26
Vape Mod XL,18,33.55,2025-04-26
Pod Kit,35,69.19,2025-04-26
Zero Nicotine 30ml,16,30.53,2025-04-26
Cotton Wicking,34,11.04,2025-04-27
Batteries,8,14.2,2025-04-27
Batteries,10,17.1,2025-04-27
Batteries,12,28.27,2025-04-27
Tank Glass,10,17.01,2025-04-27
Charger,10,18.15,2025-04-27
Tank Glass,8,21.04,2025-04-27
Replacement Coils,21,29.89,2025-04-27
Chargers,22,32.36,2025-04-27
Nicotine Pods,51,68.41,2025-04-27
Battery 18650,18,20.85,2025-04-27
Vape Juice 30ml,30,58.92,2025-04-27
Vape Juice 30ml,30,33.0,2025-04-27
Atomizers,11,65.34,2025-04-27
Atomizers,8,74.13,2025-04-27
Tanks,32,72.02,2025-04-27
Starter Kit,9,30.84,2025-04-27
E-Liquid Premium,52,44.6,2025-04-27
Starter Kit,10,36.54,2025-04-27
Vape Mod XL,7,50.6,2025-04-27
Vape Mod XL,9,44.08,2025-04-27
Pod Kit,46,52.37,2025-04-27
Zero Nicotine 30ml,9,7.49,2025-04-28
Nicotine Pods,29,40.99,2025-04-28
Cotton Wicking,10,28.32,2025-04-28
Cotton Wicking,11,49.35,2025-04-28
Batteries,12,33.75,2025-04-28
Drip Tips,7,43.59,2025-04-28
Chargers,21,49.41,2025-04-28
Charger,3,19.91,2025-04-28
Charger,2,21.79,2025-04-28
Tank Glass,11,15.21,2025-04-28
Zero Nicotine 30ml,11,19.72,2025-04-28
Batteries,11,58.58,2025-04-28
Zero Nicotine 30ml,9,29.92,2025-04-28
E-Liquid Premium,20,62.11,2025-04-28
E-Liquid Premium,18,43.21,2025-04-28
Vape Mod XL,6,58.12,2025-04-28
Vape Mod XL,7,57.31,2025-04-28
Starter Kit,13,35.31,2025-04-28
Tanks,27,70.06,2025-04-28
Atomizers,9,70.18,2025-04-28
Pod Kit,34,43.21,2025-04-28
Vape Juice 30ml,18,73.04,2025-04-28
Vape Juice 30ml,19,45.07,2025-04-28
Vape Juice 30ml,17,39.92,2025-04-28
Vape Juice 60ml,29,18.71,2025-04-28
E-Liquid Premium,21,74.14,2025-04-28
Atomizers,6,75.96,2025-04-28
Replacement Coils,13,18.1,2025-04-29
Cotton Wicking,28,22.89,2025-04-29
Batteries,27,31.12,2025-04-29
Battery 18650,12,13.56,2025-04-29
Chargers,17,58.89,2025-04-29
Drip Tips,5,27.45,2025-04-29
Tank Glass,11,18.75,2025-04-29
Drip Tips,3,36.33,2025-04-29
Drip Tips,1,5.0,2025-04-29
Replacement Coils,10,14.35,2025-04-29
Charger,8,19.55,2025-04-29
Nicotine Pods,16,51.24,2025-04-29
Nicotine Pods,17,50.01,2025-04-29
Zero Nicotine 30ml,22,40.52,2025-04-29
Vape Mod XL,12,44.15,2025-04-29
Starter Kit,16,28.87,2025-04-29
Tanks,29,72.13,2025-04-29
Atomizers,11,57.33,2025-04-29
Atomizers,10,61.3,2025-04-29
Pod Kit,30,57.65,2025-04-29
Vape Juice 30ml,11,31.82,2025-04-29
Vape Juice 30ml,13,52.86,2025-04-29
Vape Juice 60ml,26,34.11,2025-04-29
E-Liquid Premium,35,35.97,2025-04-29
Vape Juice 30ml,10,53.74,2025-04-29
Battery 18650,2,14.93,2025-04-30
Drip Tips,8,23.32,2025-04-30
Tank Glass,4,16.59,2025-04-30
Tank Glass,3,9.71,2025-04-30
Tank Glass,4,21.99,2025-04-30
Charger,5,20.2,2025-04-30
Charger,1,15.71,2025-04-30
Chargers,18,54.94,2025-04-30
Battery 18650,3,19.61,2025-04-30
Battery 18650,3,16.56,2025-04-30
Cotton Wicking,12,40.16,2025-04-30
Batteries,19,41.97,2025-04-30
Replacement Coils,21,15.52,2025-04-30
Cotton Wicking,11,29.6,2025-04-30
Pod Kit,24,51.67,2025-04-30
Vape Mod XL,15,54.47,2025-04-30
Starter Kit,14,36.99,2025-04-30
Atomizers,13,79.98,2025-04-30
Tanks,22,54.78,2025-04-30
Vape Juice 60ml,39,50.83,2025-04-30
E-Liquid Premium,51,16.9,2025-04-30
Zero Nicotine 30ml,22,33.87,2025-04-30
Nicotine Pods,28,64.96,2025-04-30
Vape Juice 30ml,35,38.31,2025-04-30
Batteries,14,54.33,2025-05-01
Drip Tips,5,29.71,2025-05-01
Replacement Coils,24,19.93,2025-05-01
Cotton Wicking,9,45.96,2025-05-01
Cotton Wicking,8,12.0,2025-05-01
Batteries,12,53.63,2025-05-01
Tank Glass,11,5.0,2025-05-01
Battery 18650,9,9.68,2025-05-01
Chargers,21,56.55,2025-05-01
Charger,5,19.48,2025-05-01
Charger,4,16.38,2025-05-01
Drip Tips,2,28.73,2025-05-01
Nicotine Pods,34,70.01,2025-05-01
Battery 18650,8,23.53,2025-05-01
Zero Nicotine 30ml,14,30.59,2025-05-01
Cotton Wicking,12,54.2,2025-05-01
E-Liquid Premium,25,42.96,2025-05-01
Zero Nicotine 30ml,12,11.47,2025-05-01
Vape Mod XL,11,37.21,2025-05-01
Vape Mod XL,7,59.71,2025-05-01
Starter Kit,7,24.29,2025-05-01
Starter Kit,7,39.42,2025-05-01
Atomizers,7,34.2,2025-05-01
Atomizers,6,50.35,2025-05-01
Pod Kit,30,72.79,2025-05-01
Vape Juice 30ml,15,61.97,2025-05-01
Vape Juice 30ml,12,47.47,2025-05-01
Vape Juice 60ml,12,13.32,2025-05-01
Vape Juice 60ml,14,27.88,2025-05-01
Vape Juice 60ml,15,43.56,2025-05-01
E-Liquid Premium,24,34.0,2025-05-01
Vape Juice 30ml,13,30.03,2025-05-01
Cotton Wicking,32,42.96,2025-05-02
Batteries,39,46.92,2025-05-02
Battery 18650,9,24.33,2025-05-02
Battery 18650,13,11.61,2025-05-02
Chargers,14,51.69,2025-05-02
Charger,9,20.73,2025-05-02
Charger,8,16.2,2025-05-02
Tank Glass,18,14.43,2025-05-02
Drip Tips,4,10.58,2025-05-02
Drip Tips,2,35.08,2025-05-02
Drip Tips,5,39.42,2025-05-02
Replacement Coils,20,24.0,2025-05-02
Chargers,13,35.84,2025-05-02
Nicotine Pods,31,45.41,2025-05-02
Vape Juice 60ml,40,21.92,2025-05-02
E-Liquid Premium,28,29.87,2025-05-02
Zero Nicotine 30ml,26,39.21,2025-05-02
Vape Mod XL,18,41.9,2025-05-02
Starter Kit,20,42.53,2025-05-02
Tanks,17,73.72,2025-05-02
Tanks,15,42.94,2025-05-02
Atomizers,10,55.39,2025-05-02
Pod Kit,54,57.66,2025-05-02
Atomizers,10,41.56,2025-05-02
Vape Juice 30ml,22,45.67,2025-05-02
Vape Juice 30ml,25,34.0,2025-05-02
Vape Juice 30ml,22,40.07,2025-05-02
E-Liquid Premium,26,64.79,2025-05-02
Atomizers,9,23.1,2025-05-02
Cotton Wicking,11,13.5,2025-05-03
Batteries,36,14.88,2025-05-03
Battery 18650,9,24.84,2025-05-03
Battery 18650,8,21.67,2025-05-03
Charger,2,23.41,2025-05-03
Charger,6,22.34,2025-05-03
Charger,3,11.9,2025-05-03
Tank Glass,19,11.7,2025-05-03
Drip Tips,10,20.65,2025-05-03
Chargers,28,54.85,2025-05-03
Cotton Wicking,12,42.32,2025-05-03
Replacement Coils,9,30.38,2025-05-03
Replacement Coils,10,25.51,2025-05-03
Vape Mod XL,14,52.32,2025-05-03
Starter Kit,21,56.86,2025-05-03
Tanks,34,65.79,2025-05-03
Vape Juice 30ml,76,29.4,2025-05-03
Replacement Coils,9,19.86,2025-05-03
E-Liquid Premium,53,47.88,2025-05-03
Zero Nicotine 30ml,38,38.79,2025-05-03
Nicotine Pods,27,27.25,2025-05-03
Nicotine Pods,29,39.97,2025-05-03
Vape Juice 60ml,49,40.81,2025-05-03
Cotton Wicking,15,38.31,2025-05-04
Cotton Wicking,18,16.43,2025-05-04
Batteries,16,13.73,2025-05-04
Batteries,16,54.68,2025-05-04
Battery 18650,17,15.88,2025-05-04
Chargers,6,58.61,2025-05-04
Chargers,5,35.66,2025-05-04
Charger,5,8.35,2025-05-04
Charger,1,21.62,2025-05-04
Replacement Coils,30,43.42,2025-05-04
Tank Glass,15,13.72,2025-05-04
Drip Tips,10,29.26,2025-05-04
Chargers,4,56.7,2025-05-04
Charger,5,20.1,2025-05-04
Nicotine Pods,20,38.11,2025-05-04
Zero Nicotine 30ml,11,43.49,2025-05-04
Nicotine Pods,19,7.07,2025-05-04
Pod Kit,17,70.73,2025-05-04
Vape Mod XL,17,42.99,2025-05-04
Starter Kit,7,42.33,2025-05-04
Starter Kit,4,27.28,2025-05-04
Tanks,36,72.49,2025-05-04
Pod Kit,18,60.18,2025-05-04
Vape Juice 60ml,31,41.19,2025-05-04
Vape Juice 60ml,31,36.55,2025-05-04
E-Liquid Premium,33,48.0,2025-05-04
E-Liquid Premium,31,48.35,2025-05-04
Zero Nicotine 30ml,14,35.29,2025-05-04
Zero Nicotine 30ml,12,24.69,2025-05-04
Atomizers,18,54.4,2025-05-04
Tank Glass,4,16.14,2025-05-05
Replacement Coils,9,14.17,2025-05-05
Cotton Wicking,13,33.97,2025-05-05
Cotton Wicking,15,24.71,2025-05-05
Batteries,15,66.58,2025-05-05
Chargers,20,41.92,2025-05-05
Battery 18650,9,23.14,2025-05-05
Charger,8,16.07,2025-05-05
Tank Glass,6,33.14,2025-05-05
Replacement Coils,7,44.54,2025-05-05
Battery 18650,5,16.64,2025-05-05
Nicotine Pods,13,48.73,2025-05-05
Replacement Coils,8,27.35,2025-05-05
Zero Nicotine 30ml,20,10.32,2025-05-05
Pod Kit,38,56.05,2025-05-05
Starter Kit,6,40.16,2025-05-05
Starter Kit,3,31.5,2025-05-05
Tanks,10,70.33,2025-05-05
Tanks,10,44.77,2025-05-05
Nicotine Pods,11,59.7,2025-05-05
Vape Juice 30ml,28,33.45,2025-05-05
Vape Juice 30ml,27,36.89,2025-05-05
E-Liquid Premium,17,31.04,2025-05-05
E-Liquid Premium,17,48.84,2025-05-05
Atomizers,20,31.24,2025-05-05
Nicotine Pods,29,11.72,2025-05-06
Replacement Coils,15,14.04,2025-05-06
Cotton Wicking,22,55.56,2025-05-06
Batteries,14,43.13,2025-05-06
Battery 18650,7,8.19,2025-05-06
Chargers,16,54.61,2025-05-06
Charger,6,19.73,2025-05-06
Tank Glass,10,9.55,2025-05-06
Drip Tips,7,33.22,2025-05-06
Zero Nicotine 30ml,8,37.74,2025-05-06
Battery 18650,5,11.77,2025-05-06
Zero Nicotine 30ml,10,42.82,2025-05-06
E-Liquid Premium,21,40.68,2025-05-06
Pod Kit,28,59.99,2025-05-06
Vape Juice 60ml,21,44.73,2025-05-06
Vape Juice 30ml,10,38.74,2025-05-06
Vape Juice 30ml,10,45.52,2025-05-06
Vape Juice 30ml,10,44.76,2025-05-06
Atomizers,7,76.24,2025-05-06
Atomizers,7,64.49,2025-05-06
Tanks,25,63.77,2025-05-06
Starter Kit,11,32.88,2025-05-06
Vape Mod XL,8,44.85,2025-05-06
E-Liquid Premium,17,47.48,2025-05-06
Cotton Wicking,7,39.53,2025-05-07
Battery 18650,12,19.12,2025-05-07
Chargers,11,53.99,2025-05-07
Charger,8,28.32,2025-05-07
Cotton Wicking,9,21.27,2025-05-07
Tank Glass,4,5.0,2025-05-07
Tank Glass,2,14.97,2025-05-07
Drip Tips,7,32.44,2025-05-07
Tank Glass,3,17.87,2025-05-07
Replacement Coils,14,15.48,2025-05-07
Cotton Wicking,6,5.0,2025-05-07
Nicotine Pods,9,56.04,2025-05-07
Nicotine Pods,9,52.42,2025-05-07
Zero Nicotine 30ml,15,37.86,2025-05-07
Vape Juice 60ml,31,20.56,2025-05-07
Vape Juice 30ml,20,43.11,2025-05-07
Vape Juice 30ml,21,49.45,2025-05-07
Atomizers,15,47.46,2025-05-07
Tanks,24,45.76,2025-05-07
Starter Kit,8,37.73,2025-05-07
Vape Mod XL,12,51.07,2025-05-07
Batteries,9,21.09,2025-05-08
Batteries,9,65.24,2025-05-08
Battery 18650,5,15.43,2025-05-08
Battery 18650,3,23.1,2025-05-08
Chargers,7,31.16,2025-05-08
Tank Glass,3,5.0,2025-05-08
Charger,5,13.97,2025-05-08
Charger,4,22.41,2025-05-08
Replacement Coils,21,13.88,2025-05-08
Tank Glass,4,20.23,2025-05-08
Drip Tips,10,37.76,2025-05-08
Chargers,6,65.66,2025-05-08
Nicotine Pods,15,46.5,2025-05-08
Cotton Wicking,29,17.31,2025-05-08
Zero Nicotine 30ml,27,23.45,2025-05-08
Nicotine Pods,16,75.08,2025-05-08
Pod Kit,40,60.84,2025-05-08
Vape Mod XL,14,59.04,2025-05-08
Starter Kit,5,46.47,2025-05-08
Tanks,6,73.09,2025-05-08
Starter Kit,7,27.83,2025-05-08
Atomizers,5,65.09,2025-05-08
Atomizers,5,45.02,2025-05-08
Vape Juice 30ml,58,40.58,2025-05-08
Vape Juice 60ml,39,38.87,2025-05-08
E-Liquid Premium,41,57.68,2025-05-08
Tanks,10,46.96,2025-05-08
Battery 18650,11,25.1,2025-05-09
Replacement Coils,23,5.01,2025-05-09
Cotton Wicking,15,53.56,2025-05-09
Cotton Wicking,16,23.02,2025-05-09
Batteries,25,67.84,2025-05-09
Battery 18650,9,21.66,2025-05-09
Drip Tips,5,21.25,2025-05-09
Charger,8,15.4,2025-05-09
Tank Glass,5,22.22,2025-05-09
Tank Glass,7,10.83,2025-05-09
Drip Tips,2,38.43,2025-05-09
Nicotine Pods,30,43.4,2025-05-09
Charger,8,19.42,2025-05-09
Zero Nicotine 30ml,29,9.09,2025-05-09
Chargers,16,45.21,2025-05-09
E-Liquid Premium,27,58.51,2025-05-09
Vape Mod XL,11,74.5,2025-05-09
Starter Kit,10,26.42,2025-05-09
Tanks,34,52.12,2025-05-09
Atomizers,9,56.4,2025-05-09
Atomizers,12,51.92,2025-05-09
E-Liquid Premium,27,76.12,2025-05-09
Starter Kit,6,21.91,2025-05-09
Vape Juice 30ml,20,38.63,2025-05-09
Vape Juice 30ml,23,50.56,2025-05-09
Vape Juice 60ml,14,38.65,2025-05-09
Vape Juice 60ml,14,42.5,2025-05-09
Vape Juice 60ml,14,29.98,2025-05-09
Vape Juice 30ml,20,65.32,2025-05-09
Replacement Coils,21,22.77,2025-05-10
Cotton Wicking,24,28.44,2025-05-10
Batteries,8,13.62,2025-05-10
Batteries,7,28.86,2025-05-10
Tank Glass,4,14.04,2025-05-10
Charger,8,26.03,2025-05-10
Tank Glass,3,23.67,2025-05-10
Drip Tips,11,21.5,2025-05-10
Nicotine Pods,23,32.87,2025-05-10
Chargers,22,5.0,2025-05-10
Zero Nicotine 30ml,11,15.8,2025-05-10
E-Liquid Premium,44,60.66,2025-05-10
Vape Mod XL,10,62.58,2025-05-10
Vape Juice 60ml,40,19.68,2025-05-10
Vape Juice 30ml,27,45.92,2025-05-10
Vape Juice 30ml,24,58.74,2025-05-10
Atomizers,22,48.05,2025-05-10
Tanks,32,59.63,2025-05-10
Starter Kit,5,23.6,2025-05-10
Starter Kit,4,30.31,2025-05-10
Pod Kit,13,57.07,2025-05-10
Pod Kit,16,65.83,2025-05-10
Zero Nicotine 30ml,14,53.76,2025-05-10
Battery 18650,7,18.25,2025-05-11
Batteries,14,16.99,2025-05-11
Cotton Wicking,18,31.23,2025-05-11
Battery 18650,5,17.64,2025-05-11
Batteries,11,5.0,2025-05-11
Drip Tips,1,30.33,2025-05-11
Drip Tips,3,34.34,2025-05-11
Charger,4,12.95,2025-05-11
Charger,2,23.78,2025-05-11
Tank Glass,14,26.95,2025-05-11
Drip Tips,2,35.63,2025-05-11
Charger,1,21.44,2025-05-11
Replacement Coils,11,24.42,2025-05-11
Chargers,19,20.9,2025-05-11
Nicotine Pods,11,24.91,2025-05-11
Replacement Coils,13,5.0,2025-05-11
Starter Kit,14,38.85,2025-05-11
Tanks,19,52.19,2025-05-11
Atomizers,6,60.73,2025-05-11
Atomizers,6,53.72,2025-05-11
Pod Kit,42,53.17,2025-05-11
Vape Juice 60ml,40,39.26,2025-05-11
E-Liquid Premium,61,44.81,2025-05-11
Zero Nicotine 30ml,20,21.77,2025-05-11
Nicotine Pods,10,35.39,2025-05-11
Nicotine Pods,8,44.7,2025-05-11
Atomizers,5,46.39,2025-05-11
Cotton Wicking,15,27.85,2025-05-12
Drip Tips,6,26.8,2025-05-12
Tank Glass,8,7.38,2025-05-12
Chargers,5,50.51,2025-05-12
Chargers,5,44.34,2025-05-12
Battery 18650,3,20.06,2025-05-12
Battery 18650,5,15.58,2025-05-12
Batteries,11,24.21,2025-05-12
Batteries,12,85.9,2025-05-12
Replacement Coils,14,20.61,2025-05-12
Charger,7,18.85,2025-05-12
Nicotine Pods,10,42.6,2025-05-12
Pod Kit,25,35.3,2025-05-12
Vape Mod XL,12,77.96,2025-05-12
Starter Kit,9,36.36,2025-05-12
Atomizers,12,65.73,2025-05-12
Nicotine Pods,12,42.57,2025-05-12
E-Liquid Premium,31,64.16,2025-05-12
Zero Nicotine 30ml,9,58.69,2025-05-12
Zero Nicotine 30ml,9,38.34,2025-05-12
Vape Juice 60ml,22,45.04,2025-05-12
Zero Nicotine 30ml,13,23.28,2025-05-13
Tank Glass,9,16.95,2025-05-13
Charger,5,12.43,2025-05-13
Chargers,15,63.02,2025-05-13
Battery 18650,9,10.1,2025-05-13
Cotton Wicking,16,36.74,2025-05-13
Nicotine Pods,16,40.77,2025-05-13
Nicotine Pods,16,31.45,2025-05-13
Drip Tips,7,9.71,2025-05-13
E-Liquid Premium,30,60.58,2025-05-13
Vape Juice 30ml,29,52.74,2025-05-13
Atomizers,10,52.01,2025-05-13
Tanks,10,57.24,2025-05-13
Tanks,9,94.06,2025-05-13
Starter Kit,2,44.04,2025-05-13
Starter Kit,3,32.77,2025-05-13
Starter Kit,1,43.02,2025-05-13
Vape Mod XL,9,45.13,2025-05-13
Vape Juice 60ml,32,34.19,2025-05-13
Cotton Wicking,6,70.88,2025-05-14
Batteries,18,67.22,2025-05-14
Drip Tips,8,26.04,2025-05-14
Battery 18650,4,22.37,2025-05-14
Charger,7,16.59,2025-05-14
Chargers,8,36.25,2025-05-14
Chargers,10,32.41,2025-05-14
Cotton Wicking,7,28.7,2025-05-14
Battery 18650,1,21.58,2025-05-14
Replacement Coils,6,18.08,2025-05-14
Vape Juice 30ml,38,42.36,2025-05-14
Nicotine Pods,23,63.15,2025-05-14
Zero Nicotine 30ml,15,30.88,2025-05-14
Vape Juice 60ml,31,28.65,2025-05-14
Atomizers,14,51.18,2025-05-14
Tanks,9,69.44,2025-05-14
Tanks,10,56.86,2025-05-14
Starter Kit,7,48.61,2025-05-14
Pod Kit,22,51.37,2025-05-14
Replacement Coils,10,17.28,2025-05-14
Nicotine Pods,13,47.53,2025-05-15
Nicotine Pods,9,49.14,2025-05-15
Nicotine Pods,12,30.98,2025-05-15
Replacement Coils,15,20.26,2025-05-15
Cotton Wicking,6,27.96,2025-05-15
Cotton Wicking,9,35.71,2025-05-15
Charger,10,13.98,2025-05-15
Battery 18650,4,19.38,2025-05-15
Battery 18650,4,16.2,2025-05-15
Chargers,17,28.41,2025-05-15
E-Liquid Premium,14,42.98,2025-05-15
Tank Glass,8,12.98,2025-05-15
Drip Tips,9,33.49,2025-05-15
Batteries,20,37.14,2025-05-15
E-Liquid Premium,16,42.59,2025-05-15
Vape Juice 60ml,8,35.22,2025-05-15
Vape Juice 60ml,9,47.05,2025-05-15
Pod Kit,18,55.15,2025-05-15
Pod Kit,19,60.63,2025-05-15
Vape Mod XL,4,44.09,2025-05-15
Vape Mod XL,2,34.8,2025-05-15
Starter Kit,14,41.51,2025-05-15
Tanks,7,36.66,2025-05-15
Vape Mod XL,1,51.66,2025-05-15
Atomizers,12,64.48,2025-05-15
Vape Juice 30ml,10,28.58,2025-05-15
Vape Juice 30ml,10,44.38,2025-05-15
Vape Juice 30ml,11,48.26,2025-05-15
Vape Juice 60ml,12,50.77,2025-05-15
Tanks,9,45.19,2025-05-15
Cotton Wicking,11,16.8,2025-05-16
Drip Tips,7,33.21,2025-05-16
Tank Glass,16,6.0,2025-05-16
Charger,10,11.67,2025-05-16
Chargers,16,54.28,2025-05-16
Battery 18650,11,16.25,2025-05-16
Batteries,19,7.6,2025-05-16
Cotton Wicking,11,32.61,2025-05-16
Nicotine Pods,30,47.91,2025-05-16
E-Liquid Premium,26,66.74,2025-05-16
Zero Nicotine 30ml,13,24.28,2025-05-16
Pod Kit,31,73.57,2025-05-16
Vape Mod XL,17,70.39,2025-05-16
Starter Kit,6,45.07,2025-05-16
Starter Kit,7,51.86,2025-05-16
Zero Nicotine 30ml,11,22.26,2025-05-16
Vape Juice 60ml,27,14.01,2025-05-16
E-Liquid Premium,24,40.63,2025-05-16
Tanks,24,55.7,2025-05-16
Drip Tips,11,35.92,2025-05-17
Nicotine Pods,17,53.16,2025-05-17
Tank Glass,7,5.44,2025-05-17
Charger,9,17.39,2025-05-17
Battery 18650,3,19.04,2025-05-17
Battery 18650,4,19.2,2025-05-17
Battery 18650,3,11.46,2025-05-17
Batteries,25,53.87,2025-05-17
Replacement Coils,7,21.18,2025-05-17
Replacement Coils,9,17.81,2025-05-17
Tank Glass,6,13.36,2025-05-17
Nicotine Pods,18,19.78,2025-05-17
E-Liquid Premium,41,41.45,2025-05-17
Vape Juice 60ml,15,34.82,2025-05-17
Vape Juice 60ml,13,37.19,2025-05-17
Vape Juice 30ml,62,57.36,2025-05-17
Atomizers,10,49.02,2025-05-17
Atomizers,8,28.55,2025-05-17
Tanks,27,57.58,2025-05-17
Starter Kit,11,47.03,2025-05-17
Vape Mod XL,11,66.92,2025-05-17
Pod Kit,38,48.59,2025-05-17
Zero Nicotine 30ml,31,6.89,2025-05-17
Cotton Wicking,21,21.29,2025-05-18
Batteries,6,60.28,2025-05-18
Batteries,6,37.78,2025-05-18
Battery 18650,16,7.32,2025-05-18
Replacement Coils,22,27.53,2025-05-18
Charger,11,22.14,2025-05-18
Tank Glass,6,5.0,2025-05-18
Tank Glass,3,20.35,2025-05-18
Chargers,20,36.34,2025-05-18
Nicotine Pods,10,39.37,2025-05-18
Tank Glass,6,7.7,2025-05-18
Nicotine Pods,9,43.45,2025-05-18
Pod Kit,27,44.32,2025-05-18
Vape Mod XL,10,48.09,2025-05-18
Tanks,27,72.7,2025-05-18
Atomizers,14,46.52,2025-05-18
Nicotine Pods,9,28.29,2025-05-18
Vape Juice 60ml,41,55.85,2025-05-18
E-Liquid Premium,30,51.32,2025-05-18
E-Liquid Premium,31,58.15,2025-05-18
Zero Nicotine 30ml,20,40.21,2025-05-18
Vape Juice 30ml,63,31.53,2025-05-18
Replacement Coils,13,36.62,2025-05-19
Drip Tips,6,29.63,2025-05-19
Tank Glass,9,18.57,2025-05-19
Charger,1,15.28,2025-05-19
Charger,1,20.86,2025-05-19
Charger,2,25.14,2025-05-19
Batteries,5,5.0,2025-05-19
Batteries,4,24.32,2025-05-19
Batteries,8,32.56,2025-05-19
Cotton Wicking,20,22.1,2025-05-19
Nicotine Pods,14,17.54,2025-05-19
Nicotine Pods,16,62.91,2025-05-19
Starter Kit,10,45.14,2025-05-19
Zero Nicotine 30ml,7,21.4,2025-05-19
E-Liquid Premium,28,61.32,2025-05-19
Vape Juice 60ml,19,44.75,2025-05-19
Vape Juice 30ml,37,48.91,2025-05-19
Atomizers,5,33.82,2025-05-19
Atomizers,8,34.95,2025-05-19
Tanks,23,66.53,2025-05-19
Vape Mod XL,12,46.06,2025-05-19
Pod Kit,30,62.96,2025-05-19
Zero Nicotine 30ml,6,23.21,2025-05-19
Nicotine Pods,6,71.62,2025-05-20
Nicotine Pods,8,17.07,2025-05-20
Zero Nicotine 30ml,9,26.37,2025-05-20
Nicotine Pods,6,35.65,2025-05-20
Zero Nicotine 30ml,8,39.88,2025-05-20
Replacement Coils,18,22.77,2025-05-20
Tank Glass,12,5.0,2025-05-20
Drip Tips,8,25.2,2025-05-20
Chargers,5,35.11,2025-05-20
Chargers,8,38.01,2025-05-20
Charger,7,19.4,2025-05-20
Batteries,13,5.0,2025-05-20
E-Liquid Premium,13,41.06,2025-05-20
Battery 18650,12,29.72,2025-05-20
E-Liquid Premium,13,40.65,2025-05-20
E-Liquid Premium,12,47.96,2025-05-20
Pod Kit,17,60.33,2025-05-20
Starter Kit,2,30.24,2025-05-20
Starter Kit,6,44.6,2025-05-20
Tanks,10,35.0,2025-05-20
Pod Kit,16,57.7,2025-05-20
Atomizers,2,66.55,2025-05-20
Atomizers,4,73.66,2025-05-20
Atomizers,6,27.53,2025-05-20
Vape Juice 60ml,15,54.41,2025-05-20
Vape Juice 60ml,14,38.82,2025-05-20
Tanks,6,55.66,2025-05-20
Nicotine Pods,14,33.83,2025-05-21
Drip Tips,5,18.52,2025-05-21
Tank Glass,14,14.87,2025-05-21
Chargers,17,38.66,2025-05-21
Battery 18650,8,17.51,2025-05-21
Battery 18650,8,17.98,2025-05-21
Batteries,18,58.73,2025-05-21
Replacement Coils,15,25.25,2025-05-21
Nicotine Pods,13,31.22,2025-05-21
Drip Tips,6,40.88,2025-05-21
E-Liquid Premium,16,71.11,2025-05-21
Pod Kit,9,51.92,2025-05-21
Pod Kit,8,56.19,2025-05-21
Starter Kit,8,44.12,2025-05-21
Tanks,25,47.33,2025-05-21
Zero Nicotine 30ml,18,26.59,2025-05-21
Atomizers,4,52.48,2025-05-21
Vape Juice 60ml,31,19.43,2025-05-21
E-Liquid Premium,13,34.81,2025-05-21
Atomizers,4,27.85,2025-05-21
Replacement Coils,7,20.35,2025-05-22
Charger,9,13.16,2025-05-22
Chargers,9,41.14,2025-05-22
Chargers,11,40.31,2025-05-22
Battery 18650,7,29.61,2025-05-22
Battery 18650,8,18.74,2025-05-22
Batteries,25,31.02,2025-05-22
Cotton Wicking,28,56.81,2025-05-22
Drip Tips,9,40.03,2025-05-22
Replacement Coils,5,36.57,2025-05-22
E-Liquid Premium,40,47.49,2025-05-22
Vape Juice 60ml,38,46.93,2025-05-22
Vape Juice 30ml,59,57.16,2025-05-22
Atomizers,14,43.77,2025-05-22
Starter Kit,6,41.25,2025-05-22
Starter Kit,8,32.28,2025-05-22
Vape Mod XL,9,62.57,2025-05-22
Pod Kit,18,37.61,2025-05-22
Pod Kit,21,56.55,2025-05-22
Zero Nicotine 30ml,27,38.21,2025-05-22
Zero Nicotine 30ml,17,25.93,2025-05-23
Nicotine Pods,46,47.02,2025-05-23
Replacement Coils,25,14.3,2025-05-23
Cotton Wicking,35,57.75,2025-05-23
Chargers,12,50.08,2025-05-23
Battery 18650,4,18.96,2025-05-23
Battery 18650,5,28.11,2025-05-23
Chargers,13,42.38,2025-05-23
Charger,9,14.52,2025-05-23
Battery 18650,6,24.9,2025-05-23
Zero Nicotine 30ml,15,5.0,2025-05-23
Vape Juice 60ml,38,41.8,2025-05-23
Vape Juice 30ml,47,57.54,2025-05-23
Pod Kit,12,55.7,2025-05-23
Pod Kit,12,61.41,2025-05-23
Pod Kit,8,54.75,2025-05-23
Vape Mod XL,4,45.19,2025-05-23
E-Liquid Premium,42,41.17,2025-05-23
Starter Kit,13,22.87,2025-05-23
Tanks,25,43.66,2025-05-23
Atomizers,26,50.73,2025-05-23
Vape Mod XL,5,70.53,2025-05-23
Drip Tips,10,34.96,2025-05-24
Tank Glass,8,19.78,2025-05-24
Tank Glass,7,6.27,2025-05-24
Charger,13,25.14,2025-05-24
Chargers,20,34.16,2025-05-24
Battery 18650,5,22.68,2025-05-24
Battery 18650,6,15.49,2025-05-24
Batteries,20,21.31,2025-05-24
Cotton Wicking,30,36.2,2025-05-24
Battery 18650,7,23.48,2025-05-24
Nicotine Pods,43,99.76,2025-05-24
E-Liquid Premium,41,44.83,2025-05-24
Vape Juice 60ml,41,50.78,2025-05-24
Vape Juice 30ml,48,20.59,2025-05-24
Atomizers,17,50.57,2025-05-24
Tanks,15,38.04,2025-05-24
Tanks,18,64.09,2025-05-24
Starter Kit,13,25.74,2025-05-24
Pod Kit,45,53.68,2025-05-24
Replacement Coils,28,21.55,2025-05-24
Cotton Wicking,9,37.47,2025-05-25
Cotton Wicking,12,67.57,2025-05-25
Cotton Wicking,13,26.49,2025-05-25
Batteries,23,34.85,2025-05-25
Drip Tips,13,47.4,2025-05-25
Charger,9,13.67,2025-05-25
Charger,5,21.38,2025-05-25
Tank Glass,16,18.59,2025-05-25
Replacement Coils,31,7.87,2025-05-25
Chargers,22,45.53,2025-05-25
Nicotine Pods,50,64.73,2025-05-25
Starter Kit,9,26.46,2025-05-25
E-Liquid Premium,40,67.67,2025-05-25
E-Liquid Premium,43,59.09,2025-05-25
Vape Juice 30ml,70,48.27,2025-05-25
Atomizers,20,31.75,2025-05-25
Tanks,29,74.69,2025-05-25
Starter Kit,6,56.24,2025-05-25
Starter Kit,6,47.69,2025-05-25
Vape Mod XL,15,72.13,2025-05-25
Pod Kit,53,60.96,2025-05-25
Zero Nicotine 30ml,28,28.1,2025-05-25
Batteries,12,8.27,2025-05-26
Battery 18650,5,18.51,2025-05-26
Battery 18650,5,16.12,2025-05-26
Chargers,6,53.17,2025-05-26
Chargers,8,42.4,2025-05-26
Drip Tips,4,24.51,2025-05-26
Tank Glass,12,16.67,2025-05-26
Drip Tips,5,52.44,2025-05-26
Drip Tips,4,13.97,2025-05-26
Batteries,9,45.83,2025-05-26
Charger,9,35.71,2025-05-26
Cotton Wicking,29,19.53,2025-05-26
Nicotine Pods,16,32.02,2025-05-26
Nicotine Pods,16,20.02,2025-05-26
Pod Kit,32,56.69,2025-05-26
Vape Mod XL,13,48.15,2025-05-26
Tanks,23,75.9,2025-05-26
Atomizers,18,45.17,2025-05-26
Vape Juice 30ml,53,39.12,2025-05-26
Replacement Coils,18,24.08,2025-05-26
Vape Juice 60ml,17,25.95,2025-05-26
E-Liquid Premium,25,49.26,2025-05-26
E-Liquid Premium,21,43.59,2025-05-26
Zero Nicotine 30ml,21,37.31,2025-05-26
Vape Juice 60ml,17,29.79,2025-05-26
Replacement Coils,7,22.0,2025-05-27
Replacement Coils,8,23.77,2025-05-27
Cotton Wicking,11,5.0,2025-05-27
Cotton Wicking,8,44.88,2025-05-27
Cotton Wicking,10,14.37,2025-05-27
Batteries,13,69.82,2025-05-27
Battery 18650,4,28.74,2025-05-27
Battery 18650,5,17.43,2025-05-27
Chargers,13,20.45,2025-05-27
Charger,4,27.39,2025-05-27
Nicotine Pods,39,21.32,2025-05-27
Tank Glass,13,29.42,2025-05-27
Drip Tips,8,37.19,2025-05-27
Batteries,11,51.23,2025-05-27
Charger,3,14.81,2025-05-27
Zero Nicotine 30ml,9,24.22,2025-05-27
E-Liquid Premium,28,56.89,2025-05-27
Zero Nicotine 30ml,10,39.34,2025-05-27
Vape Mod XL,17,57.56,2025-05-27
Starter Kit,13,30.12,2025-05-27
Tanks,13,62.72,2025-05-27
Tanks,13,46.34,2025-05-27
Atomizers,6,56.68,2025-05-27
Pod Kit,39,61.69,2025-05-27
Vape Juice 30ml,52,54.5,2025-05-27
Vape Juice 60ml,11,38.07,2025-05-27
Vape Juice 60ml,10,41.67,2025-05-27
Vape Juice 60ml,13,27.69,2025-05-27
E-Liquid Premium,29,80.84,2025-05-27
Atomizers,9,51.32,2025-05-27
Batteries,14,14.64,2025-05-28
Batteries,13,44.48,2025-05-28
Battery 18650,8,12.95,2025-05-28
Battery 18650,9,18.04,2025-05-28
Chargers,21,31.93,2025-05-28
Tank Glass,4,8.12,2025-05-28
Tank Glass,4,30.33,2025-05-28
Tank Glass,2,15.56,2025-05-28
Drip Tips,12,32.63,2025-05-28
Cotton Wicking,19,21.66,2025-05-28
Charger,7,21.66,2025-05-28
Replacement Coils,8,22.75,2025-05-28
Vape Mod XL,3,47.05,2025-05-28
Replacement Coils,7,23.16,2025-05-28
Pod Kit,26,59.04,2025-05-28
Tanks,31,66.51,2025-05-28
Vape Juice 30ml,32,40.52,2025-05-28
Vape Juice 30ml,31,37.58,2025-05-28
Vape Mod XL,6,46.8,2025-05-28
Zero Nicotine 30ml,12,42.94,2025-05-28
Zero Nicotine 30ml,13,39.74,2025-05-28
Nicotine Pods,15,26.34,2025-05-28
Nicotine Pods,14,47.59,2025-05-28
Vape Juice 60ml,35,35.04,2025-05-28
Replacement Coils,6,29.83,2025-05-28
Drip Tips,4,35.82,2025-05-29
Nicotine Pods,44,61.45,2025-05-29
Drip Tips,7,12.6,2025-05-29
Tank Glass,18,6.42,2025-05-29
Chargers,18,33.55,2025-05-29
Battery 18650,15,13.25,2025-05-29
Batteries,15,36.08,2025-05-29
Batteries,12,11.13,2025-05-29
Cotton Wicking,23,18.48,2025-05-29
Replacement Coils,20,5.0,2025-05-29
Zero Nicotine 30ml,26,20.73,2025-05-29
E-Liquid Premium,22,34.72,2025-05-29
E-Liquid Premium,20,46.56,2025-05-29
Pod Kit,28,54.85,2025-05-29
Starter Kit,13,27.09,2025-05-29
Tanks,30,73.31,2025-05-29
Vape Mod XL,17,34.38,2025-05-29
Atomizers,11,49.09,2025-05-29
Vape Juice 30ml,65,61.16,2025-05-29
Vape Juice 60ml,34,34.15,2025-05-29
E-Liquid Premium,20,63.87,2025-05-29
Atomizers,9,65.03,2025-05-29
Battery 18650,14,28.63,2025-05-30
Nicotine Pods,26,51.45,2025-05-30
Replacement Coils,26,24.18,2025-05-30
Cotton Wicking,37,5.0,2025-05-30
Batteries,23,40.9,2025-05-30
Chargers,13,63.29,2025-05-30
Drip Tips,6,24.37,2025-05-30
Charger,7,22.1,2025-05-30
Charger,9,14.5,2025-05-30
Tank Glass,13,16.14,2025-05-30
Drip Tips,5,21.86,2025-05-30
Drip Tips,5,37.96,2025-05-30
Chargers,15,56.79,2025-05-30
Nicotine Pods,28,28.66,2025-05-30
Vape Juice 60ml,28,38.16,2025-05-30
Vape Juice 60ml,29,18.05,2025-05-30
E-Liquid Premium,53,54.95,2025-05-30
Pod Kit,14,29.82,2025-05-30
Pod Kit,15,46.42,2025-05-30
Vape Mod XL,18,33.21,2025-05-30
Starter Kit,4,14.45,2025-05-30
Starter Kit,4,28.59,2025-05-30
Pod Kit,18,57.79,2025-05-30
Tanks,27,63.45,2025-05-30
Atomizers,10,63.31,2025-05-30
Atomizers,10,68.33,2025-05-30
Vape Juice 30ml,38,56.47,2025-05-30
Vape Juice 30ml,39,48.03,2025-05-30
Starter Kit,3,34.11,2025-05-30
Replacement Coils,11,12.89,2025-05-31
Drip Tips,16,20.47,2025-05-31
Tank Glass,15,5.25,2025-05-31
Charger,9,14.39,2025-05-31
Battery 18650,7,20.05,2025-05-31
Battery 18650,9,18.12,2025-05-31
Batteries,37,53.84,2025-05-31
Cotton Wicking,32,28.79,2025-05-31
Replacement Coils,12,20.59,2025-05-31
Nicotine Pods,33,29.28,2025-05-31
Vape Juice 60ml,24,37.75,2025-05-31
Zero Nicotine 30ml,20,35.63,2025-05-31
Vape Juice 60ml,25,38.68,2025-05-31
Vape Juice 30ml,41,40.1,2025-05-31
Vape Juice 30ml,41,30.14,2025-05-31
Atomizers,27,76.78,2025-05-31
Tanks,28,44.01,2025-05-31
Starter Kit,20,32.57,2025-05-31
Vape Mod XL,22,47.62,2025-05-31
Pod Kit,39,73.07,2025-05-31
Zero Nicotine 30ml,19,18.72,2025-05-31
Replacement Coils,15,15.84,2025-06-01
Replacement Coils,12,20.12,2025-06-01
Batteries,39,49.91,2025-06-01
Replacement Coils,13,14.73,2025-06-01
Charger,16,21.97,2025-06-01
Tank Glass,24,19.06,2025-06-01
Drip Tips,14,28.47,2025-06-01
Battery 18650,27,20.81,2025-06-01
Zero Nicotine 30ml,42,30.81,2025-06-01
Nicotine Pods,69,28.01,2025-06-01
E-Liquid Premium,37,51.74,2025-06-01
Pod Kit,55,51.19,2025-06-01
Vape Mod XL,25,21.55,2025-06-01
Starter Kit,28,25.62,2025-06-01
Tanks,21,69.43,2025-06-01
E-Liquid Premium,37,56.86,2025-06-01
Atomizers,24,48.64,2025-06-01
Vape Juice 30ml,100,52.42,2025-06-01
Vape Juice 60ml,71,21.21,2025-06-01
Tanks,23,66.74,2025-06-01
Replacement Coils,7,9.43,2025-06-02
Cotton Wicking,31,49.11,2025-06-02
Batteries,33,32.69,2025-06-02
Battery 18650,18,21.19,2025-06-02
Chargers,16,54.02,2025-06-02
Charger,6,19.69,2025-06-02
Nicotine Pods,19,74.85,2025-06-02
Charger,6,7.58,2025-06-02
Tank Glass,11,15.86,2025-06-02
Tank Glass,7,14.98,2025-06-02
Drip Tips,11,31.73,2025-06-02
Charger,2,12.97,2025-06-02
Nicotine Pods,18,46.23,2025-06-02
Replacement Coils,11,33.78,2025-06-02
E-Liquid Premium,71,66.3,2025-06-02
Pod Kit,18,49.03,2025-06-02
Zero Nicotine 30ml,32,21.02,2025-06-02
Vape Mod XL,4,36.22,2025-06-02
Vape Mod XL,5,47.96,2025-06-02
Vape Mod XL,6,59.14,2025-06-02
Starter Kit,17,27.52,2025-06-02
Pod Kit,17,45.99,2025-06-02
Atomizers,6,38.06,2025-06-02
Atomizers,6,31.17,2025-06-02
Atomizers,6,43.09,2025-06-02
Vape Juice 30ml,44,47.65,2025-06-02
Vape Juice 60ml,41,39.55,2025-06-02
Tanks,33,67.36,2025-06-02
Replacement Coils,5,26.41,2025-06-03
Cotton Wicking,11,19.98,2025-06-03
Drip Tips,4,14.65,2025-06-03
Batteries,31,13.36,2025-06-03
Battery 18650,16,19.5,2025-06-03
Tank Glass,18,5.0,2025-06-03
Charger,12,24.37,2025-06-03
Drip Tips,6,38.89,2025-06-03
Drip Tips,4,15.78,2025-06-03
Replacement Coils,7,20.5,2025-06-03
Chargers,18,30.67,2025-06-03
Zero Nicotine 30ml,10,38.25,2025-06-03
Cotton Wicking,9,24.89,2025-06-03
Zero Nicotine 30ml,9,29.34,2025-06-03
Zero Nicotine 30ml,8,28.39,2025-06-03
Pod Kit,51,56.64,2025-06-03
Vape Mod XL,13,29.31,2025-06-03
Starter Kit,9,48.47,2025-06-03
Starter Kit,8,49.71,2025-06-03
Tanks,17,62.73,2025-06-03
Replacement Coils,7,8.38,2025-06-03
Vape Juice 30ml,68,45.55,2025-06-03
Vape Juice 60ml,25,27.72,2025-06-03
Vape Juice 60ml,26,37.72,2025-06-03
E-Liquid Premium,46,61.15,2025-06-03
Tanks,19,68.44,2025-06-03
Replacement Coils,9,23.6,2025-06-04
Replacement Coils,10,18.67,2025-06-04
Cotton Wicking,15,5.0,2025-06-04
Cotton Wicking,19,45.05,2025-06-04
Batteries,16,28.82,2025-06-04
Chargers,22,39.42,2025-06-04
Nicotine Pods,44,31.97,2025-06-04
Charger,7,24.01,2025-06-04
Charger,3,17.66,2025-06-04
Tank Glass,15,14.25,2025-06-04
Drip Tips,14,16.32,2025-06-04
Batteries,16,36.25,2025-06-04
Zero Nicotine 30ml,27,16.18,2025-06-04
Replacement Coils,8,16.69,2025-06-04
E-Liquid Premium,23,51.04,2025-06-04
Pod Kit,39,70.3,2025-06-04
Vape Mod XL,5,36.97,2025-06-04
Vape Mod XL,7,47.52,2025-06-04
Starter Kit,19,21.58,2025-06-04
Tanks,35,55.94,2025-06-04
Atomizers,12,39.92,2025-06-04
E-Liquid Premium,23,43.43,2025-06-04
Vape Juice 30ml,18,45.13,2025-06-04
Vape Juice 30ml,17,53.52,2025-06-04
Vape Juice 30ml,15,41.58,2025-06-04
Vape Juice 60ml,24,23.24,2025-06-04
Vape Juice 60ml,23,24.34,2025-06-04
Atomizers,13,53.97,2025-06-04
Replacement Coils,14,13.15,2025-06-05
Cotton Wicking,20,46.36,2025-06-05
Cotton Wicking,21,14.18,2025-06-05
Batteries,33,49.11,2025-06-05
Battery 18650,11,14.92,2025-06-05
Charger,6,25.23,2025-06-05
Chargers,21,26.49,2025-06-05
Charger,7,19.86,2025-06-05
Tank Glass,24,13.75,2025-06-05
Drip Tips,7,7.88,2025-06-05
Replacement Coils,14,10.54,2025-06-05
Battery 18650,10,25.32,2025-06-05
Drip Tips,6,24.81,2025-06-05
Nicotine Pods,39,29.81,2025-06-05
E-Liquid Premium,73,86.05,2025-06-05
Zero Nicotine 30ml,25,35.24,2025-06-05
Pod Kit,34,39.34,2025-06-05
Vape Mod XL,13,39.35,2025-06-05
Starter Kit,16,37.89,2025-06-05
Tanks,29,78.68,2025-06-05
Vape Mod XL,13,46.8,2025-06-05
Atomizers,8,60.34,2025-06-05
Vape Juice 30ml,46,52.52,2025-06-05
Vape Juice 30ml,47,45.67,2025-06-05
Vape Juice 60ml,29,44.48,2025-06-05
Vape Juice 60ml,31,40.04,2025-06-05
Atomizers,10,34.74,2025-06-05
Battery 18650,3,11.87,2025-06-06
Replacement Coils,12,28.31,2025-06-06
Replacement Coils,13,33.7,2025-06-06
Batteries,26,23.21,2025-06-06
Battery 18650,4,21.49,2025-06-06
Battery 18650,5,20.69,2025-06-06
Drip Tips,3,31.12,2025-06-06
Charger,7,19.88,2025-06-06
Tank Glass,11,15.23,2025-06-06
Tank Glass,14,11.56,2025-06-06
Drip Tips,1,33.2,2025-06-06
Drip Tips,5,25.73,2025-06-06
Nicotine Pods,29,29.01,2025-06-06
Charger,3,21.13,2025-06-06
Nicotine Pods,27,63.24,2025-06-06
Zero Nicotine 30ml,15,44.32,2025-06-06
Pod Kit,20,60.91,2025-06-06
Pod Kit,18,55.13,2025-06-06
Pod Kit,17,35.19,2025-06-06
Zero Nicotine 30ml,15,14.14,2025-06-06
Vape Mod XL,23,41.88,2025-06-06
Starter Kit,25,26.08,2025-06-06
Atomizers,9,73.69,2025-06-06
Tanks,45,81.9,2025-06-06
Atomizers,7,68.99,2025-06-06
Vape Juice 30ml,57,59.38,2025-06-06
Vape Juice 60ml,56,38.05,2025-06-06
E-Liquid Premium,45,52.7,2025-06-06
E-Liquid Premium,44,41.78,2025-06-06
Zero Nicotine 30ml,13,31.39,2025-06-06
Atomizers,9,49.17,2025-06-06
Cotton Wicking,13,52.71,2025-06-07
Drip Tips,10,44.0,2025-06-07
Cotton Wicking,17,34.16,2025-06-07
Battery 18650,15,14.26,2025-06-07
Replacement Coils,28,12.16,2025-06-07
Chargers,13,55.79,2025-06-07
Charger,7,16.1,2025-06-07
Charger,7,24.75,2025-06-07
Tank Glass,14,20.1,2025-06-07
Chargers,15,38.48,2025-06-07
Nicotine Pods,18,38.73,2025-06-07
E-Liquid Premium,32,55.58,2025-06-07
Zero Nicotine 30ml,40,33.69,2025-06-07
Vape Mod XL,9,58.42,2025-06-07
Vape Mod XL,13,45.46,2025-06-07
Starter Kit,8,32.37,2025-06-07
Starter Kit,6,34.92,2025-06-07
Nicotine Pods,19,41.58,2025-06-07
Atomizers,29,93.94,2025-06-07
Vape Juice 30ml,64,51.02,2025-06-07
Vape Juice 60ml,55,48.04,2025-06-07
E-Liquid Premium,32,60.69,2025-06-07
Tanks,30,83.11,2025-06-07
Replacement Coils,29,29.94,2025-06-08
Cotton Wicking,16,54.09,2025-06-08
Cotton Wicking,16,24.07,2025-06-08
Batteries,36,35.0,2025-06-08
Battery 18650,7,12.48,2025-06-08
Charger,6,23.42,2025-06-08
Chargers,18,56.84,2025-06-08
Charger,4,10.68,2025-06-08
Charger,3,17.32,2025-06-08
Nicotine Pods,54,34.64,2025-06-08
Drip Tips,4,22.31,2025-06-08
Battery 18650,7,16.52,2025-06-08
Drip Tips,3,5.0,2025-06-08
Zero Nicotine 30ml,15,32.97,2025-06-08
E-Liquid Premium,60,32.47,2025-06-08
Zero Nicotine 30ml,15,45.14,2025-06-08
Pod Kit,15,79.32,2025-06-08
Pod Kit,15,42.68,2025-06-08
Vape Mod XL,20,16.14,2025-06-08
Starter Kit,10,30.44,2025-06-08
Starter Kit,10,43.15,2025-06-08
Tanks,17,76.3,2025-06-08
Atomizers,19,77.33,2025-06-08
Vape Juice 30ml,26,32.91,2025-06-08
Vape Juice 30ml,25,56.97,2025-06-08
Vape Juice 60ml,50,43.02,2025-06-08
Tanks,19,60.15,2025-06-08
Battery 18650,6,22.36,2025-06-09
Nicotine Pods,8,30.09,2025-06-09
Cotton Wicking,26,36.08,2025-06-09
Batteries,29,5.0,2025-06-09
Battery 18650,10,19.83,2025-06-09
Nicotine Pods,8,34.35,2025-06-09
Chargers,12,63.6,2025-06-09
Tank Glass,6,18.17,2025-06-09
Tank Glass,3,5.0,2025-06-09
Drip Tips,10,28.99,2025-06-09
Chargers,10,49.24,2025-06-09
Nicotine Pods,11,25.78,2025-06-09
Zero Nicotine 30ml,32,13.28,2025-06-09
E-Liquid Premium,54,38.36,2025-06-09
Pod Kit,27,36.31,2025-06-09
Vape Mod XL,18,28.09,2025-06-09
Tanks,10,76.91,2025-06-09
Tanks,8,59.34,2025-06-09
Starter Kit,12,23.21,2025-06-09
Vape Juice 30ml,46,21.35,2025-06-09
Vape Juice 60ml,10,41.03,2025-06-09
Vape Juice 60ml,12,35.84,2025-06-09
Vape Juice 60ml,10,28.23,2025-06-09
Atomizers,24,36.09,2025-06-09
Chargers,8,22.08,2025-06-10
Replacement Coils,18,21.87,2025-06-10
Cotton Wicking,16,31.57,2025-06-10
Batteries,16,37.78,2025-06-10
Battery 18650,10,24.35,2025-06-10
Chargers,5,39.2,2025-06-10
Drip Tips,4,27.49,2025-06-10
Charger,3,21.69,2025-06-10
Charger,3,18.79,2025-06-10
Tank Glass,14,15.45,2025-06-10
Nicotine Pods,33,39.95,2025-06-10
Drip Tips,5,44.39,2025-06-10
Charger,3,21.19,2025-06-10
Zero Nicotine 30ml,7,24.48,2025-06-10
Zero Nicotine 30ml,9,11.07,2025-06-10
E-Liquid Premium,26,54.85,2025-06-10
Pod Kit,11,52.07,2025-06-10
Vape Mod XL,6,63.44,2025-06-10
Vape Mod XL,8,50.95,2025-06-10
Starter Kit,10,47.04,2025-06-10
Tanks,19,47.78,2025-06-10
Pod Kit,12,66.74,2025-06-10
Atomizers,7,80.91,2025-06-10
Atomizers,7,34.71,2025-06-10
Vape Juice 30ml,48,50.12,2025-06-10
Vape Juice 60ml,41,34.74,2025-06-10
E-Liquid Premium,26,53.85,2025-06-10
Atomizers,3,50.82,2025-06-10
Replacement Coils,10,9.67,2025-06-11
Cotton Wicking,21,29.28,2025-06-11
Batteries,25,44.7,2025-06-11
Battery 18650,4,15.11,2025-06-11
Charger,8,10.82,2025-06-11
Chargers,11,39.08,2025-06-11
Tank Glass,9,15.85,2025-06-11
Drip Tips,10,34.1,2025-06-11
Replacement Coils,8,19.16,2025-06-11
Battery 18650,7,11.51,2025-06-11
Nicotine Pods,29,44.48,2025-06-11
Vape Juice 60ml,12,33.82,2025-06-11
E-Liquid Premium,17,42.33,2025-06-11
Vape Mod XL,15,54.36,2025-06-11
Starter Kit,9,34.72,2025-06-11
Tanks,28,54.09,2025-06-11
Vape Juice 30ml,21,53.92,2025-06-11
Pod Kit,32,55.51,2025-06-11
Vape Juice 60ml,9,39.03,2025-06-11
Vape Juice 60ml,8,25.77,2025-06-11
E-Liquid Premium,21,29.73,2025-06-11
Vape Juice 30ml,23,41.22,2025-06-11
Zero Nicotine 30ml,18,16.06,2025-06-11
Drip Tips,5,13.88,2025-06-12
Cotton Wicking,10,8.55,2025-06-12
Drip Tips,5,20.85,2025-06-12
Tank Glass,6,18.65,2025-06-12
Tank Glass,10,20.03,2025-06-12
Charger,8,23.85,2025-06-12
Chargers,5,50.23,2025-06-12
Chargers,4,53.37,2025-06-12
Chargers,6,41.62,2025-06-12
Battery 18650,16,21.75,2025-06-12
Batteries,18,25.08,2025-06-12
Replacement Coils,23,10.71,2025-06-12
Nicotine Pods,41,52.08,2025-06-12
Zero Nicotine 30ml,25,45.59,2025-06-12
Vape Juice 60ml,37,40.79,2025-06-12
Vape Juice 30ml,13,32.29,2025-06-12
Vape Juice 30ml,12,41.4,2025-06-12
Vape Juice 30ml,12,36.74,2025-06-12
Starter Kit,8,31.55,2025-06-12
Starter Kit,7,33.45,2025-06-12
Vape Mod XL,14,71.68,2025-06-12
Pod Kit,37,54.18,2025-06-12
Cotton Wicking,9,20.62,2025-06-12
Nicotine Pods,31,29.4,2025-06-13
Replacement Coils,33,18.03,2025-06-13
Cotton Wicking,27,43.11,2025-06-13
Batteries,32,19.36,2025-06-13
Zero Nicotine 30ml,29,26.2,2025-06-13
Chargers,12,39.98,2025-06-13
Tank Glass,17,38.67,2025-06-13
Drip Tips,4,22.12,2025-06-13
Chargers,11,50.61,2025-06-13
E-Liquid Premium,46,39.59,2025-06-13
Drip Tips,4,31.14,2025-06-13
Vape Juice 30ml,17,43.84,2025-06-13
Vape Juice 30ml,17,42.56,2025-06-13
Vape Juice 30ml,13,39.89,2025-06-13
Tanks,39,48.56,2025-06-13
Starter Kit,15,9.78,2025-06-13
Vape Mod XL,8,43.92,2025-06-13
Vape Mod XL,9,41.24,2025-06-13
Pod Kit,25,36.89,2025-06-13
Pod Kit,24,59.89,2025-06-13
Vape Juice 60ml,53,47.33,2025-06-13
Replacement Coils,22,11.34,2025-06-14
Cotton Wicking,28,50.27,2025-06-14
Battery 18650,7,18.92,2025-06-14
Battery 18650,4,19.47,2025-06-14
Drip Tips,11,39.33,2025-06-14
Chargers,17,22.55,2025-06-14
Charger,11,10.81,2025-06-14
Tank Glass,14,9.68,2025-06-14
Nicotine Pods,38,42.12,2025-06-14
Battery 18650,8,17.07,2025-06-14
Zero Nicotine 30ml,30,5.0,2025-06-14
E-Liquid Premium,20,49.64,2025-06-14
Pod Kit,43,57.78,2025-06-14
E-Liquid Premium,17,39.38,2025-06-14
Vape Juice 60ml,45,40.58,2025-06-14
Vape Juice 30ml,53,39.44,2025-06-14
Atomizers,14,47.79,2025-06-14
Atomizers,16,49.48,2025-06-14
Tanks,13,53.51,2025-06-14
Tanks,11,64.81,2025-06-14
Starter Kit,7,40.92,2025-06-14
Starter Kit,8,40.7,2025-06-14
Vape Mod XL,23,56.18,2025-06-14
E-Liquid Premium,19,41.41,2025-06-14
Replacement Coils,29,24.85,2025-06-15
Cotton Wicking,34,73.33,2025-06-15
Batteries,26,49.43,2025-06-15
Battery 18650,18,25.76,2025-06-15
Nicotine Pods,29,72.88,2025-06-15
Tank Glass,6,6.62,2025-06-15
Tank Glass,7,26.82,2025-06-15
Drip Tips,7,24.87,2025-06-15
Drip Tips,3,16.97,2025-06-15
Charger,12,12.51,2025-06-15
Zero Nicotine 30ml,14,42.2,2025-06-15
Vape Mod XL,16,62.5,2025-06-15
E-Liquid Premium,15,42.51,2025-06-15
Zero Nicotine 30ml,12,36.34,2025-06-15
Pod Kit,46,56.12,2025-06-15
Starter Kit,8,54.3,2025-06-15
Tanks,37,74.21,2025-06-15
Starter Kit,12,39.3,2025-06-15
Vape Juice 30ml,40,45.22,2025-06-15
Vape Juice 30ml,42,50.15,2025-06-15
E-Liquid Premium,17,58.92,2025-06-15
E-Liquid Premium,16,34.28,2025-06-15
Atomizers,27,93.62,2025-06-15
Charger,3,15.25,2025-06-16
Battery 18650,12,16.88,2025-06-16
Chargers,4,59.16,2025-06-16
Chargers,6,19.06,2025-06-16
Chargers,4,50.83,2025-06-16
Charger,5,16.43,2025-06-16
Drip Tips,2,22.34,2025-06-16
Tank Glass,3,5.0,2025-06-16
Tank Glass,1,14.64,2025-06-16
Drip Tips,2,40.4,2025-06-16
Drip Tips,1,46.05,2025-06-16
Batteries,7,61.75,2025-06-16
Tank Glass,1,32.25,2025-06-16
Batteries,8,40.51,2025-06-16
Pod Kit,28,49.98,2025-06-16
Cotton Wicking,15,34.95,2025-06-16
Cotton Wicking,14,45.66,2025-06-16
Starter Kit,13,37.85,2025-06-16
Tanks,25,67.82,2025-06-16
Vape Juice 30ml,52,66.92,2025-06-16
Vape Juice 60ml,35,31.85,2025-06-16
Vape Mod XL,10,29.81,2025-06-16
Zero Nicotine 30ml,27,19.67,2025-06-16
Nicotine Pods,18,33.6,2025-06-16
Nicotine Pods,18,46.45,2025-06-16
Replacement Coils,7,19.7,2025-06-16
Replacement Coils,5,22.67,2025-06-16
E-Liquid Premium,55,42.9,2025-06-16
Drip Tips,10,19.82,2025-06-17
Tank Glass,4,28.51,2025-06-17
Tank Glass,2,18.02,2025-06-17
Tank Glass,3,22.45,2025-06-17
Charger,9,24.54,2025-06-17
Chargers,17,35.59,2025-06-17
Battery 18650,12,18.56,2025-06-17
Batteries,15,36.07,2025-06-17
Cotton Wicking,7,49.0,2025-06-17
Cotton Wicking,10,20.57,2025-06-17
Nicotine Pods,12,42.15,2025-06-17
Nicotine Pods,9,10.03,2025-06-17
E-Liquid Premium,41,49.95,2025-06-17
Vape Juice 30ml,27,49.59,2025-06-17
Vape Juice 30ml,27,42.34,2025-06-17
Starter Kit,6,36.85,2025-06-17
Starter Kit,9,21.34,2025-06-17
Vape Mod XL,14,49.31,2025-06-17
Pod Kit,28,60.3,2025-06-17
Nicotine Pods,8,82.82,2025-06-17
Zero Nicotine 30ml,14,44.54,2025-06-18
Nicotine Pods,30,5.0,2025-06-18
Replacement Coils,18,14.48,2025-06-18
Cotton Wicking,17,53.43,2025-06-18
Drip Tips,8,43.34,2025-06-18
Charger,7,19.44,2025-06-18
Tank Glass,9,14.09,2025-06-18
Zero Nicotine 30ml,14,15.39,2025-06-18
Battery 18650,11,11.82,2025-06-18
Vape Juice 60ml,15,32.02,2025-06-18
Vape Juice 30ml,15,43.21,2025-06-18
Vape Juice 30ml,12,16.3,2025-06-18
Vape Juice 30ml,16,35.44,2025-06-18
Vape Juice 60ml,16,32.84,2025-06-18
Atomizers,19,43.22,2025-06-18
Tanks,14,37.52,2025-06-18
Tanks,15,64.47,2025-06-18
Starter Kit,15,31.65,2025-06-18
Vape Mod XL,9,33.41,2025-06-18
Vape Mod XL,6,63.88,2025-06-18
Pod Kit,25,43.51,2025-06-18
Nicotine Pods,12,49.45,2025-06-19
Replacement Coils,26,25.35,2025-06-19
Cotton Wicking,26,12.59,2025-06-19
Battery 18650,11,24.28,2025-06-19
Chargers,7,45.0,2025-06-19
Drip Tips,9,41.03,2025-06-19
Charger,11,16.85,2025-06-19
Tank Glass,9,5.0,2025-06-19
Tank Glass,5,14.56,2025-06-19
Nicotine Pods,12,5.0,2025-06-19
Chargers,9,58.17,2025-06-19
Nicotine Pods,12,12.49,2025-06-19
Zero Nicotine 30ml,19,22.68,2025-06-19
E-Liquid Premium,57,45.89,2025-06-19
Pod Kit,11,60.31,2025-06-19
Pod Kit,13,56.73,2025-06-19
Vape Mod XL,14,40.46,2025-06-19
Starter Kit,11,27.64,2025-06-19
Tanks,31,48.72,2025-06-19
Pod Kit,10,41.69,2025-06-19
Atomizers,12,60.89,2025-06-19
Vape Juice 30ml,16,44.86,2025-06-19
Vape Juice 30ml,14,30.32,2025-06-19
Vape Juice 30ml,15,55.72,2025-06-19
Atomizers,13,48.84,2025-06-19
Cotton Wicking,10,33.13,2025-06-20
Drip Tips,15,23.72,2025-06-20
Tank Glass,16,9.17,2025-06-20
Charger,9,16.51,2025-06-20
Chargers,10,46.18,2025-06-20
Chargers,10,37.8,2025-06-20
Chargers,9,18.61,2025-06-20
Battery 18650,16,18.83,2025-06-20
Batteries,30,32.95,2025-06-20
Cotton Wicking,10,20.71,2025-06-20
Replacement Coils,11,21.27,2025-06-20
Replacement Coils,15,22.89,2025-06-20
Pod Kit,17,53.33,2025-06-20
Pod Kit,16,58.63,2025-06-20
Starter Kit,6,28.23,2025-06-20
Starter Kit,9,38.18,2025-06-20
Tanks,19,51.05,2025-06-20
Tanks,20,56.4,2025-06-20
Zero Nicotine 30ml,39,18.87,2025-06-20
Vape Juice 60ml,26,17.57,2025-06-20
Vape Juice 60ml,26,31.16,2025-06-20
E-Liquid Premium,38,41.12,2025-06-20
E-Liquid Premium,40,27.81,2025-06-20
Atomizers,21,11.05,2025-06-20
Cotton Wicking,18,47.19,2025-06-21
Battery 18650,2,26.44,2025-06-21
Battery 18650,5,20.89,2025-06-21
Battery 18650,4,21.34,2025-06-21
Chargers,13,59.84,2025-06-21
Charger,13,22.07,2025-06-21
Tank Glass,10,15.44,2025-06-21
Tank Glass,7,14.11,2025-06-21
Drip Tips,10,29.13,2025-06-21
Cotton Wicking,16,35.4,2025-06-21
Chargers,9,42.71,2025-06-21
Nicotine Pods,27,20.97,2025-06-21
Vape Juice 30ml,36,49.19,2025-06-21
E-Liquid Premium,58,37.89,2025-06-21
Vape Juice 60ml,49,37.12,2025-06-21
Vape Juice 30ml,34,32.62,2025-06-21
Atomizers,32,41.62,2025-06-21
Tanks,31,57.87,2025-06-21
Starter Kit,4,27.51,2025-06-21
Starter Kit,8,38.4,2025-06-21
Starter Kit,6,59.98,2025-06-21
Pod Kit,48,44.11,2025-06-21
Nicotine Pods,25,52.56,2025-06-21
Batteries,12,43.24,2025-06-22
Nicotine Pods,19,18.61,2025-06-22
Cotton Wicking,40,44.62,2025-06-22
Batteries,13,8.72,2025-06-22
Drip Tips,7,19.47,2025-06-22
Nicotine Pods,18,57.13,2025-06-22
Chargers,20,54.87,2025-06-22
Charger,6,23.73,2025-06-22
Charger,7,24.71,2025-06-22
Tank Glass,23,24.18,2025-06-22
Drip Tips,6,40.89,2025-06-22
Battery 18650,21,20.55,2025-06-22
Zero Nicotine 30ml,40,20.14,2025-06-22
Batteries,13,17.32,2025-06-22
E-Liquid Premium,41,33.43,2025-06-22
Pod Kit,25,58.89,2025-06-22
Pod Kit,26,52.33,2025-06-22
Vape Mod XL,13,43.06,2025-06-22
Vape Mod XL,13,26.02,2025-06-22
Starter Kit,15,56.27,2025-06-22
Tanks,21,74.4,2025-06-22
E-Liquid Premium,40,68.36,2025-06-22
Atomizers,16,79.69,2025-06-22
Atomizers,15,58.67,2025-06-22
Vape Juice 30ml,91,48.06,2025-06-22
Vape Juice 60ml,27,14.24,2025-06-22
Vape Juice 60ml,27,38.13,2025-06-22
Tanks,19,48.64,2025-06-22
Replacement Coils,16,25.98,2025-06-23
Cotton Wicking,11,40.31,2025-06-23
Batteries,9,33.98,2025-06-23
Batteries,11,21.84,2025-06-23
Battery 18650,17,24.57,2025-06-23
Chargers,5,53.77,2025-06-23
Nicotine Pods,25,57.62,2025-06-23
Charger,6,15.28,2025-06-23
Charger,3,19.87,2025-06-23
Tank Glass,17,18.69,2025-06-23
Drip Tips,12,33.58,2025-06-23
Chargers,8,49.21,2025-06-23
Zero Nicotine 30ml,25,20.66,2025-06-23
Cotton Wicking,7,22.38,2025-06-23
E-Liquid Premium,16,57.81,2025-06-23
Pod Kit,39,45.98,2025-06-23
Vape Mod XL,18,77.35,2025-06-23
Starter Kit,12,33.64,2025-06-23
Tanks,16,47.03,2025-06-23
Tanks,16,53.77,2025-06-23
E-Liquid Premium,13,29.83,2025-06-23
Vape Juice 30ml,18,36.33,2025-06-23
Vape Juice 30ml,19,66.99,2025-06-23
Vape Juice 30ml,20,49.91,2025-06-23
Vape Juice 60ml,47,31.4,2025-06-23
E-Liquid Premium,14,58.38,2025-06-23
Atomizers,20,55.79,2025-06-23
Nicotine Pods,16,53.97,2025-06-24
Nicotine Pods,15,27.51,2025-06-24
Replacement Coils,8,14.5,2025-06-24
Replacement Coils,4,15.4,2025-06-24
Replacement Coils,4,10.95,2025-06-24
Battery 18650,14,25.02,2025-06-24
Batteries,22,49.44,2025-06-24
Chargers,7,38.4,2025-06-24
Chargers,8,43.16,2025-06-24
Tank Glass,9,12.5,2025-06-24
Zero Nicotine 30ml,12,21.21,2025-06-24
Cotton Wicking,24,48.34,2025-06-24
Drip Tips,10,39.36,2025-06-24
Zero Nicotine 30ml,15,39.79,2025-06-24
Vape Juice 60ml,43,38.43,2025-06-24
E-Liquid Premium,48,50.32,2025-06-24
Pod Kit,12,49.07,2025-06-24
Pod Kit,10,69.92,2025-06-24
Pod Kit,11,50.24,2025-06-24
Starter Kit,4,38.04,2025-06-24
Vape Mod XL,18,44.87,2025-06-24
Starter Kit,5,20.51,2025-06-24
Atomizers,12,86.57,2025-06-24
Atomizers,11,61.33,2025-06-24
Vape Juice 30ml,22,46.11,2025-06-24
Vape Juice 30ml,22,31.04,2025-06-24
Starter Kit,6,53.52,2025-06-24
Batteries,19,31.67,2025-06-25
Replacement Coils,13,18.36,2025-06-25
Replacement Coils,14,17.93,2025-06-25
Cotton Wicking,22,43.29,2025-06-25
Battery 18650,20,19.42,2025-06-25
Drip Tips,2,18.7,2025-06-25
Charger,14,32.15,2025-06-25
Tank Glass,20,27.42,2025-06-25
Drip Tips,1,41.81,2025-06-25
Drip Tips,5,21.08,2025-06-25
Chargers,25,25.47,2025-06-25
Nicotine Pods,24,51.93,2025-06-25
Nicotine Pods,23,51.4,2025-06-25
Zero Nicotine 30ml,18,39.57,2025-06-25
Zero Nicotine 30ml,14,32.7,2025-06-25
Pod Kit,22,61.43,2025-06-25
Pod Kit,23,68.34,2025-06-25
Vape Mod XL,11,72.29,2025-06-25
Starter Kit,15,23.67,2025-06-25
Vape Mod XL,7,52.03,2025-06-25
Atomizers,5,78.31,2025-06-25
Atomizers,4,62.25,2025-06-25
Atomizers,5,85.16,2025-06-25
Vape Juice 60ml,51,39.21,2025-06-25
E-Liquid Premium,79,58.46,2025-06-25
Tanks,27,77.53,2025-06-25
Batteries,21,35.64,2025-06-26
Nicotine Pods,18,86.63,2025-06-26
Replacement Coils,13,8.65,2025-06-26
Replacement Coils,13,13.58,2025-06-26
Cotton Wicking,38,36.53,2025-06-26
Batteries,22,36.68,2025-06-26
Battery 18650,15,21.78,2025-06-26
Drip Tips,4,5.0,2025-06-26
Charger,3,23.0,2025-06-26
Charger,3,23.54,2025-06-26
Tank Glass,10,5.0,2025-06-26
Tank Glass,10,30.76,2025-06-26
Drip Tips,5,26.53,2025-06-26
Nicotine Pods,14,35.15,2025-06-26
Charger,6,21.97,2025-06-26
Zero Nicotine 30ml,14,30.93,2025-06-26
E-Liquid Premium,31,43.69,2025-06-26
Vape Mod XL,15,58.71,2025-06-26
Zero Nicotine 30ml,17,16.53,2025-06-26
Pod Kit,40,41.74,2025-06-26
Starter Kit,6,36.33,2025-06-26
Starter Kit,7,29.81,2025-06-26
Starter Kit,8,44.29,2025-06-26
Atomizers,8,50.28,2025-06-26
Tanks,41,64.55,2025-06-26
Atomizers,7,60.48,2025-06-26
Vape Juice 30ml,80,47.57,2025-06-26
Vape Juice 60ml,31,22.61,2025-06-26
Vape Juice 60ml,32,49.59,2025-06-26
E-Liquid Premium,29,64.41,2025-06-26
E-Liquid Premium,31,40.06,2025-06-26
Atomizers,8,54.08,2025-06-26
Battery 18650,10,20.71,2025-06-27
Batteries,16,51.68,2025-06-27
Batteries,15,13.78,2025-06-27
Batteries,17,71.48,2025-06-27
Battery 18650,12,25.5,2025-06-27
E-Liquid Premium,100,37.02,2025-06-27
Charger,7,28.07,2025-06-27
Charger,5,21.33,2025-06-27
Tank Glass,29,18.38,2025-06-27
Drip Tips,13,21.75,2025-06-27
Cotton Wicking,30,10.89,2025-06-27
Chargers,22,61.43,2025-06-27
Replacement Coils,41,35.54,2025-06-27
Vape Juice 30ml,28,58.09,2025-06-27
Nicotine Pods,36,83.07,2025-06-27
Vape Mod XL,21,76.31,2025-06-27
Starter Kit,7,40.76,2025-06-27
Starter Kit,7,41.11,2025-06-27
Starter Kit,4,38.2,2025-06-27
Nicotine Pods,35,38.53,2025-06-27
Atomizers,17,48.92,2025-06-27
Atomizers,17,73.13,2025-06-27
Vape Juice 30ml,29,42.45,2025-06-27
Vape Juice 60ml,28,39.2,2025-06-27
Vape Juice 60ml,27,45.81,2025-06-27
Vape Juice 30ml,28,35.07,2025-06-27
Chargers,7,51.13,2025-06-28
Battery 18650,9,12.79,2025-06-28
Battery 18650,12,18.91,2025-06-28
Chargers,7,35.31,2025-06-28
Chargers,8,28.9,2025-06-28
E-Liquid Premium,103,50.64,2025-06-28
Charger,10,18.83,2025-06-28
Tank Glass,29,5.0,2025-06-28
Drip Tips,10,36.32,2025-06-28
Drip Tips,8,31.39,2025-06-28
Batteries,38,48.59,2025-06-28
Charger,9,17.17,2025-06-28
Cotton Wicking,48,39.61,2025-06-28
Vape Juice 30ml,48,56.44,2025-06-28
Nicotine Pods,25,46.21,2025-06-28
Replacement Coils,44,17.14,2025-06-28
Pod Kit,36,51.61,2025-06-28
Vape Mod XL,17,46.02,2025-06-28
Starter Kit,25,29.49,2025-06-28
Atomizers,28,52.64,2025-06-28
Tanks,43,59.93,2025-06-28
Vape Juice 60ml,41,49.29,2025-06-28
Vape Juice 60ml,39,41.42,2025-06-28
Pod Kit,37,48.36,2025-06-28
Nicotine Pods,25,50.77,2025-06-28
Vape Juice 30ml,48,48.27,2025-06-28
Chargers,10,38.27,2025-06-29
Charger,8,13.94,2025-06-29
Chargers,10,34.82,2025-06-29
Chargers,9,39.21,2025-06-29
Charger,5,27.59,2025-06-29
Drip Tips,5,35.73,2025-06-29
Tank Glass,7,10.79,2025-06-29
Tank Glass,4,14.03,2025-06-29
Drip Tips,4,23.41,2025-06-29
Battery 18650,29,21.63,2025-06-29
Drip Tips,4,28.12,2025-06-29
Tank Glass,7,15.47,2025-06-29
Batteries,44,21.42,2025-06-29
E-Liquid Premium,74,56.54,2025-06-29
Replacement Coils,29,22.98,2025-06-29
Nicotine Pods,71,43.46,2025-06-29
Zero Nicotine 30ml,53,49.99,2025-06-29
Vape Juice 60ml,42,45.68,2025-06-29
Vape Juice 60ml,39,45.42,2025-06-29
Vape Juice 30ml,92,38.1,2025-06-29
Atomizers,30,52.04,2025-06-29
Tanks,47,49.61,2025-06-29
Vape Mod XL,11,50.89,2025-06-29
Vape Mod XL,14,25.16,2025-06-29
Pod Kit,75,57.05,2025-06-29
Cotton Wicking,33,56.69,2025-06-29
Batteries,31,20.0,2025-06-30
Nicotine Pods,42,27.09,2025-06-30
Replacement Coils,25,22.74,2025-06-30
Charger,11,23.03,2025-06-30
Vape Juice 30ml,20,39.45,2025-06-30
Tank Glass,7,8.04,2025-06-30
Drip Tips,12,22.64,2025-06-30
Zero Nicotine 30ml,25,29.63,2025-06-30
Tank Glass,7,10.44,2025-06-30
E-Liquid Premium,17,51.52,2025-06-30
Tanks,18,71.05,2025-06-30
E-Liquid Premium,17,48.32,2025-06-30
E-Liquid Premium,14,62.45,2025-06-30
Tanks,16,65.05,2025-06-30
Atomizers,19,65.56,2025-06-30
Vape Mod XL,21,48.0,2025-06-30
Vape Juice 30ml,21,42.65,2025-06-30
Vape Juice 30ml,22,41.53,2025-06-30
Vape Juice 60ml,33,45.07,2025-06-30
Pod Kit,50,45.81,2025-06-30
Drip Tips,13,7.27,2025-07-01
Tank Glass,12,7.14,2025-07-01
Charger,8,24.57,2025-07-01
Chargers,17,36.97,2025-07-01
Battery 18650,8,15.64,2025-07-01
Battery 18650,10,14.05,2025-07-01
Batteries,32,40.29,2025-07-01
Cotton Wicking,30,37.85,2025-07-01
E-Liquid Premium,41,55.06,2025-07-01
Replacement Coils,27,11.39,2025-07-01
Vape Juice 60ml,24,22.06,2025-07-01
Vape Juice 60ml,25,33.0,2025-07-01
Vape Juice 30ml,60,61.94,2025-07-01
Tanks,31,86.19,2025-07-01
Vape Mod XL,12,37.84,2025-07-01
Vape Mod XL,10,32.04,2025-07-01
Pod Kit,19,52.88,2025-07-01
Pod Kit,19,55.62,2025-07-01
Pod Kit,17,54.32,2025-07-01
E-Liquid Premium,38,26.42,2025-07-01
Cotton Wicking,8,27.6,2025-07-02
Cotton Wicking,9,28.46,2025-07-02
Batteries,19,15.24,2025-07-02
Battery 18650,6,25.06,2025-07-02
Battery 18650,8,15.87,2025-07-02
Tank Glass,8,9.61,2025-07-02
Charger,4,15.53,2025-07-02
Charger,2,21.49,2025-07-02
Tank Glass,7,17.65,2025-07-02
Drip Tips,15,26.59,2025-07-02
Chargers,17,15.5,2025-07-02
Nicotine Pods,15,19.72,2025-07-02
Nicotine Pods,16,73.84,2025-07-02
Zero Nicotine 30ml,12,37.83,2025-07-02
Zero Nicotine 30ml,14,32.62,2025-07-02
Pod Kit,53,74.67,2025-07-02
Vape Mod XL,13,54.28,2025-07-02
Starter Kit,8,26.16,2025-07-02
Tanks,15,58.97,2025-07-02
Starter Kit,5,44.58,2025-07-02
Vape Juice 30ml,36,54.7,2025-07-02
Vape Juice 30ml,40,54.7,2025-07-02
Vape Juice 60ml,20,24.15,2025-07-02
Vape Juice 60ml,23,37.0,2025-07-02
E-Liquid Premium,57,35.84,2025-07-02
Tanks,14,61.41,2025-07-02
Batteries,10,5.0,2025-07-03
Replacement Coils,23,18.98,2025-07-03
Cotton Wicking,18,13.85,2025-07-03
Cotton Wicking,18,45.93,2025-07-03
Batteries,10,24.08,2025-07-03
Tank Glass,6,15.93,2025-07-03
Battery 18650,14,13.13,2025-07-03
Chargers,17,32.75,2025-07-03
Chargers,17,20.28,2025-07-03
Tank Glass,8,28.33,2025-07-03
Nicotine Pods,31,57.44,2025-07-03
Drip Tips,11,22.53,2025-07-03
Batteries,8,61.07,2025-07-03
Nicotine Pods,27,70.04,2025-07-03
Vape Juice 30ml,57,40.14,2025-07-03
E-Liquid Premium,41,37.22,2025-07-03
Pod Kit,28,49.07,2025-07-03
Pod Kit,30,59.04,2025-07-03
Vape Mod XL,15,55.77,2025-07-03
Zero Nicotine 30ml,35,16.34,2025-07-03
Starter Kit,4,44.9,2025-07-03
Starter Kit,4,26.76,2025-07-03
Tanks,17,45.95,2025-07-03
Tanks,14,72.45,2025-07-03
Atomizers,30,51.71,2025-07-03
Vape Juice 60ml,50,21.2,2025-07-03
E-Liquid Premium,41,50.72,2025-07-03
Starter Kit,6,34.16,2025-07-03
Cotton Wicking,14,17.33,2025-07-04
Replacement Coils,19,30.07,2025-07-04
Replacement Coils,18,5.0,2025-07-04
Cotton Wicking,12,32.55,2025-07-04
Tank Glass,23,23.0,2025-07-04
Battery 18650,23,26.81,2025-07-04
Chargers,20,31.04,2025-07-04
Chargers,20,18.51,2025-07-04
Nicotine Pods,19,59.36,2025-07-04
Cotton Wicking,14,50.6,2025-07-04
Nicotine Pods,22,104.53,2025-07-04
Batteries,42,35.05,2025-07-04
E-Liquid Premium,98,43.34,2025-07-04
Zero Nicotine 30ml,45,5.0,2025-07-04
Vape Mod XL,9,53.53,2025-07-04
Vape Mod XL,9,6.49,2025-07-04
Pod Kit,53,64.18,2025-07-04
Tanks,43,64.05,2025-07-04
Starter Kit,25,57.82,2025-07-04
Atomizers,10,36.12,2025-07-04
Atomizers,11,46.36,2025-07-04
Vape Juice 30ml,76,50.49,2025-07-04
Vape Juice 60ml,57,34.91,2025-07-04
Atomizers,11,62.98,2025-07-04
Battery 18650,13,25.57,2025-07-05
Replacement Coils,31,20.41,2025-07-05
Cotton Wicking,27,50.31,2025-07-05
Cotton Wicking,25,26.7,2025-07-05
Battery 18650,13,22.03,2025-07-05
Drip Tips,12,23.61,2025-07-05
Chargers,15,45.93,2025-07-05
Charger,12,22.37,2025-07-05
Tank Glass,14,16.7,2025-07-05
Tank Glass,16,19.86,2025-07-05
Nicotine Pods,39,62.83,2025-07-05
Chargers,18,62.7,2025-07-05
Zero Nicotine 30ml,46,32.56,2025-07-05
E-Liquid Premium,47,40.58,2025-07-05
E-Liquid Premium,51,41.4,2025-07-05
Vape Mod XL,19,63.77,2025-07-05
Starter Kit,11,35.32,2025-07-05
Starter Kit,11,38.68,2025-07-05
Tanks,36,51.4,2025-07-05
Atomizers,9,53.51,2025-07-05
Pod Kit,69,58.94,2025-07-05
Atomizers,5,59.03,2025-07-05
Vape Juice 30ml,23,45.99,2025-07-05
Vape Juice 30ml,23,29.22,2025-07-05
Vape Juice 30ml,21,35.17,2025-07-05
Atomizers,8,60.73,2025-07-05
Nicotine Pods,13,15.64,2025-07-06
Replacement Coils,24,39.69,2025-07-06
Cotton Wicking,37,22.19,2025-07-06
Batteries,23,57.46,2025-07-06
Battery 18650,14,12.22,2025-07-06
Chargers,11,20.23,2025-07-06
Charger,16,8.98,2025-07-06
Tank Glass,18,27.46,2025-07-06
Drip Tips,10,47.07,2025-07-06
Nicotine Pods,16,42.72,2025-07-06
Chargers,13,19.32,2025-07-06
Nicotine Pods,13,70.37,2025-07-06
E-Liquid Premium,27,54.52,2025-07-06
Zero Nicotine 30ml,19,26.41,2025-07-06
Pod Kit,20,48.56,2025-07-06
Vape Mod XL,18,63.29,2025-07-06
Starter Kit,20,49.16,2025-07-06
Tanks,17,67.72,2025-07-06
Tanks,17,73.9,2025-07-06
Pod Kit,17,48.58,2025-07-06
Vape Juice 30ml,79,36.96,2025-07-06
Vape Juice 60ml,42,52.64,2025-07-06
E-Liquid Premium,29,74.26,2025-07-06
Atomizers,19,54.45,2025-07-06
Zero Nicotine 30ml,17,15.78,2025-07-06
Drip Tips,11,18.68,2025-07-07
Replacement Coils,9,17.46,2025-07-07
Tank Glass,13,22.7,2025-07-07
Chargers,19,46.27,2025-07-07
Battery 18650,14,30.08,2025-07-07
Batteries,11,46.76,2025-07-07
Batteries,10,62.57,2025-07-07
Cotton Wicking,7,46.47,2025-07-07
Cotton Wicking,8,60.91,2025-07-07
Replacement Coils,11,24.48,2025-07-07
Nicotine Pods,10,49.65,2025-07-07
E-Liquid Premium,44,41.75,2025-07-07
Vape Juice 60ml,18,43.82,2025-07-07
Vape Juice 60ml,20,36.92,2025-07-07
Atomizers,17,81.63,2025-07-07
Tanks,32,49.1,2025-07-07
Starter Kit,7,41.09,2025-07-07
Starter Kit,4,37.41,2025-07-07
Vape Mod XL,17,44.99,2025-07-07
Nicotine Pods,13,26.96,2025-07-07
Replacement Coils,11,30.89,2025-07-08
Replacement Coils,12,12.89,2025-07-08
Batteries,23,44.18,2025-07-08
Battery 18650,6,27.03,2025-07-08
Battery 18650,9,12.4,2025-07-08
Tank Glass,8,26.31,2025-07-08
Charger,4,21.69,2025-07-08
Charger,5,20.65,2025-07-08
Drip Tips,3,10.07,2025-07-08
Drip Tips,4,45.95,2025-07-08
Nicotine Pods,11,80.02,2025-07-08
Chargers,13,24.77,2025-07-08
Nicotine Pods,10,57.11,2025-07-08
Tank Glass,6,21.75,2025-07-08
E-Liquid Premium,58,38.4,2025-07-08
Pod Kit,16,49.39,2025-07-08
Pod Kit,16,51.55,2025-07-08
Starter Kit,13,37.33,2025-07-08
Tanks,24,63.12,2025-07-08
Atomizers,23,51.66,2025-07-08
Zero Nicotine 30ml,27,49.96,2025-07-08
Vape Juice 30ml,14,53.05,2025-07-08
Vape Juice 30ml,17,45.04,2025-07-08
Vape Juice 60ml,15,31.67,2025-07-08
Vape Juice 60ml,13,32.22,2025-07-08
Vape Juice 60ml,12,48.26,2025-07-08
Vape Juice 30ml,14,48.38,2025-07-08
Batteries,8,45.86,2025-07-09
Batteries,9,59.96,2025-07-09
Battery 18650,4,20.15,2025-07-09
Battery 18650,7,17.77,2025-07-09
Battery 18650,3,19.19,2025-07-09
Charger,3,21.32,2025-07-09
Charger,2,23.23,2025-07-09
Tank Glass,12,14.2,2025-07-09
Drip Tips,9,25.09,2025-07-09
Cotton Wicking,23,51.71,2025-07-09
Chargers,22,34.17,2025-07-09
Replacement Coils,17,7.14,2025-07-09
Nicotine Pods,21,53.64,2025-07-09
Nicotine Pods,23,70.33,2025-07-09
Zero Nicotine 30ml,25,33.41,2025-07-09
E-Liquid Premium,38,37.36,2025-07-09
Vape Juice 60ml,29,39.68,2025-07-09
Vape Juice 30ml,57,47.32,2025-07-09
Atomizers,25,46.56,2025-07-09
Tanks,24,74.64,2025-07-09
Starter Kit,10,48.5,2025-07-09
Starter Kit,9,20.36,2025-07-09
Vape Mod XL,11,39.49,2025-07-09
Pod Kit,38,61.86,2025-07-09
Nicotine Pods,18,37.9,2025-07-10
Nicotine Pods,18,34.62,2025-07-10
Replacement Coils,16,25.37,2025-07-10
Cotton Wicking,27,41.43,2025-07-10
Batteries,10,59.29,2025-07-10
Charger,12,22.37,2025-07-10
Tank Glass,11,9.13,2025-07-10
Battery 18650,6,21.53,2025-07-10
Chargers,20,40.16,2025-07-10
Zero Nicotine 30ml,18,38.15,2025-07-10
Batteries,11,15.94,2025-07-10
Zero Nicotine 30ml,17,38.07,2025-07-10
Battery 18650,3,21.29,2025-07-10
Vape Juice 60ml,21,41.4,2025-07-10
E-Liquid Premium,50,38.87,2025-07-10
Vape Mod XL,6,17.37,2025-07-10
Vape Mod XL,4,46.53,2025-07-10
Starter Kit,8,25.46,2025-07-10
Starter Kit,9,32.6,2025-07-10
Pod Kit,28,59.61,2025-07-10
Atomizers,10,53.41,2025-07-10
Atomizers,14,40.41,2025-07-10
Vape Juice 30ml,23,32.19,2025-07-10
Vape Juice 30ml,23,34.44,2025-07-10
Vape Juice 60ml,17,32.24,2025-07-10
Tanks,19,54.23,2025-07-10
Nicotine Pods,19,35.72,2025-07-11
Tank Glass,22,11.68,2025-07-11
Charger,8,19.46,2025-07-11
Charger,6,18.44,2025-07-11
Chargers,27,53.89,2025-07-11
Battery 18650,4,19.4,2025-07-11
Battery 18650,7,23.24,2025-07-11
Batteries,37,38.14,2025-07-11
Cotton Wicking,36,47.1,2025-07-11
Nicotine Pods,22,74.24,2025-07-11
Drip Tips,15,21.65,2025-07-11
Zero Nicotine 30ml,14,22.34,2025-07-11
Vape Juice 60ml,49,41.71,2025-07-11
Vape Juice 30ml,67,36.86,2025-07-11
Atomizers,6,23.48,2025-07-11
Atomizers,4,74.94,2025-07-11
Atomizers,4,73.95,2025-07-11
Starter Kit,18,40.18,2025-07-11
Vape Mod XL,15,48.55,2025-07-11
Pod Kit,49,56.17,2025-07-11
Zero Nicotine 30ml,15,18.86,2025-07-11
Replacement Coils,11,19.32,2025-07-12
Replacement Coils,10,25.61,2025-07-12
Cotton Wicking,14,23.84,2025-07-12
Cotton Wicking,14,20.4,2025-07-12
Cotton Wicking,13,54.1,2025-07-12
Charger,12,19.26,2025-07-12
Battery 18650,20,15.88,2025-07-12
Chargers,12,20.74,2025-07-12
Chargers,16,23.27,2025-07-12
Replacement Coils,9,13.96,2025-07-12
Tank Glass,20,10.87,2025-07-12
Drip Tips,9,17.48,2025-07-12
Batteries,22,38.17,2025-07-12
Nicotine Pods,17,34.32,2025-07-12
E-Liquid Premium,58,59.65,2025-07-12
Zero Nicotine 30ml,32,16.76,2025-07-12
Pod Kit,29,65.58,2025-07-12
Pod Kit,29,50.78,2025-07-12
Vape Mod XL,10,42.65,2025-07-12
Nicotine Pods,16,62.13,2025-07-12
Starter Kit,17,43.23,2025-07-12
Vape Mod XL,11,47.15,2025-07-12
Tanks,11,46.27,2025-07-12
Tanks,13,62.32,2025-07-12
Atomizers,18,71.72,2025-07-12
Vape Juice 30ml,62,50.19,2025-07-12
Vape Juice 60ml,44,21.84,2025-07-12
Tanks,10,37.03,2025-07-12
Batteries,11,41.08,2025-07-13
Battery 18650,7,20.14,2025-07-13
Batteries,14,37.09,2025-07-13
Battery 18650,6,13.91,2025-07-13
Battery 18650,5,12.62,2025-07-13
Zero Nicotine 30ml,20,29.22,2025-07-13
Charger,4,27.43,2025-07-13
Charger,2,16.44,2025-07-13
Drip Tips,6,13.84,2025-07-13
Drip Tips,3,34.67,2025-07-13
Cotton Wicking,29,45.16,2025-07-13
Chargers,27,23.15,2025-07-13
Replacement Coils,32,10.11,2025-07-13
Vape Juice 30ml,55,23.9,2025-07-13
Nicotine Pods,24,39.11,2025-07-13
Vape Mod XL,21,71.63,2025-07-13
Starter Kit,10,57.58,2025-07-13
Starter Kit,8,27.03,2025-07-13
Tanks,28,36.54,2025-07-13
Pod Kit,36,49.62,2025-07-13
Nicotine Pods,24,45.83,2025-07-13
Vape Juice 60ml,42,44.36,2025-07-13
E-Liquid Premium,62,67.11,2025-07-13
Zero Nicotine 30ml,19,29.5,2025-07-13
Atomizers,23,66.44,2025-07-13
Replacement Coils,11,5.0,2025-07-14
Drip Tips,8,33.96,2025-07-14
Charger,2,29.94,2025-07-14
Charger,3,26.07,2025-07-14
Chargers,20,12.16,2025-07-14
Battery 18650,14,22.41,2025-07-14
Batteries,11,65.3,2025-07-14
Batteries,9,37.05,2025-07-14
Cotton Wicking,18,62.4,2025-07-14
Replacement Coils,9,25.75,2025-07-14
Nicotine Pods,14,40.35,2025-07-14
Nicotine Pods,14,59.26,2025-07-14
Nicotine Pods,12,40.27,2025-07-14
Zero Nicotine 30ml,12,49.65,2025-07-14
Zero Nicotine 30ml,13,24.07,2025-07-14
E-Liquid Premium,42,36.78,2025-07-14
Vape Juice 30ml,54,31.88,2025-07-14
Atomizers,11,48.51,2025-07-14
Atomizers,10,52.42,2025-07-14
Tanks,18,67.11,2025-07-14
Starter Kit,9,26.2,2025-07-14
Vape Mod XL,8,42.86,2025-07-14
Vape Mod XL,10,40.15,2025-07-14
Cotton Wicking,12,30.76,2025-07-15
Cotton Wicking,9,10.53,2025-07-15
Batteries,23,18.2,2025-07-15
Battery 18650,3,16.57,2025-07-15
Battery 18650,6,8.74,2025-07-15
Drip Tips,8,40.96,2025-07-15
Tank Glass,6,7.59,2025-07-15
Tank Glass,3,21.52,2025-07-15
Tank Glass,3,11.92,2025-07-15
Replacement Coils,19,22.77,2025-07-15
Chargers,18,48.47,2025-07-15
Zero Nicotine 30ml,13,35.42,2025-07-15
Nicotine Pods,30,48.54,2025-07-15
Pod Kit,32,58.02,2025-07-15
Vape Mod XL,14,68.15,2025-07-15
Starter Kit,10,13.95,2025-07-15
Tanks,4,47.73,2025-07-15
Tanks,6,76.07,2025-07-15
Tanks,7,55.79,2025-07-15
Zero Nicotine 30ml,13,24.99,2025-07-15
Vape Juice 30ml,14,36.03,2025-07-15
Vape Juice 30ml,17,58.05,2025-07-15
Vape Juice 60ml,41,27.77,2025-07-15
E-Liquid Premium,56,48.88,2025-07-15
Atomizers,21,63.81,2025-07-15
Replacement Coils,9,20.86,2025-07-16
Cotton Wicking,20,17.59,2025-07-16
Batteries,22,67.93,2025-07-16
Battery 18650,6,10.77,2025-07-16
Battery 18650,6,21.56,2025-07-16
Chargers,13,57.41,2025-07-16
Charger,11,20.29,2025-07-16
Tank Glass,11,24.25,2025-07-16
Drip Tips,8,43.48,2025-07-16
Replacement Coils,9,16.52,2025-07-16
Battery 18650,3,21.92,2025-07-16
Zero Nicotine 30ml,28,5.19,2025-07-16
Vape Juice 30ml,20,29.78,2025-07-16
E-Liquid Premium,22,59.2,2025-07-16
E-Liquid Premium,21,47.56,2025-07-16
Vape Juice 30ml,17,38.66,2025-07-16
Tanks,27,52.59,2025-07-16
Starter Kit,5,50.78,2025-07-16
Starter Kit,5,24.85,2025-07-16
Vape Mod XL,7,58.54,2025-07-16
Vape Mod XL,7,32.87,2025-07-16
Pod Kit,9,64.49,2025-07-16
Pod Kit,9,56.11,2025-07-16
Nicotine Pods,22,10.13,2025-07-16
Cotton Wicking,20,26.08,2025-07-17
Zero Nicotine 30ml,8,44.6,2025-07-17
Replacement Coils,11,27.17,2025-07-17
Replacement Coils,11,20.27,2025-07-17
Batteries,13,24.38,2025-07-17
Zero Nicotine 30ml,7,5.82,2025-07-17
Battery 18650,15,18.52,2025-07-17
Chargers,6,16.07,2025-07-17
Chargers,6,27.99,2025-07-17
Tank Glass,13,5.81,2025-07-17
Batteries,12,40.07,2025-07-17
Zero Nicotine 30ml,4,11.64,2025-07-17
Drip Tips,8,29.15,2025-07-17
E-Liquid Premium,14,51.79,2025-07-17
E-Liquid Premium,14,49.52,2025-07-17
Starter Kit,3,39.85,2025-07-17
Starter Kit,6,24.65,2025-07-17
Starter Kit,3,16.81,2025-07-17
Tanks,8,58.49,2025-07-17
Vape Mod XL,18,65.7,2025-07-17
Atomizers,18,69.15,2025-07-17
Vape Juice 30ml,60,49.2,2025-07-17
Vape Juice 60ml,45,57.55,2025-07-17
E-Liquid Premium,13,75.57,2025-07-17
Tanks,10,42.47,2025-07-17
Nicotine Pods,32,67.77,2025-07-18
Tank Glass,20,6.28,2025-07-18
Charger,4,28.5,2025-07-18
Charger,2,21.84,2025-07-18
Chargers,18,73.78,2025-07-18
Battery 18650,15,20.0,2025-07-18
Batteries,22,42.46,2025-07-18
Replacement Coils,32,37.36,2025-07-18
Zero Nicotine 30ml,13,26.58,2025-07-18
Zero Nicotine 30ml,14,23.66,2025-07-18
E-Liquid Premium,30,44.51,2025-07-18
E-Liquid Premium,32,68.66,2025-07-18
Vape Juice 60ml,44,26.06,2025-07-18
Vape Juice 30ml,51,39.89,2025-07-18
Atomizers,10,89.84,2025-07-18
Atomizers,14,36.46,2025-07-18
Tanks,32,63.85,2025-07-18
Vape Mod XL,14,33.96,2025-07-18
Pod Kit,51,49.46,2025-07-18
Nicotine Pods,18,22.42,2025-07-19
Batteries,5,15.3,2025-07-19
Batteries,5,21.56,2025-07-19
Batteries,5,25.21,2025-07-19
Battery 18650,14,18.86,2025-07-19
Charger,2,19.38,2025-07-19
Charger,1,22.02,2025-07-19
Charger,1,16.56,2025-07-19
Nicotine Pods,18,40.67,2025-07-19
Drip Tips,11,16.53,2025-07-19
Chargers,27,55.36,2025-07-19
Zero Nicotine 30ml,24,69.18,2025-07-19
Pod Kit,19,73.98,2025-07-19
Vape Juice 60ml,14,27.77,2025-07-19
Vape Juice 60ml,14,34.98,2025-07-19
Vape Juice 60ml,16,40.31,2025-07-19
Vape Juice 30ml,67,36.1,2025-07-19
Atomizers,20,50.57,2025-07-19
Tanks,20,59.6,2025-07-19
Tanks,22,48.96,2025-07-19
Vape Mod XL,18,77.38,2025-07-19
Pod Kit,15,51.53,2025-07-19
Pod Kit,15,42.4,2025-07-19
E-Liquid Premium,76,34.56,2025-07-19
Cotton Wicking,9,34.02,2025-07-20
Cotton Wicking,9,45.92,2025-07-20
Cotton Wicking,6,51.15,2025-07-20
Battery 18650,18,15.87,2025-07-20
Chargers,10,33.21,2025-07-20
Tank Glass,12,20.82,2025-07-20
Chargers,7,44.04,2025-07-20
Chargers,6,41.85,2025-07-20
Charger,9,19.19,2025-07-20
Replacement Coils,9,22.75,2025-07-20
Drip Tips,15,26.9,2025-07-20
Replacement Coils,10,22.96,2025-07-20
Tanks,15,30.44,2025-07-20
Zero Nicotine 30ml,30,30.38,2025-07-20
E-Liquid Premium,65,39.45,2025-07-20
Vape Juice 60ml,22,27.18,2025-07-20
Vape Juice 60ml,24,42.15,2025-07-20
Vape Juice 30ml,54,54.3,2025-07-20
Atomizers,26,59.18,2025-07-20
Tanks,14,35.82,2025-07-20
Starter Kit,15,33.5,2025-07-20
Vape Mod XL,18,53.55,2025-07-20
Pod Kit,48,44.2,2025-07-20
Nicotine Pods,45,35.31,2025-07-20
Replacement Coils,18,16.59,2025-07-21
Cotton Wicking,13,26.25,2025-07-21
Cotton Wicking,17,52.77,2025-07-21
Batteries,14,46.44,2025-07-21
Batteries,15,30.47,2025-07-21
Tank Glass,4,15.07,2025-07-21
Chargers,21,11.07,2025-07-21
Charger,7,26.75,2025-07-21
Tank Glass,4,8.39,2025-07-21
Drip Tips,12,30.51,2025-07-21
Battery 18650,13,13.3,2025-07-21
Nicotine Pods,15,30.75,2025-07-21
Nicotine Pods,16,43.61,2025-07-21
E-Liquid Premium,43,45.95,2025-07-21
Zero Nicotine 30ml,25,13.42,2025-07-21
Pod Kit,33,66.54,2025-07-21
Vape Mod XL,11,40.21,2025-07-21
Starter Kit,17,28.02,2025-07-21
Tanks,22,54.17,2025-07-21
Vape Mod XL,11,40.91,2025-07-21
Atomizers,11,67.4,2025-07-21
Vape Juice 30ml,58,53.89,2025-07-21
Vape Juice 60ml,7,54.09,2025-07-21
Vape Juice 60ml,8,42.31,2025-07-21
Vape Juice 60ml,9,32.71,2025-07-21
Atomizers,13,40.74,2025-07-21
Battery 18650,14,24.42,2025-07-22
Replacement Coils,16,7.28,2025-07-22
Cotton Wicking,32,42.5,2025-07-22
Batteries,13,5.0,2025-07-22
Batteries,12,32.53,2025-07-22
Chargers,10,39.97,2025-07-22
Drip Tips,1,24.91,2025-07-22
Charger,8,24.37,2025-07-22
Tank Glass,8,5.0,2025-07-22
Tank Glass,8,21.69,2025-07-22
Drip Tips,2,30.11,2025-07-22
Drip Tips,3,28.59,2025-07-22
Nicotine Pods,28,95.67,2025-07-22
Chargers,8,52.97,2025-07-22
Zero Nicotine 30ml,10,52.11,2025-07-22
Vape Mod XL,13,46.65,2025-07-22
E-Liquid Premium,54,47.0,2025-07-22
Pod Kit,22,53.05,2025-07-22
Pod Kit,22,33.94,2025-07-22
Starter Kit,6,40.49,2025-07-22
Starter Kit,7,35.24,2025-07-22
Tanks,12,56.79,2025-07-22
Tanks,12,52.87,2025-07-22
Zero Nicotine 30ml,11,37.66,2025-07-22
Atomizers,7,64.81,2025-07-22
Vape Juice 30ml,22,25.56,2025-07-22
Vape Juice 30ml,21,69.72,2025-07-22
Vape Juice 30ml,19,49.34,2025-07-22
Vape Juice 60ml,32,37.66,2025-07-22
Atomizers,8,80.42,2025-07-22
Replacement Coils,7,8.57,2025-07-23
Replacement Coils,7,21.13,2025-07-23
Replacement Coils,5,31.0,2025-07-23
Cotton Wicking,11,42.48,2025-07-23
Cotton Wicking,9,41.36,2025-07-23
Batteries,15,28.17,2025-07-23
Chargers,15,30.02,2025-07-23
Battery 18650,16,22.6,2025-07-23
Charger,3,29.35,2025-07-23
Charger,3,17.28,2025-07-23
Tank Glass,12,25.46,2025-07-23
Nicotine Pods,41,51.76,2025-07-23
Batteries,12,30.07,2025-07-23
Zero Nicotine 30ml,15,14.16,2025-07-23
E-Liquid Premium,30,55.62,2025-07-23
Vape Mod XL,19,61.67,2025-07-23
Pod Kit,38,58.18,2025-07-23
Zero Nicotine 30ml,14,41.91,2025-07-23
Starter Kit,16,21.49,2025-07-23
Tanks,8,79.19,2025-07-23
Tanks,11,64.81,2025-07-23
Tanks,10,66.81,2025-07-23
Atomizers,10,46.01,2025-07-23
Vape Juice 30ml,46,34.85,2025-07-23
Vape Juice 60ml,15,63.49,2025-07-23
Vape Juice 60ml,16,18.9,2025-07-23
E-Liquid Premium,28,59.82,2025-07-23
Atomizers,8,30.72,2025-07-23
Chargers,5,62.37,2025-07-24
Batteries,18,16.12,2025-07-24
Batteries,19,5.0,2025-07-24
Chargers,8,63.79,2025-07-24
Cotton Wicking,22,41.58,2025-07-24
Charger,13,22.02,2025-07-24
Tank Glass,14,19.73,2025-07-24
Drip Tips,6,40.84,2025-07-24
Drip Tips,8,31.95,2025-07-24
Chargers,8,43.12,2025-07-24
Replacement Coils,25,7.22,2025-07-24
Vape Juice 60ml,26,18.42,2025-07-24
E-Liquid Premium,46,52.67,2025-07-24
Pod Kit,36,52.24,2025-07-24
Vape Mod XL,18,43.09,2025-07-24
Starter Kit,8,29.99,2025-07-24
Starter Kit,4,21.65,2025-07-24
Zero Nicotine 30ml,23,37.08,2025-07-24
Atomizers,28,53.75,2025-07-24
Vape Juice 30ml,76,29.15,2025-07-24
Vape Juice 60ml,28,38.63,2025-07-24
Tanks,35,49.32,2025-07-24
Nicotine Pods,60,86.53,2025-07-25
Replacement Coils,21,11.03,2025-07-25
Replacement Coils,21,20.2,2025-07-25
Battery 18650,28,19.45,2025-07-25
Chargers,14,40.59,2025-07-25
Charger,4,20.89,2025-07-25
Charger,6,22.54,2025-07-25
Charger,4,16.65,2025-07-25
Zero Nicotine 30ml,15,46.57,2025-07-25
Drip Tips,6,31.95,2025-07-25
Drip Tips,7,21.76,2025-07-25
Chargers,15,41.04,2025-07-25
Tank Glass,28,12.0,2025-07-25
Zero Nicotine 30ml,18,12.18,2025-07-25
Vape Juice 60ml,29,57.48,2025-07-25
E-Liquid Premium,93,52.45,2025-07-25
Vape Mod XL,9,52.03,2025-07-25
Vape Mod XL,8,41.82,2025-07-25
Vape Mod XL,10,46.76,2025-07-25
Starter Kit,22,39.86,2025-07-25
Pod Kit,76,52.62,2025-07-25
Atomizers,32,51.82,2025-07-25
Vape Juice 30ml,42,60.33,2025-07-25
Vape Juice 30ml,40,47.42,2025-07-25
Vape Juice 60ml,27,39.87,2025-07-25
Tanks,31,67.48,2025-07-25
Battery 18650,21,22.2,2025-07-26
Tank Glass,14,5.0,2025-07-26
Tank Glass,11,9.9,2025-07-26
Charger,4,20.11,2025-07-26
Charger,6,25.53,2025-07-26
Drip Tips,16,63.58,2025-07-26
Charger,6,17.7,2025-07-26
Chargers,12,57.55,2025-07-26
Chargers,13,16.6,2025-07-26
Cotton Wicking,23,39.14,2025-07-26
Starter Kit,21,25.34,2025-07-26
Replacement Coils,20,16.24,2025-07-26
Replacement Coils,22,25.35,2025-07-26
Zero Nicotine 30ml,39,47.7,2025-07-26
Vape Juice 30ml,79,43.61,2025-07-26
Vape Mod XL,22,23.45,2025-07-26
Pod Kit,14,72.27,2025-07-26
Pod Kit,18,37.28,2025-07-26
Pod Kit,15,77.26,2025-07-26
Cotton Wicking,22,33.72,2025-07-26
Replacement Coils,42,14.3,2025-07-27
Cotton Wicking,27,51.24,2025-07-27
Cotton Wicking,26,51.05,2025-07-27
Batteries,43,20.02,2025-07-27
Tank Glass,24,14.42,2025-07-27
Battery 18650,8,20.44,2025-07-27
Chargers,35,56.17,2025-07-27
Charger,21,14.49,2025-07-27
Drip Tips,17,48.67,2025-07-27
Battery 18650,11,19.05,2025-07-27
Nicotine Pods,20,15.65,2025-07-27
Nicotine Pods,20,43.67,2025-07-27
E-Liquid Premium,45,26.64,2025-07-27
Zero Nicotine 30ml,42,36.27,2025-07-27
Pod Kit,21,50.58,2025-07-27
Pod Kit,21,41.7,2025-07-27
Vape Mod XL,26,61.08,2025-07-27
Starter Kit,19,38.5,2025-07-27
Pod Kit,25,42.5,2025-07-27
Vape Juice 30ml,33,40.33,2025-07-27
Vape Juice 30ml,36,55.42,2025-07-27
Vape Juice 60ml,69,40.58,2025-07-27
E-Liquid Premium,43,60.49,2025-07-27
Tanks,51,48.26,2025-07-27
Batteries,10,50.5,2025-07-28
Cotton Wicking,11,34.11,2025-07-28
Cotton Wicking,11,51.86,2025-07-28
Batteries,7,42.73,2025-07-28
Batteries,8,88.68,2025-07-28
Drip Tips,4,25.78,2025-07-28
Chargers,7,45.86,2025-07-28
Chargers,8,42.13,2025-07-28
Chargers,8,65.85,2025-07-28
Charger,10,21.97,2025-07-28
Drip Tips,4,35.4,2025-07-28
Battery 18650,19,27.19,2025-07-28
Cotton Wicking,11,46.05,2025-07-28
Nicotine Pods,24,42.51,2025-07-28
Nicotine Pods,27,36.91,2025-07-28
Zero Nicotine 30ml,40,25.92,2025-07-28
E-Liquid Premium,68,42.93,2025-07-28
Vape Juice 30ml,66,31.29,2025-07-28
Atomizers,28,95.89,2025-07-28
Tanks,16,48.79,2025-07-28
Tanks,15,65.89,2025-07-28
Starter Kit,21,36.34,2025-07-28
Vape Mod XL,14,49.43,2025-07-28
Pod Kit,27,58.77,2025-07-28
Pod Kit,27,65.06,2025-07-28
Replacement Coils,22,15.49,2025-07-28
Batteries,13,36.2,2025-07-29
Battery 18650,6,18.92,2025-07-29
Battery 18650,7,24.34,2025-07-29
Chargers,21,23.25,2025-07-29
Drip Tips,2,26.05,2025-07-29
Charger,7,17.12,2025-07-29
Tank Glass,16,5.0,2025-07-29
Drip Tips,2,34.03,2025-07-29
Drip Tips,1,37.72,2025-07-29
Batteries,12,14.97,2025-07-29
Charger,3,18.84,2025-07-29
Cotton Wicking,37,30.29,2025-07-29
Vape Juice 60ml,10,40.45,2025-07-29
Nicotine Pods,46,30.87,2025-07-29
Pod Kit,54,54.67,2025-07-29
Vape Mod XL,13,59.05,2025-07-29
Replacement Coils,17,16.94,2025-07-29
Starter Kit,13,11.24,2025-07-29
Tanks,24,61.8,2025-07-29
Starter Kit,13,41.98,2025-07-29
Vape Juice 60ml,12,43.51,2025-07-29
Vape Juice 60ml,10,42.57,2025-07-29
E-Liquid Premium,72,43.64,2025-07-29
Zero Nicotine 30ml,24,23.38,2025-07-29
Atomizers,18,39.97,2025-07-29
Batteries,12,74.18,2025-07-30
Nicotine Pods,29,45.48,2025-07-30
Replacement Coils,22,13.06,2025-07-30
Cotton Wicking,25,42.17,2025-07-30
Drip Tips,14,43.07,2025-07-30
Zero Nicotine 30ml,13,14.13,2025-07-30
Battery 18650,19,20.74,2025-07-30
Chargers,20,59.3,2025-07-30
Charger,12,20.17,2025-07-30
Tank Glass,18,8.91,2025-07-30
Batteries,14,69.03,2025-07-30
Zero Nicotine 30ml,13,18.76,2025-07-30
Atomizers,8,82.62,2025-07-30
Vape Juice 60ml,39,33.91,2025-07-30
E-Liquid Premium,49,57.24,2025-07-30
Pod Kit,33,51.72,2025-07-30
Vape Mod XL,20,38.92,2025-07-30
Tanks,8,61.68,2025-07-30
Tanks,11,51.87,2025-07-30
Atomizers,9,54.99,2025-07-30
Tanks,8,58.57,2025-07-30
Atomizers,10,44.62,2025-07-30
Vape Juice 30ml,21,32.54,2025-07-30
Vape Juice 30ml,24,40.05,2025-07-30
Drip Tips,13,5.0,2025-07-31
Tank Glass,5,5.39,2025-07-31
Tank Glass,6,13.45,2025-07-31
Charger,13,10.67,2025-07-31
Chargers,7,53.85,2025-07-31
Chargers,7,35.19,2025-07-31
Battery 18650,17,13.45,2025-07-31
Cotton Wicking,36,41.01,2025-07-31
Replacement Coils,12,11.12,2025-07-31
Batteries,35,30.98,2025-07-31
Nicotine Pods,25,65.52,2025-07-31
Nicotine Pods,22,41.61,2025-07-31
Zero Nicotine 30ml,35,30.66,2025-07-31
E-Liquid Premium,27,39.9,2025-07-31
E-Liquid Premium,26,43.06,2025-07-31
Vape Juice 60ml,50,46.95,2025-07-31
Vape Juice 30ml,76,61.44,2025-07-31
Tanks,35,58.88,2025-07-31
Pod Kit,41,52.03,2025-07-31
Replacement Coils,8,39.0,2025-07-31
Nicotine Pods,43,35.62,2025-08-01
Replacement Coils,29,18.68,2025-08-01
Batteries,16,59.36,2025-08-01
Batteries,15,65.32,2025-08-01
Drip Tips,13,44.04,2025-08-01
Chargers,26,41.81,2025-08-01
Charger,14,32.41,2025-08-01
Tank Glass,16,25.91,2025-08-01
Zero Nicotine 30ml,39,32.51,2025-08-01
Battery 18650,17,18.76,2025-08-01
E-Liquid Premium,54,50.95,2025-08-01
Tanks,17,85.14,2025-08-01
Vape Juice 60ml,67,37.72,2025-08-01
Vape Juice 30ml,80,28.73,2025-08-01
Atomizers,41,68.7,2025-08-01
Tanks,18,65.85,2025-08-01
Tanks,14,55.41,2025-08-01
Starter Kit,12,35.34,2025-08-01
Starter Kit,16,25.61,2025-08-01
Vape Mod XL,27,21.59,2025-08-01
Pod Kit,52,74.14,2025-08-01
E-Liquid Premium,55,41.45,2025-08-01
Replacement Coils,11,19.89,2025-08-02
Cotton Wicking,34,39.73,2025-08-02
Batteries,34,9.93,2025-08-02
Battery 18650,11,27.17,2025-08-02
Battery 18650,11,13.74,2025-08-02
Tank Glass,13,25.74,2025-08-02
Charger,7,17.02,2025-08-02
Charger,8,20.41,2025-08-02
Tank Glass,16,31.09,2025-08-02
Replacement Coils,10,27.23,2025-08-02
Chargers,22,23.4,2025-08-02
Nicotine Pods,52,5.0,2025-08-02
Vape Juice 60ml,40,41.7,2025-08-02
Vape Juice 60ml,36,28.61,2025-08-02
Vape Juice 30ml,37,71.19,2025-08-02
Vape Juice 30ml,34,22.0,2025-08-02
Atomizers,39,52.67,2025-08-02
Tanks,23,75.65,2025-08-02
Tanks,23,45.8,2025-08-02
Starter Kit,19,24.51,2025-08-02
Vape Mod XL,15,48.05,2025-08-02
Vape Mod XL,13,76.31,2025-08-02
Pod Kit,74,60.41,2025-08-02
E-Liquid Premium,109,36.91,2025-08-02
Cotton Wicking,46,24.31,2025-08-03
Batteries,43,32.54,2025-08-03
Battery 18650,24,23.79,2025-08-03
Chargers,26,26.92,2025-08-03
Charger,4,15.64,2025-08-03
Drip Tips,6,24.45,2025-08-03
Tank Glass,10,34.74,2025-08-03
Tank Glass,9,16.3,2025-08-03
Tank Glass,10,7.15,2025-08-03
Drip Tips,2,26.45,2025-08-03
Drip Tips,6,28.59,2025-08-03
Charger,8,18.15,2025-08-03
Replacement Coils,21,17.98,2025-08-03
Replacement Coils,18,24.69,2025-08-03
E-Liquid Premium,46,72.87,2025-08-03
Zero Nicotine 30ml,33,10.32,2025-08-03
Pod Kit,50,50.89,2025-08-03
Starter Kit,12,19.69,2025-08-03
Starter Kit,9,34.74,2025-08-03
Tanks,15,66.35,2025-08-03
Atomizers,9,46.12,2025-08-03
Tanks,16,61.43,2025-08-03
Atomizers,10,55.28,2025-08-03
Vape Juice 30ml,44,42.75,2025-08-03
Vape Juice 30ml,41,56.04,2025-08-03
Vape Juice 60ml,57,54.55,2025-08-03
E-Liquid Premium,42,73.64,2025-08-03
Atomizers,10,64.93,2025-08-03
Batteries,14,37.64,2025-08-04
Replacement Coils,10,27.81,2025-08-04
Replacement Coils,10,12.82,2025-08-04
Cotton Wicking,33,16.04,2025-08-04
Batteries,18,30.47,2025-08-04
Battery 18650,15,16.2,2025-08-04
Zero Nicotine 30ml,9,15.56,2025-08-04
Tank Glass,7,8.98,2025-08-04
Tank Glass,10,16.92,2025-08-04
Drip Tips,4,24.31,2025-08-04
Drip Tips,4,41.62,2025-08-04
Drip Tips,2,31.16,2025-08-04
Chargers,15,32.89,2025-08-04
Zero Nicotine 30ml,9,33.71,2025-08-04
Tanks,22,55.34,2025-08-04
E-Liquid Premium,82,54.54,2025-08-04
Pod Kit,21,43.27,2025-08-04
Pod Kit,21,59.13,2025-08-04
Vape Mod XL,8,63.27,2025-08-04
Vape Mod XL,9,23.3,2025-08-04
Starter Kit,21,24.38,2025-08-04
Zero Nicotine 30ml,11,67.13,2025-08-04
Atomizers,25,63.99,2025-08-04
Vape Juice 30ml,24,64.53,2025-08-04
Vape Juice 30ml,21,29.04,2025-08-04
Vape Juice 30ml,21,33.38,2025-08-04
Vape Juice 60ml,47,27.99,2025-08-04
Tanks,20,62.97,2025-08-04
Nicotine Pods,30,43.97,2025-08-05
Replacement Coils,31,28.96,2025-08-05
Cotton Wicking,19,37.32,2025-08-05
Cotton Wicking,19,20.61,2025-08-05
Chargers,27,38.09,2025-08-05
Battery 18650,12,20.22,2025-08-05
Zero Nicotine 30ml,28,42.21,2025-08-05
Charger,15,12.48,2025-08-05
Drip Tips,12,27.13,2025-08-05
Batteries,33,5.0,2025-08-05
E-Liquid Premium,28,60.65,2025-08-05
Vape Juice 60ml,58,24.48,2025-08-05
Vape Juice 30ml,19,45.04,2025-08-05
Vape Juice 30ml,22,32.69,2025-08-05
Vape Juice 30ml,22,51.41,2025-08-05
Atomizers,11,53.03,2025-08-05
Atomizers,13,86.59,2025-08-05
Tanks,30,63.12,2025-08-05
Starter Kit,13,31.21,2025-08-05
Vape Mod XL,9,32.2,2025-08-05
Vape Mod XL,5,57.56,2025-08-05
Pod Kit,44,61.36,2025-08-05
E-Liquid Premium,28,41.59,2025-08-05
Nicotine Pods,23,60.25,2025-08-06
Replacement Coils,20,24.5,2025-08-06
Cotton Wicking,31,70.27,2025-08-06
Batteries,19,40.52,2025-08-06
Battery 18650,11,24.47,2025-08-06
Drip Tips,7,46.39,2025-08-06
Chargers,10,77.22,2025-08-06
Tank Glass,5,22.14,2025-08-06
Tank Glass,4,10.82,2025-08-06
Tank Glass,4,17.84,2025-08-06
Chargers,8,36.37,2025-08-06
Drip Tips,3,33.75,2025-08-06
Nicotine Pods,20,31.33,2025-08-06
E-Liquid Premium,23,52.43,2025-08-06
E-Liquid Premium,26,59.65,2025-08-06
Vape Juice 60ml,38,42.84,2025-08-06
Vape Juice 30ml,54,48.89,2025-08-06
Atomizers,13,46.81,2025-08-06
Atomizers,13,70.55,2025-08-06
Tanks,23,56.32,2025-08-06
Starter Kit,12,36.41,2025-08-06
Vape Mod XL,9,36.29,2025-08-06
Vape Mod XL,8,47.32,2025-08-06
Zero Nicotine 30ml,33,29.1,2025-08-06
Replacement Coils,29,20.56,2025-08-07
Cotton Wicking,11,71.3,2025-08-07
Cotton Wicking,9,41.66,2025-08-07
Batteries,14,13.4,2025-08-07
Batteries,16,16.64,2025-08-07
Tank Glass,5,12.79,2025-08-07
Battery 18650,7,15.11,2025-08-07
Chargers,24,45.19,2025-08-07
Charger,8,24.67,2025-08-07
Tank Glass,7,25.3,2025-08-07
Tank Glass,5,30.84,2025-08-07
Battery 18650,8,20.08,2025-08-07
Nicotine Pods,34,48.67,2025-08-07
E-Liquid Premium,53,41.51,2025-08-07
Vape Juice 60ml,35,36.35,2025-08-07
Zero Nicotine 30ml,31,25.61,2025-08-07
Pod Kit,17,68.45,2025-08-07
Vape Mod XL,3,39.59,2025-08-07
Vape Mod XL,5,40.35,2025-08-07
Vape Mod XL,4,71.13,2025-08-07
Pod Kit,20,67.78,2025-08-07
Tanks,15,52.13,2025-08-07
Tanks,14,62.06,2025-08-07
Atomizers,20,23.78,2025-08-07
Vape Juice 30ml,51,45.6,2025-08-07
Starter Kit,20,42.22,2025-08-07
Replacement Coils,12,26.06,2025-08-08
Drip Tips,15,16.92,2025-08-08
Tank Glass,8,20.29,2025-08-08
Tank Glass,8,8.43,2025-08-08
Charger,15,25.0,2025-08-08
Chargers,23,52.12,2025-08-08
Battery 18650,16,20.97,2025-08-08
Cotton Wicking,28,41.83,2025-08-08
Nicotine Pods,35,42.23,2025-08-08
Replacement Coils,11,28.95,2025-08-08
E-Liquid Premium,67,20.27,2025-08-08
Atomizers,25,46.82,2025-08-08
Tanks,43,58.01,2025-08-08
Starter Kit,6,26.59,2025-08-08
Starter Kit,8,33.46,2025-08-08
Starter Kit,8,57.92,2025-08-08
Vape Mod XL,17,53.02,2025-08-08
Pod Kit,48,53.97,2025-08-08
Zero Nicotine 30ml,46,5.0,2025-08-08
Replacement Coils,16,25.79,2025-08-09
Batteries,18,56.94,2025-08-09
Batteries,18,14.62,2025-08-09
Battery 18650,15,17.59,2025-08-09
Chargers,29,46.39,2025-08-09
Charger,15,14.47,2025-08-09
Drip Tips,6,25.61,2025-08-09
Tank Glass,5,19.27,2025-08-09
Tank Glass,7,8.51,2025-08-09
Drip Tips,5,46.96,2025-08-09
Cotton Wicking,29,35.96,2025-08-09
Tank Glass,5,29.08,2025-08-09
Replacement Coils,13,11.68,2025-08-09
Vape Juice 60ml,39,34.14,2025-08-09
Starter Kit,6,18.75,2025-08-09
Zero Nicotine 30ml,29,39.61,2025-08-09
E-Liquid Premium,56,56.31,2025-08-09
Vape Juice 30ml,73,64.2,2025-08-09
Atomizers,23,38.77,2025-08-09
Tanks,17,59.37,2025-08-09
Tanks,17,61.24,2025-08-09
Nicotine Pods,54,58.58,2025-08-09
Starter Kit,5,29.54,2025-08-09
Starter Kit,6,22.95,2025-08-09
Vape Mod XL,10,46.26,2025-08-09
Vape Mod XL,12,66.4,2025-08-09
Pod Kit,40,62.27,2025-08-09
Replacement Coils,19,17.43,2025-08-10
Nicotine Pods,49,56.37,2025-08-10
Cotton Wicking,29,17.88,2025-08-10
Battery 18650,18,18.91,2025-08-10
E-Liquid Premium,30,47.1,2025-08-10
Charger,4,20.49,2025-08-10
Tank Glass,19,27.21,2025-08-10
Drip Tips,12,16.39,2025-08-10
Zero Nicotine 30ml,28,22.68,2025-08-10
Charger,4,22.33,2025-08-10
E-Liquid Premium,32,41.84,2025-08-10
Vape Juice 30ml,20,61.08,2025-08-10
Vape Juice 60ml,43,23.94,2025-08-10
Vape Juice 30ml,19,41.19,2025-08-10
Vape Juice 30ml,17,50.77,2025-08-10
Pod Kit,42,38.46,2025-08-10
Atomizers,23,49.33,2025-08-10
Tanks,32,66.12,2025-08-10
Starter Kit,5,44.01,2025-08-10
Starter Kit,4,36.39,2025-08-10
Starter Kit,4,35.11,2025-08-10
Vape Mod XL,22,70.61,2025-08-10
Replacement Coils,20,24.75,2025-08-11
Cotton Wicking,13,73.96,2025-08-11
Cotton Wicking,13,9.29,2025-08-11
Batteries,24,20.2,2025-08-11
Battery 18650,12,24.57,2025-08-11
Drip Tips,7,35.37,2025-08-11
Charger,7,17.76,2025-08-11
Tank Glass,6,21.82,2025-08-11
Tank Glass,2,16.92,2025-08-11
Nicotine Pods,37,77.47,2025-08-11
Chargers,15,58.41,2025-08-11
Zero Nicotine 30ml,11,33.82,2025-08-11
Vape Juice 60ml,19,40.87,2025-08-11
E-Liquid Premium,37,47.15,2025-08-11
Pod Kit,21,30.87,2025-08-11
Pod Kit,20,66.86,2025-08-11
Vape Mod XL,5,30.9,2025-08-11
Zero Nicotine 30ml,9,22.29,2025-08-11
Starter Kit,5,39.52,2025-08-11
Vape Mod XL,5,47.01,2025-08-11
Tanks,22,42.79,2025-08-11
Atomizers,9,70.92,2025-08-11
Atomizers,9,26.0,2025-08-11
Vape Juice 60ml,15,34.31,2025-08-11
Starter Kit,5,38.24,2025-08-11
Replacement Coils,9,18.0,2025-08-12
Replacement Coils,7,14.64,2025-08-12
Cotton Wicking,24,32.12,2025-08-12
Battery 18650,5,27.45,2025-08-12
Battery 18650,4,19.74,2025-08-12
Tank Glass,4,13.36,2025-08-12
Tank Glass,7,21.99,2025-08-12
Tank Glass,6,14.19,2025-08-12
Drip Tips,9,46.44,2025-08-12
Nicotine Pods,9,78.87,2025-08-12
Charger,6,23.83,2025-08-12
Nicotine Pods,8,67.85,2025-08-12
Chargers,18,15.82,2025-08-12
Zero Nicotine 30ml,12,9.21,2025-08-12
Pod Kit,38,51.52,2025-08-12
Vape Mod XL,6,50.36,2025-08-12
Starter Kit,13,27.25,2025-08-12
Tanks,20,77.86,2025-08-12
Nicotine Pods,5,31.57,2025-08-12
Vape Mod XL,8,29.89,2025-08-12
Vape Juice 60ml,43,34.8,2025-08-12
E-Liquid Premium,29,43.86,2025-08-12
E-Liquid Premium,32,65.74,2025-08-12
Zero Nicotine 30ml,14,30.7,2025-08-12
Atomizers,21,44.29,2025-08-12
Replacement Coils,18,15.1,2025-08-13
Drip Tips,7,25.49,2025-08-13
Tank Glass,12,17.26,2025-08-13
Charger,7,16.3,2025-08-13
Charger,7,27.72,2025-08-13
Chargers,14,34.77,2025-08-13
Batteries,10,23.73,2025-08-13
Batteries,13,31.45,2025-08-13
Cotton Wicking,23,35.03,2025-08-13
Nicotine Pods,13,19.41,2025-08-13
Nicotine Pods,13,48.98,2025-08-13
Zero Nicotine 30ml,20,37.43,2025-08-13
E-Liquid Premium,43,56.86,2025-08-13
Vape Juice 60ml,19,32.19,2025-08-13
Vape Juice 60ml,19,49.81,2025-08-13
Vape Juice 30ml,50,48.08,2025-08-13
Atomizers,18,33.89,2025-08-13
Tanks,21,59.2,2025-08-13
Pod Kit,15,44.88,2025-08-13
Pod Kit,15,55.09,2025-08-13
Nicotine Pods,10,37.36,2025-08-13
Nicotine Pods,44,49.08,2025-08-14
Replacement Coils,13,22.65,2025-08-14
Replacement Coils,11,19.43,2025-08-14
Cotton Wicking,30,28.37,2025-08-14
Batteries,23,59.23,2025-08-14
Tank Glass,4,7.09,2025-08-14
Chargers,13,49.46,2025-08-14
Charger,8,25.87,2025-08-14
Drip Tips,8,39.41,2025-08-14
Battery 18650,15,25.31,2025-08-14
Zero Nicotine 30ml,18,43.35,2025-08-14
Tank Glass,6,21.06,2025-08-14
E-Liquid Premium,68,46.99,2025-08-14
Zero Nicotine 30ml,17,39.49,2025-08-14
Pod Kit,22,65.51,2025-08-14
Vape Mod XL,6,61.94,2025-08-14
Vape Mod XL,5,38.25,2025-08-14
Vape Mod XL,8,60.67,2025-08-14
Pod Kit,24,61.57,2025-08-14
Tanks,29,79.01,2025-08-14
Atomizers,11,54.4,2025-08-14
Atomizers,12,55.08,2025-08-14
Vape Juice 60ml,43,25.42,2025-08-14
Starter Kit,17,37.01,2025-08-14
Cotton Wicking,42,57.42,2025-08-15
Drip Tips,15,9.14,2025-08-15
Tank Glass,14,17.1,2025-08-15
Charger,12,21.52,2025-08-15
Chargers,20,52.68,2025-08-15
Battery 18650,16,28.96,2025-08-15
Batteries,21,61.91,2025-08-15
Nicotine Pods,35,63.7,2025-08-15
Replacement Coils,25,48.3,2025-08-15
E-Liquid Premium,51,45.06,2025-08-15
Vape Juice 60ml,39,37.93,2025-08-15
Vape Juice 30ml,73,59.19,2025-08-15
Atomizers,30,46.93,2025-08-15
Tanks,36,75.12,2025-08-15
Starter Kit,11,47.61,2025-08-15
Starter Kit,7,25.06,2025-08-15
Vape Mod XL,21,28.77,2025-08-15
Zero Nicotine 30ml,34,42.05,2025-08-15
Cotton Wicking,20,25.21,2025-08-16
Cotton Wicking,18,64.51,2025-08-16
Batteries,15,49.24,2025-08-16
Batteries,18,78.92,2025-08-16
Battery 18650,8,16.53,2025-08-16
Battery 18650,7,17.75,2025-08-16
Tank Glass,7,18.38,2025-08-16
Charger,5,22.0,2025-08-16
Charger,4,19.78,2025-08-16
Charger,1,12.96,2025-08-16
Drip Tips,14,19.06,2025-08-16
Tank Glass,7,14.2,2025-08-16
Nicotine Pods,19,50.11,2025-08-16
Chargers,23,39.84,2025-08-16
Nicotine Pods,17,60.65,2025-08-16
Vape Mod XL,6,56.69,2025-08-16
E-Liquid Premium,39,39.02,2025-08-16
Pod Kit,32,51.7,2025-08-16
Vape Mod XL,9,44.78,2025-08-16
Starter Kit,21,40.18,2025-08-16
Tanks,17,94.56,2025-08-16
Zero Nicotine 30ml,37,48.57,2025-08-16
Atomizers,9,16.45,2025-08-16
Tanks,17,68.31,2025-08-16
Vape Juice 30ml,56,54.16,2025-08-16
Vape Juice 60ml,12,36.18,2025-08-16
Vape Juice 60ml,16,35.31,2025-08-16
Vape Juice 60ml,15,32.93,2025-08-16
E-Liquid Premium,40,32.72,2025-08-16
Atomizers,8,46.59,2025-08-16
Battery 18650,14,21.84,2025-08-17
Cotton Wicking,30,14.28,2025-08-17
Batteries,36,37.81,2025-08-17
Chargers,5,37.45,2025-08-17
Replacement Coils,16,12.71,2025-08-17
Chargers,7,50.85,2025-08-17
Tank Glass,18,5.0,2025-08-17
Drip Tips,9,37.37,2025-08-17
Chargers,8,46.32,2025-08-17
Replacement Coils,14,22.81,2025-08-17
Vape Juice 30ml,66,28.19,2025-08-17
Zero Nicotine 30ml,29,25.64,2025-08-17
Pod Kit,23,65.69,2025-08-17
Pod Kit,24,48.65,2025-08-17
Vape Mod XL,22,87.73,2025-08-17
Tanks,32,63.95,2025-08-17
Nicotine Pods,32,6.41,2025-08-17
Vape Juice 60ml,44,35.16,2025-08-17
E-Liquid Premium,38,45.03,2025-08-17
E-Liquid Premium,38,65.83,2025-08-17
Atomizers,22,46.33,2025-08-17
Cotton Wicking,7,5.0,2025-08-18
Drip Tips,11,27.69,2025-08-18
Tank Glass,14,5.0,2025-08-18
Charger,11,25.08,2025-08-18
Chargers,15,68.15,2025-08-18
Batteries,10,49.84,2025-08-18
Batteries,8,28.14,2025-08-18
Cotton Wicking,7,53.01,2025-08-18
Replacement Coils,15,16.46,2025-08-18
Nicotine Pods,24,20.64,2025-08-18
Zero Nicotine 30ml,10,20.78,2025-08-18
E-Liquid Premium,58,44.19,2025-08-18
Vape Juice 60ml,43,32.83,2025-08-18
Vape Juice 30ml,52,34.24,2025-08-18
Atomizers,6,76.27,2025-08-18
Atomizers,9,37.43,2025-08-18
Tanks,25,85.68,2025-08-18
Starter Kit,14,51.26,2025-08-18
Vape Mod XL,3,34.55,2025-08-18
Vape Mod XL,5,60.48,2025-08-18
Pod Kit,36,61.8,2025-08-18
Zero Nicotine 30ml,12,28.59,2025-08-18
Chargers,4,48.18,2025-08-19
Nicotine Pods,9,51.44,2025-08-19
Cotton Wicking,29,35.6,2025-08-19
Chargers,2,21.72,2025-08-19
Charger,5,19.55,2025-08-19
Chargers,3,26.22,2025-08-19
Tank Glass,3,20.16,2025-08-19
Tank Glass,3,26.83,2025-08-19
Tank Glass,2,18.66,2025-08-19
Drip Tips,9,38.1,2025-08-19
Nicotine Pods,10,8.84,2025-08-19
Charger,5,26.59,2025-08-19
Zero Nicotine 30ml,11,5.0,2025-08-19
Replacement Coils,24,25.97,2025-08-19
E-Liquid Premium,20,41.43,2025-08-19
Zero Nicotine 30ml,13,39.42,2025-08-19
Pod Kit,21,63.98,2025-08-19
Vape Mod XL,13,58.01,2025-08-19
Starter Kit,16,49.7,2025-08-19
Atomizers,8,47.36,2025-08-19
Vape Juice 30ml,18,26.02,2025-08-19
Atomizers,8,40.04,2025-08-19
Vape Juice 30ml,16,24.61,2025-08-19
Vape Juice 60ml,21,29.24,2025-08-19
Vape Juice 60ml,18,10.52,2025-08-19
Pod Kit,20,53.04,2025-08-19
E-Liquid Premium,22,47.04,2025-08-19
Batteries,10,51.44,2025-08-20
Cotton Wicking,24,30.39,2025-08-20
Batteries,9,14.21,2025-08-20
Replacement Coils,7,22.54,2025-08-20
Battery 18650,5,18.5,2025-08-20
Tank Glass,8,5.0,2025-08-20
Chargers,15,63.28,2025-08-20
Charger,5,15.31,2025-08-20
Charger,5,19.02,2025-08-20
Tank Glass,8,6.5,2025-08-20
Replacement Coils,6,18.27,2025-08-20
Drip Tips,7,39.79,2025-08-20
Battery 18650,8,6.95,2025-08-20
Nicotine Pods,34,38.03,2025-08-20
Vape Juice 60ml,11,52.89,2025-08-20
E-Liquid Premium,9,58.54,2025-08-20
Vape Mod XL,12,36.2,2025-08-20
Starter Kit,4,44.13,2025-08-20
Starter Kit,4,21.94,2025-08-20
Starter Kit,5,51.94,2025-08-20
Zero Nicotine 30ml,30,18.53,2025-08-20
Tanks,13,44.48,2025-08-20
Tanks,9,72.83,2025-08-20
Vape Juice 30ml,37,43.47,2025-08-20
Vape Juice 60ml,9,17.92,2025-08-20
Vape Juice 60ml,7,27.08,2025-08-20
E-Liquid Premium,12,52.24,2025-08-20
E-Liquid Premium,11,63.55,2025-08-20
Atomizers,16,53.43,2025-08-20
Battery 18650,8,22.02,2025-08-21
Charger,5,16.65,2025-08-21
Chargers,21,31.96,2025-08-21
Charger,4,13.17,2025-08-21
Battery 18650,8,21.17,2025-08-21
Tank Glass,9,38.29,2025-08-21
Drip Tips,4,38.01,2025-08-21
Drip Tips,3,41.84,2025-08-21
Drip Tips,3,32.16,2025-08-21
Batteries,20,16.96,2025-08-21
Tank Glass,6,22.37,2025-08-21
Replacement Coils,14,33.45,2025-08-21
Cotton Wicking,37,47.51,2025-08-21
Replacement Coils,10,16.47,2025-08-21
Pod Kit,39,48.09,2025-08-21
Vape Mod XL,4,26.01,2025-08-21
Vape Mod XL,7,46.93,2025-08-21
Atomizers,24,24.72,2025-08-21
Vape Juice 30ml,74,46.28,2025-08-21
Starter Kit,13,17.8,2025-08-21
E-Liquid Premium,35,39.6,2025-08-21
E-Liquid Premium,31,49.65,2025-08-21
Zero Nicotine 30ml,24,46.69,2025-08-21
Nicotine Pods,41,35.3,2025-08-21
Vape Juice 60ml,46,29.3,2025-08-21
Batteries,24,31.81,2025-08-22
Replacement Coils,8,21.11,2025-08-22
Replacement Coils,6,30.22,2025-08-22
Replacement Coils,5,18.52,2025-08-22
Cotton Wicking,39,21.94,2025-08-22
Battery 18650,19,20.11,2025-08-22
Drip Tips,12,32.1,2025-08-22
Charger,17,24.42,2025-08-22
Tank Glass,8,23.25,2025-08-22
Tank Glass,7,21.61,2025-08-22
Tank Glass,7,10.22,2025-08-22
Nicotine Pods,56,36.55,2025-08-22
Chargers,31,21.38,2025-08-22
Zero Nicotine 30ml,29,19.3,2025-08-22
E-Liquid Premium,33,57.91,2025-08-22
Vape Mod XL,7,51.69,2025-08-22
Pod Kit,20,57.65,2025-08-22
Pod Kit,22,60.94,2025-08-22
E-Liquid Premium,33,32.67,2025-08-22
Vape Mod XL,7,63.01,2025-08-22
Starter Kit,9,17.68,2025-08-22
Tanks,27,57.54,2025-08-22
Starter Kit,11,36.39,2025-08-22
Atomizers,9,50.29,2025-08-22
Vape Juice 30ml,29,36.63,2025-08-22
Vape Juice 30ml,32,36.52,2025-08-22
Vape Juice 60ml,17,31.78,2025-08-22
Vape Juice 60ml,21,31.9,2025-08-22
Atomizers,13,16.34,2025-08-22
Battery 18650,21,24.49,2025-08-23
Replacement Coils,36,30.67,2025-08-23
Cotton Wicking,33,6.23,2025-08-23
Chargers,20,34.14,2025-08-23
Nicotine Pods,22,67.15,2025-08-23
Charger,9,17.79,2025-08-23
Tank Glass,8,5.0,2025-08-23
Tank Glass,8,5.0,2025-08-23
Charger,10,23.63,2025-08-23
Nicotine Pods,24,37.62,2025-08-23
E-Liquid Premium,22,59.96,2025-08-23
Zero Nicotine 30ml,15,14.86,2025-08-23
E-Liquid Premium,20,43.76,2025-08-23
Zero Nicotine 30ml,18,27.2,2025-08-23
E-Liquid Premium,19,47.45,2025-08-23
Vape Juice 60ml,55,40.09,2025-08-23
Vape Juice 30ml,82,30.74,2025-08-23
Atomizers,30,74.11,2025-08-23
Vape Mod XL,22,60.76,2025-08-23
Pod Kit,46,50.4,2025-08-23
Replacement Coils,11,11.78,2025-08-24
Replacement Coils,15,28.68,2025-08-24
Cotton Wicking,26,5.0,2025-08-24
Batteries,27,46.49,2025-08-24
Battery 18650,19,24.07,2025-08-24
Chargers,13,40.58,2025-08-24
Charger,6,22.58,2025-08-24
Charger,3,21.27,2025-08-24
Charger,5,16.66,2025-08-24
Nicotine Pods,12,47.9,2025-08-24
Tank Glass,9,18.25,2025-08-24
Tank Glass,11,15.89,2025-08-24
Drip Tips,13,40.66,2025-08-24
Chargers,13,65.39,2025-08-24
Nicotine Pods,12,67.67,2025-08-24
E-Liquid Premium,46,31.73,2025-08-24
Zero Nicotine 30ml,46,48.22,2025-08-24
Pod Kit,43,63.28,2025-08-24
Vape Mod XL,3,59.13,2025-08-24
Vape Mod XL,5,55.85,2025-08-24
Nicotine Pods,13,87.49,2025-08-24
Starter Kit,18,27.28,2025-08-24
Tanks,14,37.53,2025-08-24
Vape Mod XL,5,48.83,2025-08-24
Atomizers,22,44.79,2025-08-24
Vape Juice 30ml,45,36.36,2025-08-24
Vape Juice 30ml,41,62.1,2025-08-24
Vape Juice 60ml,51,30.74,2025-08-24
E-Liquid Premium,44,43.31,2025-08-24
Tanks,13,35.32,2025-08-24
Batteries,10,25.55,2025-08-25
Replacement Coils,29,26.54,2025-08-25
Cotton Wicking,30,58.91,2025-08-25
Batteries,13,50.66,2025-08-25
Battery 18650,21,17.96,2025-08-25
Nicotine Pods,47,38.15,2025-08-25
Chargers,10,53.94,2025-08-25
Chargers,9,43.75,2025-08-25
Charger,13,17.01,2025-08-25
Tank Glass,17,18.61,2025-08-25
Chargers,6,37.66,2025-08-25
Drip Tips,14,16.32,2025-08-25
Zero Nicotine 30ml,34,36.97,2025-08-25
E-Liquid Premium,28,47.4,2025-08-25
Pod Kit,54,59.74,2025-08-25
Vape Mod XL,17,48.5,2025-08-25
Starter Kit,12,27.04,2025-08-25
Tanks,14,64.29,2025-08-25
Tanks,11,44.05,2025-08-25
E-Liquid Premium,28,26.04,2025-08-25
Atomizers,24,68.87,2025-08-25
Vape Juice 30ml,14,47.82,2025-08-25
Vape Juice 30ml,17,25.9,2025-08-25
Vape Juice 30ml,15,49.33,2025-08-25
Vape Juice 60ml,34,39.92,2025-08-25
Tanks,14,57.91,2025-08-25
Replacement Coils,18,10.17,2025-08-26
Cotton Wicking,36,75.1,2025-08-26
Batteries,16,54.29,2025-08-26
Batteries,18,8.43,2025-08-26
Battery 18650,18,20.5,2025-08-26
Tank Glass,6,15.09,2025-08-26
Chargers,10,44.41,2025-08-26
Tank Glass,7,23.53,2025-08-26
Drip Tips,6,21.62,2025-08-26
Drip Tips,4,10.63,2025-08-26
Nicotine Pods,22,38.6,2025-08-26
Chargers,12,61.73,2025-08-26
Nicotine Pods,22,61.16,2025-08-26
Vape Juice 60ml,48,27.19,2025-08-26
Pod Kit,14,68.29,2025-08-26
Vape Juice 30ml,30,31.39,2025-08-26
Vape Juice 30ml,30,23.27,2025-08-26
Atomizers,10,53.8,2025-08-26
Atomizers,9,36.47,2025-08-26
Atomizers,11,31.67,2025-08-26
Tanks,24,53.15,2025-08-26
Vape Mod XL,9,41.97,2025-08-26
Vape Mod XL,7,68.12,2025-08-26
Pod Kit,12,48.3,2025-08-26
Pod Kit,13,48.52,2025-08-26
E-Liquid Premium,48,61.59,2025-08-26
Cotton Wicking,34,26.15,2025-08-27
Batteries,36,18.58,2025-08-27
Battery 18650,7,14.69,2025-08-27
Battery 18650,7,27.17,2025-08-27
Replacement Coils,7,28.95,2025-08-27
Chargers,10,55.55,2025-08-27
Charger,8,12.6,2025-08-27
Charger,6,23.32,2025-08-27
Drip Tips,14,42.38,2025-08-27
Chargers,11,39.52,2025-08-27
Replacement Coils,6,16.82,2025-08-27
E-Liquid Premium,41,46.01,2025-08-27
Nicotine Pods,32,42.96,2025-08-27
Vape Mod XL,22,80.85,2025-08-27
Starter Kit,14,35.32,2025-08-27
Tanks,30,53.24,2025-08-27
Atomizers,30,21.24,2025-08-27
Pod Kit,52,30.28,2025-08-27
E-Liquid Premium,42,47.06,2025-08-27
Zero Nicotine 30ml,19,41.04,2025-08-27
Zero Nicotine 30ml,20,23.85,2025-08-27
Vape Juice 60ml,49,21.74,2025-08-27
Replacement Coils,5,11.43,2025-08-27
Drip Tips,16,27.92,2025-08-28
Zero Nicotine 30ml,36,39.37,2025-08-28
Tank Glass,15,5.0,2025-08-28
Charger,15,17.31,2025-08-28
Battery 18650,11,26.22,2025-08-28
Battery 18650,12,13.73,2025-08-28
Batteries,31,26.94,2025-08-28
Cotton Wicking,11,16.8,2025-08-28
Cotton Wicking,11,39.66,2025-08-28
Replacement Coils,23,22.37,2025-08-28
Nicotine Pods,59,84.84,2025-08-28
Vape Juice 60ml,69,34.94,2025-08-28
Vape Juice 30ml,91,36.92,2025-08-28
E-Liquid Premium,84,37.14,2025-08-28
Pod Kit,31,67.1,2025-08-28
Vape Mod XL,12,52.74,2025-08-28
Vape Mod XL,12,38.03,2025-08-28
Pod Kit,32,50.03,2025-08-28
Starter Kit,9,40.25,2025-08-28
Starter Kit,5,29.94,2025-08-28
Tanks,30,59.24,2025-08-28
Atomizers,34,28.77,2025-08-28
Starter Kit,8,56.46,2025-08-28
Replacement Coils,17,11.6,2025-08-29
Drip Tips,10,25.77,2025-08-29
Tank Glass,24,17.39,2025-08-29
Charger,12,17.61,2025-08-29
Battery 18650,12,22.37,2025-08-29
Battery 18650,15,11.2,2025-08-29
Batteries,39,5.0,2025-08-29
Replacement Coils,17,31.9,2025-08-29
Nicotine Pods,69,89.28,2025-08-29
Drip Tips,9,14.53,2025-08-29
E-Liquid Premium,75,56.39,2025-08-29
Vape Juice 60ml,59,33.49,2025-08-29
Atomizers,42,71.11,2025-08-29
Tanks,24,68.64,2025-08-29
Tanks,23,72.93,2025-08-29
Starter Kit,27,33.6,2025-08-29
Vape Mod XL,29,55.11,2025-08-29
Pod Kit,58,82.64,2025-08-29
Zero Nicotine 30ml,42,22.93,2025-08-29
Cotton Wicking,20,21.31,2025-08-30
Batteries,45,21.03,2025-08-30
Battery 18650,7,15.9,2025-08-30
Battery 18650,9,16.27,2025-08-30
Drip Tips,19,23.81,2025-08-30
Charger,21,15.18,2025-08-30
Tank Glass,13,19.57,2025-08-30
Tank Glass,15,35.47,2025-08-30
Cotton Wicking,20,26.31,2025-08-30
Chargers,24,38.27,2025-08-30
Replacement Coils,11,12.36,2025-08-30
Replacement Coils,12,29.44,2025-08-30
Nicotine Pods,42,11.77,2025-08-30
Zero Nicotine 30ml,27,37.91,2025-08-30
Zero Nicotine 30ml,28,33.73,2025-08-30
E-Liquid Premium,100,59.13,2025-08-30
Vape Juice 60ml,62,28.4,2025-08-30
Vape Juice 30ml,66,55.97,2025-08-30
Atomizers,35,72.92,2025-08-30
Tanks,48,60.93,2025-08-30
Starter Kit,19,43.96,2025-08-30
Pod Kit,75,48.85,2025-08-30
Replacement Coils,14,28.89,2025-08-30
Replacement Coils,22,21.45,2025-08-31
Replacement Coils,19,18.53,2025-08-31
Cotton Wicking,37,10.9,2025-08-31
Batteries,43,29.27,2025-08-31
Battery 18650,29,18.98,2025-08-31
Drip Tips,6,35.49,2025-08-31
Chargers,18,40.51,2025-08-31
Charger,12,17.87,2025-08-31
Tank Glass,27,7.24,2025-08-31
Drip Tips,7,37.34,2025-08-31
Chargers,20,23.98,2025-08-31
E-Liquid Premium,102,54.44,2025-08-31
Drip Tips,7,8.48,2025-08-31
Vape Juice 60ml,26,32.94,2025-08-31
Vape Juice 60ml,27,26.92,2025-08-31
Pod Kit,34,61.38,2025-08-31
Vape Mod XL,31,50.98,2025-08-31
Starter Kit,27,27.34,2025-08-31
Tanks,32,69.17,2025-08-31
Pod Kit,34,66.33,2025-08-31
Atomizers,14,72.58,2025-08-31
Atomizers,13,66.05,2025-08-31
Vape Juice 30ml,51,35.74,2025-08-31
Vape Juice 30ml,54,45.24,2025-08-31
Atomizers,11,53.47,2025-08-31
Replacement Coils,18,5.16,2025-09-01
Drip Tips,4,19.67,2025-09-01
Tank Glass,10,18.19,2025-09-01
Charger,10,16.71,2025-09-01
Chargers,14,27.98,2025-09-01
Battery 18650,12,22.42,2025-09-01
Batteries,9,36.95,2025-09-01
Batteries,6,11.71,2025-09-01
Cotton Wicking,26,5.0,2025-09-01
Nicotine Pods,24,49.13,2025-09-01
Drip Tips,3,31.56,2025-09-01
E-Liquid Premium,42,46.27,2025-09-01
Pod Kit,33,79.21,2025-09-01
Vape Mod XL,12,83.17,2025-09-01
Tanks,23,73.37,2025-09-01
Atomizers,10,53.46,2025-09-01
Zero Nicotine 30ml,20,38.95,2025-09-01
Vape Juice 30ml,26,40.17,2025-09-01
Vape Juice 30ml,25,37.19,2025-09-01
Vape Juice 60ml,11,26.64,2025-09-01
Vape Juice 60ml,11,39.95,2025-09-01
Atomizers,10,49.71,2025-09-01
Cotton Wicking,29,49.99,2025-09-02
Drip Tips,4,17.12,2025-09-02
Drip Tips,2,30.56,2025-09-02
Tank Glass,11,8.73,2025-09-02
Charger,3,33.22,2025-09-02
Charger,2,21.56,2025-09-02
Charger,5,26.5,2025-09-02
Chargers,14,46.45,2025-09-02
Battery 18650,12,23.5,2025-09-02
Batteries,19,44.76,2025-09-02
Drip Tips,5,36.76,2025-09-02
Replacement Coils,14,26.69,2025-09-02
Nicotine Pods,26,69.15,2025-09-02
Vape Juice 60ml,32,26.64,2025-09-02
Vape Juice 30ml,22,58.89,2025-09-02
Vape Juice 30ml,21,55.26,2025-09-02
Atomizers,22,15.47,2025-09-02
Tanks,20,41.19,2025-09-02
Vape Mod XL,13,44.67,2025-09-02
Pod Kit,12,54.64,2025-09-02
Pod Kit,14,68.97,2025-09-02
Replacement Coils,15,33.8,2025-09-02
Cotton Wicking,11,17.97,2025-09-03
Cotton Wicking,11,16.97,2025-09-03
Batteries,26,38.32,2025-09-03
Battery 18650,11,14.63,2025-09-03
Drip Tips,5,36.9,2025-09-03
Chargers,20,56.66,2025-09-03
Tank Glass,11,8.25,2025-09-03
Drip Tips,4,14.84,2025-09-03
Nicotine Pods,21,61.15,2025-09-03
Drip Tips,3,14.78,2025-09-03
Nicotine Pods,22,76.82,2025-09-03
Tanks,23,71.32,2025-09-03
E-Liquid Premium,22,33.29,2025-09-03
E-Liquid Premium,22,47.22,2025-09-03
Pod Kit,18,41.91,2025-09-03
Vape Mod XL,18,46.75,2025-09-03
Starter Kit,18,47.8,2025-09-03
Pod Kit,18,51.4,2025-09-03
Atomizers,6,61.06,2025-09-03
Vape Juice 30ml,21,34.17,2025-09-03
Atomizers,8,50.44,2025-09-03
Vape Juice 30ml,20,74.8,2025-09-03
Batteries,26,24.9,2025-09-04
Battery 18650,3,13.61,2025-09-04
Battery 18650,4,13.81,2025-09-04
Chargers,13,65.76,2025-09-04
Chargers,12,26.39,2025-09-04
Charger,3,20.82,2025-09-04
Cotton Wicking,32,28.58,2025-09-04
Tank Glass,13,16.46,2025-09-04
Drip Tips,4,22.8,2025-09-04
Drip Tips,5,38.39,2025-09-04
Drip Tips,3,42.96,2025-09-04
Charger,2,18.11,2025-09-04
Replacement Coils,17,25.39,2025-09-04
Battery 18650,2,19.67,2025-09-04
E-Liquid Premium,64,40.64,2025-09-04
Nicotine Pods,30,62.26,2025-09-04
Pod Kit,11,49.69,2025-09-04
Pod Kit,12,40.64,2025-09-04
Vape Mod XL,7,55.82,2025-09-04
Vape Mod XL,10,28.15,2025-09-04
Starter Kit,6,42.38,2025-09-04
Pod Kit,13,41.95,2025-09-04
Tanks,32,70.61,2025-09-04
Atomizers,25,73.93,2025-09-04
Vape Juice 30ml,74,50.94,2025-09-04
Vape Juice 60ml,35,34.86,2025-09-04
Starter Kit,5,39.03,2025-09-04
Nicotine Pods,13,27.47,2025-09-05
Replacement Coils,15,19.84,2025-09-05
Cotton Wicking,26,9.55,2025-09-05
Batteries,23,40.5,2025-09-05
Battery 18650,22,20.37,2025-09-05
Chargers,8,60.67,2025-09-05
Charger,11,14.67,2025-09-05
Tank Glass,21,11.04,2025-09-05
Drip Tips,15,28.7,2025-09-05
Nicotine Pods,13,12.69,2025-09-05
Chargers,10,48.43,2025-09-05
Nicotine Pods,17,46.01,2025-09-05
Replacement Coils,12,20.11,2025-09-05
E-Liquid Premium,42,29.54,2025-09-05
Pod Kit,17,44.42,2025-09-05
Pod Kit,17,46.39,2025-09-05
Pod Kit,15,62.31,2025-09-05
Vape Mod XL,18,70.99,2025-09-05
Starter Kit,21,40.19,2025-09-05
Zero Nicotine 30ml,43,17.7,2025-09-05
Vape Juice 30ml,74,47.34,2025-09-05
Vape Juice 60ml,24,29.98,2025-09-05
Vape Juice 60ml,21,46.1,2025-09-05
E-Liquid Premium,45,73.97,2025-09-05
Tanks,29,70.0,2025-09-05
Replacement Coils,20,17.39,2025-09-06
Cotton Wicking,14,36.71,2025-09-06
Cotton Wicking,15,32.54,2025-09-06
Batteries,9,37.48,2025-09-06
Batteries,7,25.07,2025-09-06
Batteries,7,94.17,2025-09-06
Battery 18650,5,21.98,2025-09-06
Charger,11,13.58,2025-09-06
Tank Glass,16,9.96,2025-09-06
Drip Tips,4,26.34,2025-09-06
Nicotine Pods,29,24.67,2025-09-06
Drip Tips,1,23.79,2025-09-06
Battery 18650,6,21.62,2025-09-06
Drip Tips,1,30.57,2025-09-06
Zero Nicotine 30ml,27,43.53,2025-09-06
E-Liquid Premium,25,41.03,2025-09-06
E-Liquid Premium,26,34.08,2025-09-06
Pod Kit,53,58.03,2025-09-06
Vape Mod XL,9,56.61,2025-09-06
Vape Mod XL,8,66.79,2025-09-06
Starter Kit,8,33.49,2025-09-06
Starter Kit,10,36.17,2025-09-06
Tanks,7,47.39,2025-09-06
Tanks,10,55.09,2025-09-06
Atomizers,25,68.9,2025-09-06
Vape Juice 60ml,19,37.23,2025-09-06
Vape Juice 60ml,19,39.63,2025-09-06
Tanks,11,52.17,2025-09-06
Batteries,30,53.05,2025-09-07
Replacement Coils,8,35.21,2025-09-07
Cotton Wicking,13,16.4,2025-09-07
Cotton Wicking,16,30.31,2025-09-07
Battery 18650,17,29.37,2025-09-07
Replacement Coils,7,11.09,2025-09-07
Chargers,5,27.23,2025-09-07
Chargers,5,43.61,2025-09-07
Tank Glass,8,23.11,2025-09-07
Tank Glass,12,9.43,2025-09-07
Chargers,4,45.92,2025-09-07
Nicotine Pods,40,83.1,2025-09-07
Replacement Coils,7,23.52,2025-09-07
Zero Nicotine 30ml,7,46.89,2025-09-07
Zero Nicotine 30ml,7,21.25,2025-09-07
Pod Kit,19,40.09,2025-09-07
Vape Mod XL,7,42.22,2025-09-07
Vape Mod XL,5,33.84,2025-09-07
Starter Kit,9,40.68,2025-09-07
Starter Kit,8,48.56,2025-09-07
Pod Kit,17,40.47,2025-09-07
Vape Juice 30ml,50,60.49,2025-09-07
Vape Juice 60ml,50,59.4,2025-09-07
E-Liquid Premium,69,42.13,2025-09-07
Zero Nicotine 30ml,8,29.72,2025-09-07
Tanks,26,53.29,2025-09-07
Replacement Coils,8,32.1,2025-09-08
Cotton Wicking,10,41.7,2025-09-08
Cotton Wicking,10,35.64,2025-09-08
Batteries,16,31.11,2025-09-08
Chargers,14,18.29,2025-09-08
Charger,1,12.63,2025-09-08
Charger,2,22.66,2025-09-08
Tank Glass,2,19.3,2025-09-08
Tank Glass,3,21.66,2025-09-08
Tank Glass,5,15.18,2025-09-08
Drip Tips,7,12.89,2025-09-08
Charger,2,27.58,2025-09-08
Replacement Coils,8,27.64,2025-09-08
Zero Nicotine 30ml,25,20.83,2025-09-08
E-Liquid Premium,43,47.67,2025-09-08
Vape Juice 60ml,27,32.83,2025-09-08
Vape Juice 30ml,42,46.86,2025-09-08
Atomizers,8,47.69,2025-09-08
Atomizers,7,25.55,2025-09-08
Tanks,11,50.33,2025-09-08
Tanks,8,58.65,2025-09-08
Vape Mod XL,4,18.53,2025-09-08
Vape Mod XL,6,35.51,2025-09-08
Pod Kit,16,56.84,2025-09-08
Pod Kit,16,56.78,2025-09-08
Nicotine Pods,20,47.61,2025-09-08
Replacement Coils,10,31.05,2025-09-09
Cotton Wicking,21,46.01,2025-09-09
Batteries,15,19.65,2025-09-09
Battery 18650,5,18.36,2025-09-09
Drip Tips,8,25.38,2025-09-09
Charger,2,18.66,2025-09-09
Charger,4,11.02,2025-09-09
Charger,2,17.74,2025-09-09
Tank Glass,8,18.86,2025-09-09
Battery 18650,8,23.99,2025-09-09
Nicotine Pods,25,32.49,2025-09-09
Replacement Coils,10,21.24,2025-09-09
Zero Nicotine 30ml,5,21.58,2025-09-09
Vape Mod XL,5,63.75,2025-09-09
Vape Mod XL,3,56.77,2025-09-09
Starter Kit,11,47.84,2025-09-09
Tanks,20,58.34,2025-09-09
Zero Nicotine 30ml,7,35.16,2025-09-09
Vape Juice 30ml,54,69.71,2025-09-09
Vape Juice 60ml,31,40.85,2025-09-09
E-Liquid Premium,26,44.67,2025-09-09
E-Liquid Premium,27,50.79,2025-09-09
Atomizers,18,63.5,2025-09-09
Replacement Coils,7,22.96,2025-09-10
Replacement Coils,10,35.04,2025-09-10
Cotton Wicking,16,23.49,2025-09-10
Batteries,10,19.98,2025-09-10
Batteries,13,52.74,2025-09-10
Chargers,10,38.47,2025-09-10
Battery 18650,4,22.04,2025-09-10
Charger,9,20.14,2025-09-10
Tank Glass,6,38.0,2025-09-10
Nicotine Pods,11,86.0,2025-09-10
Drip Tips,5,29.98,2025-09-10
Battery 18650,7,19.81,2025-09-10
Tank Glass,6,15.46,2025-09-10
Nicotine Pods,10,44.71,2025-09-10
E-Liquid Premium,38,42.05,2025-09-10
Zero Nicotine 30ml,16,42.91,2025-09-10
Pod Kit,15,65.86,2025-09-10
Pod Kit,13,41.93,2025-09-10
Vape Mod XL,2,35.02,2025-09-10
Starter Kit,2,32.07,2025-09-10
Starter Kit,6,35.41,2025-09-10
Vape Mod XL,5,56.61,2025-09-10
Tanks,9,50.98,2025-09-10
Tanks,5,43.43,2025-09-10
Tanks,6,60.98,2025-09-10
Vape Juice 30ml,28,45.95,2025-09-10
Vape Juice 60ml,30,27.48,2025-09-10
Starter Kit,4,25.59,2025-09-10
Chargers,6,30.35,2025-09-11
Battery 18650,2,16.35,2025-09-11
Battery 18650,6,27.51,2025-09-11
Battery 18650,3,19.3,2025-09-11
Chargers,7,48.45,2025-09-11
Batteries,19,56.28,2025-09-11
Charger,6,12.62,2025-09-11
Tank Glass,8,5.0,2025-09-11
Drip Tips,4,18.95,2025-09-11
Drip Tips,2,48.47,2025-09-11
Drip Tips,2,28.46,2025-09-11
Chargers,5,40.0,2025-09-11
Replacement Coils,12,5.0,2025-09-11
Vape Juice 60ml,11,32.01,2025-09-11
Zero Nicotine 30ml,27,39.26,2025-09-11
Pod Kit,11,44.4,2025-09-11
Pod Kit,13,57.33,2025-09-11
Vape Mod XL,4,36.03,2025-09-11
Starter Kit,15,30.83,2025-09-11
Tanks,16,59.59,2025-09-11
Vape Mod XL,7,44.63,2025-09-11
Nicotine Pods,34,40.1,2025-09-11
Vape Juice 60ml,13,34.01,2025-09-11
Vape Juice 60ml,10,24.64,2025-09-11
E-Liquid Premium,58,49.88,2025-09-11
Vape Juice 30ml,38,47.93,2025-09-11
Battery 18650,7,12.65,2025-09-12
Nicotine Pods,17,31.29,2025-09-12
Replacement Coils,12,31.73,2025-09-12
Replacement Coils,13,15.72,2025-09-12
Batteries,11,36.16,2025-09-12
Batteries,10,13.63,2025-09-12
Battery 18650,3,24.3,2025-09-12
Drip Tips,5,29.19,2025-09-12
Charger,9,20.05,2025-09-12
Tank Glass,5,8.18,2025-09-12
Tank Glass,5,10.95,2025-09-12
Tank Glass,4,32.54,2025-09-12
Nicotine Pods,17,46.3,2025-09-12
Drip Tips,2,40.17,2025-09-12
Chargers,20,29.52,2025-09-12
Zero Nicotine 30ml,9,34.55,2025-09-12
E-Liquid Premium,15,46.13,2025-09-12
Vape Mod XL,7,40.22,2025-09-12
Pod Kit,37,63.17,2025-09-12
Vape Mod XL,4,45.15,2025-09-12
Vape Mod XL,7,47.66,2025-09-12
Zero Nicotine 30ml,12,26.41,2025-09-12
Starter Kit,19,33.28,2025-09-12
Tanks,27,43.16,2025-09-12
Atomizers,6,68.28,2025-09-12
Atomizers,6,57.74,2025-09-12
Vape Juice 30ml,23,48.06,2025-09-12
Vape Juice 30ml,20,54.15,2025-09-12
Vape Juice 30ml,19,37.47,2025-09-12
E-Liquid Premium,18,45.26,2025-09-12
E-Liquid Premium,16,51.09,2025-09-12
Atomizers,6,37.25,2025-09-12
Battery 18650,7,23.71,2025-09-13
Battery 18650,6,21.75,2025-09-13
Chargers,14,31.54,2025-09-13
Batteries,10,38.25,2025-09-13
Tank Glass,8,16.24,2025-09-13
Tank Glass,6,13.09,2025-09-13
Drip Tips,7,30.06,2025-09-13
Charger,9,21.65,2025-09-13
Batteries,9,14.51,2025-09-13
Zero Nicotine 30ml,34,43.36,2025-09-13
Cotton Wicking,27,21.63,2025-09-13
Batteries,6,18.4,2025-09-13
E-Liquid Premium,51,56.21,2025-09-13
Vape Juice 60ml,43,29.56,2025-09-13
Atomizers,24,78.71,2025-09-13
Tanks,30,49.16,2025-09-13
Starter Kit,16,26.76,2025-09-13
Vape Mod XL,5,60.24,2025-09-13
Vape Mod XL,6,78.1,2025-09-13
Batteries,13,5.0,2025-09-14
Batteries,13,20.4,2025-09-14
Battery 18650,12,24.58,2025-09-14
Chargers,5,5.0,2025-09-14
Chargers,5,39.89,2025-09-14
Drip Tips,1,34.01,2025-09-14
Charger,10,22.29,2025-09-14
Tank Glass,10,15.93,2025-09-14
Cotton Wicking,16,19.24,2025-09-14
Drip Tips,1,16.28,2025-09-14
Drip Tips,1,26.65,2025-09-14
Chargers,6,58.57,2025-09-14
Replacement Coils,8,22.19,2025-09-14
Cotton Wicking,15,54.68,2025-09-14
Replacement Coils,6,17.83,2025-09-14
Replacement Coils,6,21.28,2025-09-14
Pod Kit,47,52.09,2025-09-14
Vape Mod XL,13,63.96,2025-09-14
Tanks,12,56.37,2025-09-14
Tanks,13,50.56,2025-09-14
Starter Kit,15,31.42,2025-09-14
Vape Juice 60ml,18,54.9,2025-09-14
Vape Juice 60ml,17,41.54,2025-09-14
E-Liquid Premium,41,63.48,2025-09-14
Zero Nicotine 30ml,24,24.43,2025-09-14
Nicotine Pods,28,42.48,2025-09-14
Vape Juice 30ml,66,41.45,2025-09-14
Chargers,8,47.88,2025-09-15
Batteries,5,24.21,2025-09-15
Battery 18650,4,23.69,2025-09-15
Battery 18650,8,21.5,2025-09-15
Chargers,8,44.07,2025-09-15
Charger,5,9.31,2025-09-15
Drip Tips,1,29.67,2025-09-15
Tank Glass,4,19.43,2025-09-15
Drip Tips,1,42.72,2025-09-15
Tank Glass,7,13.3,2025-09-15
Drip Tips,3,31.76,2025-09-15
Batteries,7,81.4,2025-09-15
Charger,5,18.87,2025-09-15
Cotton Wicking,18,48.77,2025-09-15
Atomizers,8,55.59,2025-09-15
Replacement Coils,5,19.13,2025-09-15
Replacement Coils,4,10.7,2025-09-15
Pod Kit,25,59.87,2025-09-15
Vape Mod XL,11,65.13,2025-09-15
Starter Kit,8,37.44,2025-09-15
Vape Juice 30ml,20,34.76,2025-09-15
Vape Juice 30ml,22,37.48,2025-09-15
Atomizers,9,29.33,2025-09-15
E-Liquid Premium,49,35.5,2025-09-15
Zero Nicotine 30ml,7,29.48,2025-09-15
Zero Nicotine 30ml,8,6.64,2025-09-15
Nicotine Pods,11,37.94,2025-09-15
Nicotine Pods,9,15.68,2025-09-15
Vape Juice 60ml,21,42.97,2025-09-15
Cotton Wicking,7,43.89,2025-09-16
Nicotine Pods,11,12.22,2025-09-16
Replacement Coils,5,25.88,2025-09-16
Replacement Coils,4,28.68,2025-09-16
Cotton Wicking,6,5.0,2025-09-16
Batteries,16,34.81,2025-09-16
Drip Tips,3,31.54,2025-09-16
Chargers,3,56.4,2025-09-16
Chargers,7,44.35,2025-09-16
Charger,8,24.81,2025-09-16
Tank Glass,12,5.18,2025-09-16
Nicotine Pods,10,57.66,2025-09-16
Battery 18650,13,19.63,2025-09-16
Zero Nicotine 30ml,6,29.08,2025-09-16
Drip Tips,5,51.25,2025-09-16
E-Liquid Premium,18,37.15,2025-09-16
Pod Kit,12,46.26,2025-09-16
Pod Kit,12,45.58,2025-09-16
Vape Mod XL,4,51.55,2025-09-16
Vape Mod XL,4,34.0,2025-09-16
Starter Kit,10,30.65,2025-09-16
Tanks,9,75.76,2025-09-16
Zero Nicotine 30ml,8,31.18,2025-09-16
Tanks,9,69.43,2025-09-16
Atomizers,5,30.19,2025-09-16
Atomizers,7,45.61,2025-09-16
Vape Juice 60ml,32,29.82,2025-09-16
E-Liquid Premium,17,37.83,2025-09-16
Tanks,7,74.1,2025-09-16
Nicotine Pods,9,73.44,2025-09-17
Replacement Coils,4,35.2,2025-09-17
Replacement Coils,6,20.67,2025-09-17
Cotton Wicking,20,46.61,2025-09-17
Batteries,8,60.43,2025-09-17
Chargers,14,56.29,2025-09-17
Battery 18650,9,20.48,2025-09-17
Charger,6,12.6,2025-09-17
Tank Glass,6,5.0,2025-09-17
Tank Glass,6,27.65,2025-09-17
Nicotine Pods,12,34.92,2025-09-17
Batteries,9,54.82,2025-09-17
Drip Tips,9,22.22,2025-09-17
Zero Nicotine 30ml,16,26.18,2025-09-17
Vape Juice 60ml,17,36.31,2025-09-17
E-Liquid Premium,30,42.16,2025-09-17
Vape Mod XL,3,55.1,2025-09-17
Vape Mod XL,1,55.68,2025-09-17
Starter Kit,7,13.19,2025-09-17
Tanks,10,59.24,2025-09-17
Vape Mod XL,3,62.39,2025-09-17
Atomizers,7,52.81,2025-09-17
Atomizers,8,53.04,2025-09-17
Vape Juice 30ml,42,34.83,2025-09-17
Vape Juice 60ml,16,12.02,2025-09-17
Tanks,9,64.42,2025-09-17
Cotton Wicking,5,21.96,2025-09-18
Replacement Coils,6,9.5,2025-09-18
Replacement Coils,2,27.58,2025-09-18
Cotton Wicking,4,35.84,2025-09-18
Cotton Wicking,8,48.64,2025-09-18
Batteries,21,63.09,2025-09-18
Charger,6,20.28,2025-09-18
Battery 18650,4,23.27,2025-09-18
Chargers,7,35.7,2025-09-18
Chargers,10,12.53,2025-09-18
Charger,4,22.02,2025-09-18
Replacement Coils,4,25.38,2025-09-18
Battery 18650,3,17.11,2025-09-18
Nicotine Pods,25,32.7,2025-09-18
Tank Glass,9,13.37,2025-09-18
Zero Nicotine 30ml,14,24.42,2025-09-18
Zero Nicotine 30ml,12,33.0,2025-09-18
Pod Kit,36,51.62,2025-09-18
Vape Mod XL,4,61.53,2025-09-18
Starter Kit,1,49.47,2025-09-18
Starter Kit,4,21.97,2025-09-18
Starter Kit,5,30.53,2025-09-18
Vape Mod XL,3,25.58,2025-09-18
Atomizers,11,48.08,2025-09-18
Vape Juice 30ml,27,50.21,2025-09-18
Vape Juice 30ml,29,38.4,2025-09-18
Vape Juice 60ml,33,19.19,2025-09-18
E-Liquid Premium,28,42.73,2025-09-18
E-Liquid Premium,28,52.46,2025-09-18
Atomizers,9,71.02,2025-09-18
Battery 18650,14,21.76,2025-09-19
Chargers,19,74.39,2025-09-19
Charger,2,15.84,2025-09-19
Charger,6,20.78,2025-09-19
Tank Glass,5,14.43,2025-09-19
Tank Glass,7,9.54,2025-09-19
Drip Tips,9,29.63,2025-09-19
Batteries,16,39.16,2025-09-19
Tank Glass,7,19.88,2025-09-19
Batteries,15,15.91,2025-09-19
Tanks,28,80.57,2025-09-19
Nicotine Pods,42,35.43,2025-09-19
Zero Nicotine 30ml,12,40.76,2025-09-19
Zero Nicotine 30ml,11,21.0,2025-09-19
E-Liquid Premium,25,33.55,2025-09-19
E-Liquid Premium,26,45.31,2025-09-19
Atomizers,19,57.37,2025-09-19
Replacement Coils,16,14.24,2025-09-19
Starter Kit,12,56.79,2025-09-19
Vape Mod XL,14,59.36,2025-09-19
Cotton Wicking,5,40.26,2025-09-20
Cotton Wicking,7,38.45,2025-09-20
Cotton Wicking,6,13.84,2025-09-20
Batteries,29,27.03,2025-09-20
Battery 18650,7,13.92,2025-09-20
Battery 18650,7,18.97,2025-09-20
Tank Glass,15,23.04,2025-09-20
Chargers,10,43.77,2025-09-20
Charger,8,27.78,2025-09-20
Replacement Coils,5,21.09,2025-09-20
Drip Tips,8,5.0,2025-09-20
Drip Tips,5,34.13,2025-09-20
Chargers,10,44.27,2025-09-20
Replacement Coils,7,21.06,2025-09-20
Replacement Coils,6,14.92,2025-09-20
Pod Kit,23,43.44,2025-09-20
Pod Kit,25,61.21,2025-09-20
Nicotine Pods,17,45.58,2025-09-20
Vape Mod XL,18,61.26,2025-09-20
Starter Kit,19,37.59,2025-09-20
Tanks,12,65.5,2025-09-20
Vape Juice 60ml,28,30.6,2025-09-20
Tanks,15,66.29,2025-09-20
E-Liquid Premium,22,42.79,2025-09-20
E-Liquid Premium,24,47.13,2025-09-20
Zero Nicotine 30ml,16,48.37,2025-09-20
Zero Nicotine 30ml,13,20.83,2025-09-20
Nicotine Pods,15,67.76,2025-09-20
E-Liquid Premium,23,65.53,2025-09-20
Cotton Wicking,10,37.37,2025-09-21
Replacement Coils,8,22.07,2025-09-21
Replacement Coils,10,20.93,2025-09-21
Replacement Coils,9,32.59,2025-09-21
Cotton Wicking,10,40.17,2025-09-21
Nicotine Pods,14,33.09,2025-09-21
Charger,14,10.41,2025-09-21
Tank Glass,9,5.0,2025-09-21
Tank Glass,6,13.65,2025-09-21
Drip Tips,12,34.06,2025-09-21
Batteries,23,46.68,2025-09-21
Nicotine Pods,14,5.0,2025-09-21
E-Liquid Premium,59,46.21,2025-09-21
Zero Nicotine 30ml,19,49.09,2025-09-21
Pod Kit,22,57.69,2025-09-21
Starter Kit,12,39.85,2025-09-21
Tanks,36,57.03,2025-09-21
Atomizers,8,54.25,2025-09-21
Pod Kit,22,49.7,2025-09-21
Vape Juice 30ml,65,64.56,2025-09-21
Vape Juice 60ml,17,31.52,2025-09-21
Vape Juice 60ml,20,25.93,2025-09-21
Atomizers,12,61.33,2025-09-21
Zero Nicotine 30ml,16,32.99,2025-09-21
Nicotine Pods,9,60.73,2025-09-22
Drip Tips,9,15.27,2025-09-22
Charger,7,18.42,2025-09-22
Chargers,14,48.4,2025-09-22
Battery 18650,9,13.93,2025-09-22
Batteries,16,91.75,2025-09-22
Cotton Wicking,20,13.06,2025-09-22
Replacement Coils,8,7.79,2025-09-22
Replacement Coils,6,21.97,2025-09-22
Nicotine Pods,8,16.22,2025-09-22
Zero Nicotine 30ml,7,17.81,2025-09-22
Zero Nicotine 30ml,6,21.21,2025-09-22
Vape Juice 30ml,54,16.85,2025-09-22
Atomizers,15,46.94,2025-09-22
Starter Kit,11,31.79,2025-09-22
Vape Mod XL,6,54.56,2025-09-22
Vape Mod XL,7,52.17,2025-09-22
Pod Kit,13,46.38,2025-09-22
Pod Kit,12,64.86,2025-09-22
Zero Nicotine 30ml,8,27.78,2025-09-22
Batteries,23,11.46,2025-09-23
Battery 18650,5,20.35,2025-09-23
Battery 18650,4,16.41,2025-09-23
Chargers,6,24.72,2025-09-23
Chargers,10,35.8,2025-09-23
Drip Tips,6,19.83,2025-09-23
Tank Glass,3,23.23,2025-09-23
Tank Glass,2,8.75,2025-09-23
Tank Glass,2,22.41,2025-09-23
Drip Tips,3,39.27,2025-09-23
Cotton Wicking,7,28.96,2025-09-23
Charger,9,17.07,2025-09-23
Cotton Wicking,6,36.14,2025-09-23
Replacement Coils,20,15.87,2025-09-23
Nicotine Pods,16,57.71,2025-09-23
Pod Kit,26,59.14,2025-09-23
Vape Mod XL,15,52.57,2025-09-23
Starter Kit,14,31.38,2025-09-23
Atomizers,8,64.49,2025-09-23
Atomizers,8,40.67,2025-09-23
Tanks,19,40.79,2025-09-23
E-Liquid Premium,17,40.93,2025-09-23
E-Liquid Premium,14,54.69,2025-09-23
Zero Nicotine 30ml,22,12.56,2025-09-23
Nicotine Pods,15,79.83,2025-09-23
Vape Juice 60ml,33,54.54,2025-09-23
Chargers,5,51.42,2025-09-24
Cotton Wicking,27,38.3,2025-09-24
Battery 18650,11,15.49,2025-09-24
Chargers,6,43.05,2025-09-24
Chargers,7,16.82,2025-09-24
Drip Tips,4,39.74,2025-09-24
Charger,2,18.88,2025-09-24
Tank Glass,12,18.53,2025-09-24
Drip Tips,1,28.77,2025-09-24
Drip Tips,5,25.33,2025-09-24
Replacement Coils,11,13.41,2025-09-24
Charger,6,16.14,2025-09-24
Replacement Coils,10,24.56,2025-09-24
Nicotine Pods,22,12.27,2025-09-24
Zero Nicotine 30ml,11,47.24,2025-09-24
Starter Kit,9,37.23,2025-09-24
Tanks,21,83.02,2025-09-24
Atomizers,17,52.03,2025-09-24
Vape Juice 30ml,12,34.02,2025-09-24
Vape Juice 30ml,11,42.4,2025-09-24
Vape Mod XL,14,37.01,2025-09-24
Vape Juice 60ml,26,21.72,2025-09-24
E-Liquid Premium,25,61.42,2025-09-24
E-Liquid Premium,26,66.86,2025-09-24
Zero Nicotine 30ml,7,24.9,2025-09-24
Vape Juice 30ml,10,54.8,2025-09-24
Nicotine Pods,8,56.79,2025-09-25
Drip Tips,8,42.64,2025-09-25
Tank Glass,19,14.13,2025-09-25
Charger,11,20.72,2025-09-25
Chargers,17,58.8,2025-09-25
Battery 18650,8,9.56,2025-09-25
Battery 18650,9,15.88,2025-09-25
Cotton Wicking,27,38.32,2025-09-25
Replacement Coils,25,5.0,2025-09-25
Nicotine Pods,8,49.77,2025-09-25
Nicotine Pods,12,22.85,2025-09-25
Vape Juice 60ml,53,32.73,2025-09-25
E-Liquid Premium,65,68.55,2025-09-25
Zero Nicotine 30ml,31,23.7,2025-09-25
Pod Kit,16,71.51,2025-09-25
Vape Mod XL,16,43.59,2025-09-25
Starter Kit,4,35.12,2025-09-25
Pod Kit,18,70.33,2025-09-25
Atomizers,24,18.52,2025-09-25
Vape Juice 30ml,28,31.86,2025-09-25
Vape Juice 30ml,29,64.18,2025-09-25
Starter Kit,7,31.27,2025-09-25
Drip Tips,15,44.49,2025-09-26
Tank Glass,9,12.9,2025-09-26
Tank Glass,12,12.68,2025-09-26
Charger,14,19.03,2025-09-26
Battery 18650,16,13.97,2025-09-26
Batteries,31,44.47,2025-09-26
Cotton Wicking,16,24.84,2025-09-26
Cotton Wicking,16,61.37,2025-09-26
Nicotine Pods,17,66.57,2025-09-26
Replacement Coils,31,18.96,2025-09-26
Zero Nicotine 30ml,32,48.59,2025-09-26
E-Liquid Premium,56,64.86,2025-09-26
Vape Juice 60ml,49,42.69,2025-09-26
Atomizers,13,51.22,2025-09-26
Atomizers,11,69.24,2025-09-26
Tanks,26,61.47,2025-09-26
Starter Kit,17,45.79,2025-09-26
Vape Mod XL,20,44.02,2025-09-26
Pod Kit,59,62.99,2025-09-26
Nicotine Pods,18,5.0,2025-09-26
Nicotine Pods,58,18.73,2025-09-27
Replacement Coils,8,10.79,2025-09-27
Replacement Coils,12,15.7,2025-09-27
Cotton Wicking,31,38.3,2025-09-27
Batteries,34,23.01,2025-09-27
Battery 18650,19,19.45,2025-09-27
Tank Glass,15,25.18,2025-09-27
Drip Tips,7,28.68,2025-09-27
Charger,8,24.68,2025-09-27
Charger,7,16.98,2025-09-27
Drip Tips,6,32.85,2025-09-27
Zero Nicotine 30ml,19,11.04,2025-09-27
Chargers,10,32.17,2025-09-27
Zero Nicotine 30ml,22,31.45,2025-09-27
Chargers,12,53.45,2025-09-27
E-Liquid Premium,34,50.11,2025-09-27
E-Liquid Premium,31,52.5,2025-09-27
Pod Kit,36,49.76,2025-09-27
Vape Mod XL,16,54.83,2025-09-27
Starter Kit,8,51.0,2025-09-27
Starter Kit,9,45.67,2025-09-27
Tanks,19,50.02,2025-09-27
Vape Juice 60ml,19,19.74,2025-09-27
Atomizers,17,14.22,2025-09-27
Atomizers,15,43.95,2025-09-27
Vape Juice 30ml,43,60.65,2025-09-27
Vape Juice 30ml,43,37.9,2025-09-27
Vape Juice 60ml,22,42.54,2025-09-27
Tanks,16,45.23,2025-09-27
Replacement Coils,12,22.95,2025-09-28
Cotton Wicking,16,46.36,2025-09-28
Cotton Wicking,16,40.41,2025-09-28
Batteries,31,19.73,2025-09-28
Battery 18650,23,24.83,2025-09-28
Tank Glass,9,8.83,2025-09-28
Charger,14,20.84,2025-09-28
Replacement Coils,12,27.8,2025-09-28
Tank Glass,9,5.0,2025-09-28
Drip Tips,10,22.05,2025-09-28
Chargers,32,36.34,2025-09-28
Zero Nicotine 30ml,27,18.02,2025-09-28
Nicotine Pods,57,19.12,2025-09-28
Vape Juice 60ml,50,39.51,2025-09-28
Pod Kit,24,59.8,2025-09-28
E-Liquid Premium,82,56.85,2025-09-28
Vape Mod XL,20,37.33,2025-09-28
Starter Kit,24,33.17,2025-09-28
Tanks,13,86.85,2025-09-28
Tanks,15,60.19,2025-09-28
Pod Kit,23,50.0,2025-09-28
Atomizers,6,61.66,2025-09-28
Atomizers,8,53.86,2025-09-28
Vape Juice 30ml,46,54.08,2025-09-28
Vape Juice 30ml,43,68.09,2025-09-28
Atomizers,6,54.33,2025-09-28
Cotton Wicking,21,8.77,2025-09-29
Drip Tips,5,33.67,2025-09-29
Drip Tips,2,45.85,2025-09-29
Drip Tips,3,42.07,2025-09-29
Charger,10,20.25,2025-09-29
Chargers,7,37.12,2025-09-29
Chargers,6,35.95,2025-09-29
Battery 18650,15,20.38,2025-09-29
Batteries,23,30.47,2025-09-29
Nicotine Pods,16,8.32,2025-09-29
Replacement Coils,20,18.17,2025-09-29
Nicotine Pods,18,44.63,2025-09-29
E-Liquid Premium,60,28.55,2025-09-29
Vape Juice 60ml,44,43.34,2025-09-29
Vape Juice 30ml,49,39.76,2025-09-29
Atomizers,19,64.15,2025-09-29
Tanks,25,67.24,2025-09-29
Starter Kit,16,18.14,2025-09-29
Vape Mod XL,11,73.76,2025-09-29
Pod Kit,11,61.48,2025-09-29
Pod Kit,14,46.76,2025-09-29
Cotton Wicking,29,10.51,2025-09-30
Batteries,23,16.44,2025-09-30
Battery 18650,9,21.31,2025-09-30
Battery 18650,10,13.65,2025-09-30
Chargers,11,46.14,2025-09-30
Replacement Coils,11,16.44,2025-09-30
Charger,6,17.63,2025-09-30
Charger,7,15.15,2025-09-30
Tank Glass,10,21.11,2025-09-30
Replacement Coils,11,14.62,2025-09-30
Chargers,10,47.51,2025-09-30
Drip Tips,10,40.5,2025-09-30
Vape Juice 60ml,35,43.73,2025-09-30
Zero Nicotine 30ml,32,31.23,2025-09-30
E-Liquid Premium,62,56.4,2025-09-30
Vape Juice 30ml,23,49.24,2025-09-30
Vape Juice 30ml,25,49.32,2025-09-30
Atomizers,24,45.33,2025-09-30
Tanks,12,60.2,2025-09-30
Tanks,14,49.33,2025-09-30
Starter Kit,12,40.11,2025-09-30
Vape Mod XL,13,46.56,2025-09-30
Pod Kit,35,52.83,2025-09-30
Nicotine Pods,29,48.7,2025-09-30
Batteries,28,56.13,2025-10-01
Replacement Coils,13,19.18,2025-10-01
Cotton Wicking,21,5.0,2025-10-01
Battery 18650,3,22.19,2025-10-01
Replacement Coils,9,29.5,2025-10-01
Chargers,21,37.46,2025-10-01
Charger,7,19.97,2025-10-01
Tank Glass,3,13.03,2025-10-01
Drip Tips,3,27.89,2025-10-01
Drip Tips,6,35.8,2025-10-01
Nicotine Pods,16,53.94,2025-10-01
Tank Glass,3,21.62,2025-10-01
Zero Nicotine 30ml,27,39.99,2025-10-01
Nicotine Pods,19,57.61,2025-10-01
Pod Kit,28,71.9,2025-10-01
Vape Mod XL,11,49.81,2025-10-01
Starter Kit,16,38.66,2025-10-01
Tanks,18,56.04,2025-10-01
Battery 18650,3,17.38,2025-10-01
Atomizers,22,20.31,2025-10-01
Vape Juice 30ml,43,56.77,2025-10-01
Vape Juice 60ml,40,44.28,2025-10-01
E-Liquid Premium,35,46.07,2025-10-01
Tanks,17,46.8,2025-10-01
E-Liquid Premium,33,29.43,2025-10-01
Tank Glass,2,13.89,2025-10-02
Tank Glass,4,11.42,2025-10-02
Tank Glass,4,29.18,2025-10-02
Charger,13,23.45,2025-10-02
Battery 18650,15,21.79,2025-10-02
Batteries,27,55.13,2025-10-02
Nicotine Pods,30,30.02,2025-10-02
Zero Nicotine 30ml,29,41.84,2025-10-02
Cotton Wicking,23,61.29,2025-10-02
Vape Juice 60ml,53,42.48,2025-10-02
Vape Juice 30ml,77,31.12,2025-10-02
Atomizers,21,39.88,2025-10-02
Tanks,31,50.9,2025-10-02
Starter Kit,6,34.87,2025-10-02
Starter Kit,10,36.17,2025-10-02
Vape Mod XL,13,40.77,2025-10-02
Pod Kit,42,49.16,2025-10-02
E-Liquid Premium,42,48.52,2025-10-02
Cotton Wicking,25,37.65,2025-10-03
Batteries,23,55.08,2025-10-03
Battery 18650,21,19.4,2025-10-03
Chargers,9,13.98,2025-10-03
Drip Tips,12,32.59,2025-10-03
Charger,2,15.69,2025-10-03
Charger,3,14.45,2025-10-03
Charger,3,13.86,2025-10-03
Replacement Coils,20,17.55,2025-10-03
Chargers,9,37.7,2025-10-03
Nicotine Pods,28,46.86,2025-10-03
Tanks,37,47.78,2025-10-03
Zero Nicotine 30ml,28,14.74,2025-10-03
Nicotine Pods,26,26.48,2025-10-03
Vape Mod XL,10,61.21,2025-10-03
Vape Mod XL,9,60.79,2025-10-03
Starter Kit,15,27.81,2025-10-03
Pod Kit,42,52.55,2025-10-03
Atomizers,18,65.44,2025-10-03
Vape Juice 30ml,61,30.42,2025-10-03
Vape Juice 60ml,67,43.76,2025-10-03
E-Liquid Premium,70,59.91,2025-10-03
Atomizers,18,38.59,2025-10-03
Replacement Coils,31,17.89,2025-10-04
Drip Tips,5,20.54,2025-10-04
Drip Tips,3,45.69,2025-10-04
Tank Glass,14,24.68,2025-10-04
Charger,12,21.35,2025-10-04
Drip Tips,3,50.69,2025-10-04
Chargers,26,68.68,2025-10-04
Battery 18650,21,18.39,2025-10-04
Batteries,34,42.29,2025-10-04
Cotton Wicking,37,5.0,2025-10-04
Nicotine Pods,19,50.07,2025-10-04
Tanks,32,78.91,2025-10-04
Zero Nicotine 30ml,40,46.44,2025-10-04
Nicotine Pods,16,69.21,2025-10-04
Pod Kit,30,66.82,2025-10-04
Vape Mod XL,20,46.42,2025-10-04
Starter Kit,15,19.86,2025-10-04
Pod Kit,32,59.49,2025-10-04
Vape Juice 60ml,38,36.22,2025-10-04
E-Liquid Premium,45,61.85,2025-10-04
Vape Juice 30ml,52,41.5,2025-10-04
E-Liquid Premium,46,55.79,2025-10-04
Tank Glass,15,20.83,2025-10-05
Charger,13,32.08,2025-10-05
Chargers,26,5.0,2025-10-05
Battery 18650,16,27.02,2025-10-05
Batteries,31,10.79,2025-10-05
Cotton Wicking,14,56.97,2025-10-05
Cotton Wicking,14,24.23,2025-10-05
Replacement Coils,13,5.0,2025-10-05
Replacement Coils,14,26.17,2025-10-05
Zero Nicotine 30ml,29,37.51,2025-10-05
Vape Juice 60ml,22,39.15,2025-10-05
Replacement Coils,10,17.46,2025-10-05
Vape Juice 30ml,38,42.95,2025-10-05
Vape Juice 60ml,21,32.75,2025-10-05
Pod Kit,62,49.95,2025-10-05
Vape Mod XL,11,21.67,2025-10-05
Vape Mod XL,13,33.47,2025-10-05
Starter Kit,16,39.55,2025-10-05
E-Liquid Premium,68,52.81,2025-10-05
Tanks,18,68.58,2025-10-05
Atomizers,15,30.84,2025-10-05
Atomizers,16,51.46,2025-10-05
Vape Juice 30ml,42,58.23,2025-10-05
Tanks,17,65.2,2025-10-05
Drip Tips,6,31.5,2025-10-06
Drip Tips,5,43.22,2025-10-06
Tank Glass,5,24.75,2025-10-06
Tank Glass,6,20.48,2025-10-06
Charger,6,20.75,2025-10-06
Chargers,2,52.16,2025-10-06
Chargers,5,7.74,2025-10-06
Chargers,1,56.01,2025-10-06
Battery 18650,3,29.68,2025-10-06
Battery 18650,2,21.1,2025-10-06
Batteries,21,45.8,2025-10-06
Replacement Coils,21,14.5,2025-10-06
Zero Nicotine 30ml,9,17.75,2025-10-06
Nicotine Pods,21,55.83,2025-10-06
Pod Kit,22,51.62,2025-10-06
Tanks,22,53.44,2025-10-06
Atomizers,15,45.19,2025-10-06
Starter Kit,14,27.43,2025-10-06
Vape Juice 30ml,20,30.31,2025-10-06
Vape Juice 60ml,29,45.22,2025-10-06
E-Liquid Premium,54,60.53,2025-10-06
Zero Nicotine 30ml,12,34.52,2025-10-06
Vape Juice 30ml,18,40.78,2025-10-06
Batteries,22,36.02,2025-10-07
Replacement Coils,12,9.81,2025-10-07
Cotton Wicking,8,76.9,2025-10-07
Cotton Wicking,8,63.47,2025-10-07
Cotton Wicking,6,46.55,2025-10-07
Battery 18650,3,26.51,2025-10-07
Drip Tips,6,20.96,2025-10-07
Charger,6,17.94,2025-10-07
Charger,3,23.17,2025-10-07
Tank Glass,7,28.54,2025-10-07
Tank Glass,4,5.0,2025-10-07
Nicotine Pods,13,8.84,2025-10-07
Drip Tips,4,27.91,2025-10-07
Battery 18650,4,27.4,2025-10-07
Zero Nicotine 30ml,9,43.89,2025-10-07
Nicotine Pods,11,60.59,2025-10-07
Vape Mod XL,10,40.89,2025-10-07
Pod Kit,23,53.37,2025-10-07
Zero Nicotine 30ml,8,30.68,2025-10-07
Starter Kit,6,33.04,2025-10-07
Starter Kit,7,26.01,2025-10-07
Tanks,9,63.98,2025-10-07
Atomizers,12,73.82,2025-10-07
Tanks,8,41.72,2025-10-07
Vape Juice 30ml,18,14.86,2025-10-07
Vape Juice 30ml,19,67.83,2025-10-07
Vape Juice 60ml,20,41.73,2025-10-07
Vape Juice 60ml,17,39.1,2025-10-07
E-Liquid Premium,23,36.44,2025-10-07
E-Liquid Premium,26,85.68,2025-10-07
Vape Juice 30ml,17,40.16,2025-10-07
Batteries,3,47.51,2025-10-08
Cotton Wicking,6,41.22,2025-10-08
Cotton Wicking,4,24.89,2025-10-08
Batteries,3,17.59,2025-10-08
Batteries,5,29.61,2025-10-08
Cotton Wicking,4,56.99,2025-10-08
Battery 18650,8,27.51,2025-10-08
Chargers,19,31.59,2025-10-08
Charger,4,10.79,2025-10-08
Charger,1,15.63,2025-10-08
Drip Tips,7,26.25,2025-10-08
Battery 18650,5,15.72,2025-10-08
Replacement Coils,12,18.67,2025-10-08
Atomizers,18,39.33,2025-10-08
Nicotine Pods,9,20.51,2025-10-08
Pod Kit,33,38.0,2025-10-08
Vape Mod XL,1,56.41,2025-10-08
Vape Mod XL,2,52.65,2025-10-08
Starter Kit,6,20.49,2025-10-08
Starter Kit,7,44.88,2025-10-08
Vape Mod XL,1,50.08,2025-10-08
Vape Juice 60ml,25,43.78,2025-10-08
E-Liquid Premium,45,60.5,2025-10-08
Nicotine Pods,8,16.22,2025-10-08
Tanks,19,55.98,2025-10-08
Nicotine Pods,7,5.0,2025-10-08
Drip Tips,5,11.45,2025-10-09
Cotton Wicking,31,7.4,2025-10-09
Drip Tips,3,40.57,2025-10-09
Tank Glass,11,27.78,2025-10-09
Charger,9,16.93,2025-10-09
Chargers,16,22.12,2025-10-09
Battery 18650,3,11.44,2025-10-09
Battery 18650,5,26.89,2025-10-09
Batteries,14,54.84,2025-10-09
Batteries,11,21.66,2025-10-09
Nicotine Pods,25,79.02,2025-10-09
Zero Nicotine 30ml,21,40.03,2025-10-09
E-Liquid Premium,52,31.48,2025-10-09
Vape Juice 60ml,42,36.85,2025-10-09
Vape Juice 30ml,62,45.55,2025-10-09
Tanks,12,75.15,2025-10-09
Tanks,15,71.8,2025-10-09
Vape Mod XL,13,53.59,2025-10-09
Pod Kit,11,59.41,2025-10-09
Pod Kit,10,59.8,2025-10-09
Replacement Coils,19,25.4,2025-10-09
Cotton Wicking,8,45.19,2025-10-10
Cotton Wicking,11,39.86,2025-10-10
Cotton Wicking,7,35.37,2025-10-10
Batteries,7,19.53,2025-10-10
Tank Glass,7,26.8,2025-10-10
Batteries,5,25.84,2025-10-10
Battery 18650,15,25.86,2025-10-10
Charger,11,26.01,2025-10-10
Replacement Coils,16,17.65,2025-10-10
Batteries,9,6.44,2025-10-10
Nicotine Pods,41,42.46,2025-10-10
Tank Glass,5,19.8,2025-10-10
E-Liquid Premium,18,58.15,2025-10-10
Pod Kit,46,80.07,2025-10-10
E-Liquid Premium,18,43.89,2025-10-10
Vape Mod XL,6,53.35,2025-10-10
Starter Kit,11,41.8,2025-10-10
Tanks,30,60.88,2025-10-10
Vape Mod XL,8,22.03,2025-10-10
Vape Juice 30ml,51,27.55,2025-10-10
Vape Juice 60ml,16,19.61,2025-10-10
Vape Juice 60ml,16,30.11,2025-10-10
E-Liquid Premium,18,48.26,2025-10-10
Atomizers,25,68.91,2025-10-10
Cotton Wicking,15,21.43,2025-10-11
Nicotine Pods,6,22.79,2025-10-11
Replacement Coils,6,27.33,2025-10-11
Replacement Coils,8,35.8,2025-10-11
Replacement Coils,6,9.56,2025-10-11
Cotton Wicking,13,5.0,2025-10-11
Tank Glass,15,21.13,2025-10-11
Battery 18650,3,22.24,2025-10-11
Battery 18650,6,10.63,2025-10-11
Chargers,19,42.82,2025-10-11
Charger,9,22.47,2025-10-11
Nicotine Pods,8,49.53,2025-10-11
Drip Tips,12,21.11,2025-10-11
Batteries,25,17.98,2025-10-11
Nicotine Pods,10,87.55,2025-10-11
Zero Nicotine 30ml,13,37.02,2025-10-11
Zero Nicotine 30ml,9,57.59,2025-10-11
Pod Kit,22,41.96,2025-10-11
Starter Kit,12,48.23,2025-10-11
Tanks,6,51.39,2025-10-11
Tanks,10,71.11,2025-10-11
Tanks,8,85.62,2025-10-11
Atomizers,11,63.59,2025-10-11
Pod Kit,20,49.76,2025-10-11
Vape Juice 30ml,58,24.69,2025-10-11
Vape Juice 60ml,19,34.29,2025-10-11
Vape Juice 60ml,19,30.3,2025-10-11
E-Liquid Premium,58,22.8,2025-10-11
Zero Nicotine 30ml,12,37.15,2025-10-11
Atomizers,14,19.51,2025-10-11
Batteries,6,37.47,2025-10-12
Batteries,7,34.06,2025-10-12
Batteries,6,22.91,2025-10-12
Battery 18650,8,19.3,2025-10-12
Drip Tips,12,28.58,2025-10-12
Chargers,8,31.58,2025-10-12
Chargers,6,36.28,2025-10-12
Charger,9,14.16,2025-10-12
Tank Glass,17,7.33,2025-10-12
Replacement Coils,27,26.96,2025-10-12
Battery 18650,6,25.74,2025-10-12
Zero Nicotine 30ml,24,25.46,2025-10-12
Battery 18650,6,18.1,2025-10-12
E-Liquid Premium,15,9.03,2025-10-12
E-Liquid Premium,13,36.92,2025-10-12
Pod Kit,15,42.87,2025-10-12
Pod Kit,14,65.52,2025-10-12
Vape Mod XL,17,63.82,2025-10-12
Starter Kit,16,23.82,2025-10-12
Pod Kit,15,40.74,2025-10-12
Atomizers,8,39.36,2025-10-12
Atomizers,10,45.33,2025-10-12
Vape Juice 30ml,48,32.14,2025-10-12
Vape Juice 60ml,40,24.46,2025-10-12
E-Liquid Premium,14,46.14,2025-10-12
Tanks,35,44.49,2025-10-12
Cotton Wicking,23,51.43,2025-10-13
Drip Tips,6,18.27,2025-10-13
Tank Glass,10,5.0,2025-10-13
Charger,4,29.43,2025-10-13
Charger,4,22.13,2025-10-13
Chargers,14,36.27,2025-10-13
Battery 18650,8,24.31,2025-10-13
Batteries,20,53.73,2025-10-13
Replacement Coils,19,21.65,2025-10-13
E-Liquid Premium,24,24.26,2025-10-13
E-Liquid Premium,21,48.24,2025-10-13
Vape Juice 60ml,27,51.93,2025-10-13
Vape Juice 30ml,32,31.28,2025-10-13
Atomizers,7,36.33,2025-10-13
Atomizers,8,88.44,2025-10-13
Tanks,22,71.53,2025-10-13
Starter Kit,12,22.39,2025-10-13
Vape Mod XL,12,32.19,2025-10-13
Nicotine Pods,30,16.6,2025-10-13
Nicotine Pods,21,49.23,2025-10-14
Replacement Coils,14,10.46,2025-10-14
Cotton Wicking,10,45.85,2025-10-14
Cotton Wicking,13,56.1,2025-10-14
Batteries,14,66.25,2025-10-14
Drip Tips,6,32.6,2025-10-14
Chargers,10,58.07,2025-10-14
Charger,6,22.01,2025-10-14
Charger,3,20.06,2025-10-14
Tank Glass,12,25.51,2025-10-14
Battery 18650,7,14.98,2025-10-14
Zero Nicotine 30ml,16,31.05,2025-10-14
Pod Kit,14,48.41,2025-10-14
Vape Juice 60ml,33,45.69,2025-10-14
Vape Juice 30ml,19,48.24,2025-10-14
Vape Juice 30ml,17,42.36,2025-10-14
Atomizers,4,77.38,2025-10-14
Atomizers,6,56.81,2025-10-14
Atomizers,2,72.46,2025-10-14
Starter Kit,12,47.44,2025-10-14
Vape Mod XL,4,56.09,2025-10-14
Vape Mod XL,6,40.82,2025-10-14
Pod Kit,16,59.11,2025-10-14
E-Liquid Premium,39,72.59,2025-10-14
Batteries,4,43.81,2025-10-15
Batteries,6,40.25,2025-10-15
Battery 18650,4,29.37,2025-10-15
Battery 18650,4,19.06,2025-10-15
Chargers,10,33.35,2025-10-15
Drip Tips,4,46.54,2025-10-15
Tank Glass,5,26.99,2025-10-15
Tank Glass,3,10.99,2025-10-15
Drip Tips,5,12.05,2025-10-15
Cotton Wicking,21,15.29,2025-10-15
Charger,8,23.64,2025-10-15
Replacement Coils,5,32.05,2025-10-15
Pod Kit,27,43.21,2025-10-15
Replacement Coils,4,45.89,2025-10-15
Starter Kit,4,31.6,2025-10-15
Starter Kit,4,23.54,2025-10-15
Tanks,20,64.67,2025-10-15
Atomizers,8,64.6,2025-10-15
Atomizers,5,72.6,2025-10-15
Replacement Coils,6,18.26,2025-10-15
Vape Juice 60ml,27,30.69,2025-10-15
E-Liquid Premium,15,57.77,2025-10-15
E-Liquid Premium,16,66.98,2025-10-15
Nicotine Pods,31,65.48,2025-10-15
Vape Juice 30ml,48,46.97,2025-10-15
Batteries,19,58.06,2025-10-16
Battery 18650,15,28.26,2025-10-16
Chargers,10,61.06,2025-10-16
Chargers,10,23.89,2025-10-16
Charger,2,24.91,2025-10-16
Charger,3,20.07,2025-10-16
Tank Glass,9,5.0,2025-10-16
Drip Tips,1,30.56,2025-10-16
Drip Tips,2,40.88,2025-10-16
Replacement Coils,22,27.07,2025-10-16
Charger,1,16.5,2025-10-16
Zero Nicotine 30ml,28,33.66,2025-10-16
Vape Juice 60ml,32,36.11,2025-10-16
E-Liquid Premium,19,47.12,2025-10-16
Pod Kit,24,64.85,2025-10-16
Vape Mod XL,9,53.07,2025-10-16
E-Liquid Premium,19,48.96,2025-10-16
Starter Kit,8,34.46,2025-10-16
Tanks,7,53.64,2025-10-16
Starter Kit,10,43.88,2025-10-16
Atomizers,13,77.81,2025-10-16
Vape Juice 30ml,11,43.77,2025-10-16
Vape Juice 30ml,11,39.88,2025-10-16
Vape Juice 30ml,11,40.72,2025-10-16
Tanks,10,61.57,2025-10-16
Replacement Coils,16,8.57,2025-10-17
Drip Tips,13,28.59,2025-10-17
Tank Glass,15,26.01,2025-10-17
Charger,3,17.74,2025-10-17
Charger,4,19.55,2025-10-17
Chargers,14,61.49,2025-10-17
Battery 18650,11,17.05,2025-10-17
Nicotine Pods,27,36.6,2025-10-17
Zero Nicotine 30ml,7,29.89,2025-10-17
Zero Nicotine 30ml,9,29.76,2025-10-17
Vape Juice 60ml,41,39.91,2025-10-17
Vape Juice 30ml,23,46.1,2025-10-17
Vape Juice 30ml,22,40.46,2025-10-17
Atomizers,13,36.38,2025-10-17
Atomizers,13,38.75,2025-10-17
Tanks,24,73.62,2025-10-17
Starter Kit,18,27.51,2025-10-17
Zero Nicotine 30ml,7,20.04,2025-10-17
Cotton Wicking,5,58.72,2025-10-18
Cotton Wicking,5,39.86,2025-10-18
Cotton Wicking,7,5.0,2025-10-18
Batteries,25,45.66,2025-10-18
Drip Tips,3,10.61,2025-10-18
Charger,11,16.48,2025-10-18
Tank Glass,13,20.38,2025-10-18
Drip Tips,5,28.98,2025-10-18
Replacement Coils,15,14.24,2025-10-18
Chargers,19,44.04,2025-10-18
Replacement Coils,11,9.44,2025-10-18
Nicotine Pods,14,33.32,2025-10-18
Vape Mod XL,11,59.44,2025-10-18
Zero Nicotine 30ml,29,34.23,2025-10-18
E-Liquid Premium,40,59.46,2025-10-18
Vape Juice 60ml,30,33.95,2025-10-18
Atomizers,15,36.95,2025-10-18
Tanks,15,74.36,2025-10-18
Tanks,13,70.88,2025-10-18
Starter Kit,18,44.34,2025-10-18
Nicotine Pods,15,56.42,2025-10-18
Pod Kit,31,63.26,2025-10-18
Battery 18650,4,21.28,2025-10-19
Battery 18650,2,17.93,2025-10-19
Drip Tips,12,33.17,2025-10-19
Batteries,6,30.86,2025-10-19
Batteries,7,29.42,2025-10-19
Batteries,5,68.43,2025-10-19
Chargers,8,42.26,2025-10-19
Cotton Wicking,13,15.01,2025-10-19
Chargers,7,29.66,2025-10-19
Charger,2,18.19,2025-10-19
Charger,3,19.83,2025-10-19
Charger,2,18.79,2025-10-19
Tank Glass,6,5.0,2025-10-19
Tank Glass,7,17.6,2025-10-19
Chargers,6,67.53,2025-10-19
Cotton Wicking,11,42.63,2025-10-19
Battery 18650,4,23.43,2025-10-19
Replacement Coils,6,28.71,2025-10-19
Replacement Coils,4,26.49,2025-10-19
Vape Mod XL,17,29.97,2025-10-19
Tanks,32,56.94,2025-10-19
Atomizers,8,70.51,2025-10-19
Atomizers,8,53.14,2025-10-19
Atomizers,7,59.48,2025-10-19
Vape Juice 30ml,50,47.75,2025-10-19
Starter Kit,14,41.16,2025-10-19
E-Liquid Premium,34,48.18,2025-10-19
Zero Nicotine 30ml,11,21.89,2025-10-19
Zero Nicotine 30ml,12,46.62,2025-10-19
Nicotine Pods,22,87.47,2025-10-19
Replacement Coils,6,14.92,2025-10-19
Nicotine Pods,21,30.53,2025-10-19
E-Liquid Premium,34,20.24,2025-10-19
Cotton Wicking,19,48.42,2025-10-20
Batteries,17,13.55,2025-10-20
Battery 18650,7,23.73,2025-10-20
Chargers,1,24.79,2025-10-20
Charger,1,23.51,2025-10-20
Chargers,1,22.11,2025-10-20
Charger,1,17.8,2025-10-20
Tank Glass,10,23.57,2025-10-20
Drip Tips,9,19.26,2025-10-20
Replacement Coils,19,8.72,2025-10-20
Chargers,2,41.09,2025-10-20
Nicotine Pods,10,47.99,2025-10-20
E-Liquid Premium,39,41.31,2025-10-20
Nicotine Pods,7,67.31,2025-10-20
Nicotine Pods,7,47.56,2025-10-20
Pod Kit,17,70.28,2025-10-20
Vape Mod XL,13,21.6,2025-10-20
Starter Kit,5,43.3,2025-10-20
Starter Kit,6,44.66,2025-10-20
Pod Kit,14,47.13,2025-10-20
Vape Juice 30ml,23,29.89,2025-10-20
Vape Juice 30ml,23,41.75,2025-10-20
Vape Juice 60ml,20,18.25,2025-10-20
Zero Nicotine 30ml,19,38.38,2025-10-20
Atomizers,11,58.58,2025-10-20
Drip Tips,3,21.44,2025-10-21
Drip Tips,5,26.12,2025-10-21
Drip Tips,1,37.35,2025-10-21
Tank Glass,11,14.38,2025-10-21
Chargers,10,42.4,2025-10-21
Chargers,9,38.18,2025-10-21
Battery 18650,9,14.11,2025-10-21
Batteries,20,41.26,2025-10-21
Cotton Wicking,5,32.56,2025-10-21
Nicotine Pods,17,68.54,2025-10-21
Cotton Wicking,9,50.82,2025-10-21
Vape Juice 60ml,10,35.14,2025-10-21
Nicotine Pods,15,39.95,2025-10-21
Pod Kit,23,63.68,2025-10-21
Tanks,12,31.81,2025-10-21
Tanks,15,62.48,2025-10-21
Vape Mod XL,12,20.02,2025-10-21
Vape Juice 30ml,25,44.84,2025-10-21
Vape Juice 30ml,21,37.39,2025-10-21
Vape Juice 60ml,7,24.28,2025-10-21
Vape Juice 60ml,11,37.01,2025-10-21
Atomizers,20,89.45,2025-10-21
Batteries,6,38.43,2025-10-22
Replacement Coils,14,16.93,2025-10-22
Cotton Wicking,23,15.81,2025-10-22
Batteries,3,72.44,2025-10-22
Batteries,3,27.02,2025-10-22
Battery 18650,5,19.61,2025-10-22
Tank Glass,1,25.29,2025-10-22
Chargers,12,41.28,2025-10-22
Charger,9,13.22,2025-10-22
Tank Glass,3,5.0,2025-10-22
Tank Glass,1,5.54,2025-10-22
Drip Tips,8,34.32,2025-10-22
Battery 18650,5,14.68,2025-10-22
Nicotine Pods,11,43.79,2025-10-22
Nicotine Pods,15,38.19,2025-10-22
Zero Nicotine 30ml,8,14.42,2025-10-22
Zero Nicotine 30ml,10,45.81,2025-10-22
Pod Kit,11,50.68,2025-10-22
Pod Kit,9,60.12,2025-10-22
Pod Kit,9,52.98,2025-10-22
Vape Mod XL,5,43.12,2025-10-22
Starter Kit,12,32.8,2025-10-22
Vape Mod XL,5,39.34,2025-10-22
Atomizers,10,75.92,2025-10-22
Atomizers,7,29.75,2025-10-22
Vape Juice 30ml,53,22.78,2025-10-22
Vape Juice 60ml,19,31.55,2025-10-22
Vape Juice 60ml,17,38.78,2025-10-22
E-Liquid Premium,43,55.54,2025-10-22
Tanks,27,73.88,2025-10-22
Batteries,17,48.89,2025-10-23
Replacement Coils,9,29.32,2025-10-23
Replacement Coils,7,18.03,2025-10-23
Cotton Wicking,13,28.64,2025-10-23
Cotton Wicking,14,37.31,2025-10-23
Chargers,5,54.41,2025-10-23
Nicotine Pods,16,10.3,2025-10-23
Chargers,6,51.08,2025-10-23
Charger,10,19.34,2025-10-23
Tank Glass,9,20.54,2025-10-23
Drip Tips,3,10.88,2025-10-23
Drip Tips,6,35.55,2025-10-23
Chargers,7,27.96,2025-10-23
Nicotine Pods,19,39.97,2025-10-23
Starter Kit,8,39.23,2025-10-23
Zero Nicotine 30ml,10,34.0,2025-10-23
Vape Mod XL,9,57.52,2025-10-23
Starter Kit,8,35.48,2025-10-23
Zero Nicotine 30ml,12,8.61,2025-10-23
Tanks,8,61.11,2025-10-23
Tanks,8,48.82,2025-10-23
Vape Mod XL,8,63.6,2025-10-23
Atomizers,12,40.06,2025-10-23
Vape Juice 30ml,27,55.87,2025-10-23
Vape Juice 30ml,25,65.68,2025-10-23
Vape Juice 60ml,44,36.64,2025-10-23
E-Liquid Premium,54,23.46,2025-10-23
Atomizers,10,36.07,2025-10-23
Batteries,21,26.77,2025-10-24
Battery 18650,5,15.14,2025-10-24
Battery 18650,7,14.82,2025-10-24
Chargers,6,36.61,2025-10-24
Chargers,7,59.05,2025-10-24
Tank Glass,13,13.21,2025-10-24
Charger,13,21.93,2025-10-24
Drip Tips,5,26.7,2025-10-24
Drip Tips,6,52.5,2025-10-24
Cotton Wicking,23,17.62,2025-10-24
Chargers,5,24.7,2025-10-24
Replacement Coils,27,22.81,2025-10-24
Nicotine Pods,14,77.04,2025-10-24
Pod Kit,11,56.82,2025-10-24
Nicotine Pods,14,33.84,2025-10-24
Pod Kit,10,39.99,2025-10-24
Pod Kit,13,51.09,2025-10-24
Starter Kit,20,28.51,2025-10-24
Tanks,28,69.22,2025-10-24
Vape Mod XL,12,17.86,2025-10-24
Vape Juice 30ml,71,68.0,2025-10-24
Vape Juice 60ml,54,41.63,2025-10-24
E-Liquid Premium,52,57.39,2025-10-24
Nicotine Pods,16,58.74,2025-10-24
Atomizers,28,55.08,2025-10-24
Chargers,9,38.34,2025-10-25
Batteries,8,73.48,2025-10-25
Batteries,10,32.25,2025-10-25
Battery 18650,16,24.22,2025-10-25
Chargers,11,60.54,2025-10-25
Batteries,9,51.12,2025-10-25
Charger,4,26.08,2025-10-25
Tank Glass,7,14.3,2025-10-25
Tank Glass,11,18.29,2025-10-25
Drip Tips,11,16.69,2025-10-25
Charger,5,20.31,2025-10-25
Cotton Wicking,36,43.51,2025-10-25
E-Liquid Premium,41,45.84,2025-10-25
Zero Nicotine 30ml,13,35.86,2025-10-25
Pod Kit,50,50.92,2025-10-25
Starter Kit,23,23.56,2025-10-25
Tanks,39,52.68,2025-10-25
Atomizers,11,61.06,2025-10-25
Atomizers,10,53.36,2025-10-25
Vape Mod XL,14,41.62,2025-10-25
Vape Juice 60ml,68,58.14,2025-10-25
E-Liquid Premium,40,67.43,2025-10-25
Zero Nicotine 30ml,15,39.67,2025-10-25
Vape Juice 30ml,77,44.54,2025-10-25
Replacement Coils,33,9.67,2025-10-25
Drip Tips,11,33.49,2025-10-26
Replacement Coils,36,21.27,2025-10-26
Tank Glass,7,14.66,2025-10-26
Tank Glass,6,5.0,2025-10-26
Charger,15,21.4,2025-10-26
Chargers,14,45.39,2025-10-26
Chargers,15,30.4,2025-10-26
Batteries,28,45.66,2025-10-26
Cotton Wicking,35,63.17,2025-10-26
E-Liquid Premium,56,45.95,2025-10-26
Vape Juice 60ml,27,44.83,2025-10-26
Vape Juice 60ml,26,46.05,2025-10-26
Vape Juice 30ml,76,58.11,2025-10-26
Atomizers,22,61.04,2025-10-26
Tanks,28,60.33,2025-10-26
Starter Kit,16,40.01,2025-10-26
Vape Mod XL,16,69.16,2025-10-26
Pod Kit,46,56.54,2025-10-26
Nicotine Pods,52,81.95,2025-10-26
Batteries,10,72.7,2025-10-27
Batteries,11,38.4,2025-10-27
Battery 18650,6,15.3,2025-10-27
Battery 18650,7,18.24,2025-10-27
Drip Tips,10,28.86,2025-10-27
Chargers,10,80.03,2025-10-27
Chargers,10,29.5,2025-10-27
Charger,7,18.23,2025-10-27
Cotton Wicking,27,5.0,2025-10-27
Battery 18650,7,17.16,2025-10-27
Replacement Coils,21,15.99,2025-10-27
Tank Glass,15,16.7,2025-10-27
Zero Nicotine 30ml,11,26.75,2025-10-27
Pod Kit,18,61.49,2025-10-27
Pod Kit,18,60.02,2025-10-27
Vape Mod XL,18,41.5,2025-10-27
Starter Kit,14,40.57,2025-10-27
Nicotine Pods,25,48.57,2025-10-27
Atomizers,14,56.69,2025-10-27
Vape Juice 30ml,49,38.94,2025-10-27
Vape Juice 60ml,30,41.25,2025-10-27
Zero Nicotine 30ml,14,21.56,2025-10-27
Tanks,25,61.91,2025-10-27
Replacement Coils,18,31.1,2025-10-28
Drip Tips,2,28.04,2025-10-28
Drip Tips,3,39.45,2025-10-28
Tank Glass,12,13.1,2025-10-28
Charger,8,15.09,2025-10-28
Battery 18650,14,12.42,2025-10-28
Batteries,22,32.26,2025-10-28
Cotton Wicking,19,55.92,2025-10-28
Nicotine Pods,32,38.11,2025-10-28
Zero Nicotine 30ml,20,37.6,2025-10-28
E-Liquid Premium,63,42.39,2025-10-28
Vape Juice 60ml,18,5.99,2025-10-28
Vape Juice 60ml,18,26.56,2025-10-28
Vape Juice 30ml,41,45.83,2025-10-28
Tanks,17,49.61,2025-10-28
Tanks,17,57.99,2025-10-28
Starter Kit,9,20.42,2025-10-28
Starter Kit,6,40.97,2025-10-28
Pod Kit,33,70.09,2025-10-28
Cotton Wicking,15,31.6,2025-10-29
Batteries,16,34.91,2025-10-29
Battery 18650,15,24.05,2025-10-29
Charger,8,18.73,2025-10-29
Drip Tips,5,48.58,2025-10-29
Tank Glass,9,18.6,2025-10-29
Tank Glass,7,6.78,2025-10-29
Drip Tips,5,49.23,2025-10-29
Cotton Wicking,11,42.76,2025-10-29
Charger,7,23.92,2025-10-29
Nicotine Pods,32,54.04,2025-10-29
Starter Kit,15,27.41,2025-10-29
E-Liquid Premium,18,57.17,2025-10-29
E-Liquid Premium,16,35.34,2025-10-29
E-Liquid Premium,18,40.75,2025-10-29
Vape Juice 60ml,30,36.3,2025-10-29
Vape Juice 30ml,21,48.25,2025-10-29
Vape Juice 30ml,22,35.96,2025-10-29
Tanks,12,52.88,2025-10-29
Tanks,12,63.23,2025-10-29
Vape Mod XL,15,64.06,2025-10-29
Pod Kit,34,66.86,2025-10-29
Zero Nicotine 30ml,21,46.19,2025-10-29
Cotton Wicking,18,33.02,2025-10-30
Batteries,34,24.24,2025-10-30
Battery 18650,7,18.75,2025-10-30
Battery 18650,7,19.08,2025-10-30
Chargers,12,64.24,2025-10-30
Drip Tips,4,23.14,2025-10-30
Charger,4,17.0,2025-10-30
Drip Tips,4,16.72,2025-10-30
Charger,7,16.34,2025-10-30
Tank Glass,12,18.13,2025-10-30
Cotton Wicking,17,38.26,2025-10-30
Chargers,12,46.38,2025-10-30
Replacement Coils,28,12.82,2025-10-30
Vape Mod XL,21,38.19,2025-10-30
Nicotine Pods,15,5.0,2025-10-30
Pod Kit,12,49.88,2025-10-30
Pod Kit,15,72.5,2025-10-30
Starter Kit,15,26.9,2025-10-30
Tanks,23,72.74,2025-10-30
Atomizers,28,53.91,2025-10-30
Pod Kit,15,39.11,2025-10-30
Vape Juice 60ml,19,20.33,2025-10-30
Vape Juice 30ml,63,60.29,2025-10-30
Zero Nicotine 30ml,29,20.45,2025-10-30
Nicotine Pods,12,71.35,2025-10-30
Vape Juice 60ml,23,32.6,2025-10-30
E-Liquid Premium,47,21.85,2025-10-30
Nicotine Pods,14,41.85,2025-10-31
Drip Tips,13,21.09,2025-10-31
Tank Glass,13,22.45,2025-10-31
Tank Glass,13,14.99,2025-10-31
Battery 18650,15,20.17,2025-10-31
Batteries,40,36.18,2025-10-31
Cotton Wicking,20,20.15,2025-10-31
Cotton Wicking,16,69.26,2025-10-31
Replacement Coils,28,28.76,2025-10-31
Nicotine Pods,12,25.05,2025-10-31
Chargers,27,53.75,2025-10-31
Nicotine Pods,14,43.58,2025-10-31
E-Liquid Premium,54,52.88,2025-10-31
Vape Juice 60ml,33,51.19,2025-10-31
Vape Juice 60ml,34,32.72,2025-10-31
Atomizers,28,56.03,2025-10-31
Tanks,35,54.46,2025-10-31
Starter Kit,26,21.78,2025-10-31
Vape Mod XL,16,35.9,2025-10-31
Pod Kit,18,70.63,2025-10-31
Pod Kit,21,47.64,2025-10-31
Zero Nicotine 30ml,33,35.47,2025-10-31
Batteries,22,68.37,2025-11-01
Batteries,24,48.47,2025-11-01
Battery 18650,26,23.63,2025-11-01
Chargers,43,50.57,2025-11-01
Drip Tips,19,38.76,2025-11-01
Tank Glass,12,6.82,2025-11-01
Charger,7,19.19,2025-11-01
Charger,8,21.6,2025-11-01
Tank Glass,12,15.32,2025-11-01
Cotton Wicking,47,42.6,2025-11-01
Charger,5,18.38,2025-11-01
Replacement Coils,32,23.57,2025-11-01
Starter Kit,9,53.31,2025-11-01
Zero Nicotine 30ml,26,31.47,2025-11-01
Pod Kit,81,48.18,2025-11-01
Vape Mod XL,16,73.91,2025-11-01
Vape Mod XL,18,43.72,2025-11-01
Starter Kit,9,22.26,2025-11-01
Zero Nicotine 30ml,26,36.5,2025-11-01
Tanks,48,56.65,2025-11-01
Vape Juice 30ml,78,56.81,2025-11-01
Vape Juice 60ml,89,8.09,2025-11-01
E-Liquid Premium,81,56.14,2025-11-01
Starter Kit,12,35.18,2025-11-01
Drip Tips,11,27.84,2025-11-02
Drip Tips,7,49.36,2025-11-02
Tank Glass,32,5.0,2025-11-02
Charger,21,16.35,2025-11-02
Chargers,30,48.96,2025-11-02
Batteries,32,14.52,2025-11-02
Cotton Wicking,53,32.15,2025-11-02
Replacement Coils,44,20.46,2025-11-02
Nicotine Pods,35,41.99,2025-11-02
Zero Nicotine 30ml,59,25.59,2025-11-02
E-Liquid Premium,85,42.24,2025-11-02
Nicotine Pods,37,12.68,2025-11-02
Vape Juice 30ml,24,43.36,2025-11-02
Pod Kit,36,75.93,2025-11-02
Vape Juice 60ml,90,37.26,2025-11-02
Vape Mod XL,9,88.17,2025-11-02
Vape Mod XL,12,12.46,2025-11-02
Vape Mod XL,12,83.74,2025-11-02
Pod Kit,37,52.41,2025-11-02
Atomizers,18,36.4,2025-11-02
Atomizers,18,44.53,2025-11-02
Vape Juice 30ml,22,47.99,2025-11-02
Vape Juice 30ml,23,46.54,2025-11-02
Tanks,62,65.54,2025-11-02
E-Liquid Premium,78,48.71,2025-11-03
Tank Glass,22,12.69,2025-11-03
Charger,9,21.07,2025-11-03
Charger,7,29.19,2025-11-03
Chargers,22,15.48,2025-11-03
Drip Tips,9,14.52,2025-11-03
Cotton Wicking,28,35.91,2025-11-03
Replacement Coils,12,13.2,2025-11-03
Zero Nicotine 30ml,29,40.67,2025-11-03
Vape Juice 60ml,25,36.39,2025-11-03
Battery 18650,15,22.9,2025-11-03
Vape Juice 30ml,85,67.01,2025-11-03
Vape Juice 60ml,25,19.83,2025-11-03
Pod Kit,25,51.47,2025-11-03
Pod Kit,23,65.77,2025-11-03
Vape Mod XL,19,52.86,2025-11-03
Starter Kit,9,45.29,2025-11-03
Replacement Coils,10,23.21,2025-11-03
Tanks,36,61.79,2025-11-03
Starter Kit,11,39.85,2025-11-03
Atomizers,14,43.41,2025-11-03
Atomizers,12,55.85,2025-11-03
Tank Glass,17,19.8,2025-11-04
Charger,10,21.85,2025-11-04
Chargers,9,33.26,2025-11-04
Chargers,7,18.58,2025-11-04
Chargers,9,50.74,2025-11-04
Battery 18650,5,16.15,2025-11-04
Nicotine Pods,27,19.53,2025-11-04
Battery 18650,6,18.37,2025-11-04
Batteries,8,81.13,2025-11-04
Batteries,9,19.99,2025-11-04
Batteries,6,39.88,2025-11-04
Cotton Wicking,19,55.8,2025-11-04
Replacement Coils,22,20.9,2025-11-04
Drip Tips,15,28.08,2025-11-04
Battery 18650,4,17.06,2025-11-04
Cotton Wicking,17,22.64,2025-11-04
Zero Nicotine 30ml,10,20.24,2025-11-04
Zero Nicotine 30ml,12,15.79,2025-11-04
Pod Kit,18,44.55,2025-11-04
Vape Mod XL,25,32.87,2025-11-04
Tanks,11,75.29,2025-11-04
Tanks,15,47.49,2025-11-04
Tanks,12,47.93,2025-11-04
Pod Kit,20,44.58,2025-11-04
Vape Juice 30ml,54,37.18,2025-11-04
Atomizers,22,61.01,2025-11-04
Zero Nicotine 30ml,10,50.85,2025-11-04
Nicotine Pods,29,50.4,2025-11-04
E-Liquid Premium,27,58.68,2025-11-04
Vape Juice 60ml,62,39.28,2025-11-04
E-Liquid Premium,29,24.47,2025-11-04
Tank Glass,20,15.2,2025-11-05
Replacement Coils,26,26.48,2025-11-05
Charger,4,24.31,2025-11-05
Chargers,10,50.27,2025-11-05
Chargers,8,30.81,2025-11-05
Chargers,11,15.81,2025-11-05
Battery 18650,21,25.79,2025-11-05
Batteries,11,41.65,2025-11-05
Batteries,15,25.61,2025-11-05
Charger,6,15.07,2025-11-05
Zero Nicotine 30ml,43,41.59,2025-11-05
Vape Juice 60ml,38,37.37,2025-11-05
Vape Juice 30ml,73,56.06,2025-11-05
Atomizers,10,71.81,2025-11-05
Atomizers,8,75.95,2025-11-05
Atomizers,11,64.02,2025-11-05
Tanks,39,44.97,2025-11-05
Vape Mod XL,19,47.27,2025-11-05
Pod Kit,63,54.3,2025-11-05
E-Liquid Premium,85,59.87,2025-11-05
Cotton Wicking,8,29.18,2025-11-06
Cotton Wicking,7,8.28,2025-11-06
Batteries,31,11.76,2025-11-06
Battery 18650,4,19.08,2025-11-06
Tank Glass,15,12.22,2025-11-06
Chargers,27,46.72,2025-11-06
Charger,8,12.24,2025-11-06
Replacement Coils,25,5.0,2025-11-06
Drip Tips,8,22.75,2025-11-06
Drip Tips,7,39.25,2025-11-06
Battery 18650,6,19.19,2025-11-06
Nicotine Pods,40,43.18,2025-11-06
Cotton Wicking,6,14.21,2025-11-06
E-Liquid Premium,60,53.25,2025-11-06
Zero Nicotine 30ml,32,16.75,2025-11-06
Pod Kit,21,39.37,2025-11-06
Pod Kit,20,49.21,2025-11-06
Tanks,27,58.31,2025-11-06
Atomizers,18,64.33,2025-11-06
Vape Mod XL,18,60.69,2025-11-06
Vape Juice 30ml,26,34.73,2025-11-06
Vape Juice 30ml,24,46.71,2025-11-06
Vape Juice 60ml,22,41.16,2025-11-06
Vape Juice 60ml,19,24.53,2025-11-06
Vape Juice 60ml,19,47.28,2025-11-06
Vape Juice 30ml,28,57.68,2025-11-06
Chargers,9,69.62,2025-11-07
Replacement Coils,13,13.8,2025-11-07
Cotton Wicking,35,5.0,2025-11-07
Batteries,28,14.66,2025-11-07
Battery 18650,26,14.47,2025-11-07
Chargers,11,38.6,2025-11-07
Tank Glass,7,23.04,2025-11-07
Charger,5,17.28,2025-11-07
Charger,1,23.49,2025-11-07
Charger,5,26.16,2025-11-07
Tank Glass,9,22.23,2025-11-07
Drip Tips,11,28.41,2025-11-07
Chargers,13,12.99,2025-11-07
Replacement Coils,11,27.28,2025-11-07
Nicotine Pods,53,53.15,2025-11-07
E-Liquid Premium,45,37.25,2025-11-07
Pod Kit,24,54.63,2025-11-07
Vape Mod XL,12,55.69,2025-11-07
Vape Mod XL,14,23.27,2025-11-07
Starter Kit,24,35.14,2025-11-07
Tanks,22,71.77,2025-11-07
Pod Kit,24,45.95,2025-11-07
Atomizers,28,46.4,2025-11-07
Vape Juice 30ml,85,53.25,2025-11-07
Vape Juice 60ml,65,27.66,2025-11-07
E-Liquid Premium,46,67.75,2025-11-07
Tanks,23,47.18,2025-11-07
Replacement Coils,14,13.29,2025-11-07
Replacement Coils,21,10.47,2025-11-08
Drip Tips,18,29.8,2025-11-08
Tank Glass,12,8.26,2025-11-08
Tank Glass,13,10.36,2025-11-08
Charger,17,25.32,2025-11-08
Chargers,29,31.57,2025-11-08
Battery 18650,22,13.64,2025-11-08
Batteries,27,44.1,2025-11-08
Cotton Wicking,42,39.98,2025-11-08
Replacement Coils,19,24.28,2025-11-08
Nicotine Pods,20,30.95,2025-11-08
Zero Nicotine 30ml,45,44.05,2025-11-08
E-Liquid Premium,94,59.52,2025-11-08
Vape Juice 30ml,31,41.35,2025-11-08
Vape Juice 30ml,31,56.23,2025-11-08
Tanks,41,41.9,2025-11-08
Vape Mod XL,16,38.23,2025-11-08
Vape Mod XL,15,40.13,2025-11-08
Pod Kit,40,56.19,2025-11-08
Nicotine Pods,17,65.43,2025-11-08
Nicotine Pods,27,85.93,2025-11-09
Nicotine Pods,30,43.95,2025-11-09
Replacement Coils,34,11.54,2025-11-09
Batteries,33,46.43,2025-11-09
Battery 18650,22,8.27,2025-11-09
Tank Glass,26,22.05,2025-11-09
Chargers,10,26.04,2025-11-09
Chargers,10,27.6,2025-11-09
Charger,14,21.12,2025-11-09
Drip Tips,18,36.03,2025-11-09
Zero Nicotine 30ml,11,46.07,2025-11-09
Chargers,11,46.4,2025-11-09
Zero Nicotine 30ml,9,43.52,2025-11-09
Zero Nicotine 30ml,11,34.31,2025-11-09
E-Liquid Premium,35,39.47,2025-11-09
Vape Mod XL,10,31.15,2025-11-09
Vape Mod XL,9,48.2,2025-11-09
Starter Kit,18,28.98,2025-11-09
Tanks,20,58.06,2025-11-09
Tanks,18,57.29,2025-11-09
Pod Kit,52,41.53,2025-11-09
Atomizers,18,56.6,2025-11-09
Vape Juice 30ml,28,34.45,2025-11-09
Vape Juice 30ml,31,42.77,2025-11-09
E-Liquid Premium,35,50.45,2025-11-09
Atomizers,17,44.25,2025-11-09
Replacement Coils,15,28.73,2025-11-10
Drip Tips,11,35.43,2025-11-10
Tank Glass,16,17.0,2025-11-10
Charger,2,20.7,2025-11-10
Charger,5,23.19,2025-11-10
Chargers,7,39.05,2025-11-10
Chargers,5,49.49,2025-11-10
Chargers,6,35.04,2025-11-10
Batteries,23,45.48,2025-11-10
Cotton Wicking,30,42.51,2025-11-10
Nicotine Pods,40,54.01,2025-11-10
E-Liquid Premium,67,50.39,2025-11-10
Pod Kit,14,71.17,2025-11-10
Vape Juice 60ml,32,44.26,2025-11-10
Vape Juice 30ml,68,47.95,2025-11-10
Atomizers,10,51.03,2025-11-10
Atomizers,11,46.23,2025-11-10
Tanks,21,42.73,2025-11-10
Starter Kit,9,31.43,2025-11-10
Starter Kit,8,33.31,2025-11-10
Vape Mod XL,11,40.01,2025-11-10
Pod Kit,18,53.86,2025-11-10
Zero Nicotine 30ml,32,64.11,2025-11-10
Cotton Wicking,28,34.89,2025-11-11
Batteries,27,77.89,2025-11-11
Battery 18650,14,17.23,2025-11-11
Chargers,15,54.43,2025-11-11
Replacement Coils,16,14.99,2025-11-11
Charger,5,27.98,2025-11-11
Tank Glass,16,15.71,2025-11-11
Drip Tips,4,38.26,2025-11-11
Drip Tips,4,39.42,2025-11-11
Charger,4,19.54,2025-11-11
Nicotine Pods,38,42.16,2025-11-11
Vape Juice 60ml,44,34.39,2025-11-11
Zero Nicotine 30ml,11,24.98,2025-11-11
Pod Kit,19,47.25,2025-11-11
Vape Mod XL,6,40.93,2025-11-11
Vape Mod XL,4,81.29,2025-11-11
Vape Mod XL,4,47.77,2025-11-11
Pod Kit,17,50.29,2025-11-11
Tanks,31,45.01,2025-11-11
Atomizers,22,64.07,2025-11-11
Vape Juice 30ml,59,23.79,2025-11-11
Starter Kit,15,34.93,2025-11-11
Zero Nicotine 30ml,7,20.4,2025-11-11
Drip Tips,12,20.98,2025-11-12
E-Liquid Premium,11,28.77,2025-11-12
Tank Glass,10,13.01,2025-11-12
Charger,10,26.68,2025-11-12
Chargers,14,66.38,2025-11-12
Battery 18650,14,8.55,2025-11-12
Batteries,23,66.11,2025-11-12
Cotton Wicking,29,43.42,2025-11-12
Replacement Coils,17,9.07,2025-11-12
Nicotine Pods,32,28.21,2025-11-12
Zero Nicotine 30ml,26,23.19,2025-11-12
E-Liquid Premium,13,57.84,2025-11-12
Vape Juice 60ml,11,29.05,2025-11-12
Vape Juice 60ml,8,33.77,2025-11-12
Vape Juice 60ml,10,34.83,2025-11-12
Vape Juice 30ml,39,35.48,2025-11-12
Atomizers,16,42.5,2025-11-12
Tanks,20,70.78,2025-11-12
Starter Kit,12,27.76,2025-11-12
Vape Mod XL,12,51.85,2025-11-12
Pod Kit,44,56.51,2025-11-12
E-Liquid Premium,11,35.98,2025-11-12
Replacement Coils,18,21.55,2025-11-13
Cotton Wicking,21,59.61,2025-11-13
Battery 18650,20,18.21,2025-11-13
Chargers,19,51.64,2025-11-13
Nicotine Pods,21,33.77,2025-11-13
Tank Glass,6,13.21,2025-11-13
Drip Tips,6,24.46,2025-11-13
Drip Tips,6,44.96,2025-11-13
Tank Glass,6,8.09,2025-11-13
Nicotine Pods,22,32.28,2025-11-13
Charger,14,14.94,2025-11-13
E-Liquid Premium,52,39.48,2025-11-13
Pod Kit,24,55.09,2025-11-13
Pod Kit,26,42.72,2025-11-13
Vape Mod XL,15,34.68,2025-11-13
Starter Kit,21,34.91,2025-11-13
Zero Nicotine 30ml,37,40.47,2025-11-13
Atomizers,10,63.43,2025-11-13
Atomizers,9,62.57,2025-11-13
Vape Juice 30ml,78,44.16,2025-11-13
Vape Juice 60ml,57,45.58,2025-11-13
Tanks,24,62.37,2025-11-13
Drip Tips,12,25.66,2025-11-14
Replacement Coils,13,36.16,2025-11-14
Replacement Coils,10,28.97,2025-11-14
Replacement Coils,12,5.0,2025-11-14
Cotton Wicking,42,45.05,2025-11-14
Chargers,8,26.49,2025-11-14
Battery 18650,23,17.49,2025-11-14
Chargers,9,30.56,2025-11-14
Charger,15,16.74,2025-11-14
Nicotine Pods,53,43.62,2025-11-14
Batteries,36,51.24,2025-11-14
Tank Glass,18,12.05,2025-11-14
Zero Nicotine 30ml,14,23.1,2025-11-14
Zero Nicotine 30ml,13,46.8,2025-11-14
Zero Nicotine 30ml,14,37.1,2025-11-14
Pod Kit,38,53.02,2025-11-14
Vape Mod XL,16,62.93,2025-11-14
Starter Kit,22,31.85,2025-11-14
Tanks,15,62.62,2025-11-14
Tanks,11,57.03,2025-11-14
Atomizers,28,56.64,2025-11-14
Vape Juice 60ml,64,38.12,2025-11-14
E-Liquid Premium,27,34.27,2025-11-14
E-Liquid Premium,24,64.44,2025-11-14
E-Liquid Premium,25,62.4,2025-11-14
Tanks,11,49.08,2025-11-14
Batteries,16,52.9,2025-11-15
Cotton Wicking,14,63.18,2025-11-15
Cotton Wicking,17,40.41,2025-11-15
Batteries,14,25.19,2025-11-15
Battery 18650,7,10.72,2025-11-15
Tank Glass,17,20.39,2025-11-15
Chargers,14,49.92,2025-11-15
Chargers,15,12.05,2025-11-15
Charger,5,24.06,2025-11-15
Charger,5,18.21,2025-11-15
Charger,7,20.5,2025-11-15
Battery 18650,8,17.95,2025-11-15
Replacement Coils,12,8.15,2025-11-15
Replacement Coils,12,27.82,2025-11-15
Nicotine Pods,44,57.02,2025-11-15
Pod Kit,29,46.07,2025-11-15
Vape Mod XL,17,33.83,2025-11-15
Starter Kit,11,29.18,2025-11-15
Starter Kit,11,58.33,2025-11-15
Atomizers,15,54.07,2025-11-15
Pod Kit,28,40.76,2025-11-15
Vape Juice 30ml,44,50.25,2025-11-15
Atomizers,17,46.15,2025-11-15
Zero Nicotine 30ml,38,41.71,2025-11-15
Replacement Coils,10,18.56,2025-11-15
Vape Juice 60ml,41,39.02,2025-11-15
Vape Juice 30ml,47,34.27,2025-11-15
E-Liquid Premium,58,41.49,2025-11-15
Nicotine Pods,36,72.2,2025-11-16
Drip Tips,2,39.55,2025-11-16
Drip Tips,5,50.45,2025-11-16
Charger,4,15.02,2025-11-16
Chargers,11,38.16,2025-11-16
Chargers,8,27.13,2025-11-16
Battery 18650,13,10.88,2025-11-16
Batteries,19,5.0,2025-11-16
Batteries,22,43.75,2025-11-16
Replacement Coils,17,23.28,2025-11-16
Replacement Coils,17,31.06,2025-11-16
Charger,6,19.01,2025-11-16
Zero Nicotine 30ml,17,13.42,2025-11-16
Zero Nicotine 30ml,15,24.43,2025-11-16
Zero Nicotine 30ml,17,50.25,2025-11-16
Pod Kit,60,50.17,2025-11-16
Vape Mod XL,19,58.05,2025-11-16
Tanks,37,67.63,2025-11-16
Atomizers,30,34.4,2025-11-16
Starter Kit,23,38.59,2025-11-16
Vape Juice 30ml,22,51.67,2025-11-16
Vape Juice 30ml,18,26.08,2025-11-16
Vape Juice 60ml,66,32.26,2025-11-16
E-Liquid Premium,82,45.46,2025-11-16
Vape Juice 30ml,20,63.61,2025-11-16
Battery 18650,7,19.51,2025-11-17
Replacement Coils,8,13.41,2025-11-17
Cotton Wicking,32,36.12,2025-11-17
Batteries,14,5.0,2025-11-17
Batteries,14,5.0,2025-11-17
Battery 18650,6,18.59,2025-11-17
Drip Tips,4,24.65,2025-11-17
Chargers,9,24.72,2025-11-17
Charger,3,18.81,2025-11-17
Charger,5,17.74,2025-11-17
Tank Glass,5,13.94,2025-11-17
Drip Tips,2,38.22,2025-11-17
Replacement Coils,5,28.41,2025-11-17
Chargers,7,23.52,2025-11-17
Nicotine Pods,20,42.87,2025-11-17
Tank Glass,8,9.52,2025-11-17
Zero Nicotine 30ml,31,12.84,2025-11-17
Pod Kit,10,47.22,2025-11-17
Pod Kit,10,45.83,2025-11-17
Nicotine Pods,23,68.85,2025-11-17
Vape Mod XL,18,47.34,2025-11-17
Starter Kit,2,42.4,2025-11-17
Starter Kit,2,31.1,2025-11-17
Pod Kit,10,54.77,2025-11-17
Tanks,26,46.76,2025-11-17
Atomizers,19,72.66,2025-11-17
Vape Juice 30ml,59,56.18,2025-11-17
Vape Juice 60ml,30,45.86,2025-11-17
E-Liquid Premium,31,49.18,2025-11-17
E-Liquid Premium,29,56.71,2025-11-17
Starter Kit,3,48.27,2025-11-17
Cotton Wicking,9,14.33,2025-11-18
Cotton Wicking,8,45.08,2025-11-18
Cotton Wicking,8,8.75,2025-11-18
Batteries,20,30.55,2025-11-18
Tank Glass,12,12.48,2025-11-18
Charger,8,23.78,2025-11-18
Drip Tips,10,19.65,2025-11-18
Replacement Coils,12,15.13,2025-11-18
Chargers,23,31.97,2025-11-18
Replacement Coils,10,6.04,2025-11-18
E-Liquid Premium,52,58.38,2025-11-18
Zero Nicotine 30ml,27,37.56,2025-11-18
Vape Juice 60ml,29,50.08,2025-11-18
Atomizers,23,71.01,2025-11-18
Tanks,28,42.22,2025-11-18
Starter Kit,8,56.64,2025-11-18
Starter Kit,9,32.37,2025-11-18
Vape Mod XL,13,65.57,2025-11-18
Pod Kit,38,58.74,2025-11-18
Nicotine Pods,28,45.88,2025-11-18
Replacement Coils,10,21.51,2025-11-19
Cotton Wicking,20,26.9,2025-11-19
Batteries,18,27.12,2025-11-19
Chargers,18,50.04,2025-11-19
Drip Tips,4,29.36,2025-11-19
Tank Glass,16,10.72,2025-11-19
Drip Tips,1,18.0,2025-11-19
Drip Tips,3,33.08,2025-11-19
Replacement Coils,10,12.78,2025-11-19
Charger,9,27.94,2025-11-19
Nicotine Pods,18,57.08,2025-11-19
Pod Kit,15,44.95,2025-11-19
Zero Nicotine 30ml,22,43.84,2025-11-19
E-Liquid Premium,63,47.96,2025-11-19
Vape Juice 60ml,29,46.76,2025-11-19
Vape Juice 30ml,17,36.74,2025-11-19
Vape Juice 30ml,21,33.23,2025-11-19
Atomizers,19,54.62,2025-11-19
Tanks,21,45.42,2025-11-19
Starter Kit,13,34.23,2025-11-19
Vape Mod XL,11,31.63,2025-11-19
Pod Kit,16,53.72,2025-11-19
Nicotine Pods,21,52.44,2025-11-19
Replacement Coils,14,24.2,2025-11-20
Cotton Wicking,37,68.54,2025-11-20
Batteries,17,19.32,2025-11-20
Batteries,16,5.0,2025-11-20
Battery 18650,7,22.58,2025-11-20
Drip Tips,12,44.67,2025-11-20
Chargers,9,24.9,2025-11-20
Chargers,9,30.06,2025-11-20
Charger,10,21.65,2025-11-20
Tank Glass,14,13.34,2025-11-20
Replacement Coils,11,17.82,2025-11-20
Battery 18650,7,23.41,2025-11-20
Nicotine Pods,15,44.16,2025-11-20
Pod Kit,30,48.61,2025-11-20
Zero Nicotine 30ml,24,40.55,2025-11-20
Nicotine Pods,15,39.61,2025-11-20
Vape Mod XL,6,40.72,2025-11-20
Vape Mod XL,5,52.82,2025-11-20
Starter Kit,15,28.46,2025-11-20
Tanks,34,64.68,2025-11-20
Vape Mod XL,3,32.36,2025-11-20
Atomizers,16,55.64,2025-11-20
Vape Juice 30ml,55,46.42,2025-11-20
Vape Juice 60ml,27,35.7,2025-11-20
Vape Juice 60ml,25,38.87,2025-11-20
E-Liquid Premium,60,56.52,2025-11-20
Atomizers,13,37.05,2025-11-20
Replacement Coils,36,17.89,2025-11-21
Cotton Wicking,41,27.59,2025-11-21
Batteries,14,55.53,2025-11-21
Batteries,17,5.0,2025-11-21
Chargers,25,28.11,2025-11-21
Battery 18650,10,16.42,2025-11-21
Charger,19,28.96,2025-11-21
Drip Tips,8,38.86,2025-11-21
Drip Tips,6,5.0,2025-11-21
Battery 18650,11,17.97,2025-11-21
Nicotine Pods,63,47.99,2025-11-21
Zero Nicotine 30ml,12,29.49,2025-11-21
Zero Nicotine 30ml,9,8.91,2025-11-21
E-Liquid Premium,63,43.96,2025-11-21
Vape Juice 60ml,65,40.17,2025-11-21
Vape Juice 30ml,30,44.59,2025-11-21
Vape Juice 30ml,32,48.06,2025-11-21
Vape Juice 30ml,29,50.81,2025-11-21
Tanks,37,57.23,2025-11-21
Starter Kit,24,36.92,2025-11-21
Vape Mod XL,27,54.84,2025-11-21
Zero Nicotine 30ml,8,5.0,2025-11-21
Cotton Wicking,40,42.09,2025-11-22
Battery 18650,9,24.2,2025-11-22
Battery 18650,9,16.2,2025-11-22
Chargers,35,12.35,2025-11-22
Nicotine Pods,37,40.98,2025-11-22
Charger,6,19.83,2025-11-22
Charger,5,22.67,2025-11-22
Tank Glass,11,20.12,2025-11-22
Tank Glass,10,5.53,2025-11-22
Zero Nicotine 30ml,45,13.97,2025-11-22
Starter Kit,27,54.37,2025-11-22
Vape Juice 60ml,28,27.68,2025-11-22
Vape Juice 60ml,29,51.6,2025-11-22
Vape Juice 30ml,59,55.92,2025-11-22
Atomizers,11,44.38,2025-11-22
Atomizers,14,41.79,2025-11-22
Tanks,47,52.76,2025-11-22
Vape Mod XL,28,44.98,2025-11-22
Pod Kit,27,52.84,2025-11-22
Pod Kit,26,59.28,2025-11-22
E-Liquid Premium,77,29.8,2025-11-22
Cotton Wicking,16,22.23,2025-11-23
Cotton Wicking,15,44.07,2025-11-23
Batteries,18,43.47,2025-11-23
Batteries,19,36.93,2025-11-23
Battery 18650,17,25.59,2025-11-23
Tank Glass,9,20.24,2025-11-23
Chargers,17,44.26,2025-11-23
Charger,14,13.18,2025-11-23
Tank Glass,10,10.44,2025-11-23
Cotton Wicking,18,38.57,2025-11-23
Drip Tips,11,34.6,2025-11-23
Chargers,15,24.81,2025-11-23
Nicotine Pods,21,71.44,2025-11-23
Replacement Coils,28,8.58,2025-11-23
Pod Kit,48,65.26,2025-11-23
Nicotine Pods,22,61.96,2025-11-23
Vape Mod XL,13,43.75,2025-11-23
Vape Mod XL,11,39.18,2025-11-23
Starter Kit,14,30.62,2025-11-23
Tanks,22,74.61,2025-11-23
Starter Kit,15,23.34,2025-11-23
Atomizers,38,56.66,2025-11-23
Vape Juice 60ml,37,57.43,2025-11-23
Vape Juice 60ml,41,28.84,2025-11-23
E-Liquid Premium,31,29.62,2025-11-23
E-Liquid Premium,31,39.23,2025-11-23
Tanks,21,60.16,2025-11-23
Cotton Wicking,11,60.93,2025-11-24
Drip Tips,8,34.45,2025-11-24
Nicotine Pods,10,59.76,2025-11-24
Replacement Coils,23,10.09,2025-11-24
Cotton Wicking,13,47.44,2025-11-24
Nicotine Pods,10,34.11,2025-11-24
Battery 18650,12,21.36,2025-11-24
Chargers,21,48.19,2025-11-24
Charger,1,16.34,2025-11-24
Charger,3,14.34,2025-11-24
Batteries,26,26.24,2025-11-24
Zero Nicotine 30ml,21,23.47,2025-11-24
Nicotine Pods,11,52.83,2025-11-24
E-Liquid Premium,30,28.52,2025-11-24
Vape Juice 60ml,24,39.48,2025-11-24
Vape Juice 60ml,22,44.57,2025-11-24
Atomizers,12,80.09,2025-11-24
Atomizers,12,70.43,2025-11-24
Tanks,14,57.63,2025-11-24
Tanks,15,61.02,2025-11-24
Starter Kit,18,11.25,2025-11-24
Vape Mod XL,15,61.59,2025-11-24
Pod Kit,19,62.43,2025-11-24
Pod Kit,22,53.04,2025-11-24
E-Liquid Premium,30,50.77,2025-11-24
Batteries,16,56.05,2025-11-25
Battery 18650,15,21.82,2025-11-25
Chargers,25,16.11,2025-11-25
Charger,6,17.57,2025-11-25
Drip Tips,10,38.55,2025-11-25
Charger,5,7.1,2025-11-25
Tank Glass,10,22.26,2025-11-25
Tank Glass,7,5.0,2025-11-25
Drip Tips,6,19.16,2025-11-25
Cotton Wicking,24,53.68,2025-11-25
Charger,5,19.31,2025-11-25
Replacement Coils,31,19.3,2025-11-25
Batteries,16,38.23,2025-11-25
Zero Nicotine 30ml,20,29.59,2025-11-25
Nicotine Pods,56,44.43,2025-11-25
Pod Kit,59,37.8,2025-11-25
Tanks,20,52.2,2025-11-25
Tanks,19,65.58,2025-11-25
Atomizers,10,79.17,2025-11-25
Vape Mod XL,18,65.49,2025-11-25
Vape Juice 60ml,24,20.31,2025-11-25
Vape Juice 60ml,23,37.41,2025-11-25
E-Liquid Premium,67,53.99,2025-11-25
Zero Nicotine 30ml,19,9.7,2025-11-25
Atomizers,10,66.8,2025-11-25
Batteries,32,41.91,2025-11-26
Nicotine Pods,15,44.84,2025-11-26
Nicotine Pods,15,63.71,2025-11-26
Replacement Coils,29,33.35,2025-11-26
Cotton Wicking,16,67.73,2025-11-26
Cotton Wicking,19,40.09,2025-11-26
Battery 18650,9,22.87,2025-11-26
Tank Glass,24,13.3,2025-11-26
Chargers,11,27.81,2025-11-26
Chargers,10,62.4,2025-11-26
Charger,4,19.95,2025-11-26
Charger,7,15.79,2025-11-26
Drip Tips,16,35.37,2025-11-26
Zero Nicotine 30ml,14,47.39,2025-11-26
Battery 18650,6,26.46,2025-11-26
Zero Nicotine 30ml,14,16.87,2025-11-26
Vape Juice 30ml,47,60.86,2025-11-26
Vape Juice 60ml,63,26.46,2025-11-26
Pod Kit,14,53.16,2025-11-26
Pod Kit,14,47.97,2025-11-26
Vape Mod XL,8,65.73,2025-11-26
Vape Mod XL,7,41.11,2025-11-26
Starter Kit,9,45.56,2025-11-26
Starter Kit,7,30.59,2025-11-26
Pod Kit,14,51.86,2025-11-26
Tanks,20,63.64,2025-11-26
Atomizers,10,53.74,2025-11-26
Atomizers,9,43.23,2025-11-26
Atomizers,8,51.37,2025-11-26
E-Liquid Premium,78,45.26,2025-11-26
Vape Juice 30ml,44,43.38,2025-11-26
Tanks,24,76.27,2025-11-26
Replacement Coils,17,22.13,2025-11-27
Cotton Wicking,45,5.0,2025-11-27
Batteries,32,5.0,2025-11-27
Battery 18650,9,20.79,2025-11-27
Battery 18650,11,27.51,2025-11-27
Tank Glass,6,16.71,2025-11-27
Charger,8,22.27,2025-11-27
Tank Glass,10,7.39,2025-11-27
Drip Tips,18,20.4,2025-11-27
Replacement Coils,16,21.91,2025-11-27
Charger,9,27.6,2025-11-27
Nicotine Pods,48,19.33,2025-11-27
Vape Juice 60ml,67,42.69,2025-11-27
Zero Nicotine 30ml,23,35.52,2025-11-27
Pod Kit,18,60.06,2025-11-27
Zero Nicotine 30ml,24,39.55,2025-11-27
Pod Kit,21,55.31,2025-11-27
Vape Mod XL,10,53.29,2025-11-27
Vape Mod XL,12,85.24,2025-11-27
Pod Kit,20,38.66,2025-11-27
Starter Kit,14,16.79,2025-11-27
Tanks,46,74.63,2025-11-27
Atomizers,29,87.98,2025-11-27
E-Liquid Premium,74,51.62,2025-11-27
Starter Kit,14,21.66,2025-11-27
Nicotine Pods,76,20.29,2025-11-28
Drip Tips,14,35.6,2025-11-28
Tank Glass,22,7.01,2025-11-28
Charger,22,23.41,2025-11-28
Battery 18650,29,11.02,2025-11-28
Batteries,34,22.23,2025-11-28
Cotton Wicking,54,21.29,2025-11-28
Replacement Coils,45,5.0,2025-11-28
Zero Nicotine 30ml,44,17.74,2025-11-28
Atomizers,39,30.44,2025-11-28
Vape Juice 60ml,82,56.64,2025-11-28
Vape Juice 30ml,121,50.03,2025-11-28
E-Liquid Premium,125,55.17,2025-11-28
Tanks,45,63.79,2025-11-28
Starter Kit,10,38.47,2025-11-28
Starter Kit,13,26.68,2025-11-28
Vape Mod XL,29,60.27,2025-11-28
Pod Kit,66,57.95,2025-11-28
Cotton Wicking,14,58.16,2025-11-29
Batteries,38,65.3,2025-11-29
Chargers,23,35.25,2025-11-29
Tank Glass,13,31.96,2025-11-29
Charger,18,18.63,2025-11-29
Tank Glass,13,10.12,2025-11-29
Cotton Wicking,14,10.58,2025-11-29
Drip Tips,21,16.64,2025-11-29
Chargers,23,23.26,2025-11-29
Replacement Coils,29,34.63,2025-11-29
Cotton Wicking,11,5.0,2025-11-29
Zero Nicotine 30ml,29,18.94,2025-11-29
E-Liquid Premium,131,46.81,2025-11-29
Vape Juice 30ml,27,49.3,2025-11-29
Vape Juice 30ml,28,47.08,2025-11-29
Vape Juice 30ml,26,52.48,2025-11-29
Starter Kit,17,39.54,2025-11-29
Starter Kit,18,27.98,2025-11-29
Vape Mod XL,21,52.61,2025-11-29
Pod Kit,56,39.4,2025-11-29
Zero Nicotine 30ml,31,36.04,2025-11-29
Replacement Coils,34,9.23,2025-11-30
Cotton Wicking,45,53.84,2025-11-30
Batteries,54,27.99,2025-11-30
Battery 18650,12,18.51,2025-11-30
Charger,8,32.09,2025-11-30
Drip Tips,15,42.82,2025-11-30
Tank Glass,10,20.05,2025-11-30
Tank Glass,6,18.81,2025-11-30
Tank Glass,7,9.19,2025-11-30
Nicotine Pods,63,55.45,2025-11-30
Charger,9,30.45,2025-11-30
Zero Nicotine 30ml,20,28.9,2025-11-30
Battery 18650,13,24.04,2025-11-30
Zero Nicotine 30ml,20,29.09,2025-11-30
Pod Kit,82,67.21,2025-11-30
Vape Mod XL,33,46.23,2025-11-30
Starter Kit,7,42.34,2025-11-30
Starter Kit,4,15.88,2025-11-30
Starter Kit,6,20.69,2025-11-30
Tanks,46,49.79,2025-11-30
Zero Nicotine 30ml,19,46.5,2025-11-30
Atomizers,18,65.43,2025-11-30
Atomizers,22,60.58,2025-11-30
Vape Juice 30ml,100,26.67,2025-11-30
Vape Juice 60ml,83,36.71,2025-11-30
E-Liquid Premium,122,43.48,2025-11-30
Replacement Coils,8,27.44,2025-12-01
Cotton Wicking,13,45.66,2025-12-01
Cotton Wicking,13,19.86,2025-12-01
Batteries,37,16.74,2025-12-01
Battery 18650,10,23.59,2025-12-01
Chargers,23,53.5,2025-12-01
Replacement Coils,11,18.73,2025-12-01
Charger,9,15.22,2025-12-01
Tank Glass,19,15.1,2025-12-01
Drip Tips,11,20.91,2025-12-01
Battery 18650,10,18.23,2025-12-01
Nicotine Pods,57,56.59,2025-12-01
Replacement Coils,10,28.58,2025-12-01
E-Liquid Premium,30,55.85,2025-12-01
Pod Kit,29,35.99,2025-12-01
Vape Mod XL,18,54.87,2025-12-01
Starter Kit,21,27.82,2025-12-01
Tanks,36,46.4,2025-12-01
Atomizers,34,37.1,2025-12-01
Pod Kit,29,60.33,2025-12-01
Vape Juice 30ml,40,56.79,2025-12-01
Vape Juice 30ml,40,29.61,2025-12-01
E-Liquid Premium,26,48.96,2025-12-01
Zero Nicotine 30ml,43,29.59,2025-12-01
Vape Juice 60ml,38,42.11,2025-12-01
E-Liquid Premium,26,48.44,2025-12-01
Drip Tips,7,29.73,2025-12-02
Cotton Wicking,8,41.44,2025-12-02
Drip Tips,5,32.64,2025-12-02
Tank Glass,10,13.44,2025-12-02
Charger,10,23.66,2025-12-02
Chargers,31,15.55,2025-12-02
Battery 18650,5,22.67,2025-12-02
Battery 18650,5,11.47,2025-12-02
Battery 18650,8,20.74,2025-12-02
Batteries,19,39.15,2025-12-02
Batteries,16,35.16,2025-12-02
Tank Glass,11,14.11,2025-12-02
Cotton Wicking,11,35.59,2025-12-02
Replacement Coils,26,14.74,2025-12-02
Vape Mod XL,21,69.95,2025-12-02
Starter Kit,18,33.83,2025-12-02
Tanks,19,68.48,2025-12-02
Tanks,19,76.79,2025-12-02
Atomizers,21,98.29,2025-12-02
Cotton Wicking,9,5.0,2025-12-02
Vape Juice 60ml,16,35.38,2025-12-02
Vape Juice 60ml,19,25.27,2025-12-02
E-Liquid Premium,73,69.5,2025-12-02
Zero Nicotine 30ml,30,26.61,2025-12-02
Nicotine Pods,46,51.19,2025-12-02
Vape Juice 30ml,56,40.09,2025-12-02
Batteries,8,32.91,2025-12-03
Batteries,6,69.17,2025-12-03
Batteries,6,5.0,2025-12-03
Chargers,11,37.02,2025-12-03
Chargers,9,46.95,2025-12-03
Tank Glass,10,8.15,2025-12-03
Charger,15,16.28,2025-12-03
Tank Glass,12,32.54,2025-12-03
Drip Tips,3,33.01,2025-12-03
Drip Tips,2,28.27,2025-12-03
Cotton Wicking,34,58.95,2025-12-03
Chargers,9,23.33,2025-12-03
Drip Tips,5,18.63,2025-12-03
Nicotine Pods,49,42.92,2025-12-03
Zero Nicotine 30ml,18,45.96,2025-12-03
Zero Nicotine 30ml,20,46.03,2025-12-03
Pod Kit,61,49.35,2025-12-03
Vape Mod XL,25,51.76,2025-12-03
Starter Kit,19,8.39,2025-12-03
Atomizers,9,80.25,2025-12-03
Tanks,45,72.82,2025-12-03
Vape Juice 30ml,38,41.48,2025-12-03
Vape Juice 30ml,39,48.79,2025-12-03
Vape Juice 60ml,24,32.57,2025-12-03
Vape Juice 60ml,23,45.42,2025-12-03
E-Liquid Premium,75,34.62,2025-12-03
Atomizers,10,65.81,2025-12-03
Batteries,13,53.4,2025-12-04
Replacement Coils,17,22.41,2025-12-04
Cotton Wicking,15,34.7,2025-12-04
Cotton Wicking,18,22.13,2025-12-04
Batteries,13,58.18,2025-12-04
Replacement Coils,17,18.96,2025-12-04
Drip Tips,17,13.51,2025-12-04
Chargers,23,19.85,2025-12-04
Charger,16,14.19,2025-12-04
Tank Glass,11,26.96,2025-12-04
Tank Glass,10,19.06,2025-12-04
Batteries,16,26.61,2025-12-04
Zero Nicotine 30ml,23,31.33,2025-12-04
Battery 18650,20,14.53,2025-12-04
E-Liquid Premium,22,40.53,2025-12-04
Zero Nicotine 30ml,22,30.83,2025-12-04
Vape Mod XL,15,51.68,2025-12-04
Vape Mod XL,14,48.15,2025-12-04
Starter Kit,18,39.96,2025-12-04
Tanks,32,46.08,2025-12-04
Pod Kit,67,62.0,2025-12-04
Vape Juice 30ml,42,47.11,2025-12-04
Vape Juice 30ml,40,64.71,2025-12-04
Vape Juice 60ml,76,25.05,2025-12-04
E-Liquid Premium,19,33.17,2025-12-04
E-Liquid Premium,22,47.67,2025-12-04
Atomizers,22,64.38,2025-12-04
Nicotine Pods,51,27.89,2025-12-05
Replacement Coils,29,25.53,2025-12-05
Cotton Wicking,57,40.45,2025-12-05
Batteries,27,46.08,2025-12-05
Tank Glass,30,10.21,2025-12-05
Battery 18650,22,31.01,2025-12-05
Drip Tips,12,13.97,2025-12-05
Drip Tips,12,34.49,2025-12-05
Zero Nicotine 30ml,50,36.81,2025-12-05
Batteries,24,5.0,2025-12-05
E-Liquid Premium,44,52.79,2025-12-05
E-Liquid Premium,44,38.25,2025-12-05
E-Liquid Premium,44,38.8,2025-12-05
Vape Juice 60ml,94,32.24,2025-12-05
Vape Juice 30ml,106,51.68,2025-12-05
Atomizers,19,61.97,2025-12-05
Atomizers,16,50.15,2025-12-05
Tanks,36,64.71,2025-12-05
Vape Mod XL,26,28.67,2025-12-05
Pod Kit,23,61.91,2025-12-05
Pod Kit,27,40.95,2025-12-05
Pod Kit,24,46.08,2025-12-05
Nicotine Pods,42,11.28,2025-12-06
Replacement Coils,23,20.66,2025-12-06
Cotton Wicking,15,30.32,2025-12-06
Cotton Wicking,15,33.65,2025-12-06
Batteries,28,75.83,2025-12-06
Drip Tips,17,40.78,2025-12-06
Chargers,14,31.07,2025-12-06
Chargers,10,19.88,2025-12-06
Charger,12,25.93,2025-12-06
Zero Nicotine 30ml,52,29.33,2025-12-06
Battery 18650,15,20.93,2025-12-06
E-Liquid Premium,42,52.97,2025-12-06
Vape Juice 60ml,71,52.46,2025-12-06
Pod Kit,42,67.06,2025-12-06
Vape Mod XL,5,43.86,2025-12-06
Vape Mod XL,5,58.88,2025-12-06
Vape Mod XL,8,61.53,2025-12-06
Starter Kit,7,43.63,2025-12-06
Starter Kit,9,22.75,2025-12-06
E-Liquid Premium,44,46.09,2025-12-06
Tanks,23,66.24,2025-12-06
Tanks,20,42.93,2025-12-06
Atomizers,34,59.21,2025-12-06
Vape Juice 30ml,106,21.93,2025-12-06
Starter Kit,8,31.09,2025-12-06
Zero Nicotine 30ml,23,38.56,2025-12-07
Drip Tips,13,6.99,2025-12-07
Tank Glass,6,15.38,2025-12-07
Tank Glass,9,16.32,2025-12-07
Charger,15,24.42,2025-12-07
Chargers,21,13.43,2025-12-07
Battery 18650,27,22.07,2025-12-07
Cotton Wicking,28,44.21,2025-12-07
Replacement Coils,39,5.0,2025-12-07
Nicotine Pods,39,38.24,2025-12-07
E-Liquid Premium,72,75.97,2025-12-07
Vape Juice 30ml,40,46.27,2025-12-07
Vape Juice 60ml,49,41.91,2025-12-07
Vape Juice 30ml,40,58.92,2025-12-07
Atomizers,23,55.59,2025-12-07
Tanks,30,51.79,2025-12-07
Starter Kit,19,51.09,2025-12-07
Vape Mod XL,15,41.81,2025-12-07
Vape Mod XL,13,48.45,2025-12-07
Pod Kit,34,58.49,2025-12-07
Pod Kit,33,71.78,2025-12-07
Zero Nicotine 30ml,25,29.36,2025-12-07
Batteries,18,48.56,2025-12-08
Replacement Coils,7,18.43,2025-12-08
Replacement Coils,4,18.83,2025-12-08
Cotton Wicking,33,5.0,2025-12-08
Battery 18650,18,29.32,2025-12-08
Replacement Coils,3,8.99,2025-12-08
Charger,5,23.01,2025-12-08
Charger,5,22.95,2025-12-08
Tank Glass,6,14.78,2025-12-08
Tank Glass,9,25.03,2025-12-08
Chargers,16,50.2,2025-12-08
Nicotine Pods,31,36.43,2025-12-08
Drip Tips,10,42.82,2025-12-08
Zero Nicotine 30ml,12,42.94,2025-12-08
Pod Kit,52,64.64,2025-12-08
Vape Mod XL,20,39.36,2025-12-08
Tanks,30,64.29,2025-12-08
Atomizers,21,41.19,2025-12-08
Vape Juice 30ml,49,26.48,2025-12-08
Zero Nicotine 30ml,12,18.49,2025-12-08
Vape Juice 60ml,30,36.77,2025-12-08
E-Liquid Premium,18,48.15,2025-12-08
E-Liquid Premium,15,36.45,2025-12-08
E-Liquid Premium,14,73.02,2025-12-08
Vape Juice 60ml,28,22.27,2025-12-08
Replacement Coils,13,26.54,2025-12-09
Cotton Wicking,10,37.35,2025-12-09
Cotton Wicking,11,28.18,2025-12-09
Cotton Wicking,10,36.82,2025-12-09
Batteries,23,32.12,2025-12-09
Chargers,26,41.03,2025-12-09
Charger,10,23.96,2025-12-09
Tank Glass,16,16.94,2025-12-09
Drip Tips,9,29.78,2025-12-09
Replacement Coils,12,25.15,2025-12-09
Battery 18650,13,25.53,2025-12-09
Nicotine Pods,49,77.16,2025-12-09
E-Liquid Premium,69,40.69,2025-12-09
Pod Kit,21,67.79,2025-12-09
Vape Juice 60ml,18,28.31,2025-12-09
Vape Juice 60ml,18,37.81,2025-12-09
Vape Juice 30ml,47,62.09,2025-12-09
Atomizers,26,60.48,2025-12-09
Tanks,28,65.33,2025-12-09
Starter Kit,6,43.04,2025-12-09
Starter Kit,2,39.28,2025-12-09
Starter Kit,5,41.88,2025-12-09
Vape Mod XL,21,41.31,2025-12-09
Pod Kit,21,54.29,2025-12-09
Zero Nicotine 30ml,24,21.67,2025-12-09
Cotton Wicking,23,41.26,2025-12-10
Batteries,13,42.83,2025-12-10
Batteries,11,44.49,2025-12-10
Chargers,17,24.91,2025-12-10
Replacement Coils,8,17.58,2025-12-10
Charger,2,20.24,2025-12-10
Charger,3,23.57,2025-12-10
Tank Glass,10,18.05,2025-12-10
Drip Tips,10,26.32,2025-12-10
Charger,5,20.77,2025-12-10
Replacement Coils,7,28.52,2025-12-10
Tank Glass,10,14.87,2025-12-10
Nicotine Pods,28,37.51,2025-12-10
Pod Kit,13,56.21,2025-12-10
Pod Kit,14,38.1,2025-12-10
Pod Kit,14,58.76,2025-12-10
Vape Mod XL,7,50.8,2025-12-10
Replacement Coils,5,37.93,2025-12-10
Starter Kit,10,39.07,2025-12-10
Vape Juice 30ml,57,36.17,2025-12-10
Vape Juice 60ml,49,30.45,2025-12-10
E-Liquid Premium,70,57.84,2025-12-10
Vape Mod XL,9,75.64,2025-12-10
Cotton Wicking,32,38.4,2025-12-11
Drip Tips,8,44.39,2025-12-11
Drip Tips,6,45.15,2025-12-11
Tank Glass,12,19.41,2025-12-11
Charger,6,21.67,2025-12-11
Charger,6,22.65,2025-12-11
Chargers,21,20.4,2025-12-11
Battery 18650,18,17.32,2025-12-11
Batteries,11,5.0,2025-12-11
Batteries,13,5.0,2025-12-11
Replacement Coils,17,14.95,2025-12-11
Nicotine Pods,24,25.77,2025-12-11
Nicotine Pods,23,61.09,2025-12-11
Zero Nicotine 30ml,17,37.15,2025-12-11
Zero Nicotine 30ml,17,26.79,2025-12-11
E-Liquid Premium,83,24.79,2025-12-11
Vape Juice 60ml,15,39.67,2025-12-11
Vape Juice 60ml,16,31.68,2025-12-11
Vape Juice 30ml,81,70.4,2025-12-11
Atomizers,13,36.42,2025-12-11
Atomizers,11,55.98,2025-12-11
Vape Mod XL,17,52.86,2025-12-11
Pod Kit,32,58.61,2025-12-11
Replacement Coils,26,29.19,2025-12-12
Batteries,18,10.77,2025-12-12
Batteries,16,5.0,2025-12-12
Battery 18650,19,27.55,2025-12-12
Chargers,19,31.88,2025-12-12
Drip Tips,9,24.72,2025-12-12
Charger,6,8.49,2025-12-12
Tank Glass,22,10.45,2025-12-12
Drip Tips,6,36.95,2025-12-12
Nicotine Pods,54,42.19,2025-12-12
Charger,6,19.09,2025-12-12
Zero Nicotine 30ml,31,29.17,2025-12-12
Pod Kit,43,39.91,2025-12-12
E-Liquid Premium,49,42.29,2025-12-12
Vape Juice 60ml,68,31.74,2025-12-12
Vape Juice 30ml,87,55.92,2025-12-12
Atomizers,9,47.18,2025-12-12
Atomizers,12,68.63,2025-12-12
Atomizers,11,38.89,2025-12-12
Tanks,39,61.71,2025-12-12
Starter Kit,13,43.03,2025-12-12
Starter Kit,14,32.76,2025-12-12
Vape Mod XL,23,70.58,2025-12-12
E-Liquid Premium,51,65.02,2025-12-12
Replacement Coils,28,16.83,2025-12-13
Batteries,11,74.96,2025-12-13
Batteries,12,11.62,2025-12-13
Batteries,11,48.45,2025-12-13
Nicotine Pods,45,13.4,2025-12-13
Chargers,33,23.4,2025-12-13
Charger,7,18.91,2025-12-13
Drip Tips,16,33.05,2025-12-13
Tank Glass,14,5.0,2025-12-13
Battery 18650,15,19.46,2025-12-13
Zero Nicotine 30ml,48,37.43,2025-12-13
Charger,8,19.4,2025-12-13
Vape Juice 60ml,15,23.42,2025-12-13
E-Liquid Premium,60,37.76,2025-12-13
Pod Kit,23,38.04,2025-12-13
Starter Kit,16,27.55,2025-12-13
Tanks,9,82.7,2025-12-13
Tanks,11,69.46,2025-12-13
Pod Kit,23,41.22,2025-12-13
Atomizers,27,46.96,2025-12-13
Vape Juice 30ml,56,40.6,2025-12-13
Vape Juice 60ml,13,26.64,2025-12-13
Vape Juice 60ml,12,36.6,2025-12-13
Tanks,12,75.0,2025-12-13
Replacement Coils,9,31.96,2025-12-14
Drip Tips,13,24.85,2025-12-14
Tank Glass,6,7.15,2025-12-14
Tank Glass,3,12.86,2025-12-14
Tank Glass,7,30.76,2025-12-14
Charger,16,16.99,2025-12-14
Chargers,23,36.11,2025-12-14
Batteries,41,43.64,2025-12-14
Cotton Wicking,27,41.41,2025-12-14
Replacement Coils,11,23.47,2025-12-14
Nicotine Pods,19,27.13,2025-12-14
Starter Kit,6,13.9,2025-12-14
Zero Nicotine 30ml,29,33.89,2025-12-14
Vape Juice 60ml,56,28.06,2025-12-14
Atomizers,17,38.48,2025-12-14
Atomizers,19,35.66,2025-12-14
Tanks,22,63.01,2025-12-14
Tanks,23,89.27,2025-12-14
Starter Kit,6,16.7,2025-12-14
Starter Kit,7,22.69,2025-12-14
Vape Mod XL,19,69.6,2025-12-14
Nicotine Pods,17,53.72,2025-12-14
Batteries,19,5.0,2025-12-15
Cotton Wicking,13,33.77,2025-12-15
Replacement Coils,16,19.27,2025-12-15
Battery 18650,17,24.78,2025-12-15
Cotton Wicking,14,22.81,2025-12-15
Chargers,18,42.23,2025-12-15
Drip Tips,5,28.42,2025-12-15
Charger,3,22.25,2025-12-15
Charger,5,12.86,2025-12-15
Tank Glass,14,5.0,2025-12-15
Drip Tips,3,23.71,2025-12-15
Charger,3,22.44,2025-12-15
Nicotine Pods,44,71.4,2025-12-15
Zero Nicotine 30ml,24,37.78,2025-12-15
E-Liquid Premium,52,45.55,2025-12-15
Pod Kit,9,43.24,2025-12-15
Pod Kit,11,42.04,2025-12-15
Vape Mod XL,19,52.36,2025-12-15
Starter Kit,5,18.91,2025-12-15
Starter Kit,3,43.47,2025-12-15
Pod Kit,9,61.35,2025-12-15
Atomizers,19,65.11,2025-12-15
Vape Juice 30ml,32,57.76,2025-12-15
Vape Juice 30ml,33,60.13,2025-12-15
Vape Juice 60ml,26,32.88,2025-12-15
Vape Juice 60ml,25,42.29,2025-12-15
Tanks,29,60.94,2025-12-15
Cotton Wicking,29,5.0,2025-12-16
Batteries,15,14.47,2025-12-16
Batteries,11,31.49,2025-12-16
Battery 18650,12,15.76,2025-12-16
Tank Glass,10,19.14,2025-12-16
Charger,9,15.92,2025-12-16
Drip Tips,5,22.5,2025-12-16
Drip Tips,6,25.95,2025-12-16
Replacement Coils,12,6.36,2025-12-16
Chargers,13,41.95,2025-12-16
Replacement Coils,10,17.32,2025-12-16
Nicotine Pods,18,49.62,2025-12-16
Pod Kit,21,65.36,2025-12-16
E-Liquid Premium,20,37.31,2025-12-16
E-Liquid Premium,23,45.05,2025-12-16
Vape Juice 60ml,41,31.08,2025-12-16
Vape Juice 30ml,63,36.46,2025-12-16
Atomizers,22,28.68,2025-12-16
Tanks,26,53.22,2025-12-16
Starter Kit,18,25.49,2025-12-16
Vape Mod XL,13,57.92,2025-12-16
Pod Kit,19,49.92,2025-12-16
Nicotine Pods,16,21.57,2025-12-16
Cotton Wicking,12,7.6,2025-12-17
Batteries,27,47.07,2025-12-17
Battery 18650,14,14.79,2025-12-17
Chargers,23,40.05,2025-12-17
Cotton Wicking,10,28.31,2025-12-17
Tank Glass,9,17.37,2025-12-17
Tank Glass,8,5.0,2025-12-17
Drip Tips,4,38.56,2025-12-17
Drip Tips,6,29.32,2025-12-17
Charger,11,22.36,2025-12-17
Nicotine Pods,37,37.59,2025-12-17
Replacement Coils,25,26.36,2025-12-17
Zero Nicotine 30ml,29,31.42,2025-12-17
E-Liquid Premium,46,60.24,2025-12-17
Vape Juice 60ml,43,24.53,2025-12-17
Vape Juice 30ml,23,13.19,2025-12-17
Vape Juice 30ml,25,67.02,2025-12-17
Atomizers,6,50.99,2025-12-17
Atomizers,7,36.11,2025-12-17
Tanks,26,51.91,2025-12-17
Starter Kit,12,26.18,2025-12-17
Vape Mod XL,14,36.87,2025-12-17
Pod Kit,48,43.36,2025-12-17
Cotton Wicking,32,69.21,2025-12-18
Battery 18650,6,18.22,2025-12-18
Battery 18650,5,15.74,2025-12-18
Battery 18650,6,22.42,2025-12-18
Chargers,9,17.64,2025-12-18
E-Liquid Premium,53,15.5,2025-12-18
Chargers,8,34.8,2025-12-18
Charger,11,19.72,2025-12-18
Tank Glass,9,11.01,2025-12-18
Replacement Coils,20,12.13,2025-12-18
Chargers,8,34.82,2025-12-18
Tank Glass,9,12.57,2025-12-18
Vape Juice 60ml,20,6.24,2025-12-18
Vape Juice 60ml,21,37.47,2025-12-18
Vape Juice 60ml,17,54.04,2025-12-18
Vape Juice 30ml,63,40.99,2025-12-18
Atomizers,16,60.89,2025-12-18
Tanks,15,76.68,2025-12-18
Tanks,15,49.69,2025-12-18
Starter Kit,18,36.82,2025-12-18
Vape Mod XL,12,27.1,2025-12-18
Pod Kit,22,52.04,2025-12-18
Pod Kit,21,62.87,2025-12-18
Nicotine Pods,49,46.03,2025-12-18
Batteries,33,5.0,2025-12-19
Replacement Coils,36,26.07,2025-12-19
Cotton Wicking,45,17.04,2025-12-19
Battery 18650,19,19.3,2025-12-19
Nicotine Pods,32,61.44,2025-12-19
Charger,11,22.15,2025-12-19
Tank Glass,15,16.52,2025-12-19
Drip Tips,6,17.96,2025-12-19
Drip Tips,4,17.97,2025-12-19
Chargers,19,43.87,2025-12-19
Nicotine Pods,32,23.75,2025-12-19
Vape Juice 60ml,46,42.27,2025-12-19
E-Liquid Premium,70,56.77,2025-12-19
Zero Nicotine 30ml,30,5.0,2025-12-19
Vape Juice 30ml,30,56.01,2025-12-19
Vape Juice 30ml,28,83.86,2025-12-19
Atomizers,19,97.53,2025-12-19
Atomizers,17,63.64,2025-12-19
Tanks,39,58.82,2025-12-19
Starter Kit,15,37.46,2025-12-19
Vape Mod XL,10,58.37,2025-12-19
Vape Mod XL,7,22.1,2025-12-19
Pod Kit,43,49.55,2025-12-19
Cotton Wicking,17,12.2,2025-12-20
Batteries,21,59.14,2025-12-20
Batteries,20,63.72,2025-12-20
Battery 18650,19,21.63,2025-12-20
Chargers,11,52.79,2025-12-20
Tank Glass,11,13.03,2025-12-20
Charger,9,14.79,2025-12-20
Charger,7,18.35,2025-12-20
Tank Glass,11,9.15,2025-12-20
Cotton Wicking,17,64.93,2025-12-20
Drip Tips,14,25.95,2025-12-20
Chargers,8,37.34,2025-12-20
Replacement Coils,22,21.71,2025-12-20
Zero Nicotine 30ml,37,22.86,2025-12-20
Nicotine Pods,12,38.11,2025-12-20
Pod Kit,38,59.8,2025-12-20
Vape Mod XL,6,38.25,2025-12-20
Vape Mod XL,6,39.37,2025-12-20
Nicotine Pods,15,63.99,2025-12-20
Atomizers,12,55.22,2025-12-20
Tanks,43,37.8,2025-12-20
Atomizers,12,75.0,2025-12-20
Vape Juice 30ml,63,46.21,2025-12-20
Vape Juice 60ml,47,36.9,2025-12-20
E-Liquid Premium,66,54.45,2025-12-20
Nicotine Pods,11,72.6,2025-12-20
Atomizers,8,59.48,2025-12-20
Chargers,10,14.84,2025-12-21
Batteries,41,39.9,2025-12-21
Battery 18650,14,24.44,2025-12-21
Battery 18650,14,20.9,2025-12-21
Chargers,9,72.2,2025-12-21
Cotton Wicking,32,58.52,2025-12-21
Tank Glass,19,13.1,2025-12-21
Drip Tips,8,31.73,2025-12-21
Drip Tips,4,21.77,2025-12-21
Drip Tips,7,40.45,2025-12-21
Chargers,11,69.5,2025-12-21
Replacement Coils,13,16.56,2025-12-21
Charger,15,25.59,2025-12-21
Replacement Coils,11,16.43,2025-12-21
Vape Mod XL,8,48.86,2025-12-21
Starter Kit,13,21.46,2025-12-21
Starter Kit,10,32.13,2025-12-21
Replacement Coils,13,7.94,2025-12-21
Tanks,52,71.01,2025-12-21
Vape Mod XL,11,59.96,2025-12-21
Vape Juice 30ml,89,41.71,2025-12-21
Vape Juice 60ml,52,41.69,2025-12-21
E-Liquid Premium,68,50.11,2025-12-21
Zero Nicotine 30ml,52,46.89,2025-12-21
Nicotine Pods,61,74.67,2025-12-21
Atomizers,31,56.62,2025-12-21
Cotton Wicking,13,29.6,2025-12-22
Batteries,12,20.82,2025-12-22
Batteries,15,38.55,2025-12-22
Battery 18650,10,17.72,2025-12-22
Battery 18650,8,19.09,2025-12-22
Tank Glass,14,23.49,2025-12-22
Charger,8,22.41,2025-12-22
Drip Tips,4,27.3,2025-12-22
Drip Tips,4,23.98,2025-12-22
Drip Tips,6,18.95,2025-12-22
Cotton Wicking,17,29.04,2025-12-22
Chargers,26,52.86,2025-12-22
Replacement Coils,15,30.52,2025-12-22
Nicotine Pods,36,97.76,2025-12-22
Pod Kit,16,51.36,2025-12-22
Pod Kit,16,58.79,2025-12-22
Replacement Coils,15,10.44,2025-12-22
Vape Mod XL,13,48.33,2025-12-22
Starter Kit,7,31.3,2025-12-22
Starter Kit,5,37.08,2025-12-22
Starter Kit,3,26.16,2025-12-22
Atomizers,22,90.93,2025-12-22
Vape Juice 60ml,53,36.03,2025-12-22
E-Liquid Premium,66,66.45,2025-12-22
Zero Nicotine 30ml,12,30.68,2025-12-22
Zero Nicotine 30ml,15,28.48,2025-12-22
Tanks,34,60.21,2025-12-22
Cotton Wicking,29,51.58,2025-12-23
Replacement Coils,15,16.08,2025-12-23
Replacement Coils,13,31.7,2025-12-23
Batteries,30,5.0,2025-12-23
Nicotine Pods,31,25.07,2025-12-23
Chargers,20,43.5,2025-12-23
Charger,13,19.41,2025-12-23
Tank Glass,12,5.0,2025-12-23
Drip Tips,8,24.45,2025-12-23
Battery 18650,15,19.35,2025-12-23
Zero Nicotine 30ml,35,42.79,2025-12-23
Vape Juice 60ml,47,16.84,2025-12-23
E-Liquid Premium,75,44.58,2025-12-23
Vape Juice 30ml,32,41.55,2025-12-23
Vape Juice 30ml,32,50.31,2025-12-23
Atomizers,9,57.04,2025-12-23
Atomizers,7,41.36,2025-12-23
Atomizers,8,55.63,2025-12-23
Tanks,12,49.68,2025-12-23
Tanks,13,74.2,2025-12-23
Starter Kit,16,23.25,2025-12-23
Pod Kit,49,40.95,2025-12-23
Nicotine Pods,9,73.05,2025-12-24
Nicotine Pods,9,35.92,2025-12-24
Replacement Coils,24,22.91,2025-12-24
Cotton Wicking,24,27.31,2025-12-24
Batteries,12,54.63,2025-12-24
Batteries,15,31.42,2025-12-24
Zero Nicotine 30ml,10,27.06,2025-12-24
Battery 18650,10,24.85,2025-12-24
Chargers,15,37.82,2025-12-24
Tank Glass,6,12.61,2025-12-24
Nicotine Pods,10,18.77,2025-12-24
Tank Glass,3,20.52,2025-12-24
Battery 18650,8,21.26,2025-12-24
Tank Glass,3,27.79,2025-12-24
Vape Juice 60ml,36,43.47,2025-12-24
E-Liquid Premium,35,38.99,2025-12-24
Pod Kit,53,50.4,2025-12-24
Vape Mod XL,15,61.8,2025-12-24
Starter Kit,4,42.36,2025-12-24
Starter Kit,5,44.96,2025-12-24
Zero Nicotine 30ml,14,5.0,2025-12-24
Tanks,12,41.09,2025-12-24
Tanks,13,54.84,2025-12-24
Atomizers,7,76.73,2025-12-24
Atomizers,7,50.21,2025-12-24
Vape Juice 30ml,69,55.94,2025-12-24
E-Liquid Premium,36,45.22,2025-12-24
Atomizers,9,62.87,2025-12-24
Drip Tips,18,28.75,2025-12-25
Cotton Wicking,23,59.84,2025-12-25
Cotton Wicking,25,19.45,2025-12-25
Battery 18650,11,20.79,2025-12-25
Replacement Coils,35,19.79,2025-12-25
Chargers,29,63.51,2025-12-25
Charger,17,13.0,2025-12-25
Tank Glass,22,15.03,2025-12-25
Battery 18650,15,21.93,2025-12-25
Nicotine Pods,44,74.39,2025-12-25
Batteries,30,14.49,2025-12-25
E-Liquid Premium,73,68.82,2025-12-25
Pod Kit,32,61.38,2025-12-25
Pod Kit,34,52.06,2025-12-25
Vape Mod XL,15,36.29,2025-12-25
Vape Mod XL,12,14.72,2025-12-25
Zero Nicotine 30ml,50,18.81,2025-12-25
Tanks,42,67.11,2025-12-25
Atomizers,29,65.26,2025-12-25
Vape Juice 30ml,99,34.26,2025-12-25
Vape Juice 60ml,60,42.06,2025-12-25
Starter Kit,16,32.51,2025-12-25
Batteries,26,62.13,2025-12-26
Drip Tips,7,30.39,2025-12-26
Drip Tips,8,31.59,2025-12-26
Tank Glass,26,8.84,2025-12-26
Charger,23,29.39,2025-12-26
Chargers,22,16.23,2025-12-26
Chargers,23,53.2,2025-12-26
Battery 18650,15,21.6,2025-12-26
Battery 18650,16,27.6,2025-12-26
Batteries,29,32.39,2025-12-26
Cotton Wicking,51,15.47,2025-12-26
Replacement Coils,16,25.53,2025-12-26
Replacement Coils,14,18.79,2025-12-26
Vape Mod XL,26,51.69,2025-12-26
Starter Kit,20,33.66,2025-12-26
Tanks,30,58.35,2025-12-26
Tanks,30,40.62,2025-12-26
Pod Kit,51,47.64,2025-12-26
Vape Juice 60ml,92,21.81,2025-12-26
E-Liquid Premium,88,35.37,2025-12-26
Zero Nicotine 30ml,27,39.71,2025-12-26
Zero Nicotine 30ml,28,16.93,2025-12-26
Atomizers,47,61.52,2025-12-26
Nicotine Pods,74,8.37,2025-12-27
Tank Glass,17,15.33,2025-12-27
Drip Tips,13,37.88,2025-12-27
Charger,19,19.88,2025-12-27
Chargers,13,44.64,2025-12-27
Chargers,10,24.84,2025-12-27
Chargers,13,47.2,2025-12-27
Battery 18650,25,19.83,2025-12-27
Cotton Wicking,43,39.29,2025-12-27
Replacement Coils,36,10.63,2025-12-27
Zero Nicotine 30ml,63,27.62,2025-12-27
Tank Glass,16,12.95,2025-12-27
E-Liquid Premium,28,39.69,2025-12-27
E-Liquid Premium,25,26.34,2025-12-27
Vape Juice 60ml,80,21.81,2025-12-27
Atomizers,22,74.84,2025-12-27
Atomizers,22,62.29,2025-12-27
Tanks,21,42.5,2025-12-27
Tanks,21,69.49,2025-12-27
Tanks,23,66.53,2025-12-27
Starter Kit,30,24.82,2025-12-27
Vape Mod XL,33,72.78,2025-12-27
E-Liquid Premium,29,16.18,2025-12-27
Batteries,19,43.82,2025-12-28
Batteries,17,43.91,2025-12-28
Battery 18650,23,13.8,2025-12-28
Chargers,19,35.24,2025-12-28
Drip Tips,15,20.62,2025-12-28
Charger,12,12.13,2025-12-28
Charger,12,15.1,2025-12-28
Cotton Wicking,35,43.22,2025-12-28
Chargers,20,17.97,2025-12-28
Replacement Coils,15,20.72,2025-12-28
Tank Glass,20,11.5,2025-12-28
Replacement Coils,12,23.97,2025-12-28
Starter Kit,14,27.37,2025-12-28
Starter Kit,18,24.13,2025-12-28
Tanks,42,65.38,2025-12-28
Vape Juice 30ml,78,51.75,2025-12-28
Vape Mod XL,24,53.03,2025-12-28
E-Liquid Premium,78,39.36,2025-12-28
Zero Nicotine 30ml,41,37.92,2025-12-28
Nicotine Pods,69,27.42,2025-12-28
Vape Juice 60ml,86,21.55,2025-12-28
Replacement Coils,16,19.6,2025-12-28
Nicotine Pods,54,86.74,2025-12-29
Tank Glass,15,26.67,2025-12-29
Charger,2,20.53,2025-12-29
Charger,5,25.47,2025-12-29
Chargers,22,58.68,2025-12-29
Battery 18650,10,26.62,2025-12-29
Battery 18650,9,17.5,2025-12-29
Replacement Coils,13,29.59,2025-12-29
Replacement Coils,12,24.79,2025-12-29
Zero Nicotine 30ml,39,24.88,2025-12-29
Vape Juice 60ml,42,61.82,2025-12-29
Vape Juice 30ml,63,49.35,2025-12-29
Atomizers,34,26.06,2025-12-29
Tanks,45,69.95,2025-12-29
Starter Kit,23,40.52,2025-12-29
Vape Mod XL,18,40.99,2025-12-29
Pod Kit,16,50.81,2025-12-29
Pod Kit,15,59.31,2025-12-29
E-Liquid Premium,83,59.79,2025-12-29
Batteries,36,5.0,2025-12-30
Battery 18650,20,20.65,2025-12-30
Chargers,8,33.13,2025-12-30
Chargers,9,30.52,2025-12-30
Chargers,12,19.73,2025-12-30
Tank Glass,6,23.15,2025-12-30
Charger,2,19.41,2025-12-30
Tank Glass,8,5.0,2025-12-30
Drip Tips,15,5.0,2025-12-30
Cotton Wicking,17,10.94,2025-12-30
Charger,5,25.5,2025-12-30
Cotton Wicking,14,61.93,2025-12-30
Charger,3,23.98,2025-12-30
Zero Nicotine 30ml,35,17.28,2025-12-30
Pod Kit,38,64.76,2025-12-30
Vape Mod XL,23,65.38,2025-12-30
Atomizers,27,32.09,2025-12-30
Vape Juice 30ml,26,40.68,2025-12-30
Replacement Coils,28,22.83,2025-12-30
Starter Kit,20,29.66,2025-12-30
Vape Juice 30ml,26,66.06,2025-12-30
Vape Juice 60ml,21,22.21,2025-12-30
Vape Juice 60ml,20,24.05,2025-12-30
Vape Juice 60ml,18,36.68,2025-12-30
E-Liquid Premium,62,42.7,2025-12-30
Vape Juice 30ml,28,42.04,2025-12-30
Battery 18650,20,24.74,2025-12-31
Drip Tips,3,19.59,2025-12-31
Drip Tips,3,17.14,2025-12-31
Tank Glass,17,12.98,2025-12-31
Chargers,6,52.85,2025-12-31
Chargers,9,34.36,2025-12-31
Chargers,9,39.57,2025-12-31
Replacement Coils,15,22.97,2025-12-31
Batteries,33,36.75,2025-12-31
Nicotine Pods,47,6.53,2025-12-31
Zero Nicotine 30ml,40,9.65,2025-12-31
Vape Juice 60ml,61,39.23,2025-12-31
Vape Juice 30ml,63,39.16,2025-12-31
Atomizers,20,17.17,2025-12-31
Tanks,43,62.45,2025-12-31
Vape Mod XL,11,27.04,2025-12-31
Vape Mod XL,9,46.12,2025-12-31
Replacement Coils,17,11.54,2025-12-31
Cotton Wicking,15,30.61,2026-01-01
Cotton Wicking,12,49.01,2026-01-01
Batteries,24,23.02,2026-01-01
Battery 18650,8,21.3,2026-01-01
Battery 18650,8,18.46,2026-01-01
Chargers,9,5.0,2026-01-01
Chargers,6,30.99,2026-01-01
Tank Glass,4,21.37,2026-01-01
Charger,8,16.46,2026-01-01
Tank Glass,5,28.96,2026-01-01
Tank Glass,5,24.26,2026-01-01
Drip Tips,5,37.75,2026-01-01
Drip Tips,5,35.52,2026-01-01
Replacement Coils,8,16.86,2026-01-01
Charger,8,12.56,2026-01-01
Replacement Coils,4,17.96,2026-01-01
Replacement Coils,4,29.82,2026-01-01
Nicotine Pods,16,60.49,2026-01-01
Pod Kit,14,67.64,2026-01-01
Pod Kit,16,56.72,2026-01-01
Starter Kit,6,26.1,2026-01-01
Tanks,31,36.57,2026-01-01
Atomizers,7,32.95,2026-01-01
Atomizers,4,51.49,2026-01-01
Atomizers,4,79.33,2026-01-01
Starter Kit,9,24.34,2026-01-01
Vape Juice 30ml,20,53.15,2026-01-01
Vape Juice 60ml,44,35.57,2026-01-01
E-Liquid Premium,44,59.62,2026-01-01
Zero Nicotine 30ml,14,16.4,2026-01-01
Zero Nicotine 30ml,12,13.46,2026-01-01
Nicotine Pods,17,48.3,2026-01-01
Vape Juice 30ml,20,37.66,2026-01-01
Nicotine Pods,32,49.47,2026-01-02
Replacement Coils,22,25.91,2026-01-02
Cotton Wicking,31,31.83,2026-01-02
Battery 18650,7,16.83,2026-01-02
Tank Glass,19,27.39,2026-01-02
Chargers,26,24.25,2026-01-02
Drip Tips,10,21.91,2026-01-02
Zero Nicotine 30ml,39,5.0,2026-01-02
Battery 18650,8,14.96,2026-01-02
E-Liquid Premium,83,52.04,2026-01-02
Vape Juice 30ml,80,36.31,2026-01-02
Vape Juice 60ml,15,16.25,2026-01-02
Atomizers,8,62.2,2026-01-02
Atomizers,8,67.34,2026-01-02
Atomizers,5,61.51,2026-01-02
Tanks,35,65.13,2026-01-02
Vape Mod XL,8,27.86,2026-01-02
Vape Mod XL,9,87.3,2026-01-02
Pod Kit,50,58.62,2026-01-02
Vape Juice 60ml,16,41.83,2026-01-02
Replacement Coils,21,23.31,2026-01-03
Batteries,35,5.0,2026-01-03
Battery 18650,19,21.94,2026-01-03
Chargers,9,44.61,2026-01-03
Chargers,6,41.56,2026-01-03
Tank Glass,5,14.0,2026-01-03
Charger,7,21.89,2026-01-03
Tank Glass,3,11.41,2026-01-03
Drip Tips,15,25.18,2026-01-03
Nicotine Pods,17,55.72,2026-01-03
Charger,9,17.3,2026-01-03
Nicotine Pods,17,28.99,2026-01-03
Tank Glass,4,5.1,2026-01-03
Vape Juice 60ml,26,30.07,2026-01-03
Pod Kit,47,26.11,2026-01-03
Vape Mod XL,9,46.26,2026-01-03
Vape Mod XL,10,56.56,2026-01-03
Starter Kit,7,39.38,2026-01-03
Starter Kit,9,34.88,2026-01-03
Zero Nicotine 30ml,27,39.84,2026-01-03
Vape Juice 30ml,16,33.58,2026-01-03
Vape Juice 30ml,19,40.77,2026-01-03
Vape Juice 30ml,19,66.34,2026-01-03
Vape Juice 60ml,27,17.6,2026-01-03
Tanks,25,59.69,2026-01-03
Zero Nicotine 30ml,39,31.64,2026-01-04
Drip Tips,10,21.89,2026-01-04
Charger,14,21.86,2026-01-04
Chargers,19,75.45,2026-01-04
Batteries,35,14.19,2026-01-04
Cotton Wicking,13,9.73,2026-01-04
Cotton Wicking,16,20.33,2026-01-04
Replacement Coils,25,24.82,2026-01-04
Nicotine Pods,46,64.69,2026-01-04
E-Liquid Premium,16,53.63,2026-01-04
E-Liquid Premium,15,44.89,2026-01-04
E-Liquid Premium,18,47.9,2026-01-04
Vape Juice 60ml,38,53.52,2026-01-04
Vape Juice 30ml,59,32.58,2026-01-04
Atomizers,14,54.77,2026-01-04
Atomizers,13,62.69,2026-01-04
Tanks,9,60.33,2026-01-04
Tanks,10,45.24,2026-01-04
Starter Kit,20,37.42,2026-01-04
Pod Kit,36,51.31,2026-01-04
Replacement Coils,8,5.0,2026-01-05
Replacement Coils,6,16.01,2026-01-05
Cotton Wicking,12,66.2,2026-01-05
Cotton Wicking,12,42.2,2026-01-05
Batteries,23,56.62,2026-01-05
Drip Tips,5,26.87,2026-01-05
Chargers,14,48.32,2026-01-05
Tank Glass,10,30.01,2026-01-05
Replacement Coils,8,25.63,2026-01-05
Drip Tips,6,17.98,2026-01-05
Battery 18650,13,17.68,2026-01-05
Zero Nicotine 30ml,22,39.0,2026-01-05
Vape Mod XL,6,50.77,2026-01-05
E-Liquid Premium,19,54.94,2026-01-05
E-Liquid Premium,20,55.71,2026-01-05
Vape Mod XL,7,57.23,2026-01-05
Tanks,7,86.68,2026-01-05
Tanks,10,68.81,2026-01-05
Pod Kit,33,65.35,2026-01-05
Atomizers,3,50.85,2026-01-05
Atomizers,5,51.81,2026-01-05
Vape Juice 30ml,40,17.32,2026-01-05
Vape Juice 60ml,30,11.29,2026-01-05
Atomizers,4,50.1,2026-01-05
Replacement Coils,8,16.94,2026-01-06
Drip Tips,1,45.07,2026-01-06
Tank Glass,11,10.74,2026-01-06
Charger,9,24.76,2026-01-06
Drip Tips,2,31.16,2026-01-06
Chargers,9,38.99,2026-01-06
Batteries,8,20.3,2026-01-06
Batteries,9,34.21,2026-01-06
Cotton Wicking,15,25.26,2026-01-06
Replacement Coils,9,34.34,2026-01-06
Zero Nicotine 30ml,20,34.84,2026-01-06
Vape Mod XL,10,63.43,2026-01-06
Vape Juice 60ml,14,30.71,2026-01-06
Pod Kit,9,38.95,2026-01-06
Pod Kit,8,52.45,2026-01-06
Pod Kit,5,52.65,2026-01-06
Tanks,18,74.2,2026-01-06
E-Liquid Premium,31,57.68,2026-01-06
Vape Juice 30ml,44,35.34,2026-01-06
Vape Juice 60ml,10,57.19,2026-01-06
Vape Juice 60ml,10,32.26,2026-01-06
Atomizers,16,63.26,2026-01-06
Cotton Wicking,11,71.38,2026-01-07
Batteries,5,25.02,2026-01-07
Batteries,6,27.0,2026-01-07
Battery 18650,8,17.05,2026-01-07
Chargers,7,37.15,2026-01-07
Chargers,6,73.33,2026-01-07
Charger,3,7.02,2026-01-07
Tank Glass,2,16.01,2026-01-07
Tank Glass,2,5.0,2026-01-07
Cotton Wicking,10,46.96,2026-01-07
Drip Tips,5,28.54,2026-01-07
Drip Tips,2,46.21,2026-01-07
Charger,5,25.15,2026-01-07
Tank Glass,1,12.72,2026-01-07
Replacement Coils,7,6.1,2026-01-07
Nicotine Pods,10,55.36,2026-01-07
Pod Kit,21,62.6,2026-01-07
Replacement Coils,7,21.43,2026-01-07
Vape Mod XL,2,65.88,2026-01-07
Starter Kit,11,42.61,2026-01-07
Tanks,18,69.04,2026-01-07
Atomizers,14,92.57,2026-01-07
Vape Mod XL,2,52.09,2026-01-07
E-Liquid Premium,12,52.09,2026-01-07
E-Liquid Premium,13,68.46,2026-01-07
E-Liquid Premium,12,57.93,2026-01-07
Zero Nicotine 30ml,16,43.99,2026-01-07
Nicotine Pods,8,59.35,2026-01-07
Nicotine Pods,7,72.26,2026-01-07
Vape Juice 60ml,22,43.92,2026-01-07
Batteries,22,60.36,2026-01-08
Battery 18650,11,14.91,2026-01-08
Chargers,11,62.92,2026-01-08
Drip Tips,8,37.88,2026-01-08
Tank Glass,8,5.0,2026-01-08
Charger,5,18.48,2026-01-08
Charger,5,25.78,2026-01-08
Tank Glass,5,8.73,2026-01-08
Cotton Wicking,9,25.23,2026-01-08
Charger,2,25.74,2026-01-08
Cotton Wicking,8,34.8,2026-01-08
Vape Juice 60ml,12,27.67,2026-01-08
Replacement Coils,8,26.83,2026-01-08
Starter Kit,11,24.05,2026-01-08
Atomizers,17,30.59,2026-01-08
Vape Juice 30ml,16,37.6,2026-01-08
Vape Juice 30ml,20,28.4,2026-01-08
Cotton Wicking,10,45.08,2026-01-08
E-Liquid Premium,43,47.04,2026-01-08
Zero Nicotine 30ml,17,39.12,2026-01-08
Nicotine Pods,26,70.49,2026-01-08
Replacement Coils,7,19.1,2026-01-08
Vape Juice 60ml,12,56.51,2026-01-08
Zero Nicotine 30ml,13,32.85,2026-01-09
Nicotine Pods,38,32.61,2026-01-09
Replacement Coils,6,17.64,2026-01-09
Replacement Coils,4,12.49,2026-01-09
Replacement Coils,7,19.77,2026-01-09
Battery 18650,7,13.57,2026-01-09
Battery 18650,5,17.57,2026-01-09
Chargers,10,31.87,2026-01-09
Chargers,9,42.63,2026-01-09
Zero Nicotine 30ml,14,14.33,2026-01-09
Drip Tips,8,27.29,2026-01-09
Cotton Wicking,32,54.08,2026-01-09
Tank Glass,16,7.33,2026-01-09
E-Liquid Premium,25,48.13,2026-01-09
Vape Juice 60ml,25,36.67,2026-01-09
Vape Juice 60ml,25,42.11,2026-01-09
Vape Juice 30ml,57,66.39,2026-01-09
Atomizers,12,73.9,2026-01-09
Atomizers,11,50.35,2026-01-09
Tanks,8,72.82,2026-01-09
Tanks,8,59.28,2026-01-09
Tanks,6,69.77,2026-01-09
Starter Kit,14,38.09,2026-01-09
Vape Mod XL,19,19.46,2026-01-09
Pod Kit,41,36.73,2026-01-09
E-Liquid Premium,23,39.56,2026-01-09
Replacement Coils,16,18.77,2026-01-10
Cotton Wicking,7,34.3,2026-01-10
Cotton Wicking,7,38.61,2026-01-10
Cotton Wicking,10,14.71,2026-01-10
Drip Tips,7,25.65,2026-01-10
Battery 18650,15,26.99,2026-01-10
Chargers,18,32.83,2026-01-10
Charger,8,22.78,2026-01-10
Tank Glass,9,12.6,2026-01-10
Batteries,26,58.87,2026-01-10
Nicotine Pods,12,52.19,2026-01-10
Nicotine Pods,10,45.36,2026-01-10
E-Liquid Premium,25,68.15,2026-01-10
Pod Kit,16,55.41,2026-01-10
Pod Kit,18,53.76,2026-01-10
Vape Mod XL,14,39.84,2026-01-10
Starter Kit,10,21.0,2026-01-10
Zero Nicotine 30ml,24,22.93,2026-01-10
Tanks,24,54.79,2026-01-10
Vape Juice 30ml,53,50.55,2026-01-10
Vape Juice 60ml,27,49.51,2026-01-10
E-Liquid Premium,23,61.95,2026-01-10
Starter Kit,10,30.3,2026-01-10
Nicotine Pods,29,77.5,2026-01-11
Replacement Coils,8,27.36,2026-01-11
Replacement Coils,9,16.52,2026-01-11
Cotton Wicking,25,19.11,2026-01-11
Batteries,23,48.3,2026-01-11
Battery 18650,6,17.92,2026-01-11
Chargers,8,33.72,2026-01-11
Chargers,6,34.89,2026-01-11
Charger,6,12.49,2026-01-11
E-Liquid Premium,40,49.92,2026-01-11
Drip Tips,2,19.0,2026-01-11
Drip Tips,2,42.96,2026-01-11
Battery 18650,5,27.94,2026-01-11
Tank Glass,9,10.05,2026-01-11
Vape Juice 60ml,13,35.78,2026-01-11
Vape Juice 30ml,10,36.37,2026-01-11
Pod Kit,11,45.66,2026-01-11
Vape Juice 60ml,17,33.28,2026-01-11
Vape Mod XL,3,62.65,2026-01-11
Vape Mod XL,6,51.5,2026-01-11
Starter Kit,5,40.03,2026-01-11
Starter Kit,6,33.82,2026-01-11
Pod Kit,12,56.0,2026-01-11
Tanks,5,51.07,2026-01-11
Tanks,9,54.79,2026-01-11
Atomizers,15,44.71,2026-01-11
Vape Juice 30ml,12,41.43,2026-01-11
Vape Juice 30ml,10,38.23,2026-01-11
Tanks,9,57.41,2026-01-11
Drip Tips,6,24.05,2026-01-12
Tank Glass,11,20.12,2026-01-12
Charger,1,19.62,2026-01-12
Charger,1,21.36,2026-01-12
Charger,4,18.58,2026-01-12
Chargers,4,60.28,2026-01-12
Chargers,7,46.6,2026-01-12
Battery 18650,6,18.78,2026-01-12
Batteries,11,55.36,2026-01-12
Replacement Coils,7,21.62,2026-01-12
Cotton Wicking,13,46.42,2026-01-12
Nicotine Pods,27,27.72,2026-01-12
Pod Kit,18,47.5,2026-01-12
Starter Kit,7,30.83,2026-01-12
Tanks,8,66.37,2026-01-12
Tanks,8,72.38,2026-01-12
Replacement Coils,6,5.0,2026-01-12
Atomizers,10,56.1,2026-01-12
Atomizers,8,41.04,2026-01-12
Vape Juice 30ml,29,57.15,2026-01-12
Vape Juice 60ml,21,12.84,2026-01-12
Tanks,7,41.45,2026-01-12
Cotton Wicking,5,57.91,2026-01-13
Batteries,15,59.37,2026-01-13
Battery 18650,5,25.0,2026-01-13
Chargers,10,43.84,2026-01-13
Charger,2,29.15,2026-01-13
Cotton Wicking,8,68.38,2026-01-13
Charger,1,14.93,2026-01-13
Tank Glass,8,5.74,2026-01-13
Drip Tips,2,27.57,2026-01-13
Drip Tips,1,46.1,2026-01-13
Charger,1,11.45,2026-01-13
Replacement Coils,17,22.76,2026-01-13
Battery 18650,5,22.27,2026-01-13
E-Liquid Premium,17,73.34,2026-01-13
Zero Nicotine 30ml,19,26.49,2026-01-13
Pod Kit,30,71.94,2026-01-13
Starter Kit,4,34.37,2026-01-13
Starter Kit,7,36.61,2026-01-13
Tanks,20,52.35,2026-01-13
Atomizers,7,58.25,2026-01-13
Cotton Wicking,7,39.04,2026-01-13
Atomizers,5,61.32,2026-01-13
Vape Juice 30ml,38,35.1,2026-01-13
Vape Juice 60ml,21,26.44,2026-01-13
E-Liquid Premium,18,35.6,2026-01-13
Atomizers,6,48.23,2026-01-13
Cotton Wicking,10,65.15,2026-01-14
Batteries,7,43.47,2026-01-14
Batteries,7,25.53,2026-01-14
Battery 18650,4,18.59,2026-01-14
Battery 18650,3,22.33,2026-01-14
Chargers,6,25.21,2026-01-14
Charger,2,22.31,2026-01-14
Charger,3,22.61,2026-01-14
Charger,1,14.08,2026-01-14
Tank Glass,3,27.69,2026-01-14
Tank Glass,2,20.19,2026-01-14
Cotton Wicking,9,33.08,2026-01-14
Drip Tips,4,22.21,2026-01-14
Chargers,8,26.74,2026-01-14
Tank Glass,1,12.1,2026-01-14
Nicotine Pods,9,48.65,2026-01-14
Nicotine Pods,7,33.31,2026-01-14
Pod Kit,28,40.13,2026-01-14
Vape Mod XL,4,64.03,2026-01-14
Starter Kit,12,33.65,2026-01-14
Tanks,8,63.22,2026-01-14
Tanks,9,47.39,2026-01-14
Atomizers,5,59.09,2026-01-14
Vape Mod XL,5,66.9,2026-01-14
Vape Juice 30ml,11,58.83,2026-01-14
Atomizers,6,37.41,2026-01-14
Nicotine Pods,9,39.23,2026-01-14
Replacement Coils,15,28.07,2026-01-14
Vape Juice 30ml,12,41.22,2026-01-14
Vape Juice 30ml,11,61.25,2026-01-14
E-Liquid Premium,39,43.65,2026-01-14
Cotton Wicking,21,47.3,2026-01-15
Drip Tips,2,35.21,2026-01-15
Drip Tips,2,34.63,2026-01-15
Tank Glass,3,16.6,2026-01-15
Tank Glass,6,6.95,2026-01-15
Charger,6,25.4,2026-01-15
Chargers,4,56.79,2026-01-15
Chargers,6,29.89,2026-01-15
Battery 18650,11,20.6,2026-01-15
Batteries,22,22.69,2026-01-15
Drip Tips,3,25.67,2026-01-15
Replacement Coils,17,27.09,2026-01-15
Zero Nicotine 30ml,15,5.0,2026-01-15
E-Liquid Premium,53,20.3,2026-01-15
Vape Juice 60ml,20,22.98,2026-01-15
Atomizers,19,70.09,2026-01-15
Tanks,7,59.26,2026-01-15
Tanks,6,66.34,2026-01-15
Tanks,7,55.03,2026-01-15
Starter Kit,9,34.72,2026-01-15
Vape Mod XL,10,49.36,2026-01-15
Nicotine Pods,22,75.36,2026-01-15
Nicotine Pods,6,32.84,2026-01-16
Replacement Coils,6,17.56,2026-01-16
Replacement Coils,9,20.86,2026-01-16
Cotton Wicking,26,35.91,2026-01-16
Batteries,13,5.0,2026-01-16
Batteries,10,46.96,2026-01-16
Drip Tips,3,30.89,2026-01-16
Chargers,8,9.25,2026-01-16
Chargers,6,21.53,2026-01-16
Charger,7,24.94,2026-01-16
Drip Tips,4,44.75,2026-01-16
Nicotine Pods,7,53.11,2026-01-16
Battery 18650,9,23.57,2026-01-16
Nicotine Pods,6,30.65,2026-01-16
Drip Tips,1,25.84,2026-01-16
E-Liquid Premium,40,49.7,2026-01-16
Pod Kit,15,64.24,2026-01-16
Pod Kit,16,75.95,2026-01-16
Pod Kit,15,46.56,2026-01-16
Vape Mod XL,17,49.07,2026-01-16
Starter Kit,7,48.24,2026-01-16
Starter Kit,6,40.07,2026-01-16
Zero Nicotine 30ml,22,40.56,2026-01-16
Tanks,12,59.06,2026-01-16
Atomizers,16,59.3,2026-01-16
Vape Juice 30ml,53,62.92,2026-01-16
Vape Juice 60ml,20,37.24,2026-01-16
Vape Juice 60ml,20,28.09,2026-01-16
Tanks,13,57.74,2026-01-16
Cotton Wicking,22,5.0,2026-01-17
Batteries,18,5.04,2026-01-17
Battery 18650,14,20.27,2026-01-17
Chargers,17,13.18,2026-01-17
Tank Glass,13,14.94,2026-01-17
Charger,2,16.0,2026-01-17
Nicotine Pods,13,42.23,2026-01-17
Drip Tips,5,28.72,2026-01-17
Drip Tips,3,31.8,2026-01-17
Charger,1,28.3,2026-01-17
Nicotine Pods,13,51.59,2026-01-17
Nicotine Pods,10,38.94,2026-01-17
E-Liquid Premium,19,38.05,2026-01-17
Zero Nicotine 30ml,27,35.4,2026-01-17
Starter Kit,11,36.34,2026-01-17
Tanks,28,82.81,2026-01-17
Atomizers,12,54.94,2026-01-17
Atomizers,9,73.4,2026-01-17
Vape Mod XL,9,52.99,2026-01-17
Vape Juice 60ml,20,34.62,2026-01-17
Vape Juice 60ml,21,31.19,2026-01-17
E-Liquid Premium,21,75.37,2026-01-17
Vape Juice 30ml,35,22.94,2026-01-17
Cotton Wicking,13,48.31,2026-01-18
Drip Tips,6,32.01,2026-01-18
Drip Tips,5,44.4,2026-01-18
Tank Glass,9,9.69,2026-01-18
Tank Glass,8,21.48,2026-01-18
Chargers,7,37.29,2026-01-18
Chargers,9,48.68,2026-01-18
Battery 18650,14,23.4,2026-01-18
Batteries,25,35.35,2026-01-18
Cotton Wicking,11,23.8,2026-01-18
Replacement Coils,19,26.97,2026-01-18
Starter Kit,15,29.45,2026-01-18
Nicotine Pods,12,23.32,2026-01-18
Zero Nicotine 30ml,25,43.5,2026-01-18
E-Liquid Premium,52,41.22,2026-01-18
Vape Juice 60ml,13,21.66,2026-01-18
Vape Juice 60ml,13,43.86,2026-01-18
Atomizers,22,35.23,2026-01-18
Tanks,20,72.81,2026-01-18
Vape Mod XL,13,49.36,2026-01-18
Pod Kit,25,47.46,2026-01-18
Nicotine Pods,15,13.82,2026-01-18
Cotton Wicking,7,55.89,2026-01-19
Batteries,9,37.33,2026-01-19
Batteries,7,16.79,2026-01-19
Battery 18650,11,29.64,2026-01-19
Chargers,7,39.47,2026-01-19
Drip Tips,5,22.94,2026-01-19
Charger,7,16.48,2026-01-19
Tank Glass,2,7.18,2026-01-19
Tank Glass,4,21.83,2026-01-19
Cotton Wicking,7,5.64,2026-01-19
Chargers,7,44.06,2026-01-19
Replacement Coils,6,37.14,2026-01-19
Starter Kit,11,41.56,2026-01-19
Nicotine Pods,20,82.11,2026-01-19
Pod Kit,14,62.67,2026-01-19
Vape Mod XL,8,22.26,2026-01-19
Atomizers,7,53.85,2026-01-19
Atomizers,8,37.96,2026-01-19
Pod Kit,13,35.45,2026-01-19
Vape Juice 30ml,19,47.2,2026-01-19
Vape Juice 30ml,21,45.75,2026-01-19
Zero Nicotine 30ml,22,36.76,2026-01-19
Replacement Coils,8,14.92,2026-01-19
Vape Juice 60ml,22,47.3,2026-01-19
E-Liquid Premium,38,51.39,2026-01-19
Drip Tips,6,32.3,2026-01-20
Replacement Coils,17,12.2,2026-01-20
Charger,1,13.84,2026-01-20
Charger,1,22.34,2026-01-20
Chargers,2,46.35,2026-01-20
Chargers,4,24.47,2026-01-20
Battery 18650,9,26.06,2026-01-20
Batteries,3,9.69,2026-01-20
Batteries,5,56.65,2026-01-20
Cotton Wicking,17,31.54,2026-01-20
Chargers,1,47.78,2026-01-20
Nicotine Pods,12,76.27,2026-01-20
Zero Nicotine 30ml,14,33.18,2026-01-20
E-Liquid Premium,29,41.05,2026-01-20
Vape Juice 60ml,16,24.0,2026-01-20
Vape Juice 60ml,14,21.79,2026-01-20
Vape Juice 30ml,31,65.42,2026-01-20
Atomizers,12,53.6,2026-01-20
Tanks,9,62.95,2026-01-20
Tanks,12,70.94,2026-01-20
Starter Kit,11,49.75,2026-01-20
Pod Kit,27,63.61,2026-01-20
Nicotine Pods,10,80.9,2026-01-20
Batteries,20,66.6,2026-01-21
Drip Tips,8,31.72,2026-01-21
Battery 18650,5,21.63,2026-01-21
Battery 18650,4,19.28,2026-01-21
Replacement Coils,13,22.67,2026-01-21
Chargers,7,79.69,2026-01-21
Charger,1,16.82,2026-01-21
Charger,2,22.66,2026-01-21
Chargers,7,49.62,2026-01-21
Nicotine Pods,19,35.68,2026-01-21
Atomizers,14,66.46,2026-01-21
E-Liquid Premium,38,40.12,2026-01-21
Pod Kit,33,53.73,2026-01-21
Vape Mod XL,3,51.55,2026-01-21
Vape Mod XL,5,55.9,2026-01-21
Tanks,7,58.0,2026-01-21
Zero Nicotine 30ml,23,25.59,2026-01-21
Tanks,5,52.3,2026-01-21
Vape Juice 30ml,40,33.49,2026-01-21
Vape Juice 60ml,22,32.34,2026-01-21
Tanks,5,68.22,2026-01-21
Drip Tips,8,41.4,2026-01-22
Tank Glass,5,5.0,2026-01-22
Tank Glass,2,17.09,2026-01-22
Tank Glass,6,20.52,2026-01-22
Charger,8,19.72,2026-01-22
Chargers,5,34.89,2026-01-22
Chargers,4,34.74,2026-01-22
Battery 18650,7,22.81,2026-01-22
Batteries,12,70.0,2026-01-22
Batteries,8,55.58,2026-01-22
Cotton Wicking,8,36.03,2026-01-22
Replacement Coils,15,34.68,2026-01-22
Battery 18650,7,17.14,2026-01-22
Zero Nicotine 30ml,26,30.61,2026-01-22
Nicotine Pods,25,27.45,2026-01-22
Pod Kit,22,43.08,2026-01-22
Starter Kit,9,28.41,2026-01-22
Starter Kit,7,17.83,2026-01-22
Tanks,13,76.63,2026-01-22
Tanks,11,50.63,2026-01-22
Cotton Wicking,10,42.99,2026-01-22
Atomizers,5,72.62,2026-01-22
Vape Juice 30ml,53,30.24,2026-01-22
Vape Juice 60ml,13,33.74,2026-01-22
Vape Juice 60ml,14,41.21,2026-01-22
E-Liquid Premium,49,68.46,2026-01-22
Atomizers,5,67.73,2026-01-22
Replacement Coils,7,19.54,2026-01-23
Cotton Wicking,10,47.26,2026-01-23
Cotton Wicking,9,31.41,2026-01-23
Cotton Wicking,8,24.57,2026-01-23
Batteries,14,53.47,2026-01-23
Batteries,15,30.56,2026-01-23
Charger,3,26.2,2026-01-23
Chargers,16,17.63,2026-01-23
Charger,5,28.24,2026-01-23
Tank Glass,8,5.0,2026-01-23
Tank Glass,6,17.11,2026-01-23
Replacement Coils,7,16.1,2026-01-23
Battery 18650,18,21.13,2026-01-23
Drip Tips,11,8.54,2026-01-23
Zero Nicotine 30ml,14,25.74,2026-01-23
Zero Nicotine 30ml,11,36.17,2026-01-23
Pod Kit,14,54.9,2026-01-23
Vape Mod XL,16,35.72,2026-01-23
Starter Kit,16,22.96,2026-01-23
Tanks,31,53.81,2026-01-23
Atomizers,16,53.3,2026-01-23
Pod Kit,14,53.71,2026-01-23
Vape Juice 30ml,20,34.72,2026-01-23
Vape Juice 30ml,21,66.95,2026-01-23
E-Liquid Premium,36,32.23,2026-01-23
Nicotine Pods,41,31.29,2026-01-23
Vape Juice 60ml,23,38.66,2026-01-23
Vape Juice 60ml,21,51.45,2026-01-23
E-Liquid Premium,35,44.85,2026-01-23
E-Liquid Premium,19,32.37,2026-01-24
Drip Tips,11,30.73,2026-01-24
Tank Glass,13,5.0,2026-01-24
Battery 18650,16,11.7,2026-01-24
Batteries,10,26.88,2026-01-24
Batteries,10,72.71,2026-01-24
Batteries,7,36.07,2026-01-24
Replacement Coils,19,33.33,2026-01-24
Nicotine Pods,25,53.72,2026-01-24
Zero Nicotine 30ml,29,18.92,2026-01-24
Chargers,21,46.68,2026-01-24
E-Liquid Premium,15,28.31,2026-01-24
Vape Juice 60ml,47,28.26,2026-01-24
Atomizers,20,55.79,2026-01-24
Tanks,13,58.36,2026-01-24
Tanks,10,79.25,2026-01-24
Starter Kit,5,31.59,2026-01-24
Starter Kit,2,24.95,2026-01-24
Starter Kit,3,29.05,2026-01-24
Vape Mod XL,7,74.11,2026-01-24
Vape Mod XL,8,51.24,2026-01-24
Pod Kit,39,34.61,2026-01-24
E-Liquid Premium,18,58.55,2026-01-24
Nicotine Pods,28,65.45,2026-01-25
Replacement Coils,18,19.69,2026-01-25
Cotton Wicking,31,40.1,2026-01-25
Batteries,21,24.13,2026-01-25
Battery 18650,13,13.87,2026-01-25
Drip Tips,3,27.36,2026-01-25
Chargers,13,22.41,2026-01-25
Charger,13,18.73,2026-01-25
Tank Glass,14,19.23,2026-01-25
Drip Tips,4,40.24,2026-01-25
Chargers,12,54.18,2026-01-25
Nicotine Pods,29,25.16,2026-01-25
Zero Nicotine 30ml,14,19.28,2026-01-25
E-Liquid Premium,39,51.48,2026-01-25
Zero Nicotine 30ml,13,28.19,2026-01-25
Pod Kit,39,51.87,2026-01-25
Vape Mod XL,14,66.24,2026-01-25
Starter Kit,13,35.01,2026-01-25
Tanks,27,63.52,2026-01-25
Vape Juice 30ml,36,53.01,2026-01-25
Vape Juice 30ml,35,32.56,2026-01-25
Atomizers,29,63.44,2026-01-25
Vape Juice 60ml,42,16.55,2026-01-25
E-Liquid Premium,39,38.32,2026-01-25
Drip Tips,2,53.3,2026-01-26
Drip Tips,3,27.38,2026-01-26
Tank Glass,4,17.12,2026-01-26
Tank Glass,8,15.24,2026-01-26
Charger,9,26.95,2026-01-26
Chargers,7,18.72,2026-01-26
Chargers,7,57.7,2026-01-26
Battery 18650,8,17.32,2026-01-26
Battery 18650,4,14.67,2026-01-26
Cotton Wicking,17,32.68,2026-01-26
Replacement Coils,15,21.83,2026-01-26
Nicotine Pods,31,25.55,2026-01-26
Batteries,17,6.41,2026-01-26
E-Liquid Premium,51,56.8,2026-01-26
Zero Nicotine 30ml,25,15.44,2026-01-26
Vape Mod XL,5,43.6,2026-01-26
Vape Mod XL,4,40.98,2026-01-26
Starter Kit,11,39.49,2026-01-26
Tanks,9,61.32,2026-01-26
Pod Kit,31,49.81,2026-01-26
Tanks,10,57.26,2026-01-26
Atomizers,7,52.4,2026-01-26
Atomizers,10,72.4,2026-01-26
Vape Juice 60ml,39,30.65,2026-01-26
Tanks,9,49.88,2026-01-26
Cotton Wicking,7,18.19,2026-01-27
Drip Tips,7,36.02,2026-01-27
Tank Glass,11,20.96,2026-01-27
Chargers,5,25.98,2026-01-27
Chargers,5,50.62,2026-01-27
Battery 18650,7,25.3,2026-01-27
Battery 18650,6,18.53,2026-01-27
Batteries,11,64.18,2026-01-27
Batteries,11,55.91,2026-01-27
Cotton Wicking,8,14.36,2026-01-27
Replacement Coils,16,23.37,2026-01-27
Cotton Wicking,7,26.21,2026-01-27
Zero Nicotine 30ml,28,21.8,2026-01-27
Starter Kit,11,32.27,2026-01-27
Tanks,13,47.91,2026-01-27
Tanks,13,63.27,2026-01-27
Atomizers,21,65.79,2026-01-27
Vape Mod XL,9,79.3,2026-01-27
Vape Juice 60ml,10,37.3,2026-01-27
Vape Juice 60ml,10,33.29,2026-01-27
E-Liquid Premium,34,51.76,2026-01-27
Vape Juice 60ml,10,34.28,2026-01-27
Nicotine Pods,31,88.7,2026-01-27
Drip Tips,8,21.93,2026-01-28
E-Liquid Premium,24,50.48,2026-01-28
Tank Glass,14,11.69,2026-01-28
Charger,6,19.88,2026-01-28
Charger,3,16.96,2026-01-28
Battery 18650,9,20.75,2026-01-28
Batteries,23,26.07,2026-01-28
Replacement Coils,15,16.98,2026-01-28
Nicotine Pods,26,36.56,2026-01-28
Zero Nicotine 30ml,12,34.71,2026-01-28
Zero Nicotine 30ml,12,14.89,2026-01-28
E-Liquid Premium,26,42.96,2026-01-28
Vape Juice 60ml,12,37.88,2026-01-28
Vape Juice 30ml,52,34.31,2026-01-28
Atomizers,19,67.53,2026-01-28
Tanks,22,77.86,2026-01-28
Starter Kit,10,45.71,2026-01-28
Vape Mod XL,5,47.42,2026-01-28
Vape Mod XL,5,25.53,2026-01-28
Pod Kit,10,44.65,2026-01-28
Pod Kit,10,53.47,2026-01-28
Vape Juice 60ml,12,28.36,2026-01-28
Cotton Wicking,10,37.17,2026-01-29
Cotton Wicking,13,38.49,2026-01-29
Battery 18650,8,17.24,2026-01-29
Battery 18650,7,18.85,2026-01-29
Tank Glass,9,27.85,2026-01-29
Chargers,5,64.83,2026-01-29
Charger,11,18.36,2026-01-29
Tank Glass,8,7.18,2026-01-29
Replacement Coils,21,20.75,2026-01-29
Chargers,5,44.38,2026-01-29
Nicotine Pods,33,43.15,2026-01-29
Drip Tips,10,32.31,2026-01-29
E-Liquid Premium,63,52.97,2026-01-29
Zero Nicotine 30ml,32,30.15,2026-01-29
Pod Kit,17,46.69,2026-01-29
Vape Mod XL,4,53.97,2026-01-29
Vape Mod XL,8,51.7,2026-01-29
Pod Kit,17,47.62,2026-01-29
Starter Kit,15,49.73,2026-01-29
Tanks,24,65.65,2026-01-29
Atomizers,24,62.26,2026-01-29
Vape Juice 60ml,41,39.72,2026-01-29
Vape Mod XL,8,58.83,2026-01-29
Nicotine Pods,9,57.7,2026-01-30
Drip Tips,8,38.9,2026-01-30
Drip Tips,6,27.96,2026-01-30
Chargers,25,62.06,2026-01-30
Battery 18650,18,16.89,2026-01-30
Batteries,26,50.24,2026-01-30
Replacement Coils,23,21.4,2026-01-30
Nicotine Pods,12,43.89,2026-01-30
Nicotine Pods,9,56.42,2026-01-30
Starter Kit,21,28.51,2026-01-30
Zero Nicotine 30ml,19,38.0,2026-01-30
Pod Kit,23,50.88,2026-01-30
Vape Mod XL,22,43.35,2026-01-30
Zero Nicotine 30ml,15,54.05,2026-01-30
Pod Kit,25,53.96,2026-01-30
Atomizers,20,63.32,2026-01-30
Vape Juice 30ml,80,17.97,2026-01-30
Vape Juice 60ml,52,39.27,2026-01-30
Tanks,28,64.16,2026-01-30
Cotton Wicking,39,31.68,2026-01-31
Drip Tips,2,37.06,2026-01-31
Drip Tips,5,32.58,2026-01-31
Tank Glass,18,17.23,2026-01-31
Charger,10,17.09,2026-01-31
Chargers,27,27.89,2026-01-31
Battery 18650,5,30.32,2026-01-31
Battery 18650,6,25.95,2026-01-31
Replacement Coils,31,18.19,2026-01-31
Battery 18650,4,19.49,2026-01-31
Zero Nicotine 30ml,37,52.15,2026-01-31
E-Liquid Premium,62,66.8,2026-01-31
Vape Juice 60ml,40,21.54,2026-01-31
Atomizers,26,49.1,2026-01-31
Tanks,38,48.36,2026-01-31
Starter Kit,20,30.72,2026-01-31
Vape Mod XL,14,75.63,2026-01-31
Pod Kit,56,63.97,2026-01-31
Nicotine Pods,52,22.81,2026-01-31
Nicotine Pods,21,63.51,2026-02-01
Nicotine Pods,24,70.66,2026-02-01
Tank Glass,11,22.86,2026-02-01
Cotton Wicking,32,33.09,2026-02-01
Batteries,8,50.08,2026-02-01
Tank Glass,10,7.5,2026-02-01
Batteries,11,5.0,2026-02-01
Chargers,28,58.19,2026-02-01
Charger,14,23.19,2026-02-01
Tank Glass,8,20.63,2026-02-01
Zero Nicotine 30ml,21,19.07,2026-02-01
Batteries,10,45.67,2026-02-01
Zero Nicotine 30ml,20,22.05,2026-02-01
Replacement Coils,34,25.24,2026-02-01
E-Liquid Premium,39,60.49,2026-02-01
E-Liquid Premium,41,45.7,2026-02-01
Pod Kit,45,52.73,2026-02-01
Vape Mod XL,21,56.84,2026-02-01
Starter Kit,8,35.66,2026-02-01
Starter Kit,12,36.57,2026-02-01
Starter Kit,8,26.03,2026-02-01
Vape Juice 30ml,20,52.0,2026-02-01
Atomizers,16,61.04,2026-02-01
Tanks,45,57.81,2026-02-01
Vape Juice 30ml,22,52.91,2026-02-01
Vape Juice 60ml,73,47.74,2026-02-01
Atomizers,14,13.0,2026-02-01
Vape Juice 30ml,20,59.39,2026-02-01
Drip Tips,8,28.92,2026-02-02
Tank Glass,15,5.0,2026-02-02
Charger,12,16.39,2026-02-02
Chargers,9,20.25,2026-02-02
Replacement Coils,5,19.78,2026-02-02
Battery 18650,13,21.45,2026-02-02
Batteries,12,16.53,2026-02-02
Batteries,10,9.95,2026-02-02
Cotton Wicking,11,44.75,2026-02-02
Cotton Wicking,12,44.55,2026-02-02
Replacement Coils,6,5.0,2026-02-02
Chargers,8,29.6,2026-02-02
Replacement Coils,4,5.0,2026-02-02
E-Liquid Premium,84,30.99,2026-02-02
Nicotine Pods,38,12.26,2026-02-02
Pod Kit,50,54.68,2026-02-02
Vape Mod XL,11,13.22,2026-02-02
Vape Mod XL,10,20.51,2026-02-02
Starter Kit,17,24.77,2026-02-02
Zero Nicotine 30ml,27,21.21,2026-02-02
Tanks,14,71.08,2026-02-02
Atomizers,28,57.24,2026-02-02
Vape Juice 30ml,76,41.68,2026-02-02
Vape Juice 60ml,17,52.91,2026-02-02
Vape Juice 60ml,15,31.21,2026-02-02
Tanks,17,46.98,2026-02-02
Nicotine Pods,44,35.37,2026-02-03
Cotton Wicking,15,38.37,2026-02-03
Cotton Wicking,12,37.07,2026-02-03
Battery 18650,10,9.26,2026-02-03
Battery 18650,8,20.57,2026-02-03
Charger,7,26.72,2026-02-03
Chargers,13,36.3,2026-02-03
Charger,4,7.46,2026-02-03
Tank Glass,13,8.49,2026-02-03
Zero Nicotine 30ml,21,21.33,2026-02-03
Chargers,11,22.74,2026-02-03
Drip Tips,12,29.71,2026-02-03
Vape Juice 60ml,46,27.74,2026-02-03
Vape Juice 30ml,26,58.93,2026-02-03
Pod Kit,13,38.9,2026-02-03
Pod Kit,14,58.22,2026-02-03
Pod Kit,14,47.48,2026-02-03
Vape Mod XL,4,43.53,2026-02-03
Vape Mod XL,6,33.82,2026-02-03
Zero Nicotine 30ml,17,21.56,2026-02-03
Starter Kit,14,31.06,2026-02-03
Atomizers,20,60.2,2026-02-03
Vape Juice 30ml,23,38.94,2026-02-03
Vape Juice 30ml,23,52.15,2026-02-03
Vape Mod XL,4,19.95,2026-02-03
Batteries,15,54.42,2026-02-04
Drip Tips,2,18.84,2026-02-04
Drip Tips,6,45.85,2026-02-04
Tank Glass,6,25.69,2026-02-04
Tank Glass,7,17.63,2026-02-04
Charger,2,23.29,2026-02-04
Charger,4,21.29,2026-02-04
Charger,4,13.71,2026-02-04
Chargers,16,31.43,2026-02-04
Battery 18650,17,18.55,2026-02-04
Batteries,15,22.53,2026-02-04
Replacement Coils,25,7.7,2026-02-04
Pod Kit,37,66.29,2026-02-04
Nicotine Pods,39,68.17,2026-02-04
Zero Nicotine 30ml,27,20.71,2026-02-04
E-Liquid Premium,77,37.44,2026-02-04
Vape Juice 60ml,46,28.34,2026-02-04
Vape Juice 30ml,38,53.32,2026-02-04
Vape Juice 30ml,38,26.22,2026-02-04
Atomizers,28,40.18,2026-02-04
Starter Kit,15,23.29,2026-02-04
Vape Mod XL,22,61.64,2026-02-04
Cotton Wicking,30,51.59,2026-02-04
Replacement Coils,11,5.66,2026-02-05
Replacement Coils,10,20.1,2026-02-05
Cotton Wicking,36,13.66,2026-02-05
Batteries,23,44.36,2026-02-05
Replacement Coils,8,17.7,2026-02-05
Charger,13,24.88,2026-02-05
Tank Glass,6,15.69,2026-02-05
Drip Tips,5,31.46,2026-02-05
Drip Tips,5,36.44,2026-02-05
Chargers,23,67.23,2026-02-05
Nicotine Pods,19,30.39,2026-02-05
Tank Glass,4,5.0,2026-02-05
E-Liquid Premium,18,48.02,2026-02-05
Nicotine Pods,19,76.22,2026-02-05
Vape Mod XL,11,42.23,2026-02-05
Vape Mod XL,9,32.7,2026-02-05
Starter Kit,15,25.93,2026-02-05
Tanks,41,65.01,2026-02-05
Pod Kit,40,64.7,2026-02-05
Vape Juice 30ml,67,46.53,2026-02-05
Vape Juice 60ml,54,30.1,2026-02-05
E-Liquid Premium,19,54.35,2026-02-05
Atomizers,27,57.01,2026-02-05
E-Liquid Premium,16,37.21,2026-02-05
Nicotine Pods,59,48.1,2026-02-06
Cotton Wicking,29,13.9,2026-02-06
Batteries,32,29.24,2026-02-06
Battery 18650,23,14.18,2026-02-06
Chargers,11,61.72,2026-02-06
Charger,16,21.66,2026-02-06
Drip Tips,2,42.85,2026-02-06
Drip Tips,4,54.0,2026-02-06
Zero Nicotine 30ml,40,23.24,2026-02-06
Drip Tips,3,22.77,2026-02-06
Tank Glass,22,12.11,2026-02-06
E-Liquid Premium,87,22.57,2026-02-06
Chargers,12,36.46,2026-02-06
Vape Juice 30ml,78,66.64,2026-02-06
Pod Kit,62,67.75,2026-02-06
Vape Mod XL,6,67.64,2026-02-06
Vape Mod XL,6,69.64,2026-02-06
Starter Kit,14,37.66,2026-02-06
Vape Mod XL,5,46.97,2026-02-06
Tanks,12,75.37,2026-02-06
Tanks,12,60.45,2026-02-06
Atomizers,10,43.69,2026-02-06
Atomizers,11,49.92,2026-02-06
Tanks,13,89.3,2026-02-06
Vape Juice 60ml,40,53.68,2026-02-06
E-Liquid Premium,84,53.07,2026-02-07
Drip Tips,16,30.07,2026-02-07
Tank Glass,22,5.0,2026-02-07
Charger,5,21.26,2026-02-07
Charger,5,19.08,2026-02-07
Chargers,19,30.95,2026-02-07
Batteries,37,38.44,2026-02-07
Nicotine Pods,45,48.78,2026-02-07
Vape Juice 60ml,18,49.68,2026-02-07
Vape Juice 30ml,86,52.22,2026-02-07
Atomizers,20,64.86,2026-02-07
Tanks,28,54.81,2026-02-07
Starter Kit,26,47.26,2026-02-07
Vape Mod XL,25,44.1,2026-02-07
Pod Kit,45,47.01,2026-02-07
Vape Juice 60ml,17,31.86,2026-02-07
Replacement Coils,24,13.3,2026-02-08
Cotton Wicking,38,37.33,2026-02-08
Batteries,34,5.0,2026-02-08
Battery 18650,19,24.73,2026-02-08
Tank Glass,19,5.0,2026-02-08
Charger,9,15.87,2026-02-08
Charger,7,25.24,2026-02-08
Drip Tips,14,33.04,2026-02-08
Nicotine Pods,49,68.92,2026-02-08
Chargers,19,33.52,2026-02-08
Zero Nicotine 30ml,34,51.15,2026-02-08
Atomizers,21,49.08,2026-02-08
Vape Juice 60ml,66,35.34,2026-02-08
Vape Juice 30ml,65,21.18,2026-02-08
Tanks,12,62.15,2026-02-08
Tanks,14,52.15,2026-02-08
Starter Kit,7,51.43,2026-02-08
Starter Kit,6,42.23,2026-02-08
Vape Mod XL,13,29.13,2026-02-08
Vape Mod XL,9,51.67,2026-02-08
Pod Kit,50,65.16,2026-02-08
E-Liquid Premium,60,46.71,2026-02-08
Cotton Wicking,10,22.37,2026-02-09
Batteries,9,37.3,2026-02-09
Batteries,11,13.09,2026-02-09
Battery 18650,5,19.53,2026-02-09
Battery 18650,8,21.18,2026-02-09
Tank Glass,14,5.0,2026-02-09
Charger,2,21.2,2026-02-09
Charger,2,25.87,2026-02-09
Charger,2,17.94,2026-02-09
Drip Tips,8,26.72,2026-02-09
Chargers,17,15.16,2026-02-09
Replacement Coils,26,19.79,2026-02-09
Cotton Wicking,10,66.78,2026-02-09
E-Liquid Premium,63,53.84,2026-02-09
Nicotine Pods,26,76.46,2026-02-09
Pod Kit,30,48.05,2026-02-09
Vape Mod XL,6,53.27,2026-02-09
Vape Mod XL,9,39.08,2026-02-09
Tanks,13,61.46,2026-02-09
Starter Kit,16,33.39,2026-02-09
Atomizers,11,46.99,2026-02-09
Atomizers,10,43.49,2026-02-09
Vape Juice 30ml,23,53.35,2026-02-09
Vape Juice 30ml,19,66.49,2026-02-09
Vape Juice 60ml,49,41.33,2026-02-09
Tanks,14,46.04,2026-02-09
Batteries,13,5.0,2026-02-10
Nicotine Pods,37,26.02,2026-02-10
Replacement Coils,22,36.35,2026-02-10
Cotton Wicking,23,25.91,2026-02-10
Batteries,13,49.18,2026-02-10
Drip Tips,3,48.06,2026-02-10
Chargers,16,44.42,2026-02-10
Charger,5,17.73,2026-02-10
Charger,4,21.28,2026-02-10
Tank Glass,12,26.36,2026-02-10
Drip Tips,5,41.31,2026-02-10
Battery 18650,9,17.09,2026-02-10
Zero Nicotine 30ml,11,24.87,2026-02-10
Zero Nicotine 30ml,13,34.33,2026-02-10
Vape Juice 60ml,35,35.86,2026-02-10
E-Liquid Premium,36,40.2,2026-02-10
Pod Kit,18,56.77,2026-02-10
Pod Kit,18,65.99,2026-02-10
Vape Mod XL,9,52.71,2026-02-10
Starter Kit,3,34.68,2026-02-10
Starter Kit,4,30.62,2026-02-10
Starter Kit,6,28.76,2026-02-10
Tanks,12,46.05,2026-02-10
Atomizers,8,51.0,2026-02-10
Atomizers,6,76.21,2026-02-10
Vape Juice 30ml,20,45.37,2026-02-10
Vape Juice 30ml,21,48.48,2026-02-10
Tanks,9,57.63,2026-02-10
Battery 18650,5,20.15,2026-02-11
Cotton Wicking,16,16.77,2026-02-11
Cotton Wicking,12,33.69,2026-02-11
Batteries,17,32.73,2026-02-11
Battery 18650,5,24.24,2026-02-11
Battery 18650,3,21.13,2026-02-11
Drip Tips,1,27.86,2026-02-11
Charger,10,20.87,2026-02-11
Tank Glass,5,6.31,2026-02-11
Tank Glass,5,19.79,2026-02-11
Drip Tips,1,25.81,2026-02-11
Drip Tips,4,35.68,2026-02-11
Chargers,21,50.67,2026-02-11
Replacement Coils,16,21.99,2026-02-11
Zero Nicotine 30ml,8,25.38,2026-02-11
Zero Nicotine 30ml,9,32.81,2026-02-11
Nicotine Pods,22,48.15,2026-02-11
Pod Kit,29,63.79,2026-02-11
Vape Mod XL,9,63.49,2026-02-11
Vape Mod XL,9,19.18,2026-02-11
Tanks,21,62.8,2026-02-11
Starter Kit,13,24.4,2026-02-11
Vape Juice 30ml,62,51.68,2026-02-11
Vape Juice 60ml,13,43.49,2026-02-11
Vape Juice 60ml,13,35.87,2026-02-11
Vape Juice 60ml,15,46.02,2026-02-11
E-Liquid Premium,56,43.51,2026-02-11
Atomizers,21,29.66,2026-02-11
Battery 18650,4,18.89,2026-02-12
Batteries,29,23.39,2026-02-12
Drip Tips,10,30.0,2026-02-12
Battery 18650,6,13.92,2026-02-12
Battery 18650,5,30.65,2026-02-12
Replacement Coils,26,23.69,2026-02-12
Chargers,11,5.0,2026-02-12
Charger,10,13.13,2026-02-12
Tank Glass,9,7.94,2026-02-12
Tank Glass,8,30.63,2026-02-12
Chargers,12,33.84,2026-02-12
Nicotine Pods,13,37.76,2026-02-12
E-Liquid Premium,24,46.06,2026-02-12
Zero Nicotine 30ml,15,11.77,2026-02-12
Nicotine Pods,14,44.37,2026-02-12
Pod Kit,17,49.25,2026-02-12
Vape Mod XL,19,35.22,2026-02-12
Tanks,15,59.04,2026-02-12
Pod Kit,17,48.15,2026-02-12
Vape Juice 30ml,52,32.3,2026-02-12
Vape Juice 60ml,35,38.66,2026-02-12
E-Liquid Premium,24,56.2,2026-02-12
Zero Nicotine 30ml,13,25.83,2026-02-12
Tanks,15,50.35,2026-02-12
Cotton Wicking,11,34.6,2026-02-13
Nicotine Pods,46,62.17,2026-02-13
Replacement Coils,30,12.4,2026-02-13
Cotton Wicking,8,60.27,2026-02-13
Cotton Wicking,9,38.17,2026-02-13
Batteries,26,49.3,2026-02-13
Tank Glass,9,24.9,2026-02-13
Chargers,13,47.21,2026-02-13
Chargers,12,41.56,2026-02-13
Charger,9,17.18,2026-02-13
Zero Nicotine 30ml,22,33.44,2026-02-13
Tank Glass,10,8.11,2026-02-13
Battery 18650,20,19.78,2026-02-13
E-Liquid Premium,74,54.84,2026-02-13
Zero Nicotine 30ml,19,26.08,2026-02-13
Pod Kit,17,51.33,2026-02-13
Vape Juice 60ml,17,65.39,2026-02-13
Pod Kit,15,47.91,2026-02-13
Pod Kit,15,41.92,2026-02-13
Vape Mod XL,7,38.71,2026-02-13
Vape Mod XL,8,69.8,2026-02-13
Starter Kit,22,37.29,2026-02-13
Vape Mod XL,7,33.39,2026-02-13
Tanks,8,57.54,2026-02-13
Tanks,6,43.55,2026-02-13
Atomizers,23,43.0,2026-02-13
Vape Juice 60ml,16,31.49,2026-02-13
Vape Juice 60ml,16,14.44,2026-02-13
Tanks,9,68.31,2026-02-13
Chargers,20,23.5,2026-02-14
Drip Tips,4,27.43,2026-02-14
Replacement Coils,28,19.38,2026-02-14
Batteries,32,62.93,2026-02-14
Battery 18650,17,22.68,2026-02-14
Charger,6,16.06,2026-02-14
Nicotine Pods,39,39.43,2026-02-14
Charger,5,18.53,2026-02-14
Tank Glass,5,11.38,2026-02-14
Tank Glass,7,13.36,2026-02-14
Drip Tips,5,37.64,2026-02-14
Drip Tips,3,19.0,2026-02-14
Charger,2,17.05,2026-02-14
Zero Nicotine 30ml,23,34.44,2026-02-14
Vape Juice 30ml,75,44.08,2026-02-14
E-Liquid Premium,34,55.9,2026-02-14
E-Liquid Premium,36,59.73,2026-02-14
Pod Kit,26,50.54,2026-02-14
Vape Mod XL,10,46.16,2026-02-14
Vape Mod XL,6,34.79,2026-02-14
Starter Kit,9,55.74,2026-02-14
Starter Kit,8,43.02,2026-02-14
Pod Kit,25,49.8,2026-02-14
Tanks,12,55.55,2026-02-14
Atomizers,10,75.5,2026-02-14
Atomizers,8,50.24,2026-02-14
Atomizers,8,55.54,2026-02-14
Vape Juice 60ml,39,47.82,2026-02-14
Tanks,12,54.03,2026-02-14
Replacement Coils,10,24.13,2026-02-15
Replacement Coils,14,18.76,2026-02-15
Cotton Wicking,26,57.74,2026-02-15
Batteries,37,47.94,2026-02-15
Chargers,26,39.25,2026-02-15
Battery 18650,9,16.15,2026-02-15
Charger,10,15.06,2026-02-15
Tank Glass,19,16.1,2026-02-15
Drip Tips,12,38.58,2026-02-15
Nicotine Pods,14,52.65,2026-02-15
Battery 18650,9,16.35,2026-02-15
Nicotine Pods,17,50.63,2026-02-15
Vape Juice 60ml,15,37.06,2026-02-15
E-Liquid Premium,76,44.83,2026-02-15
Vape Juice 60ml,17,18.71,2026-02-15
Vape Juice 60ml,16,42.94,2026-02-15
Vape Juice 30ml,41,39.94,2026-02-15
Vape Juice 30ml,43,48.9,2026-02-15
Atomizers,28,70.21,2026-02-15
Starter Kit,16,36.73,2026-02-15
Vape Mod XL,13,53.98,2026-02-15
Vape Mod XL,13,49.8,2026-02-15
Pod Kit,36,48.27,2026-02-15
Zero Nicotine 30ml,31,28.19,2026-02-15
Cotton Wicking,13,9.25,2026-02-16
Cotton Wicking,16,42.12,2026-02-16
Batteries,23,28.25,2026-02-16
Battery 18650,9,12.36,2026-02-16
Drip Tips,11,35.07,2026-02-16
Chargers,20,56.2,2026-02-16
Tank Glass,7,5.55,2026-02-16
Tank Glass,8,19.93,2026-02-16
Battery 18650,9,19.73,2026-02-16
Nicotine Pods,16,36.64,2026-02-16
Replacement Coils,16,28.48,2026-02-16
Zero Nicotine 30ml,18,21.05,2026-02-16
Pod Kit,38,71.99,2026-02-16
Vape Mod XL,12,78.53,2026-02-16
Starter Kit,15,35.22,2026-02-16
Atomizers,8,64.78,2026-02-16
Nicotine Pods,19,37.12,2026-02-16
Vape Juice 30ml,52,62.75,2026-02-16
Vape Juice 60ml,31,39.69,2026-02-16
E-Liquid Premium,49,52.11,2026-02-16
Atomizers,8,58.41,2026-02-16
Nicotine Pods,7,18.17,2026-02-17
Drip Tips,7,18.97,2026-02-17
Charger,8,16.1,2026-02-17
Chargers,15,29.82,2026-02-17
Battery 18650,13,17.65,2026-02-17
Batteries,8,10.53,2026-02-17
Batteries,7,24.43,2026-02-17
Cotton Wicking,16,21.92,2026-02-17
Nicotine Pods,7,25.72,2026-02-17
Nicotine Pods,9,63.85,2026-02-17
Zero Nicotine 30ml,18,47.56,2026-02-17
Vape Juice 60ml,40,18.95,2026-02-17
Vape Juice 30ml,43,22.53,2026-02-17
Atomizers,5,48.19,2026-02-17
Atomizers,5,40.42,2026-02-17
Atomizers,2,44.08,2026-02-17
Tanks,30,59.68,2026-02-17
Starter Kit,11,41.47,2026-02-17
Vape Mod XL,6,41.77,2026-02-17
Vape Mod XL,8,55.31,2026-02-17
Pod Kit,26,50.59,2026-02-17
E-Liquid Premium,52,66.62,2026-02-17
Replacement Coils,17,14.89,2026-02-18
Batteries,17,27.53,2026-02-18
Battery 18650,9,20.97,2026-02-18
Chargers,4,13.18,2026-02-18
Chargers,1,46.87,2026-02-18
Drip Tips,1,27.5,2026-02-18
Drip Tips,5,16.22,2026-02-18
Charger,2,22.35,2026-02-18
Tank Glass,14,14.77,2026-02-18
Drip Tips,5,42.57,2026-02-18
Chargers,2,31.69,2026-02-18
Zero Nicotine 30ml,6,25.03,2026-02-18
Charger,5,14.86,2026-02-18
Zero Nicotine 30ml,10,25.03,2026-02-18
Zero Nicotine 30ml,10,15.12,2026-02-18
Pod Kit,13,46.23,2026-02-18
Vape Mod XL,17,79.72,2026-02-18
Tanks,16,50.44,2026-02-18
Atomizers,3,69.48,2026-02-18
Pod Kit,12,59.58,2026-02-18
Atomizers,4,57.48,2026-02-18
Vape Juice 30ml,56,34.84,2026-02-18
Vape Juice 60ml,18,42.72,2026-02-18
Vape Juice 60ml,21,32.89,2026-02-18
E-Liquid Premium,63,45.06,2026-02-18
Atomizers,3,31.86,2026-02-18
Cotton Wicking,13,41.9,2026-02-19
Cotton Wicking,10,11.81,2026-02-19
Battery 18650,9,23.19,2026-02-19
Battery 18650,9,18.2,2026-02-19
Chargers,7,54.78,2026-02-19
Charger,9,27.95,2026-02-19
Tank Glass,15,13.67,2026-02-19
Drip Tips,11,32.39,2026-02-19
Cotton Wicking,12,48.37,2026-02-19
Chargers,8,38.81,2026-02-19
Replacement Coils,9,21.27,2026-02-19
Batteries,23,73.84,2026-02-19
Replacement Coils,9,13.58,2026-02-19
Replacement Coils,9,28.36,2026-02-19
Vape Mod XL,13,22.18,2026-02-19
Starter Kit,17,28.12,2026-02-19
Tanks,33,64.1,2026-02-19
Atomizers,10,49.71,2026-02-19
Pod Kit,48,70.92,2026-02-19
Vape Juice 30ml,53,54.8,2026-02-19
Vape Juice 60ml,14,35.85,2026-02-19
Vape Juice 60ml,15,44.86,2026-02-19
Zero Nicotine 30ml,32,28.12,2026-02-19
Atomizers,7,51.66,2026-02-19
E-Liquid Premium,50,53.3,2026-02-20
Tank Glass,11,35.53,2026-02-20
Charger,11,20.54,2026-02-20
Battery 18650,16,21.72,2026-02-20
Batteries,29,30.36,2026-02-20
Cotton Wicking,11,44.63,2026-02-20
Cotton Wicking,14,6.77,2026-02-20
Nicotine Pods,50,50.07,2026-02-20
Zero Nicotine 30ml,39,23.47,2026-02-20
Vape Juice 60ml,59,40.76,2026-02-20
Tanks,13,48.51,2026-02-20
Vape Juice 30ml,43,41.24,2026-02-20
Atomizers,7,48.47,2026-02-20
Atomizers,10,49.57,2026-02-20
Atomizers,7,54.31,2026-02-20
Tanks,16,46.53,2026-02-20
Starter Kit,15,36.53,2026-02-20
Vape Mod XL,7,39.58,2026-02-20
Vape Mod XL,8,26.74,2026-02-20
Pod Kit,36,86.55,2026-02-20
Tank Glass,11,5.0,2026-02-20
Vape Juice 30ml,42,58.12,2026-02-20
Drip Tips,12,12.38,2026-02-20
